season,date,home_team,away_team,home_goals,away_goals,home_xg,away_xg,result
2018,2018-08-17 21:15:00,Girona,Real Valladolid,0,0,0.626716,0.030934,D
2018,2018-08-17 23:15:00,Real Betis,Levante,0,3,1.00338,2.67481,A
2018,2018-08-18 19:15:00,Celta Vigo,Espanyol,1,1,0.428686,0.647286,D
2018,2018-08-18 21:15:00,Villarreal,Real Sociedad,1,2,1.39716,0.410646,A
2018,2018-08-18 23:15:00,Barcelona,Alaves,3,0,3.26753,0.248353,H
2018,2018-08-19 19:15:00,Eibar,SD Huesca,1,2,1.49776,1.51617,A
2018,2018-08-19 21:15:00,Rayo Vallecano,Sevilla,1,4,2.39239,3.34997,A
2018,2018-08-19 23:15:00,Real Madrid,Getafe,2,0,1.16219,0.188446,H
2018,2018-08-20 21:00:00,Valencia,Atletico Madrid,1,1,1.07885,0.979952,D
2018,2018-08-20 23:00:00,Athletic Club,Leganes,2,1,2.45697,1.14522,H
2018,2018-08-24 21:15:00,Getafe,Eibar,2,0,1.74287,0.529404,H
2018,2018-08-24 23:15:00,Leganes,Real Sociedad,2,2,1.67636,1.69572,D
2018,2018-08-25 19:15:00,Alaves,Real Betis,0,0,0.580983,1.5812,D
2018,2018-08-25 21:15:00,Atletico Madrid,Rayo Vallecano,1,0,0.976216,1.48336,H
2018,2018-08-25 23:15:00,Real Valladolid,Barcelona,0,1,0.510742,1.20392,A
2018,2018-08-26 19:15:00,Espanyol,Valencia,2,0,1.50101,1.0368,H
2018,2018-08-26 21:15:00,Sevilla,Villarreal,0,0,1.97161,0.671429,D
2018,2018-08-26 23:15:00,Girona,Real Madrid,1,4,0.502361,4.09404,A
2018,2018-08-27 21:15:00,Levante,Celta Vigo,1,2,1.84058,2.61735,A
2018,2018-08-27 23:00:00,Athletic Club,SD Huesca,2,2,0.852349,0.217866,D
2018,2018-08-31 21:00:00,Getafe,Real Valladolid,0,0,1.0807,1.09505,D
2018,2018-08-31 23:00:00,Villarreal,Girona,0,1,1.13128,0.832999,A
2018,2018-08-31 23:00:00,Eibar,Real Sociedad,2,1,0.798059,1.32388,H
2018,2018-09-01 16:30:00,Celta Vigo,Atletico Madrid,2,0,0.678086,0.432703,H
2018,2018-09-01 18:45:00,Real Madrid,Leganes,4,1,2.31092,1.00157,H
2018,2018-09-02 10:00:00,Levante,Valencia,2,2,1.50228,3.39969,D
2018,2018-09-02 14:15:00,Alaves,Espanyol,2,1,1.15622,1.04802,H
2018,2018-09-02 16:30:00,Barcelona,SD Huesca,8,2,6.0418,1.63632,H
2018,2018-09-02 18:45:00,Real Betis,Sevilla,1,0,1.18295,0.784969,H
2018,2018-09-14 19:00:00,SD Huesca,Rayo Vallecano,0,1,1.66772,1.20514,A
2018,2018-09-15 11:00:00,Atletico Madrid,Eibar,1,1,2.4656,1.21431,D
2018,2018-09-15 14:15:00,Real Sociedad,Barcelona,1,2,1.47969,1.7617,A
2018,2018-09-15 16:30:00,Valencia,Real Betis,0,0,1.04644,1.22346,D
2018,2018-09-15 18:45:00,Athletic Club,Real Madrid,1,1,1.45129,1.95843,D
2018,2018-09-16 10:00:00,Leganes,Villarreal,0,1,1.22184,0.533854,A
2018,2018-09-16 14:15:00,Espanyol,Levante,1,0,1.61848,0.690773,H
2018,2018-09-16 16:30:00,Real Valladolid,Alaves,0,1,1.10397,0.848478,A
2018,2018-09-16 18:45:00,Sevilla,Getafe,0,2,1.08255,2.12717,A
2018,2018-09-17 19:00:00,Girona,Celta Vigo,3,2,1.72168,0.901248,H
2018,2018-09-21 19:00:00,SD Huesca,Real Sociedad,0,1,0.565773,0.200875,A
2018,2018-09-22 11:00:00,Rayo Vallecano,Alaves,1,5,1.08157,1.24884,A
2018,2018-09-22 14:15:00,Eibar,Leganes,1,0,1.78459,0.781041,H
2018,2018-09-22 14:15:00,Celta Vigo,Real Valladolid,3,3,2.13067,2.16098,D
2018,2018-09-22 16:30:00,Getafe,Atletico Madrid,0,2,0.580433,1.4765,A
2018,2018-09-22 18:45:00,Real Madrid,Espanyol,1,0,1.08701,0.424687,H
2018,2018-09-23 10:00:00,Levante,Sevilla,2,6,2.24847,3.40128,A
2018,2018-09-23 14:15:00,Villarreal,Valencia,0,0,0.480494,0.376192,D
2018,2018-09-23 18:00:00,Real Betis,Athletic Club,2,2,1.55308,0.947496,D
2018,2018-09-23 18:45:00,Barcelona,Girona,2,2,1.67678,1.54969,D
2018,2018-09-25 18:00:00,Espanyol,Eibar,1,0,0.897083,0.200168,H
2018,2018-09-25 19:00:00,Real Sociedad,Rayo Vallecano,2,2,1.23911,1.77977,D
2018,2018-09-25 20:00:00,Atletico Madrid,SD Huesca,3,0,1.1563,0.500396,H
2018,2018-09-26 18:00:00,Leganes,Barcelona,2,1,1.17874,0.40097,H
2018,2018-09-26 18:00:00,Athletic Club,Villarreal,0,3,0.754289,2.45205,A
2018,2018-09-26 20:00:00,Valencia,Celta Vigo,1,1,1.03637,0.404953,D
2018,2018-09-26 20:00:00,Sevilla,Real Madrid,3,0,2.29262,1.55351,H
2018,2018-09-27 18:00:00,Alaves,Getafe,1,1,1.65223,1.20669,D
2018,2018-09-27 18:00:00,Real Valladolid,Levante,2,1,1.25362,1.09992,H
2018,2018-09-27 20:00:00,Girona,Real Betis,0,1,0.830935,1.56038,A
2018,2018-09-28 19:00:00,Rayo Vallecano,Espanyol,2,2,1.22522,1.7919,D
2018,2018-09-29 11:00:00,Real Sociedad,Valencia,0,1,1.12097,0.924746,A
2018,2018-09-29 14:15:00,Barcelona,Athletic Club,1,1,3.06389,0.889081,D
2018,2018-09-29 16:30:00,Eibar,Sevilla,1,3,0.563865,1.98532,A
2018,2018-09-29 18:45:00,Real Madrid,Atletico Madrid,0,0,1.13552,0.661567,D
2018,2018-09-30 10:00:00,SD Huesca,Girona,1,1,1.6139,1.80702,D
2018,2018-09-30 14:15:00,Villarreal,Real Valladolid,0,1,2.90806,0.848198,A
2018,2018-09-30 16:30:00,Levante,Alaves,2,1,1.37126,0.703753,H
2018,2018-09-30 18:45:00,Real Betis,Leganes,1,0,2.09064,0.410456,H
2018,2018-10-01 19:00:00,Celta Vigo,Getafe,1,1,0.481181,1.02662,D
2018,2018-10-05 19:00:00,Athletic Club,Real Sociedad,1,3,1.18842,2.11494,A
2018,2018-10-06 11:00:00,Girona,Eibar,2,3,1.31255,2.11152,A
2018,2018-10-06 14:15:00,Getafe,Levante,0,1,1.04946,0.902661,A
2018,2018-10-06 16:30:00,Alaves,Real Madrid,1,0,1.16947,0.872949,H
2018,2018-10-06 18:45:00,Leganes,Rayo Vallecano,1,0,1.18789,0.408158,H
2018,2018-10-07 10:00:00,Real Valladolid,SD Huesca,1,0,0.927264,0.800191,H
2018,2018-10-07 14:15:00,Atletico Madrid,Real Betis,1,0,0.573515,0.281257,H
2018,2018-10-07 16:30:00,Sevilla,Celta Vigo,2,1,2.237,0.895831,H
2018,2018-10-07 16:30:00,Espanyol,Villarreal,3,1,2.74615,1.59419,H
2018,2018-10-07 18:45:00,Valencia,Barcelona,1,1,1.53635,0.373489,D
2018,2018-10-19 19:00:00,Celta Vigo,Alaves,0,1,0.733589,0.988217,A
2018,2018-10-20 11:00:00,Real Madrid,Levante,1,2,3.02601,1.83965,A
2018,2018-10-20 14:15:00,Valencia,Leganes,1,1,1.18124,0.973224,D
2018,2018-10-20 16:30:00,Villarreal,Atletico Madrid,1,1,1.86233,1.62367,D
2018,2018-10-20 18:45:00,Barcelona,Sevilla,4,2,3.21948,1.89801,H
2018,2018-10-21 10:00:00,Rayo Vallecano,Getafe,1,2,0.320919,0.498066,A
2018,2018-10-21 14:15:00,Eibar,Athletic Club,1,1,1.68646,0.992745,D
2018,2018-10-21 16:30:00,SD Huesca,Espanyol,0,2,0.264947,1.84992,A
2018,2018-10-21 18:45:00,Real Betis,Real Valladolid,0,1,0.820674,0.501587,A
2018,2018-10-22 19:00:00,Real Sociedad,Girona,0,0,0.57678,0.53783,D
2018,2018-10-24 17:00:00,Rayo Vallecano,Athletic Club,1,1,1.35392,1.23764,D
2018,2018-10-26 19:00:00,Real Valladolid,Espanyol,1,1,1.2412,0.508367,D
2018,2018-10-27 11:00:00,Girona,Rayo Vallecano,2,1,2.73207,1.74235,H
2018,2018-10-27 14:15:00,Athletic Club,Valencia,0,0,0.632913,0.723783,D
2018,2018-10-27 16:30:00,Levante,Leganes,2,0,1.15766,1.46459,H
2018,2018-10-27 16:30:00,Celta Vigo,Eibar,4,0,1.28908,1.37498,H
2018,2018-10-27 18:45:00,Atletico Madrid,Real Sociedad,2,0,1.41243,0.211158,H
2018,2018-10-28 10:00:00,Getafe,Real Betis,2,0,2.5306,0.554027,H
2018,2018-10-28 14:15:00,Barcelona,Real Madrid,5,1,3.15939,2.11339,H
2018,2018-10-28 16:30:00,Alaves,Villarreal,2,1,1.97594,1.0916,H
2018,2018-10-28 18:45:00,Sevilla,SD Huesca,2,1,1.88431,1.01306,H
2018,2018-11-03 12:00:00,Leganes,Atletico Madrid,1,1,1.35197,0.406811,D
2018,2018-11-03 15:15:00,Real Madrid,Real Valladolid,2,0,1.93382,1.1095,H
2018,2018-11-03 17:30:00,Valencia,Girona,0,1,2.25862,0.37733,A
2018,2018-11-03 19:45:00,Rayo Vallecano,Barcelona,2,3,1.62632,1.95386,A
2018,2018-11-04 11:00:00,Eibar,Alaves,2,1,1.161,0.596162,H
2018,2018-11-04 15:15:00,Villarreal,Levante,1,1,1.10744,0.761911,D
2018,2018-11-04 17:30:00,Real Sociedad,Sevilla,0,0,0.74078,0.413773,D
2018,2018-11-04 17:30:00,SD Huesca,Getafe,1,1,1.31412,0.470822,D
2018,2018-11-04 19:45:00,Real Betis,Celta Vigo,3,3,1.86082,2.25389,D
2018,2018-11-05 20:00:00,Espanyol,Athletic Club,1,0,1.46389,0.782205,H
2018,2018-11-09 20:00:00,Levante,Real Sociedad,1,3,1.06813,1.43351,A
2018,2018-11-10 12:00:00,Real Valladolid,Eibar,0,0,0.407826,1.21893,D
2018,2018-11-10 15:15:00,Getafe,Valencia,0,1,1.61368,2.19428,A
2018,2018-11-10 17:30:00,Atletico Madrid,Athletic Club,3,2,1.10416,2.04637,H
2018,2018-11-10 19:45:00,Girona,Leganes,0,0,0.49139,1.39653,D
2018,2018-11-11 11:00:00,Alaves,SD Huesca,2,1,1.44304,0.980901,H
2018,2018-11-11 15:15:00,Barcelona,Real Betis,3,4,4.11761,2.64063,A
2018,2018-11-11 17:30:00,Sevilla,Espanyol,2,1,3.95375,0.686451,H
2018,2018-11-11 17:30:00,Rayo Vallecano,Villarreal,2,2,2.35537,0.861644,D
2018,2018-11-11 19:45:00,Celta Vigo,Real Madrid,2,4,0.698688,2.7089,A
2018,2018-11-23 20:00:00,Leganes,Alaves,1,0,0.92467,0.394518,H
2018,2018-11-24 12:00:00,Eibar,Real Madrid,3,0,3.98937,1.10765,H
2018,2018-11-24 15:15:00,Valencia,Rayo Vallecano,3,0,2.14664,0.813582,H
2018,2018-11-24 17:30:00,SD Huesca,Levante,2,2,2.96039,0.564721,D
2018,2018-11-24 19:45:00,Atletico Madrid,Barcelona,1,1,0.432553,0.564664,D
2018,2018-11-25 11:00:00,Athletic Club,Getafe,1,1,0.75771,1.8113,D
2018,2018-11-25 15:15:00,Sevilla,Real Valladolid,1,0,1.40358,0.53321,H
2018,2018-11-25 17:30:00,Espanyol,Girona,1,3,2.63865,2.56699,A
2018,2018-11-25 19:45:00,Villarreal,Real Betis,2,1,1.20925,0.991351,H
2018,2018-11-26 20:00:00,Real Sociedad,Celta Vigo,2,1,2.07409,0.545872,H
2018,2018-11-30 20:00:00,Rayo Vallecano,Eibar,1,0,0.815372,0.951549,H
2018,2018-12-01 12:00:00,Celta Vigo,SD Huesca,2,0,2.39172,1.24346,H
2018,2018-12-01 15:15:00,Real Valladolid,Leganes,2,4,1.85147,1.6677,A
2018,2018-12-01 17:30:00,Getafe,Espanyol,3,0,1.33323,0.97845,H
2018,2018-12-01 19:45:00,Real Madrid,Valencia,2,0,0.966947,0.974267,H
2018,2018-12-02 11:00:00,Real Betis,Real Sociedad,1,0,1.31385,1.39194,H
2018,2018-12-02 15:15:00,Girona,Atletico Madrid,1,1,1.20781,1.60399,D
2018,2018-12-02 17:30:00,Barcelona,Villarreal,2,0,0.99822,0.941415,H
2018,2018-12-02 19:45:00,Alaves,Sevilla,1,1,1.0211,1.64539,D
2018,2018-12-03 20:00:00,Levante,Athletic Club,3,0,2.15414,0.950526,H
2018,2018-12-07 20:00:00,Leganes,Getafe,1,1,1.49188,1.10842,D
2018,2018-12-08 12:00:00,Atletico Madrid,Alaves,3,0,2.64303,1.36734,H
2018,2018-12-08 15:15:00,Valencia,Sevilla,1,1,1.44342,1.64731,D
2018,2018-12-08 17:30:00,Villarreal,Celta Vigo,2,3,1.74178,2.48201,A
2018,2018-12-08 19:45:00,Espanyol,Barcelona,0,4,0.812936,3.16793,A
2018,2018-12-09 11:00:00,Eibar,Levante,4,4,4.25053,2.17449,D
2018,2018-12-09 15:15:00,SD Huesca,Real Madrid,0,1,1.04156,0.460413,A
2018,2018-12-09 17:30:00,Real Sociedad,Real Valladolid,1,2,1.7451,1.31256,A
2018,2018-12-09 19:45:00,Real Betis,Rayo Vallecano,2,0,2.2468,0.671932,H
2018,2018-12-10 20:00:00,Athletic Club,Girona,1,0,1.79501,0.145529,H
2018,2018-12-14 20:00:00,Celta Vigo,Leganes,0,0,1.24233,0.978595,D
2018,2018-12-15 12:00:00,Getafe,Real Sociedad,1,0,0.358274,0.608285,H
2018,2018-12-15 15:15:00,Real Valladolid,Atletico Madrid,2,3,0.691151,1.94316,A
2018,2018-12-15 17:30:00,Real Madrid,Rayo Vallecano,1,0,1.25069,0.588603,H
2018,2018-12-15 19:45:00,Eibar,Valencia,1,1,1.60912,2.10397,D
2018,2018-12-16 11:00:00,Sevilla,Girona,2,0,2.28195,0.811788,H
2018,2018-12-16 15:15:00,Espanyol,Real Betis,1,3,0.52284,1.8151,A
2018,2018-12-16 17:30:00,SD Huesca,Villarreal,2,2,3.99291,1.64884,D
2018,2018-12-16 19:45:00,Levante,Barcelona,0,5,0.830663,3.96017,A
2018,2018-12-17 20:00:00,Alaves,Athletic Club,0,0,0.479834,0.334381,D
2018,2018-12-21 18:30:00,Girona,Getafe,1,1,1.20739,0.581831,D
2018,2018-12-21 20:00:00,Real Sociedad,Alaves,0,1,1.06219,0.877996,A
2018,2018-12-22 12:00:00,Real Betis,Eibar,1,1,1.40023,2.06958,D
2018,2018-12-22 15:15:00,Atletico Madrid,Espanyol,1,0,1.03123,0.71456,H
2018,2018-12-22 17:30:00,Barcelona,Celta Vigo,2,0,1.56177,0.517005,H
2018,2018-12-22 19:45:00,Athletic Club,Real Valladolid,1,1,1.14498,0.59208,D
2018,2018-12-23 11:00:00,Valencia,SD Huesca,2,1,3.83492,2.27108,H
2018,2018-12-23 15:15:00,Leganes,Sevilla,1,1,1.13295,0.697523,D
2018,2018-12-23 17:30:00,Rayo Vallecano,Levante,2,1,2.51639,0.88589,H
2018,2019-01-03 20:30:00,Villarreal,Real Madrid,2,2,1.01914,1.39918,D
2018,2019-01-04 18:00:00,Levante,Girona,2,2,1.86969,1.03454,D
2018,2019-01-04 20:00:00,Espanyol,Leganes,1,0,1.68261,0.358462,H
2018,2019-01-05 12:00:00,Real Valladolid,Rayo Vallecano,0,1,1.7931,1.02768,A
2018,2019-01-05 15:15:00,Alaves,Valencia,2,1,2.58897,1.06272,H
2018,2019-01-05 19:45:00,SD Huesca,Real Betis,2,1,1.33807,1.03632,H
2018,2019-01-06 11:00:00,Eibar,Villarreal,0,0,2.02017,1.05089,D
2018,2019-01-06 15:15:00,Sevilla,Atletico Madrid,1,1,1.57396,0.758265,D
2018,2019-01-06 17:30:00,Real Madrid,Real Sociedad,0,2,2.2027,2.29324,A
2018,2019-01-06 19:45:00,Getafe,Barcelona,1,2,1.08947,2.16266,A
2018,2019-01-07 20:00:00,Celta Vigo,Athletic Club,1,2,2.1296,2.13661,A
2018,2019-01-11 20:00:00,Rayo Vallecano,Celta Vigo,4,2,2.07355,1.39354,H
2018,2019-01-12 12:00:00,Leganes,SD Huesca,1,0,1.94908,0.440876,H
2018,2019-01-12 15:15:00,Valencia,Real Valladolid,1,1,3.62567,0.167732,D
2018,2019-01-12 17:30:00,Girona,Alaves,1,1,0.538744,1.04715,D
2018,2019-01-12 19:45:00,Villarreal,Getafe,1,2,2.91695,0.845554,A
2018,2019-01-13 11:00:00,Atletico Madrid,Levante,1,0,2.42604,0.897143,H
2018,2019-01-13 15:15:00,Athletic Club,Sevilla,2,0,1.20272,0.735092,H
2018,2019-01-13 17:30:00,Barcelona,Eibar,3,0,1.51059,0.708521,H
2018,2019-01-13 19:45:00,Real Betis,Real Madrid,1,2,0.688888,0.757727,A
2018,2019-01-14 20:00:00,Real Sociedad,Espanyol,3,2,2.68319,2.4151,H
2018,2019-01-18 20:00:00,Getafe,Alaves,4,0,2.08041,0.272956,H
2018,2019-01-19 15:15:00,Real Madrid,Sevilla,2,0,1.59927,0.396637,H
2018,2019-01-19 17:30:00,SD Huesca,Atletico Madrid,0,3,1.23016,2.74037,A
2018,2019-01-19 19:45:00,Celta Vigo,Valencia,1,2,0.805422,1.33595,A
2018,2019-01-20 11:00:00,Real Betis,Girona,3,2,1.41803,0.918079,H
2018,2019-01-20 15:15:00,Villarreal,Athletic Club,1,1,1.06242,0.463927,D
2018,2019-01-20 17:30:00,Rayo Vallecano,Real Sociedad,2,2,0.768424,1.82818,D
2018,2019-01-20 17:30:00,Levante,Real Valladolid,2,0,1.42912,1.49778,H
2018,2019-01-20 19:45:00,Barcelona,Leganes,3,1,2.03933,0.815471,H
2018,2019-01-21 20:00:00,Eibar,Espanyol,3,0,2.18267,0.65215,H
2018,2019-01-26 00:00:00,Valencia,Villarreal,3,0,1.63321,0.928755,H
2018,2019-01-26 12:00:00,Sevilla,Levante,5,0,5.03124,0.299152,H
2018,2019-01-26 15:15:00,Atletico Madrid,Getafe,2,0,1.87881,0.277316,H
2018,2019-01-26 17:30:00,Leganes,Eibar,2,2,0.422612,0.491102,D
2018,2019-01-27 00:00:00,Athletic Club,Real Betis,1,0,1.09062,0.322397,H
2018,2019-01-27 11:00:00,Real Valladolid,Celta Vigo,2,1,1.95805,0.902965,H
2018,2019-01-27 15:15:00,Girona,Barcelona,0,2,1.51969,2.62139,A
2018,2019-01-27 17:30:00,Real Sociedad,SD Huesca,0,0,0.307366,0.549205,D
2018,2019-01-27 19:45:00,Espanyol,Real Madrid,2,4,1.20349,2.37579,A
2018,2019-01-28 20:00:00,Alaves,Rayo Vallecano,0,1,0.861666,1.19524,A
2018,2019-02-01 20:00:00,SD Huesca,Real Valladolid,4,0,1.97934,0.546436,H
2018,2019-02-02 12:00:00,Levante,Getafe,0,0,0.579123,0.37179,D
2018,2019-02-02 15:15:00,Real Sociedad,Athletic Club,2,1,1.63134,1.22419,H
2018,2019-02-02 17:30:00,Barcelona,Valencia,2,2,1.80518,3.53962,D
2018,2019-02-02 19:45:00,Celta Vigo,Sevilla,1,0,0.935214,0.682747,H
2018,2019-02-03 11:00:00,Villarreal,Espanyol,2,2,2.80288,1.34672,D
2018,2019-02-03 15:15:00,Real Betis,Atletico Madrid,1,0,1.01873,0.553708,H
2018,2019-02-03 17:30:00,Eibar,Girona,3,0,1.8546,0.235641,H
2018,2019-02-03 19:45:00,Real Madrid,Alaves,3,0,2.9864,0.665729,H
2018,2019-02-04 20:00:00,Rayo Vallecano,Leganes,1,2,1.86904,0.86924,A
2018,2019-02-08 20:00:00,Real Valladolid,Villarreal,0,0,0.504205,1.32176,D
2018,2019-02-09 12:00:00,Getafe,Celta Vigo,3,1,2.65279,1.10966,H
2018,2019-02-09 15:15:00,Atletico Madrid,Real Madrid,1,3,1.02136,1.4515,A
2018,2019-02-09 17:30:00,Espanyol,Rayo Vallecano,2,1,1.70334,0.627993,H
2018,2019-02-09 19:45:00,Girona,SD Huesca,0,2,1.37725,0.683864,A
2018,2019-02-10 11:00:00,Leganes,Real Betis,3,0,2.08097,0.125797,H
2018,2019-02-10 15:15:00,Valencia,Real Sociedad,0,0,1.62448,0.502054,D
2018,2019-02-10 17:30:00,Sevilla,Eibar,2,2,1.54912,1.43993,D
2018,2019-02-10 19:45:00,Athletic Club,Barcelona,0,0,1.67679,0.697307,D
2018,2019-02-11 20:00:00,Alaves,Levante,2,0,2.07543,0.269208,H
2018,2019-02-15 20:00:00,Eibar,Getafe,2,2,1.64574,0.845732,D
2018,2019-02-16 12:00:00,Celta Vigo,Levante,1,4,1.61531,2.9399,A
2018,2019-02-16 15:15:00,Rayo Vallecano,Atletico Madrid,0,1,1.07992,0.146851,A
2018,2019-02-16 17:30:00,Real Sociedad,Leganes,3,0,1.87893,1.05178,H
2018,2019-02-16 19:45:00,Barcelona,Real Valladolid,1,0,3.7496,0.306817,H
2018,2019-02-17 11:00:00,Real Madrid,Girona,1,2,1.74859,3.23428,A
2018,2019-02-17 15:15:00,Valencia,Espanyol,0,0,1.44111,0.236317,D
2018,2019-02-17 17:30:00,Villarreal,Sevilla,3,0,1.85386,2.49386,H
2018,2019-02-17 19:45:00,Real Betis,Alaves,1,1,3.54904,1.15597,D
2018,2019-02-18 20:00:00,SD Huesca,Athletic Club,0,1,1.16274,1.36952,A
2018,2019-02-22 20:00:00,Espanyol,SD Huesca,1,1,1.02096,0.983427,D
2018,2019-02-23 12:00:00,Getafe,Rayo Vallecano,2,1,1.17743,0.7164,H
2018,2019-02-23 15:15:00,Sevilla,Barcelona,2,4,1.64536,1.7385,A
2018,2019-02-23 17:30:00,Alaves,Celta Vigo,0,0,1.50901,0.489844,D
2018,2019-02-23 19:45:00,Athletic Club,Eibar,1,0,1.33391,0.597956,H
2018,2019-02-24 11:00:00,Leganes,Valencia,1,1,1.51123,0.676896,D
2018,2019-02-24 15:15:00,Atletico Madrid,Villarreal,2,0,1.70719,1.4124,H
2018,2019-02-24 17:30:00,Real Valladolid,Real Betis,0,2,0.586609,0.826265,A
2018,2019-02-24 19:45:00,Levante,Real Madrid,1,2,1.43781,2.7512,A
2018,2019-02-25 20:00:00,Girona,Real Sociedad,0,0,1.09767,0.422429,D
2018,2019-03-01 20:00:00,Rayo Vallecano,Girona,0,2,0.661372,1.72379,A
2018,2019-03-02 12:00:00,Espanyol,Real Valladolid,3,1,2.93379,1.44858,H
2018,2019-03-02 15:15:00,Villarreal,Alaves,1,2,1.20694,1.3136,A
2018,2019-03-02 17:30:00,SD Huesca,Sevilla,2,1,0.940056,2.52975,H
2018,2019-03-02 19:45:00,Real Madrid,Barcelona,0,1,0.7937,1.25228,A
2018,2019-03-03 11:00:00,Eibar,Celta Vigo,1,0,2.66738,0.563007,H
2018,2019-03-03 15:15:00,Real Betis,Getafe,1,2,0.572494,1.81382,A
2018,2019-03-03 17:30:00,Real Sociedad,Atletico Madrid,0,2,0.727428,2.1178,A
2018,2019-03-03 19:45:00,Valencia,Athletic Club,2,0,1.4862,0.442334,H
2018,2019-03-04 20:00:00,Leganes,Levante,1,0,2.26472,1.74561,H
2018,2019-03-08 20:00:00,Athletic Club,Espanyol,1,1,0.590825,0.882653,D
2018,2019-03-09 12:00:00,Alaves,Eibar,1,1,2.39014,2.53855,D
2018,2019-03-09 15:15:00,Atletico Madrid,Leganes,1,0,1.36052,0.102711,H
2018,2019-03-09 17:30:00,Barcelona,Rayo Vallecano,3,1,3.27738,0.283535,H
2018,2019-03-09 19:45:00,Getafe,SD Huesca,2,1,1.32144,0.930257,H
2018,2019-03-10 11:00:00,Celta Vigo,Real Betis,0,1,0.336565,1.4229,A
2018,2019-03-10 15:15:00,Girona,Valencia,2,3,2.26151,1.12034,A
2018,2019-03-10 17:30:00,Sevilla,Real Sociedad,5,2,2.88735,1.23303,H
2018,2019-03-10 17:30:00,Levante,Villarreal,0,2,1.12697,0.982637,A
2018,2019-03-10 19:45:00,Real Valladolid,Real Madrid,1,4,2.02975,2.61033,A
2018,2019-03-15 20:00:00,Real Sociedad,Levante,1,1,2.68033,1.05307,D
2018,2019-03-16 12:00:00,SD Huesca,Alaves,1,3,1.89009,2.16298,A
2018,2019-03-16 15:15:00,Real Madrid,Celta Vigo,2,0,3.02092,0.32231,H
2018,2019-03-16 17:30:00,Athletic Club,Atletico Madrid,2,0,1.32158,1.02312,H
2018,2019-03-16 19:45:00,Leganes,Girona,0,2,0.454611,1.78393,A
2018,2019-03-17 11:00:00,Eibar,Real Valladolid,1,2,1.64354,2.20799,A
2018,2019-03-17 15:15:00,Espanyol,Sevilla,0,1,0.665136,1.34192,A
2018,2019-03-17 17:30:00,Villarreal,Rayo Vallecano,3,1,2.6756,0.181501,H
2018,2019-03-17 17:30:00,Valencia,Getafe,0,0,0.506711,0.369827,D
2018,2019-03-17 19:45:00,Real Betis,Barcelona,1,4,1.15774,3.79708,A
2018,2019-03-29 20:00:00,Girona,Athletic Club,1,2,0.243937,1.06184,A
2018,2019-03-30 12:00:00,Getafe,Leganes,0,2,0.793024,1.28305,A
2018,2019-03-30 15:15:00,Barcelona,Espanyol,2,0,1.36012,0.278344,H
2018,2019-03-30 17:30:00,Celta Vigo,Villarreal,3,2,1.89174,2.58092,H
2018,2019-03-30 19:45:00,Alaves,Atletico Madrid,0,4,0.859209,1.91501,A
2018,2019-03-31 11:00:00,Levante,Eibar,2,2,1.15414,3.00118,D
2018,2019-03-31 13:00:00,Rayo Vallecano,Real Betis,1,1,2.30907,0.494786,D
2018,2019-03-31 14:15:00,Sevilla,Valencia,0,1,0.745225,0.923071,A
2018,2019-03-31 16:30:00,Real Valladolid,Real Sociedad,1,1,1.99145,0.736713,D
2018,2019-03-31 18:45:00,Real Madrid,SD Huesca,3,2,4.62852,1.37203,H
2018,2019-04-02 18:30:00,Atletico Madrid,Girona,2,0,2.67949,0.687163,H
2018,2019-04-02 19:30:00,Espanyol,Getafe,1,1,1.4931,1.61764,D
2018,2019-04-02 20:30:00,Villarreal,Barcelona,4,4,2.19549,3.08215,D
2018,2019-04-03 18:30:00,Athletic Club,Levante,3,2,1.86572,1.62609,H
2018,2019-04-03 19:30:00,SD Huesca,Celta Vigo,3,3,3.48876,1.96582,D
2018,2019-04-03 19:30:00,Eibar,Rayo Vallecano,2,1,1.54524,0.960572,H
2018,2019-04-03 20:30:00,Valencia,Real Madrid,2,1,1.76708,0.852925,H
2018,2019-04-04 18:30:00,Sevilla,Alaves,2,0,2.02786,0.590085,H
2018,2019-04-04 19:30:00,Leganes,Real Valladolid,1,0,1.85079,0.902127,H
2018,2019-04-04 20:30:00,Real Sociedad,Real Betis,2,1,2.57254,1.42634,H
2018,2019-04-06 12:00:00,Girona,Espanyol,1,2,1.3644,0.408067,A
2018,2019-04-06 15:15:00,Real Madrid,Eibar,2,1,1.70378,0.679412,H
2018,2019-04-06 17:30:00,Rayo Vallecano,Valencia,2,0,1.73543,2.28937,H
2018,2019-04-06 19:45:00,Barcelona,Atletico Madrid,2,0,2.57608,1.02054,H
2018,2019-04-07 11:00:00,Alaves,Leganes,1,1,0.908638,0.829461,D
2018,2019-04-07 13:00:00,Getafe,Athletic Club,1,0,1.29044,0.747402,H
2018,2019-04-07 15:15:00,Real Valladolid,Sevilla,0,2,1.33089,2.24314,A
2018,2019-04-07 17:30:00,Levante,SD Huesca,2,2,2.60648,1.76678,D
2018,2019-04-07 17:30:00,Celta Vigo,Real Sociedad,3,1,3.30598,1.24845,H
2018,2019-04-07 19:45:00,Real Betis,Villarreal,2,1,1.80228,1.88778,H
2018,2019-04-13 12:00:00,Espanyol,Alaves,2,1,0.624479,1.09624,H
2018,2019-04-13 15:15:00,SD Huesca,Barcelona,0,0,0.21138,0.962057,D
2018,2019-04-13 17:30:00,Atletico Madrid,Celta Vigo,2,0,1.75463,0.617854,H
2018,2019-04-13 19:45:00,Sevilla,Real Betis,3,2,2.32083,1.09294,H
2018,2019-04-14 11:00:00,Real Valladolid,Getafe,2,2,1.39618,1.36776,D
2018,2019-04-14 13:00:00,Athletic Club,Rayo Vallecano,3,2,2.60334,0.73101,H
2018,2019-04-14 15:15:00,Real Sociedad,Eibar,1,1,0.293383,0.99834,D
2018,2019-04-14 17:30:00,Girona,Villarreal,0,1,0.964694,1.39136,A
2018,2019-04-14 19:45:00,Valencia,Levante,3,1,2.86682,0.279883,H
2018,2019-04-15 20:00:00,Leganes,Real Madrid,1,1,0.651235,1.20942,D
2018,2019-04-19 20:00:00,Alaves,Real Valladolid,2,2,0.698942,1.87763,D
2018,2019-04-20 12:00:00,Celta Vigo,Girona,2,1,1.78831,0.331788,H
2018,2019-04-20 15:15:00,Eibar,Atletico Madrid,0,1,0.860003,1.55196,A
2018,2019-04-20 17:30:00,Rayo Vallecano,SD Huesca,0,0,1.31996,1.04463,D
2018,2019-04-20 19:45:00,Barcelona,Real Sociedad,2,1,1.2673,0.883156,H
2018,2019-04-21 11:00:00,Levante,Espanyol,2,2,2.0614,2.21288,D
2018,2019-04-21 13:00:00,Getafe,Sevilla,3,0,2.72704,0.625236,H
2018,2019-04-21 15:15:00,Real Madrid,Athletic Club,3,0,1.94223,0.536637,H
2018,2019-04-21 17:30:00,Villarreal,Leganes,2,1,0.928267,1.0992,H
2018,2019-04-21 19:45:00,Real Betis,Valencia,1,2,2.02559,0.268434,A
2018,2019-04-23 18:30:00,SD Huesca,Eibar,2,0,1.19385,0.651098,H
2018,2019-04-23 19:30:00,Real Valladolid,Girona,1,0,0.939017,0.313348,H
2018,2019-04-23 20:30:00,Alaves,Barcelona,0,2,0.220726,2.51344,A
2018,2019-04-24 18:30:00,Atletico Madrid,Valencia,3,2,1.7288,2.05808,H
2018,2019-04-24 19:30:00,Espanyol,Celta Vigo,1,1,1.88188,2.80839,D
2018,2019-04-24 19:30:00,Leganes,Athletic Club,0,1,0.517853,0.160435,A
2018,2019-04-24 20:30:00,Levante,Real Betis,4,0,1.56717,0.298749,H
2018,2019-04-25 18:30:00,Sevilla,Rayo Vallecano,5,0,3.63403,0.75592,H
2018,2019-04-25 19:30:00,Real Sociedad,Villarreal,0,1,0.843995,1.06313,A
2018,2019-04-25 20:30:00,Getafe,Real Madrid,0,0,0.56694,1.53593,D
2018,2019-04-27 12:00:00,Athletic Club,Alaves,1,1,1.35453,1.22488,D
2018,2019-04-27 15:15:00,Atletico Madrid,Real Valladolid,1,0,0.510006,0.584597,H
2018,2019-04-27 17:30:00,Leganes,Celta Vigo,0,0,0.387737,0.284391,D
2018,2019-04-27 19:45:00,Barcelona,Levante,1,0,2.39304,0.835832,H
2018,2019-04-28 11:00:00,Valencia,Eibar,0,1,0.494989,1.48526,A
2018,2019-04-28 13:00:00,Girona,Sevilla,1,0,1.02214,1.06533,H
2018,2019-04-28 15:15:00,Real Sociedad,Getafe,2,1,2.18907,0.470273,H
2018,2019-04-28 17:30:00,Villarreal,SD Huesca,1,1,1.15808,1.33098,D
2018,2019-04-28 19:45:00,Rayo Vallecano,Real Madrid,1,0,1.54574,0.460117,H
2018,2019-04-29 20:00:00,Real Betis,Espanyol,1,1,2.16463,2.04379,D
2018,2019-05-03 20:00:00,Sevilla,Leganes,0,3,0.298434,1.28827,A
2018,2019-05-04 12:00:00,Levante,Rayo Vallecano,4,1,3.23086,1.81692,H
2018,2019-05-04 15:15:00,Espanyol,Atletico Madrid,3,0,1.72125,0.853337,H
2018,2019-05-04 17:30:00,Alaves,Real Sociedad,0,1,0.684194,0.746692,A
2018,2019-05-04 19:45:00,Celta Vigo,Barcelona,2,0,1.96282,0.338957,H
2018,2019-05-05 11:00:00,Getafe,Girona,2,0,2.462,0.600426,H
2018,2019-05-05 13:00:00,Eibar,Real Betis,1,0,0.665523,2.38466,H
2018,2019-05-05 15:15:00,Real Madrid,Villarreal,3,2,3.13671,0.641476,H
2018,2019-05-05 17:30:00,Real Valladolid,Athletic Club,1,0,1.16372,1.34312,H
2018,2019-05-05 19:45:00,SD Huesca,Valencia,2,6,2.41782,2.60868,A
2018,2019-05-12 17:30:00,Rayo Vallecano,Real Valladolid,1,2,1.86651,1.48157,A
2018,2019-05-12 17:30:00,Athletic Club,Celta Vigo,3,1,2.05371,0.921241,H
2018,2019-05-12 17:30:00,Leganes,Espanyol,0,2,0.558882,2.83936,A
2018,2019-05-12 17:30:00,Valencia,Alaves,3,1,1.67697,0.716334,H
2018,2019-05-12 17:30:00,Villarreal,Eibar,1,0,1.36071,0.244236,H
2018,2019-05-12 17:30:00,Girona,Levante,1,2,1.42265,0.563093,A
2018,2019-05-12 17:30:00,Real Betis,SD Huesca,2,1,2.00914,1.51781,H
2018,2019-05-12 17:30:00,Barcelona,Getafe,2,0,2.52958,1.2421,H
2018,2019-05-12 17:30:00,Atletico Madrid,Sevilla,1,1,1.4302,0.65825,D
2018,2019-05-12 17:30:00,Real Sociedad,Real Madrid,3,1,2.53737,0.901711,H
2018,2019-05-18 11:00:00,Levante,Atletico Madrid,2,2,2.74916,1.77093,D
2018,2019-05-18 14:15:00,Real Valladolid,Valencia,0,2,0.755975,1.58197,A
2018,2019-05-18 14:15:00,Espanyol,Real Sociedad,2,0,1.06125,0.318551,H
2018,2019-05-18 14:15:00,Getafe,Villarreal,2,2,2.34277,0.725479,D
2018,2019-05-18 14:15:00,Sevilla,Athletic Club,2,0,1.74602,0.647189,H
2018,2019-05-18 18:45:00,SD Huesca,Leganes,2,1,1.30468,0.916693,H
2018,2019-05-18 18:45:00,Celta Vigo,Rayo Vallecano,2,2,1.85768,1.32703,D
2018,2019-05-18 18:45:00,Alaves,Girona,2,1,1.07769,1.04889,H
2018,2019-05-19 10:00:00,Real Madrid,Real Betis,0,2,0.843734,1.71988,A
2018,2019-05-19 14:15:00,Eibar,Barcelona,2,2,1.70196,1.11234,D
2019,2019-08-16 20:00:00,Athletic Club,Barcelona,1,0,0.457129,1.03621,H
2019,2019-08-17 16:00:00,Celta Vigo,Real Madrid,1,3,1.51166,1.99723,A
2019,2019-08-17 18:00:00,Valencia,Real Sociedad,1,1,2.31396,1.79528,D
2019,2019-08-17 19:00:00,Mallorca,Eibar,2,1,1.68856,0.794158,H
2019,2019-08-17 20:00:00,Leganes,Osasuna,0,1,1.26802,0.188265,A
2019,2019-08-17 20:00:00,Villarreal,Granada,4,4,1.93202,1.96668,D
2019,2019-08-18 16:00:00,Alaves,Levante,1,0,0.68416,0.859231,H
2019,2019-08-18 18:00:00,Espanyol,Sevilla,0,2,0.145879,2.40044,A
2019,2019-08-18 20:00:00,Real Betis,Real Valladolid,1,2,1.24003,0.736026,A
2019,2019-08-18 21:00:00,Atletico Madrid,Getafe,1,0,2.44678,0.333556,H
2019,2019-08-23 19:00:00,Granada,Sevilla,0,1,0.428332,1.39211,A
2019,2019-08-23 21:00:00,Levante,Villarreal,2,1,2.07744,2.82602,H
2019,2019-08-24 16:00:00,Osasuna,Eibar,0,0,0.856433,0.65217,D
2019,2019-08-24 18:00:00,Real Madrid,Real Valladolid,1,1,1.72798,1.22209,D
2019,2019-08-24 20:00:00,Celta Vigo,Valencia,1,0,2.37702,0.675601,H
2019,2019-08-24 20:00:00,Getafe,Athletic Club,1,1,0.265811,0.454246,D
2019,2019-08-25 16:00:00,Alaves,Espanyol,0,0,0.675919,0.159461,D
2019,2019-08-25 16:00:00,Mallorca,Real Sociedad,0,1,0.871995,1.59382,A
2019,2019-08-25 18:00:00,Leganes,Atletico Madrid,0,1,0.379878,1.39426,A
2019,2019-08-25 20:00:00,Barcelona,Real Betis,5,2,2.85088,0.145785,H
2019,2019-08-30 19:00:00,Sevilla,Celta Vigo,1,1,1.50787,0.454026,D
2019,2019-08-30 21:00:00,Athletic Club,Real Sociedad,2,0,1.16451,0.217717,H
2019,2019-08-31 16:00:00,Osasuna,Barcelona,2,2,1.7305,0.360967,D
2019,2019-08-31 18:00:00,Levante,Real Valladolid,2,0,2.77857,1.02789,H
2019,2019-08-31 18:00:00,Getafe,Alaves,1,1,0.972134,1.01227,D
2019,2019-08-31 19:00:00,Real Betis,Leganes,2,1,2.52444,1.44559,H
2019,2019-09-01 16:00:00,Valencia,Mallorca,2,0,2.09044,1.16388,H
2019,2019-09-01 18:00:00,Espanyol,Granada,0,3,1.34324,1.58505,A
2019,2019-09-01 18:00:00,Atletico Madrid,Eibar,3,2,1.8114,0.847966,H
2019,2019-09-01 20:00:00,Villarreal,Real Madrid,2,2,2.13825,1.76659,D
2019,2019-09-13 19:00:00,Mallorca,Athletic Club,0,0,2.1905,1.39203,D
2019,2019-09-14 11:00:00,Real Madrid,Levante,3,2,3.3111,1.81125,H
2019,2019-09-14 14:00:00,Leganes,Villarreal,0,3,0.399916,1.83013,A
2019,2019-09-14 16:30:00,Real Sociedad,Atletico Madrid,2,0,2.08851,1.06745,H
2019,2019-09-14 19:00:00,Barcelona,Valencia,5,2,2.61069,1.27064,H
2019,2019-09-15 10:00:00,Eibar,Espanyol,1,2,0.567742,1.64516,A
2019,2019-09-15 12:00:00,Alaves,Sevilla,0,1,0.773661,1.091,A
2019,2019-09-15 14:00:00,Celta Vigo,Granada,0,2,0.233721,1.1436,A
2019,2019-09-15 16:30:00,Real Valladolid,Osasuna,1,1,0.790606,2.68375,D
2019,2019-09-15 19:00:00,Real Betis,Getafe,1,1,1.00209,1.49492,D
2019,2019-09-20 19:00:00,Osasuna,Real Betis,0,0,2.20072,0.334273,D
2019,2019-09-21 11:00:00,Villarreal,Real Valladolid,2,0,2.03561,0.434119,H
2019,2019-09-21 14:00:00,Levante,Eibar,0,0,1.613,1.12755,D
2019,2019-09-21 16:30:00,Atletico Madrid,Celta Vigo,0,0,1.71994,0.582564,D
2019,2019-09-21 19:00:00,Granada,Barcelona,2,0,1.87283,0.557709,H
2019,2019-09-22 10:00:00,Getafe,Mallorca,4,2,2.70951,0.726341,H
2019,2019-09-22 12:00:00,Espanyol,Real Sociedad,1,3,0.701868,1.49572,A
2019,2019-09-22 14:00:00,Valencia,Leganes,1,1,1.66574,1.52139,D
2019,2019-09-22 16:30:00,Athletic Club,Alaves,2,0,1.9352,0.522331,H
2019,2019-09-22 19:00:00,Sevilla,Real Madrid,0,1,0.394624,1.23916,A
2019,2019-09-24 17:00:00,Real Valladolid,Granada,1,1,1.26726,0.650478,D
2019,2019-09-24 18:00:00,Real Betis,Levante,3,1,2.73836,1.93984,H
2019,2019-09-24 19:00:00,Barcelona,Villarreal,2,1,0.643865,0.54607,H
2019,2019-09-25 17:00:00,Mallorca,Atletico Madrid,0,2,0.673477,1.21545,A
2019,2019-09-25 17:00:00,Leganes,Athletic Club,1,1,0.496204,1.29281,D
2019,2019-09-25 18:00:00,Valencia,Getafe,3,3,1.67819,2.65542,D
2019,2019-09-25 19:00:00,Real Madrid,Osasuna,2,0,1.98715,0.11469,H
2019,2019-09-26 17:00:00,Eibar,Sevilla,3,2,1.69937,1.3532,H
2019,2019-09-26 18:00:00,Celta Vigo,Espanyol,1,1,1.1247,1.50653,D
2019,2019-09-26 19:00:00,Real Sociedad,Alaves,3,0,3.80899,0.195935,H
2019,2019-09-27 19:00:00,Villarreal,Real Betis,5,1,2.95644,0.667105,H
2019,2019-09-28 11:00:00,Athletic Club,Valencia,0,1,1.04848,2.10545,A
2019,2019-09-28 14:00:00,Getafe,Barcelona,0,2,1.0808,1.3084,A
2019,2019-09-28 16:30:00,Granada,Leganes,1,0,0.718298,0.989332,H
2019,2019-09-28 19:00:00,Atletico Madrid,Real Madrid,0,0,0.819412,0.379757,D
2019,2019-09-29 10:00:00,Espanyol,Real Valladolid,0,2,0.947178,2.13178,A
2019,2019-09-29 12:00:00,Eibar,Celta Vigo,2,0,1.02791,0.826593,H
2019,2019-09-29 14:00:00,Alaves,Mallorca,2,0,1.84115,0.16946,H
2019,2019-09-29 16:30:00,Levante,Osasuna,1,1,1.55287,0.758419,D
2019,2019-09-29 19:00:00,Sevilla,Real Sociedad,3,2,1.60195,0.774246,H
2019,2019-10-04 20:00:00,Real Betis,Eibar,1,1,1.74382,1.18435,D
2019,2019-10-05 12:00:00,Leganes,Levante,1,2,3.28469,1.08538,A
2019,2019-10-05 15:00:00,Real Madrid,Granada,4,2,2.7833,1.6065,H
2019,2019-10-05 17:30:00,Valencia,Alaves,2,1,1.7079,1.4742,H
2019,2019-10-05 20:00:00,Osasuna,Villarreal,2,1,1.13814,2.52105,H
2019,2019-10-06 11:00:00,Mallorca,Espanyol,2,0,1.02963,0.731578,H
2019,2019-10-06 13:00:00,Celta Vigo,Athletic Club,1,0,1.91529,0.127135,H
2019,2019-10-06 15:00:00,Real Valladolid,Atletico Madrid,0,0,0.969549,0.768197,D
2019,2019-10-06 17:30:00,Real Sociedad,Getafe,1,2,0.770489,0.86893,A
2019,2019-10-06 20:00:00,Barcelona,Sevilla,4,0,2.40324,3.03653,H
2019,2019-10-18 20:00:00,Granada,Osasuna,1,0,0.360979,0.658856,H
2019,2019-10-19 12:00:00,Eibar,Barcelona,0,3,0.212797,1.72534,A
2019,2019-10-19 15:00:00,Atletico Madrid,Valencia,1,1,1.54344,0.757907,D
2019,2019-10-19 17:30:00,Getafe,Leganes,2,0,1.0435,0.372249,H
2019,2019-10-19 20:00:00,Mallorca,Real Madrid,1,0,0.245649,0.808026,H
2019,2019-10-20 11:00:00,Alaves,Celta Vigo,2,0,2.08309,1.1334,H
2019,2019-10-20 13:00:00,Real Sociedad,Real Betis,3,1,1.32948,0.63684,H
2019,2019-10-20 15:00:00,Espanyol,Villarreal,0,1,0.746222,1.64809,A
2019,2019-10-20 17:30:00,Athletic Club,Real Valladolid,1,1,1.50554,0.672979,D
2019,2019-10-20 20:00:00,Sevilla,Levante,1,0,2.58436,0.459674,H
2019,2019-10-25 20:00:00,Villarreal,Alaves,4,1,2.56098,0.591294,H
2019,2019-10-26 15:00:00,Leganes,Mallorca,1,0,1.7617,0.858516,H
2019,2019-10-26 17:30:00,Real Valladolid,Eibar,2,0,1.95496,0.395075,H
2019,2019-10-26 20:00:00,Atletico Madrid,Athletic Club,2,0,1.94897,0.328031,H
2019,2019-10-27 11:00:00,Celta Vigo,Real Sociedad,0,1,0.846315,0.967791,A
2019,2019-10-27 13:00:00,Granada,Real Betis,1,0,1.61831,0.683829,H
2019,2019-10-27 15:00:00,Levante,Espanyol,0,1,0.331551,0.928166,A
2019,2019-10-27 17:30:00,Sevilla,Getafe,2,0,2.14059,0.62652,H
2019,2019-10-27 20:00:00,Osasuna,Valencia,3,1,3.08572,0.836057,H
2019,2019-10-29 18:00:00,Alaves,Atletico Madrid,1,1,0.442747,1.72516,D
2019,2019-10-29 20:15:00,Barcelona,Real Valladolid,5,1,3.77856,1.2024,H
2019,2019-10-30 18:00:00,Valencia,Sevilla,1,1,1.0283,0.46703,D
2019,2019-10-30 18:00:00,Real Sociedad,Levante,1,2,1.71528,2.03092,A
2019,2019-10-30 19:00:00,Athletic Club,Espanyol,3,0,0.410171,0.561641,H
2019,2019-10-30 20:00:00,Real Betis,Celta Vigo,2,1,1.11761,1.59702,H
2019,2019-10-30 20:15:00,Real Madrid,Leganes,5,0,5.60648,0.240435,H
2019,2019-10-31 18:00:00,Eibar,Villarreal,2,1,2.782,1.40491,H
2019,2019-10-31 18:00:00,Mallorca,Osasuna,2,2,2.15631,0.869837,D
2019,2019-10-31 20:15:00,Getafe,Granada,3,1,1.1273,1.91693,H
2019,2019-11-02 12:00:00,Espanyol,Valencia,1,2,1.27932,1.9466,A
2019,2019-11-02 15:00:00,Levante,Barcelona,3,1,0.927053,2.13479,H
2019,2019-11-02 17:30:00,Sevilla,Atletico Madrid,1,1,0.888419,2.45211,D
2019,2019-11-02 20:00:00,Real Madrid,Real Betis,0,0,2.81646,0.437853,D
2019,2019-11-03 11:00:00,Real Valladolid,Mallorca,3,0,1.96371,0.590538,H
2019,2019-11-03 13:00:00,Villarreal,Athletic Club,0,0,1.01674,1.31553,D
2019,2019-11-03 15:00:00,Osasuna,Alaves,4,2,3.87668,1.45796,H
2019,2019-11-03 17:30:00,Leganes,Eibar,1,2,1.56154,1.0478,A
2019,2019-11-03 17:30:00,Celta Vigo,Getafe,0,1,0.133684,0.389551,A
2019,2019-11-03 20:00:00,Granada,Real Sociedad,1,2,0.163677,1.02564,A
2019,2019-11-08 20:00:00,Real Sociedad,Leganes,1,1,1.19357,0.326909,D
2019,2019-11-09 12:00:00,Alaves,Real Valladolid,3,0,2.8505,0.280826,H
2019,2019-11-09 15:00:00,Valencia,Granada,2,0,1.04627,0.417522,H
2019,2019-11-09 17:30:00,Eibar,Real Madrid,0,4,0.88387,2.84489,A
2019,2019-11-09 20:00:00,Barcelona,Celta Vigo,4,1,1.49638,0.317045,H
2019,2019-11-10 11:00:00,Mallorca,Villarreal,3,1,1.56727,3.04498,H
2019,2019-11-10 13:00:00,Athletic Club,Levante,2,1,1.79133,0.873861,H
2019,2019-11-10 15:00:00,Atletico Madrid,Espanyol,3,1,3.05161,0.379993,H
2019,2019-11-10 17:30:00,Getafe,Osasuna,0,0,1.06639,0.065756,D
2019,2019-11-10 20:00:00,Real Betis,Sevilla,1,2,1.56474,0.993088,A
2019,2019-11-22 20:00:00,Levante,Mallorca,2,1,1.83517,1.41139,H
2019,2019-11-23 12:00:00,Leganes,Barcelona,1,2,0.484105,1.68235,A
2019,2019-11-23 15:00:00,Real Betis,Valencia,2,1,1.62946,0.910796,H
2019,2019-11-23 17:30:00,Granada,Atletico Madrid,1,1,0.669993,2.0596,D
2019,2019-11-23 20:00:00,Real Madrid,Real Sociedad,3,1,1.69928,1.41126,H
2019,2019-11-24 11:00:00,Espanyol,Getafe,1,1,1.12432,0.773228,D
2019,2019-11-24 13:00:00,Osasuna,Athletic Club,1,2,1.27092,1.21625,A
2019,2019-11-24 15:00:00,Eibar,Alaves,0,2,1.61983,1.47648,A
2019,2019-11-24 17:30:00,Villarreal,Celta Vigo,1,3,1.20262,1.75554,A
2019,2019-11-24 20:00:00,Real Valladolid,Sevilla,0,1,0.363545,1.11673,A
2019,2019-11-29 20:00:00,Celta Vigo,Real Valladolid,0,0,1.43181,0.263566,D
2019,2019-11-30 12:00:00,Alaves,Real Madrid,1,2,1.10771,2.08673,A
2019,2019-11-30 15:00:00,Real Sociedad,Eibar,4,1,1.39065,0.605108,H
2019,2019-11-30 17:30:00,Mallorca,Real Betis,1,2,2.37108,2.27656,A
2019,2019-11-30 20:00:00,Valencia,Villarreal,2,1,1.58912,1.94325,H
2019,2019-12-01 11:00:00,Sevilla,Leganes,1,0,2.44081,1.05322,H
2019,2019-12-01 13:00:00,Athletic Club,Granada,2,0,1.82466,0.233324,H
2019,2019-12-01 15:00:00,Espanyol,Osasuna,2,4,1.55803,3.03712,A
2019,2019-12-01 17:30:00,Getafe,Levante,4,0,2.05726,0.476355,H
2019,2019-12-01 20:00:00,Atletico Madrid,Barcelona,0,1,1.16353,1.18842,A
2019,2019-12-06 20:00:00,Villarreal,Atletico Madrid,0,0,1.41318,1.71887,D
2019,2019-12-07 12:00:00,Real Madrid,Espanyol,2,0,2.55366,0.286726,H
2019,2019-12-07 15:00:00,Granada,Alaves,3,0,2.63161,0.37368,H
2019,2019-12-07 17:30:00,Levante,Valencia,2,4,2.12541,2.95856,A
2019,2019-12-07 20:00:00,Barcelona,Mallorca,5,2,4.28236,1.0224,H
2019,2019-12-08 11:00:00,Eibar,Getafe,0,1,0.267821,0.913932,A
2019,2019-12-08 13:00:00,Real Betis,Athletic Club,3,2,1.98458,0.985449,H
2019,2019-12-08 15:00:00,Real Valladolid,Real Sociedad,0,0,0.509978,1.87222,D
2019,2019-12-08 17:30:00,Leganes,Celta Vigo,3,2,0.971054,0.47817,H
2019,2019-12-08 20:00:00,Osasuna,Sevilla,1,1,0.661362,1.46737,D
2019,2019-12-13 20:00:00,Alaves,Leganes,1,1,1.56275,0.915597,D
2019,2019-12-14 12:00:00,Granada,Levante,1,2,1.21053,0.917727,A
2019,2019-12-14 15:00:00,Real Sociedad,Barcelona,2,2,2.87892,1.18314,D
2019,2019-12-14 17:30:00,Athletic Club,Eibar,0,0,0.358952,0.276155,D
2019,2019-12-14 20:00:00,Atletico Madrid,Osasuna,2,0,2.5649,0.528091,H
2019,2019-12-15 11:00:00,Getafe,Real Valladolid,2,0,1.88065,0.435816,H
2019,2019-12-15 13:00:00,Celta Vigo,Mallorca,2,2,2.18849,1.51622,D
2019,2019-12-15 15:00:00,Espanyol,Real Betis,2,2,1.58859,0.502557,D
2019,2019-12-15 17:30:00,Sevilla,Villarreal,1,2,1.73952,1.62777,A
2019,2019-12-15 20:00:00,Valencia,Real Madrid,1,1,2.28638,1.97126,D
2019,2019-12-18 19:00:00,Barcelona,Real Madrid,0,0,0.72288,0.844042,D
2019,2019-12-20 20:00:00,Eibar,Granada,3,0,2.55405,1.72232,H
2019,2019-12-21 12:00:00,Mallorca,Sevilla,0,2,0.788281,1.80841,A
2019,2019-12-21 15:00:00,Barcelona,Alaves,4,1,1.43229,0.432162,H
2019,2019-12-21 17:30:00,Villarreal,Getafe,1,0,2.63083,0.646333,H
2019,2019-12-21 20:00:00,Real Valladolid,Valencia,1,1,0.7245,0.835691,D
2019,2019-12-22 11:00:00,Leganes,Espanyol,2,0,0.84514,0.649033,H
2019,2019-12-22 13:00:00,Osasuna,Real Sociedad,3,4,3.10563,2.29198,A
2019,2019-12-22 15:00:00,Real Betis,Atletico Madrid,1,2,0.922514,1.41727,A
2019,2019-12-22 17:30:00,Levante,Celta Vigo,3,1,2.68998,1.4501,H
2019,2019-12-22 20:00:00,Real Madrid,Athletic Club,0,0,2.95373,0.415201,D
2019,2020-01-03 18:00:00,Real Valladolid,Leganes,2,2,1.56625,2.14709,D
2019,2020-01-03 20:00:00,Sevilla,Athletic Club,1,1,1.07523,0.237728,D
2019,2020-01-04 12:00:00,Valencia,Eibar,1,0,1.10197,0.817026,H
2019,2020-01-04 15:00:00,Getafe,Real Madrid,0,3,1.26627,2.09016,A
2019,2020-01-04 17:30:00,Atletico Madrid,Levante,2,1,1.56308,0.736284,H
2019,2020-01-04 20:00:00,Espanyol,Barcelona,2,2,0.730874,2.3097,D
2019,2020-01-05 11:00:00,Granada,Mallorca,1,0,1.38848,0.78276,H
2019,2020-01-05 13:00:00,Real Sociedad,Villarreal,1,2,1.01062,1.29087,A
2019,2020-01-05 15:00:00,Alaves,Real Betis,1,1,0.304027,2.02653,D
2019,2020-01-05 20:00:00,Celta Vigo,Osasuna,1,1,1.91143,0.76674,D
2019,2020-01-17 20:00:00,Leganes,Getafe,0,3,0.280841,1.96098,A
2019,2020-01-18 12:00:00,Levante,Alaves,0,1,1.16982,1.73657,A
2019,2020-01-18 15:00:00,Real Madrid,Sevilla,2,1,1.37156,0.373928,H
2019,2020-01-18 17:30:00,Osasuna,Real Valladolid,0,0,1.59896,0.618269,D
2019,2020-01-18 20:00:00,Eibar,Atletico Madrid,2,0,1.03493,1.03685,H
2019,2020-01-19 11:00:00,Mallorca,Valencia,4,1,2.18221,0.449368,H
2019,2020-01-19 13:00:00,Real Betis,Real Sociedad,3,0,2.26225,0.281591,H
2019,2020-01-19 15:00:00,Villarreal,Espanyol,1,2,2.23006,2.04252,A
2019,2020-01-19 17:30:00,Athletic Club,Celta Vigo,1,1,3.43632,0.716642,D
2019,2020-01-19 20:00:00,Barcelona,Granada,1,0,1.43259,0.187953,H
2019,2020-01-24 20:00:00,Osasuna,Levante,2,0,1.94107,0.601469,H
2019,2020-01-25 12:00:00,Espanyol,Athletic Club,1,1,0.552668,0.660786,D
2019,2020-01-25 15:00:00,Valencia,Barcelona,2,0,1.43787,1.15303,H
2019,2020-01-25 17:30:00,Alaves,Villarreal,1,2,0.975012,1.07139,A
2019,2020-01-25 20:00:00,Sevilla,Granada,2,0,0.807577,0.475664,H
2019,2020-01-26 11:00:00,Atletico Madrid,Leganes,0,0,0.990297,0.37528,D
2019,2020-01-26 13:00:00,Celta Vigo,Eibar,0,0,1.03102,0.223406,D
2019,2020-01-26 15:00:00,Getafe,Real Betis,1,0,1.45193,1.33797,H
2019,2020-01-26 17:30:00,Real Sociedad,Mallorca,3,0,2.6866,0.885045,H
2019,2020-01-26 20:00:00,Real Valladolid,Real Madrid,0,1,0.190691,0.5486,A
2019,2020-02-01 12:00:00,Granada,Espanyol,2,1,0.875651,2.69997,H
2019,2020-02-01 15:00:00,Real Madrid,Atletico Madrid,1,0,1.08227,0.454401,H
2019,2020-02-01 17:30:00,Mallorca,Real Valladolid,0,1,0.550096,1.09282,A
2019,2020-02-01 20:00:00,Valencia,Celta Vigo,1,0,1.103,1.35798,H
2019,2020-02-02 11:00:00,Leganes,Real Sociedad,2,1,1.42,0.108866,H
2019,2020-02-02 13:00:00,Eibar,Real Betis,1,1,2.28348,0.959112,D
2019,2020-02-02 15:00:00,Athletic Club,Getafe,0,2,0.734487,2.25172,A
2019,2020-02-02 17:30:00,Sevilla,Alaves,1,1,1.64919,0.984092,D
2019,2020-02-02 17:30:00,Villarreal,Osasuna,3,1,1.9166,0.915717,H
2019,2020-02-02 20:00:00,Barcelona,Levante,2,1,3.38735,1.21881,H
2019,2020-02-07 20:00:00,Alaves,Eibar,2,1,1.44414,0.159152,H
2019,2020-02-08 12:00:00,Levante,Leganes,2,0,0.933595,1.18902,H
2019,2020-02-08 15:00:00,Getafe,Valencia,3,0,3.27894,0.257146,H
2019,2020-02-08 17:30:00,Real Valladolid,Villarreal,1,1,0.646254,1.38092,D
2019,2020-02-08 20:00:00,Atletico Madrid,Granada,1,0,0.92576,0.89501,H
2019,2020-02-09 11:00:00,Espanyol,Mallorca,1,0,1.81523,0.669911,H
2019,2020-02-09 13:00:00,Real Sociedad,Athletic Club,2,1,2.27376,0.643736,H
2019,2020-02-09 15:00:00,Osasuna,Real Madrid,1,4,0.68297,2.74949,A
2019,2020-02-09 17:30:00,Celta Vigo,Sevilla,2,1,1.38338,1.13918,H
2019,2020-02-09 20:00:00,Real Betis,Barcelona,2,3,1.05905,1.85454,A
2019,2020-02-14 20:00:00,Valencia,Atletico Madrid,2,2,1.56219,1.07192,D
2019,2020-02-15 12:00:00,Mallorca,Alaves,1,0,2.04009,0.784895,H
2019,2020-02-15 15:00:00,Barcelona,Getafe,2,1,1.87978,1.18616,H
2019,2020-02-15 17:30:00,Villarreal,Levante,2,1,0.835883,1.24428,H
2019,2020-02-15 20:00:00,Granada,Real Valladolid,2,1,2.13521,0.638079,H
2019,2020-02-16 11:00:00,Sevilla,Espanyol,2,2,1.65914,0.622409,D
2019,2020-02-16 13:00:00,Leganes,Real Betis,0,0,0.563219,0.487887,D
2019,2020-02-16 17:30:00,Athletic Club,Osasuna,0,1,0.763109,0.836206,A
2019,2020-02-16 20:00:00,Real Madrid,Celta Vigo,2,2,1.90404,1.17019,D
2019,2020-02-21 20:00:00,Real Betis,Mallorca,3,3,3.09931,0.913546,D
2019,2020-02-22 12:00:00,Celta Vigo,Leganes,1,0,0.128175,0.371163,H
2019,2020-02-22 15:00:00,Barcelona,Eibar,5,0,4.66065,0.477994,H
2019,2020-02-22 17:30:00,Real Sociedad,Valencia,3,0,2.3988,0.25727,H
2019,2020-02-22 20:00:00,Levante,Real Madrid,1,0,0.70752,1.90806,H
2019,2020-02-23 11:00:00,Osasuna,Granada,0,3,0.783825,1.68194,A
2019,2020-02-23 13:00:00,Alaves,Athletic Club,2,1,1.84055,0.593519,H
2019,2020-02-23 15:00:00,Real Valladolid,Espanyol,2,1,1.14839,1.26303,H
2019,2020-02-23 17:30:00,Getafe,Sevilla,0,3,0.460518,2.82001,A
2019,2020-02-23 20:00:00,Atletico Madrid,Villarreal,3,1,2.17916,0.440221,H
2019,2020-02-28 20:00:00,Real Sociedad,Real Valladolid,1,0,2.56307,0.86626,H
2019,2020-02-29 12:00:00,Eibar,Levante,3,0,3.07099,0.60028,H
2019,2020-02-29 15:00:00,Valencia,Real Betis,2,1,1.05167,0.793569,H
2019,2020-02-29 17:30:00,Leganes,Alaves,1,1,0.982157,0.977076,D
2019,2020-02-29 20:00:00,Granada,Celta Vigo,0,0,0.918043,0.27654,D
2019,2020-03-01 11:00:00,Sevilla,Osasuna,3,2,1.64954,1.80118,H
2019,2020-03-01 13:00:00,Athletic Club,Villarreal,1,0,2.72308,0.879429,H
2019,2020-03-01 15:00:00,Espanyol,Atletico Madrid,1,1,1.29128,0.761475,D
2019,2020-03-01 17:30:00,Mallorca,Getafe,0,1,0.0726554,0.913015,A
2019,2020-03-01 20:00:00,Real Madrid,Barcelona,2,0,1.0617,1.52303,H
2019,2020-03-06 20:00:00,Alaves,Valencia,1,1,0.938792,0.931772,D
2019,2020-03-07 12:00:00,Eibar,Mallorca,1,2,0.9664,0.90604,A
2019,2020-03-07 15:00:00,Atletico Madrid,Sevilla,2,2,2.04826,1.61538,D
2019,2020-03-07 17:30:00,Barcelona,Real Sociedad,1,0,2.2099,0.550322,H
2019,2020-03-07 20:00:00,Getafe,Celta Vigo,0,0,1.15002,0.156144,D
2019,2020-03-08 11:00:00,Osasuna,Espanyol,1,0,2.2865,0.174034,H
2019,2020-03-08 13:00:00,Real Valladolid,Athletic Club,1,4,2.03703,1.59457,A
2019,2020-03-08 15:00:00,Levante,Granada,1,1,1.06858,1.22846,D
2019,2020-03-08 17:30:00,Villarreal,Leganes,1,2,2.38355,1.7502,A
2019,2020-03-08 20:00:00,Real Betis,Real Madrid,2,1,1.33577,1.39172,H
2019,2020-03-10 19:00:00,Eibar,Real Sociedad,1,2,1.84648,1.30335,A
2019,2020-06-11 20:00:00,Sevilla,Real Betis,2,0,2.11983,0.481345,H
2019,2020-06-12 17:30:00,Granada,Getafe,2,1,2.17942,0.786113,H
2019,2020-06-12 20:00:00,Valencia,Levante,1,1,1.00063,1.45366,D
2019,2020-06-13 12:00:00,Espanyol,Alaves,2,0,2.01521,0.0516535,H
2019,2020-06-13 15:00:00,Celta Vigo,Villarreal,0,1,0.129638,1.61991,A
2019,2020-06-13 17:30:00,Leganes,Real Valladolid,1,2,1.13073,1.23093,A
2019,2020-06-13 20:00:00,Mallorca,Barcelona,0,4,0.648782,2.69892,A
2019,2020-06-14 12:00:00,Athletic Club,Atletico Madrid,1,1,0.362873,1.18398,D
2019,2020-06-14 17:30:00,Real Madrid,Eibar,3,1,1.27218,0.434682,H
2019,2020-06-14 20:00:00,Real Sociedad,Osasuna,1,1,0.89714,1.1455,D
2019,2020-06-15 17:30:00,Levante,Sevilla,1,1,0.807331,1.06949,D
2019,2020-06-15 20:00:00,Real Betis,Granada,2,2,1.49004,1.03374,D
2019,2020-06-16 17:30:00,Getafe,Espanyol,0,0,2.00352,0.786529,D
2019,2020-06-16 17:30:00,Villarreal,Mallorca,1,0,1.62532,1.65754,H
2019,2020-06-16 20:00:00,Barcelona,Leganes,2,0,1.53086,0.85627,H
2019,2020-06-17 17:30:00,Eibar,Athletic Club,2,2,1.83348,1.72308,D
2019,2020-06-17 17:30:00,Real Valladolid,Celta Vigo,0,0,0.436127,1.0575,D
2019,2020-06-17 20:00:00,Osasuna,Atletico Madrid,0,5,0.860898,2.40229,A
2019,2020-06-18 17:30:00,Alaves,Real Sociedad,2,0,1.52088,0.318266,H
2019,2020-06-18 20:00:00,Real Madrid,Valencia,3,0,2.02374,0.156776,H
2019,2020-06-19 17:30:00,Mallorca,Leganes,1,1,0.478364,1.08784,D
2019,2020-06-19 17:30:00,Granada,Villarreal,0,1,0.883633,0.803321,A
2019,2020-06-19 20:00:00,Sevilla,Barcelona,0,0,0.824926,0.741303,D
2019,2020-06-20 12:00:00,Espanyol,Levante,1,3,0.491778,2.56766,A
2019,2020-06-20 15:00:00,Athletic Club,Real Betis,1,0,2.24762,2.13638,H
2019,2020-06-20 17:30:00,Getafe,Eibar,1,1,0.820376,0.816384,D
2019,2020-06-20 20:00:00,Atletico Madrid,Real Valladolid,1,0,0.768121,0.281386,H
2019,2020-06-21 12:00:00,Celta Vigo,Alaves,6,0,2.82117,0.168445,H
2019,2020-06-21 17:30:00,Valencia,Osasuna,2,0,1.8991,1.60978,H
2019,2020-06-21 20:00:00,Real Sociedad,Real Madrid,1,2,0.482127,1.30503,A
2019,2020-06-22 20:00:00,Leganes,Granada,0,0,1.11797,0.147341,D
2019,2020-06-22 20:00:00,Villarreal,Sevilla,2,2,1.08857,1.2636,D
2019,2020-06-23 17:30:00,Levante,Atletico Madrid,0,1,0.748438,1.0251,A
2019,2020-06-23 17:30:00,Real Valladolid,Getafe,1,1,1.08861,0.675045,D
2019,2020-06-23 20:00:00,Barcelona,Athletic Club,1,0,1.8377,0.649841,H
2019,2020-06-24 17:30:00,Alaves,Osasuna,0,1,0.389684,1.1029,A
2019,2020-06-24 17:30:00,Real Sociedad,Celta Vigo,0,1,0.628775,0.848154,A
2019,2020-06-24 20:00:00,Real Madrid,Mallorca,2,0,1.3538,0.573505,H
2019,2020-06-25 17:30:00,Eibar,Valencia,1,0,0.555369,0.389713,H
2019,2020-06-25 20:00:00,Real Betis,Espanyol,1,0,1.07378,1.12604,H
2019,2020-06-26 20:00:00,Sevilla,Real Valladolid,1,1,1.59745,0.583726,D
2019,2020-06-27 15:00:00,Celta Vigo,Barcelona,2,2,1.93802,2.13485,D
2019,2020-06-27 16:30:00,Athletic Club,Mallorca,3,1,2.76806,1.16492,H
2019,2020-06-27 17:30:00,Osasuna,Leganes,2,1,0.896141,1.48812,H
2019,2020-06-27 20:00:00,Atletico Madrid,Alaves,2,1,1.86903,1.12577,H
2019,2020-06-28 16:30:00,Levante,Real Betis,4,2,1.6905,1.51929,H
2019,2020-06-28 16:30:00,Villarreal,Valencia,2,0,2.41493,0.182323,H
2019,2020-06-28 18:30:00,Granada,Eibar,1,2,1.49293,1.68478,A
2019,2020-06-28 20:00:00,Espanyol,Real Madrid,0,1,1.00521,2.41536,A
2019,2020-06-29 20:00:00,Getafe,Real Sociedad,2,1,1.3901,0.731053,H
2019,2020-06-30 19:00:00,Leganes,Sevilla,0,3,0.756658,0.710464,A
2019,2020-06-30 20:00:00,Barcelona,Atletico Madrid,2,2,1.80729,1.78128,D
2019,2020-06-30 23:00:00,Mallorca,Celta Vigo,5,1,1.6815,1.55871,H
2019,2020-07-01 17:30:00,Valencia,Athletic Club,0,2,1.27025,0.91393,A
2019,2020-07-01 17:30:00,Alaves,Granada,0,2,1.01978,1.23821,A
2019,2020-07-01 20:00:00,Real Valladolid,Levante,0,0,1.37071,0.206917,D
2019,2020-07-01 20:00:00,Real Betis,Villarreal,0,2,0.400169,2.91561,A
2019,2020-07-02 17:30:00,Eibar,Osasuna,0,2,0.844993,0.965632,A
2019,2020-07-02 17:30:00,Real Sociedad,Espanyol,2,1,1.38838,0.11827,H
2019,2020-07-02 20:00:00,Real Madrid,Getafe,1,0,1.75594,0.35097,H
2019,2020-07-03 20:00:00,Atletico Madrid,Mallorca,3,0,2.65175,0.595505,H
2019,2020-07-04 15:00:00,Celta Vigo,Real Betis,1,1,0.238909,0.636627,D
2019,2020-07-04 17:30:00,Real Valladolid,Alaves,1,0,0.591015,0.311545,H
2019,2020-07-04 20:00:00,Granada,Valencia,2,2,2.67712,0.851494,D
2019,2020-07-05 12:00:00,Athletic Club,Real Madrid,0,1,0.240102,2.90047,A
2019,2020-07-05 15:00:00,Espanyol,Leganes,0,1,0.705114,0.423597,A
2019,2020-07-05 17:30:00,Osasuna,Getafe,0,0,0.667423,0.293418,D
2019,2020-07-05 20:00:00,Villarreal,Barcelona,1,4,0.961984,2.75294,A
2019,2020-07-06 17:30:00,Levante,Real Sociedad,1,1,1.19147,1.06365,D
2019,2020-07-06 20:00:00,Sevilla,Eibar,1,0,1.29481,1.16838,H
2019,2020-07-07 17:30:00,Valencia,Real Valladolid,2,1,1.14695,0.407041,H
2019,2020-07-07 20:00:00,Celta Vigo,Atletico Madrid,1,1,0.281854,1.0928,D
2019,2020-07-08 18:30:00,Real Betis,Osasuna,3,0,2.12533,0.407994,H
2019,2020-07-08 18:30:00,Getafe,Villarreal,1,3,0.580238,1.95451,A
2019,2020-07-08 20:00:00,Barcelona,Espanyol,1,0,0.897655,0.830636,H
2019,2020-07-09 17:30:00,Eibar,Leganes,0,0,0.156567,0.398122,D
2019,2020-07-09 17:30:00,Mallorca,Levante,2,0,1.48983,1.008,H
2019,2020-07-09 20:00:00,Athletic Club,Sevilla,1,2,1.6153,1.80682,A
2019,2020-07-10 17:30:00,Real Sociedad,Granada,2,3,1.18927,0.312385,A
2019,2020-07-10 20:00:00,Real Madrid,Alaves,2,0,2.35582,1.31041,H
2019,2020-07-11 15:00:00,Osasuna,Celta Vigo,2,1,1.2561,0.985972,H
2019,2020-07-11 17:30:00,Real Valladolid,Barcelona,0,1,0.849569,1.02109,A
2019,2020-07-11 20:00:00,Atletico Madrid,Real Betis,1,0,0.76357,1.1694,H
2019,2020-07-12 12:00:00,Espanyol,Eibar,0,2,0.884621,2.0596,A
2019,2020-07-12 15:00:00,Levante,Athletic Club,1,2,1.10257,0.979209,A
2019,2020-07-12 17:30:00,Leganes,Valencia,1,0,1.2593,1.28008,H
2019,2020-07-12 20:00:00,Sevilla,Mallorca,2,0,1.91225,0.309223,H
2019,2020-07-13 17:30:00,Alaves,Getafe,0,0,0.118514,0.596646,D
2019,2020-07-13 17:30:00,Villarreal,Real Sociedad,1,2,0.365973,1.24702,A
2019,2020-07-13 20:00:00,Granada,Real Madrid,1,2,0.930144,0.527843,A
2019,2020-07-16 16:30:00,Eibar,Real Valladolid,3,1,2.6027,2.14787,H
2019,2020-07-16 19:00:00,Mallorca,Granada,1,2,1.21791,1.09278,A
2019,2020-07-16 19:00:00,Real Sociedad,Sevilla,0,0,0.835797,0.611057,D
2019,2020-07-16 19:00:00,Getafe,Atletico Madrid,0,2,1.13873,1.74341,A
2019,2020-07-16 19:00:00,Valencia,Espanyol,1,0,1.24164,1.20165,H
2019,2020-07-16 19:00:00,Real Madrid,Villarreal,2,1,1.69772,1.14058,H
2019,2020-07-16 19:00:00,Barcelona,Osasuna,1,2,1.14981,0.672683,A
2019,2020-07-16 19:00:00,Athletic Club,Leganes,0,2,0.62086,1.84675,A
2019,2020-07-16 19:00:00,Real Betis,Alaves,1,2,1.80332,2.31274,A
2019,2020-07-16 19:00:00,Celta Vigo,Levante,2,3,1.64845,1.39618,A
2019,2020-07-19 16:30:00,Real Valladolid,Real Betis,2,0,0.915131,0.548953,H
2019,2020-07-19 19:00:00,Espanyol,Celta Vigo,0,0,0.362807,0.444157,D
2019,2020-07-19 19:00:00,Leganes,Real Madrid,2,2,1.16055,1.06489,D
2019,2020-07-19 19:00:00,Alaves,Barcelona,0,5,0.274487,3.62799,A
2019,2020-07-19 19:00:00,Granada,Athletic Club,4,0,2.33033,0.564731,H
2019,2020-07-19 19:00:00,Atletico Madrid,Real Sociedad,1,1,1.50008,0.335651,D
2019,2020-07-19 19:00:00,Osasuna,Mallorca,2,2,1.00938,0.595381,D
2019,2020-07-19 19:00:00,Villarreal,Eibar,4,0,3.00793,0.762647,H
2019,2020-07-19 19:00:00,Levante,Getafe,1,0,2.58924,1.73078,H
2019,2020-07-19 19:00:00,Sevilla,Valencia,1,0,0.731583,0.301441,H
2020,2020-09-12 14:00:00,Eibar,Celta Vigo,0,0,0.344008,0.783653,D
2020,2020-09-12 16:30:00,Granada,Athletic Club,2,0,0.545144,0.483337,H
2020,2020-09-12 19:00:00,Cadiz,Osasuna,0,2,0.600934,0.633286,A
2020,2020-09-13 12:00:00,Alaves,Real Betis,0,1,1.17642,0.341233,A
2020,2020-09-13 14:00:00,Real Valladolid,Real Sociedad,1,1,0.858211,0.31178,D
2020,2020-09-13 16:30:00,Villarreal,SD Huesca,1,1,2.01913,0.556003,D
2020,2020-09-13 19:00:00,Valencia,Levante,4,2,1.72531,2.37179,H
2020,2020-09-19 14:00:00,Villarreal,Eibar,2,1,2.99286,1.112,H
2020,2020-09-19 16:30:00,Getafe,Osasuna,1,0,0.702715,0.486466,H
2020,2020-09-19 19:00:00,Celta Vigo,Valencia,2,1,2.33534,0.456643,H
2020,2020-09-20 14:00:00,SD Huesca,Cadiz,0,2,0.223846,1.50522,A
2020,2020-09-20 16:30:00,Granada,Alaves,2,1,2.45453,0.77021,H
2020,2020-09-20 16:30:00,Real Betis,Real Valladolid,2,0,1.76775,0.290702,H
2020,2020-09-20 19:00:00,Real Sociedad,Real Madrid,0,0,0.718119,0.769069,D
2020,2020-09-26 11:00:00,Alaves,Getafe,0,0,0.867165,1.31111,D
2020,2020-09-26 14:00:00,Valencia,SD Huesca,1,1,0.306092,1.10618,D
2020,2020-09-26 16:30:00,Elche,Real Sociedad,0,3,1.23661,3.3738,A
2020,2020-09-26 19:00:00,Real Betis,Real Madrid,2,3,1.41465,3.86499,A
2020,2020-09-27 10:00:00,Osasuna,Levante,1,3,0.724471,2.99435,A
2020,2020-09-27 12:00:00,Eibar,Athletic Club,1,2,0.325316,0.505645,A
2020,2020-09-27 14:00:00,Atletico Madrid,Granada,6,1,3.60448,1.30515,H
2020,2020-09-27 16:30:00,Real Valladolid,Celta Vigo,1,1,1.52483,1.08307,D
2020,2020-09-27 19:00:00,Barcelona,Villarreal,4,0,3.50735,0.244835,H
2020,2020-09-27 19:00:00,Cadiz,Sevilla,1,3,1.0983,2.2102,A
2020,2020-09-29 17:00:00,Real Sociedad,Valencia,0,1,0.589249,0.836796,A
2020,2020-09-29 19:30:00,Getafe,Real Betis,3,0,0.908069,0.442837,H
2020,2020-09-30 17:00:00,Villarreal,Alaves,3,1,2.65908,0.618672,H
2020,2020-09-30 17:00:00,SD Huesca,Atletico Madrid,0,0,0.631932,1.79241,D
2020,2020-09-30 19:30:00,Eibar,Elche,0,1,1.06052,0.378171,A
2020,2020-09-30 19:30:00,Real Madrid,Real Valladolid,1,0,2.64599,0.540187,H
2020,2020-10-01 17:00:00,Sevilla,Levante,1,0,1.04729,0.375244,H
2020,2020-10-01 17:00:00,Athletic Club,Cadiz,0,1,0.545027,0.263675,A
2020,2020-10-01 19:30:00,Celta Vigo,Barcelona,0,3,0.568201,0.931689,A
2020,2020-10-03 11:00:00,Real Valladolid,Eibar,1,2,1.09473,1.6913,A
2020,2020-10-03 14:00:00,Atletico Madrid,Villarreal,0,0,0.610002,0.201508,D
2020,2020-10-03 16:30:00,Real Sociedad,Getafe,3,0,2.19684,0.315862,H
2020,2020-10-03 16:30:00,Elche,SD Huesca,0,0,0.188885,1.70374,D
2020,2020-10-03 19:00:00,Valencia,Real Betis,0,2,0.475219,1.87508,A
2020,2020-10-04 10:00:00,Osasuna,Celta Vigo,2,0,1.12188,0.360866,H
2020,2020-10-04 12:00:00,Alaves,Athletic Club,1,0,0.520642,0.487749,H
2020,2020-10-04 14:00:00,Levante,Real Madrid,0,2,0.577329,1.87714,A
2020,2020-10-04 16:30:00,Cadiz,Granada,1,1,1.09095,0.820558,D
2020,2020-10-04 19:00:00,Barcelona,Sevilla,1,1,1.05717,1.25522,D
2020,2020-10-17 11:00:00,Granada,Sevilla,1,0,1.08721,0.699011,H
2020,2020-10-17 14:00:00,Celta Vigo,Atletico Madrid,0,2,1.89737,1.51399,A
2020,2020-10-17 16:30:00,Real Madrid,Cadiz,0,1,1.1359,1.768,A
2020,2020-10-17 19:00:00,Getafe,Barcelona,1,0,1.70992,0.62541,H
2020,2020-10-18 10:00:00,Eibar,Osasuna,0,0,0.371361,1.2646,D
2020,2020-10-18 12:00:00,Athletic Club,Levante,2,0,2.07013,0.281482,H
2020,2020-10-18 14:00:00,Villarreal,Valencia,2,1,1.59975,0.677588,H
2020,2020-10-18 16:30:00,Alaves,Elche,0,2,0.90822,0.902261,A
2020,2020-10-18 16:30:00,SD Huesca,Real Valladolid,2,2,1.25439,0.907963,D
2020,2020-10-18 19:00:00,Real Betis,Real Sociedad,0,3,0.304528,1.58336,A
2020,2020-10-23 19:00:00,Elche,Valencia,2,1,0.165573,1.23519,H
2020,2020-10-24 14:00:00,Barcelona,Real Madrid,1,3,1.57351,3.20848,A
2020,2020-10-24 16:30:00,Osasuna,Athletic Club,1,0,0.989319,0.5791,H
2020,2020-10-24 16:30:00,Sevilla,Eibar,0,1,1.98558,0.198368,A
2020,2020-10-24 19:00:00,Atletico Madrid,Real Betis,2,0,1.24304,1.01541,H
2020,2020-10-25 13:00:00,Real Valladolid,Alaves,0,2,0.305213,2.3128,A
2020,2020-10-25 15:00:00,Cadiz,Villarreal,0,0,0.20914,0.752296,D
2020,2020-10-25 17:30:00,Getafe,Granada,0,1,1.33438,0.949811,A
2020,2020-10-25 20:00:00,Real Sociedad,SD Huesca,4,1,1.79773,0.591473,H
2020,2020-10-26 20:00:00,Levante,Celta Vigo,1,1,1.19249,0.818389,D
2020,2020-10-30 20:00:00,Eibar,Cadiz,0,2,0.466935,0.932416,A
2020,2020-10-31 13:00:00,Real Madrid,SD Huesca,4,1,2.23898,0.79915,H
2020,2020-10-31 15:00:00,Athletic Club,Sevilla,2,1,1.32876,1.15091,H
2020,2020-10-31 17:30:00,Osasuna,Atletico Madrid,1,3,1.42768,3.06286,A
2020,2020-10-31 20:00:00,Alaves,Barcelona,1,1,1.11324,2.07747,D
2020,2020-11-01 13:00:00,Real Betis,Elche,3,1,3.06462,0.478252,H
2020,2020-11-01 15:00:00,Celta Vigo,Real Sociedad,1,4,2.12312,2.27628,A
2020,2020-11-01 17:30:00,Granada,Levante,1,1,0.230886,0.813588,D
2020,2020-11-01 20:00:00,Valencia,Getafe,2,2,1.75934,2.35774,D
2020,2020-11-02 20:00:00,Villarreal,Real Valladolid,2,0,1.85014,0.793913,H
2020,2020-11-06 20:00:00,Elche,Celta Vigo,1,1,1.6055,2.15551,D
2020,2020-11-07 13:00:00,SD Huesca,Eibar,1,1,2.23211,0.839508,D
2020,2020-11-07 15:15:00,Barcelona,Real Betis,5,2,4.44487,0.86991,H
2020,2020-11-07 17:30:00,Sevilla,Osasuna,1,0,1.151,0.499107,H
2020,2020-11-07 20:00:00,Atletico Madrid,Cadiz,4,0,2.62556,0.395983,H
2020,2020-11-08 13:00:00,Getafe,Villarreal,1,3,0.55465,2.32114,A
2020,2020-11-08 15:15:00,Real Sociedad,Granada,2,0,3.72416,0.780649,H
2020,2020-11-08 17:30:00,Real Valladolid,Athletic Club,2,1,2.28498,1.57936,H
2020,2020-11-08 17:30:00,Levante,Alaves,1,1,1.99148,1.01595,D
2020,2020-11-08 20:00:00,Valencia,Real Madrid,4,1,2.34693,1.05824,H
2020,2020-11-20 20:00:00,Osasuna,SD Huesca,1,1,0.878778,0.807899,D
2020,2020-11-21 13:00:00,Levante,Elche,1,1,0.902091,0.832435,D
2020,2020-11-21 15:15:00,Villarreal,Real Madrid,1,1,1.72712,0.652049,D
2020,2020-11-21 17:30:00,Sevilla,Celta Vigo,4,2,2.22603,2.08172,H
2020,2020-11-21 20:00:00,Atletico Madrid,Barcelona,1,0,0.812108,1.29964,H
2020,2020-11-22 13:00:00,Eibar,Getafe,0,0,1.45225,0.352628,D
2020,2020-11-22 15:15:00,Cadiz,Real Sociedad,0,1,0.0824748,1.90588,A
2020,2020-11-22 17:30:00,Granada,Real Valladolid,1,3,1.40253,1.45546,A
2020,2020-11-22 20:00:00,Alaves,Valencia,2,2,1.82668,1.79824,D
2020,2020-11-23 20:00:00,Athletic Club,Real Betis,4,0,2.75202,0.385631,H
2020,2020-11-27 20:00:00,Real Valladolid,Levante,1,1,1.25969,1.11009,D
2020,2020-11-28 13:00:00,Elche,Cadiz,1,1,0.0867292,0.678171,D
2020,2020-11-28 15:15:00,Valencia,Atletico Madrid,0,1,0.181436,1.10533,A
2020,2020-11-28 17:30:00,SD Huesca,Sevilla,0,1,0.167609,1.69981,A
2020,2020-11-28 20:00:00,Real Madrid,Alaves,1,2,1.66068,2.35024,A
2020,2020-11-29 13:00:00,Barcelona,Osasuna,4,0,3.91416,1.56118,H
2020,2020-11-29 15:15:00,Getafe,Athletic Club,1,1,0.536725,0.277502,D
2020,2020-11-29 17:30:00,Celta Vigo,Granada,3,1,4.64116,1.49416,H
2020,2020-11-29 20:00:00,Real Sociedad,Villarreal,1,1,1.91705,1.10165,D
2020,2020-11-30 20:00:00,Real Betis,Eibar,0,2,0.51761,3.24869,A
2020,2020-12-04 20:00:00,Athletic Club,Celta Vigo,0,2,0.454057,1.20044,A
2020,2020-12-05 13:00:00,Levante,Getafe,3,0,2.56696,0.49433,H
2020,2020-12-05 15:15:00,Sevilla,Real Madrid,0,1,0.533909,1.69653,A
2020,2020-12-05 17:30:00,Atletico Madrid,Real Valladolid,2,0,1.2755,0.440427,H
2020,2020-12-05 20:00:00,Cadiz,Barcelona,2,1,2.61118,1.71026,H
2020,2020-12-06 13:00:00,Granada,SD Huesca,3,3,1.82994,1.68663,D
2020,2020-12-06 15:15:00,Osasuna,Real Betis,0,2,0.366687,1.52162,A
2020,2020-12-06 17:30:00,Villarreal,Elche,0,0,0.520422,0.0544723,D
2020,2020-12-06 20:00:00,Alaves,Real Sociedad,0,0,0.249462,1.39953,D
2020,2020-12-07 20:00:00,Eibar,Valencia,0,0,1.09317,0.648196,D
2020,2020-12-11 20:00:00,Real Valladolid,Osasuna,3,2,1.87748,1.33403,H
2020,2020-12-12 13:00:00,Valencia,Athletic Club,2,2,2.17259,1.73307,D
2020,2020-12-12 15:15:00,Getafe,Sevilla,0,1,0.374252,0.507527,A
2020,2020-12-12 17:30:00,SD Huesca,Alaves,1,0,0.380766,0.171439,H
2020,2020-12-12 20:00:00,Real Madrid,Atletico Madrid,2,0,0.6517,0.784775,H
2020,2020-12-13 13:00:00,Real Sociedad,Eibar,1,1,1.33912,1.55401,D
2020,2020-12-13 15:15:00,Real Betis,Villarreal,1,1,0.475008,1.10577,D
2020,2020-12-13 17:30:00,Elche,Granada,0,1,0.534289,1.40539,A
2020,2020-12-13 20:00:00,Barcelona,Levante,1,0,2.62077,0.97888,H
2020,2020-12-14 20:00:00,Celta Vigo,Cadiz,4,0,1.51712,0.906249,H
2020,2020-12-15 21:00:00,Real Madrid,Athletic Club,3,1,2.58032,0.728304,H
2020,2020-12-16 20:00:00,Barcelona,Real Sociedad,2,1,2.58133,1.82452,H
2020,2020-12-18 20:00:00,Athletic Club,SD Huesca,2,0,1.51945,0.182818,H
2020,2020-12-19 13:00:00,Atletico Madrid,Elche,3,1,2.10005,0.522281,H
2020,2020-12-19 15:15:00,Barcelona,Valencia,2,2,3.2847,1.97181,D
2020,2020-12-19 17:30:00,Levante,Real Sociedad,2,1,1.52776,2.1027,H
2020,2020-12-19 17:30:00,Osasuna,Villarreal,1,3,0.925068,2.79417,A
2020,2020-12-19 20:00:00,Sevilla,Real Valladolid,1,1,1.73966,0.878614,D
2020,2020-12-20 13:00:00,Celta Vigo,Alaves,2,0,1.62567,0.404844,H
2020,2020-12-20 15:15:00,Granada,Real Betis,2,0,1.38241,1.04957,H
2020,2020-12-20 17:30:00,Cadiz,Getafe,0,2,0.356498,1.10435,A
2020,2020-12-20 20:00:00,Eibar,Real Madrid,1,3,0.642099,2.35916,A
2020,2020-12-22 16:30:00,Valencia,Sevilla,0,1,0.559111,1.85011,A
2020,2020-12-22 16:30:00,Elche,Osasuna,2,2,1.25398,1.69506,D
2020,2020-12-22 18:45:00,SD Huesca,Levante,1,1,1.36969,0.581363,D
2020,2020-12-22 18:45:00,Real Sociedad,Atletico Madrid,0,2,0.230082,0.546595,A
2020,2020-12-22 21:00:00,Villarreal,Athletic Club,1,1,1.32193,0.910796,D
2020,2020-12-22 21:00:00,Real Valladolid,Barcelona,0,3,0.499141,3.23865,A
2020,2020-12-23 16:30:00,Getafe,Celta Vigo,1,1,0.265652,0.767168,D
2020,2020-12-23 18:45:00,Real Madrid,Granada,2,0,2.04414,0.79963,H
2020,2020-12-23 21:00:00,Alaves,Eibar,2,1,1.88686,0.786669,H
2020,2020-12-23 21:00:00,Real Betis,Cadiz,1,0,0.342496,0.282205,H
2020,2020-12-29 18:00:00,Barcelona,Eibar,1,1,2.05695,0.592271,D
2020,2020-12-29 18:00:00,Sevilla,Villarreal,2,0,2.7317,0.346419,H
2020,2020-12-29 20:30:00,Cadiz,Real Valladolid,0,0,0.786846,0.299749,D
2020,2020-12-29 20:30:00,Levante,Real Betis,4,3,1.67536,2.63943,H
2020,2020-12-30 16:00:00,Granada,Valencia,2,1,2.23615,1.27314,H
2020,2020-12-30 18:15:00,Atletico Madrid,Getafe,1,0,0.919165,0.941238,H
2020,2020-12-30 18:15:00,Celta Vigo,SD Huesca,2,1,2.85208,1.0513,H
2020,2020-12-30 20:30:00,Elche,Real Madrid,1,1,1.02416,1.55495,D
2020,2020-12-31 13:00:00,Athletic Club,Real Sociedad,0,1,0.172341,1.84296,A
2020,2020-12-31 15:15:00,Osasuna,Alaves,1,1,0.318257,1.35028,D
2020,2021-01-02 13:00:00,Villarreal,Levante,2,1,1.72781,0.554357,H
2020,2021-01-02 15:15:00,Real Betis,Sevilla,1,1,2.03775,0.248156,D
2020,2021-01-02 17:30:00,Getafe,Real Valladolid,0,1,0.768671,1.16924,A
2020,2021-01-02 20:00:00,Real Madrid,Celta Vigo,2,0,1.24672,0.564784,H
2020,2021-01-03 13:00:00,Athletic Club,Elche,1,0,1.38777,0.137448,H
2020,2021-01-03 15:15:00,Alaves,Atletico Madrid,1,2,0.154899,2.31899,A
2020,2021-01-03 17:30:00,Eibar,Granada,2,0,1.84192,0.917602,H
2020,2021-01-03 17:30:00,Real Sociedad,Osasuna,1,1,0.78536,0.609915,D
2020,2021-01-03 20:00:00,SD Huesca,Barcelona,0,1,0.259005,3.21201,A
2020,2021-01-04 20:00:00,Valencia,Cadiz,1,1,0.942061,0.522228,D
2020,2021-01-06 20:00:00,Athletic Club,Barcelona,2,3,0.638117,1.39939,A
2020,2021-01-08 20:00:00,Celta Vigo,Villarreal,0,4,0.363035,2.88163,A
2020,2021-01-09 13:00:00,Sevilla,Real Sociedad,3,2,2.9243,1.05731,H
2020,2021-01-09 17:30:00,Granada,Barcelona,0,4,0.490441,1.64578,A
2020,2021-01-09 20:00:00,Osasuna,Real Madrid,0,0,0.589148,0.42235,D
2020,2021-01-10 13:00:00,Levante,Eibar,2,1,0.857988,1.34206,H
2020,2021-01-10 15:15:00,Cadiz,Alaves,3,1,2.59473,0.829834,H
2020,2021-01-10 20:00:00,Real Valladolid,Valencia,0,1,0.562807,1.09369,A
2020,2021-01-11 18:00:00,Elche,Getafe,1,3,1.21278,3.17089,A
2020,2021-01-11 20:00:00,SD Huesca,Real Betis,0,2,1.15245,2.98435,A
2020,2021-01-12 18:00:00,Granada,Osasuna,2,0,0.831007,0.624174,H
2020,2021-01-12 20:30:00,Atletico Madrid,Sevilla,2,0,0.577443,1.19957,H
2020,2021-01-19 18:00:00,Cadiz,Levante,2,2,0.725743,2.00702,D
2020,2021-01-19 18:00:00,Real Valladolid,Elche,2,2,1.02082,0.575886,D
2020,2021-01-19 20:30:00,Alaves,Sevilla,1,2,1.40643,1.03209,A
2020,2021-01-20 18:00:00,Getafe,SD Huesca,1,0,0.656624,0.712964,H
2020,2021-01-20 20:00:00,Real Betis,Celta Vigo,2,1,0.646493,0.966752,H
2020,2021-01-20 20:30:00,Villarreal,Granada,2,2,2.15885,0.135256,D
2020,2021-01-21 18:00:00,Valencia,Osasuna,1,1,0.439791,1.63527,D
2020,2021-01-21 20:30:00,Eibar,Atletico Madrid,1,2,1.27041,1.23064,A
2020,2021-01-22 20:00:00,Levante,Real Valladolid,2,2,1.04736,0.631096,D
2020,2021-01-23 13:00:00,SD Huesca,Villarreal,0,0,0.177253,0.484831,D
2020,2021-01-23 15:15:00,Sevilla,Cadiz,3,0,2.51675,1.16695,H
2020,2021-01-23 17:30:00,Real Sociedad,Real Betis,2,2,2.24597,0.638534,D
2020,2021-01-23 20:00:00,Alaves,Real Madrid,1,4,0.762571,1.42254,A
2020,2021-01-24 13:00:00,Osasuna,Granada,3,1,1.88102,0.592689,H
2020,2021-01-24 15:15:00,Elche,Barcelona,0,2,0.477298,3.12144,A
2020,2021-01-24 17:30:00,Celta Vigo,Eibar,1,1,1.53045,0.591142,D
2020,2021-01-24 20:00:00,Atletico Madrid,Valencia,3,1,2.05311,0.250249,H
2020,2021-01-25 20:00:00,Athletic Club,Getafe,5,1,1.87633,1.29166,H
2020,2021-01-29 20:00:00,Real Valladolid,SD Huesca,1,3,1.74924,1.18337,A
2020,2021-01-30 13:00:00,Eibar,Sevilla,0,2,1.02238,1.66557,A
2020,2021-01-30 15:15:00,Real Madrid,Levante,1,2,1.23555,1.82881,A
2020,2021-01-30 17:30:00,Valencia,Elche,1,0,3.00838,0.328905,H
2020,2021-01-30 20:00:00,Villarreal,Real Sociedad,1,1,0.232475,1.16681,D
2020,2021-01-31 13:00:00,Getafe,Alaves,0,0,0.530765,0.20139,D
2020,2021-01-31 15:15:00,Cadiz,Atletico Madrid,2,4,0.861261,1.79542,A
2020,2021-01-31 17:30:00,Granada,Celta Vigo,0,0,0.3242,0.339262,D
2020,2021-01-31 20:00:00,Barcelona,Athletic Club,2,1,2.53148,0.275356,H
2020,2021-02-01 20:00:00,Real Betis,Osasuna,1,0,1.9333,1.38521,H
2020,2021-02-05 20:00:00,Alaves,Real Valladolid,1,0,1.60639,0.0534012,H
2020,2021-02-06 13:00:00,Levante,Granada,2,2,1.52404,1.26925,D
2020,2021-02-06 15:15:00,SD Huesca,Real Madrid,1,2,0.920971,3.53921,A
2020,2021-02-06 17:30:00,Elche,Villarreal,2,2,1.13518,1.51126,D
2020,2021-02-06 20:00:00,Sevilla,Getafe,3,0,2.03342,0.209522,H
2020,2021-02-07 13:00:00,Real Sociedad,Cadiz,4,1,4.7946,0.354151,H
2020,2021-02-07 15:15:00,Athletic Club,Valencia,1,1,1.34704,0.841344,D
2020,2021-02-07 17:30:00,Osasuna,Eibar,2,1,2.62128,1.07628,H
2020,2021-02-07 20:00:00,Real Betis,Barcelona,2,3,1.87521,1.33284,A
2020,2021-02-08 20:00:00,Atletico Madrid,Celta Vigo,2,2,1.22973,1.71926,D
2020,2021-02-09 20:00:00,Real Madrid,Getafe,2,0,1.86359,0.0930356,H
2020,2021-02-12 17:30:00,Celta Vigo,Elche,3,1,2.31967,0.836576,H
2020,2021-02-13 13:00:00,Granada,Atletico Madrid,1,2,0.827088,0.929672,A
2020,2021-02-13 15:15:00,Sevilla,SD Huesca,1,0,1.329,1.39522,H
2020,2021-02-13 17:30:00,Eibar,Real Valladolid,1,1,1.92231,0.968574,D
2020,2021-02-13 20:00:00,Barcelona,Alaves,5,1,2.86032,0.710997,H
2020,2021-02-14 13:00:00,Getafe,Real Sociedad,0,1,0.263007,1.03317,A
2020,2021-02-14 15:15:00,Real Madrid,Valencia,2,0,0.862855,0.0596554,H
2020,2021-02-14 17:30:00,Levante,Osasuna,0,1,1.73006,0.685142,A
2020,2021-02-14 20:00:00,Villarreal,Real Betis,1,2,1.17957,1.35008,A
2020,2021-02-15 20:00:00,Cadiz,Athletic Club,0,4,0.567254,2.36113,A
2020,2021-02-17 18:00:00,Levante,Atletico Madrid,1,1,0.642423,1.16962,D
2020,2021-02-19 20:00:00,Real Betis,Getafe,1,0,2.67474,0.277079,H
2020,2021-02-20 13:00:00,Elche,Eibar,1,0,0.397175,1.66898,H
2020,2021-02-20 15:15:00,Atletico Madrid,Levante,0,2,2.06148,0.767582,A
2020,2021-02-20 17:30:00,Valencia,Celta Vigo,2,0,1.16675,0.689216,H
2020,2021-02-20 20:00:00,Real Valladolid,Real Madrid,0,1,0.909714,1.30987,A
2020,2021-02-21 13:00:00,Barcelona,Cadiz,1,1,2.39005,1.32905,D
2020,2021-02-21 15:15:00,Real Sociedad,Alaves,4,0,2.50353,0.307378,H
2020,2021-02-21 17:30:00,SD Huesca,Granada,3,2,2.47156,0.854609,H
2020,2021-02-21 20:00:00,Athletic Club,Villarreal,1,1,2.32222,0.0679965,D
2020,2021-02-22 20:00:00,Osasuna,Sevilla,0,2,0.457508,1.05344,A
2020,2021-02-24 20:00:00,Barcelona,Elche,3,0,2.66084,0.351113,H
2020,2021-02-26 20:00:00,Levante,Athletic Club,1,1,1.05928,1.99686,D
2020,2021-02-27 13:00:00,Eibar,SD Huesca,1,1,1.79661,0.480747,D
2020,2021-02-27 15:15:00,Sevilla,Barcelona,0,2,0.117061,1.58696,A
2020,2021-02-27 17:30:00,Alaves,Osasuna,0,1,0.483459,0.994243,A
2020,2021-02-27 20:00:00,Getafe,Valencia,3,0,0.895893,0.173822,H
2020,2021-02-28 13:00:00,Celta Vigo,Real Valladolid,1,1,0.86079,0.762391,D
2020,2021-02-28 15:15:00,Cadiz,Real Betis,0,1,0.227972,0.596164,A
2020,2021-02-28 17:30:00,Granada,Elche,2,1,1.45197,1.28521,H
2020,2021-02-28 20:00:00,Villarreal,Atletico Madrid,0,2,1.941,0.839764,A
2020,2021-03-01 20:00:00,Real Madrid,Real Sociedad,1,1,1.98534,1.21953,D
2020,2021-03-05 20:00:00,Valencia,Villarreal,2,1,1.75518,1.84626,H
2020,2021-03-06 13:00:00,Real Valladolid,Getafe,2,1,1.31724,0.971736,H
2020,2021-03-06 15:15:00,Elche,Sevilla,2,1,1.0131,0.964034,H
2020,2021-03-06 17:30:00,Cadiz,Eibar,1,0,1.6239,1.6003,H
2020,2021-03-06 20:00:00,Osasuna,Barcelona,0,2,0.756534,1.30761,A
2020,2021-03-07 13:00:00,SD Huesca,Celta Vigo,3,4,3.13618,0.655624,A
2020,2021-03-07 15:15:00,Atletico Madrid,Real Madrid,1,1,1.9832,1.88411,D
2020,2021-03-07 17:30:00,Real Sociedad,Levante,1,0,4.95179,0.186229,H
2020,2021-03-07 20:00:00,Athletic Club,Granada,2,1,1.28132,1.45524,H
2020,2021-03-08 20:00:00,Real Betis,Alaves,3,2,2.01921,0.798216,H
2020,2021-03-10 20:00:00,Atletico Madrid,Athletic Club,2,1,1.53875,0.701495,H
2020,2021-03-12 20:00:00,Levante,Valencia,1,0,0.853066,0.493596,H
2020,2021-03-13 13:00:00,Alaves,Cadiz,1,1,1.48992,1.74684,D
2020,2021-03-13 15:15:00,Real Madrid,Elche,2,1,1.72628,0.726991,H
2020,2021-03-13 17:30:00,Osasuna,Real Valladolid,0,0,0.467892,0.891,D
2020,2021-03-13 20:00:00,Getafe,Atletico Madrid,0,0,0.409679,1.81829,D
2020,2021-03-14 13:00:00,Celta Vigo,Athletic Club,0,0,1.18876,0.725139,D
2020,2021-03-14 15:15:00,Granada,Real Sociedad,1,0,0.331961,0.306083,H
2020,2021-03-14 17:30:00,Eibar,Villarreal,1,3,1.32358,2.84919,A
2020,2021-03-14 20:00:00,Sevilla,Real Betis,1,0,0.841992,0.662923,H
2020,2021-03-15 20:00:00,Barcelona,SD Huesca,4,1,1.52419,2.19819,H
2020,2021-03-17 20:00:00,Sevilla,Elche,2,0,1.95263,0.612799,H
2020,2021-03-19 20:00:00,Real Betis,Levante,2,0,2.46001,0.568605,H
2020,2021-03-20 13:00:00,Athletic Club,Eibar,1,1,1.72731,0.532399,D
2020,2021-03-20 15:15:00,Celta Vigo,Real Madrid,1,3,0.686996,2.79574,A
2020,2021-03-20 17:30:00,SD Huesca,Osasuna,0,0,0.89442,0.734886,D
2020,2021-03-20 20:00:00,Real Valladolid,Sevilla,1,1,0.809957,1.11252,D
2020,2021-03-21 13:00:00,Getafe,Elche,1,1,1.79357,1.38712,D
2020,2021-03-21 15:15:00,Villarreal,Cadiz,2,1,2.50648,0.90665,H
2020,2021-03-21 15:15:00,Valencia,Granada,2,1,1.4357,0.924202,H
2020,2021-03-21 17:30:00,Atletico Madrid,Alaves,1,0,0.64656,1.1132,H
2020,2021-03-21 20:00:00,Real Sociedad,Barcelona,1,6,0.917148,3.3338,A
2020,2021-04-02 19:00:00,Levante,SD Huesca,0,2,0.462819,0.857773,A
2020,2021-04-03 12:00:00,Granada,Villarreal,0,3,1.22939,3.49755,A
2020,2021-04-03 14:15:00,Real Madrid,Eibar,2,0,1.96177,0.299961,H
2020,2021-04-03 16:30:00,Osasuna,Getafe,0,0,0.198501,0.316201,D
2020,2021-04-04 12:00:00,Alaves,Celta Vigo,1,3,1.868,2.58943,A
2020,2021-04-04 14:15:00,Elche,Real Betis,1,1,0.797759,1.90364,D
2020,2021-04-04 16:30:00,Cadiz,Valencia,2,1,1.02818,0.858442,H
2020,2021-04-04 19:00:00,Sevilla,Atletico Madrid,1,0,1.89943,0.551951,H
2020,2021-04-05 19:00:00,Barcelona,Real Valladolid,1,0,1.68796,0.435921,H
2020,2021-04-07 19:00:00,Real Sociedad,Athletic Club,1,1,0.724498,0.990446,D
2020,2021-04-09 19:00:00,SD Huesca,Elche,3,1,1.09388,0.880685,H
2020,2021-04-10 12:00:00,Getafe,Cadiz,0,1,2.78378,0.640397,A
2020,2021-04-10 14:15:00,Athletic Club,Alaves,0,0,1.81094,0.448906,D
2020,2021-04-10 16:30:00,Eibar,Levante,0,1,0.360623,0.309936,A
2020,2021-04-10 19:00:00,Real Madrid,Barcelona,2,1,1.64993,1.15567,H
2020,2021-04-11 12:00:00,Villarreal,Osasuna,1,2,1.60338,1.29078,A
2020,2021-04-11 14:15:00,Valencia,Real Sociedad,2,2,2.34115,1.13047,D
2020,2021-04-11 16:30:00,Real Valladolid,Granada,1,2,1.19214,1.22464,A
2020,2021-04-11 19:00:00,Real Betis,Atletico Madrid,1,1,0.613966,1.34136,D
2020,2021-04-12 19:00:00,Celta Vigo,Sevilla,3,4,2.09186,1.59713,A
2020,2021-04-18 12:00:00,Osasuna,Elche,2,0,0.531975,0.699627,H
2020,2021-04-18 12:00:00,Real Sociedad,Sevilla,1,2,0.292775,3.65426,A
2020,2021-04-18 14:15:00,Atletico Madrid,Eibar,5,0,2.75029,0.0,H
2020,2021-04-18 14:15:00,Alaves,SD Huesca,1,0,0.316991,0.747867,H
2020,2021-04-18 16:30:00,Real Betis,Valencia,2,2,0.62725,1.61735,D
2020,2021-04-18 16:30:00,Cadiz,Celta Vigo,0,0,0.322965,0.436078,D
2020,2021-04-18 19:00:00,Levante,Villarreal,1,5,0.844482,1.87811,A
2020,2021-04-18 19:00:00,Getafe,Real Madrid,0,0,2.19426,0.618079,D
2020,2021-04-21 17:00:00,Levante,Sevilla,0,1,0.310335,2.05149,A
2020,2021-04-21 17:00:00,Osasuna,Valencia,3,1,3.63596,1.20337,H
2020,2021-04-21 18:00:00,Real Betis,Athletic Club,0,0,0.244787,0.845575,D
2020,2021-04-21 19:00:00,Alaves,Villarreal,2,1,1.40963,1.45071,H
2020,2021-04-21 19:00:00,Elche,Real Valladolid,1,1,1.33615,1.30359,D
2020,2021-04-21 20:00:00,Cadiz,Real Madrid,0,3,1.31917,3.52537,A
2020,2021-04-22 17:00:00,Atletico Madrid,SD Huesca,2,0,2.32831,1.40665,H
2020,2021-04-22 19:00:00,Granada,Eibar,4,1,1.76204,1.34566,H
2020,2021-04-22 19:00:00,Real Sociedad,Celta Vigo,2,1,2.19014,0.504303,H
2020,2021-04-22 20:00:00,Barcelona,Getafe,5,2,2.15458,1.39543,H
2020,2021-04-24 14:00:00,Elche,Levante,1,0,0.43368,0.236951,H
2020,2021-04-24 14:15:00,Real Valladolid,Cadiz,1,1,3.23903,1.55697,D
2020,2021-04-24 16:30:00,Valencia,Alaves,1,1,1.00912,0.893913,D
2020,2021-04-24 19:00:00,Real Madrid,Real Betis,0,0,0.985387,0.898058,D
2020,2021-04-25 12:00:00,SD Huesca,Getafe,0,2,0.472579,0.711933,A
2020,2021-04-25 14:15:00,Villarreal,Barcelona,1,2,0.964915,3.38056,A
2020,2021-04-25 16:30:00,Celta Vigo,Osasuna,2,1,0.601898,1.41709,H
2020,2021-04-25 16:30:00,Sevilla,Granada,2,1,1.27314,0.902764,H
2020,2021-04-25 19:00:00,Athletic Club,Atletico Madrid,2,1,1.42809,0.745334,H
2020,2021-04-26 19:00:00,Eibar,Real Sociedad,0,1,0.729653,0.706358,A
2020,2021-04-28 17:00:00,Athletic Club,Real Valladolid,2,2,1.73076,0.640604,D
2020,2021-04-29 17:00:00,Barcelona,Granada,1,2,1.43667,0.811246,A
2020,2021-04-30 19:00:00,Celta Vigo,Levante,2,0,2.3642,0.976661,H
2020,2021-05-01 12:00:00,Eibar,Alaves,3,0,1.64332,0.154274,H
2020,2021-05-01 14:15:00,Elche,Atletico Madrid,0,1,1.38118,1.01516,A
2020,2021-05-01 16:30:00,SD Huesca,Real Sociedad,1,0,0.446278,0.298366,H
2020,2021-05-01 19:00:00,Real Madrid,Osasuna,2,0,1.6256,0.0721582,H
2020,2021-05-02 12:00:00,Real Valladolid,Real Betis,1,1,0.76247,1.88115,D
2020,2021-05-02 14:15:00,Villarreal,Getafe,1,0,0.184151,0.487189,H
2020,2021-05-02 16:30:00,Granada,Cadiz,0,1,0.924434,1.60276,A
2020,2021-05-02 19:00:00,Valencia,Barcelona,2,3,1.41404,3.98456,A
2020,2021-05-03 19:00:00,Sevilla,Athletic Club,0,1,0.792995,0.6882,A
2020,2021-05-07 19:00:00,Real Sociedad,Elche,2,0,2.39443,0.0778732,H
2020,2021-05-08 12:00:00,Alaves,Levante,2,2,1.32991,0.987587,D
2020,2021-05-08 14:15:00,Barcelona,Atletico Madrid,0,0,0.853587,0.685355,D
2020,2021-05-08 16:30:00,Cadiz,SD Huesca,2,1,0.990604,0.43525,H
2020,2021-05-08 19:00:00,Athletic Club,Osasuna,2,2,1.39303,1.55726,D
2020,2021-05-09 12:00:00,Getafe,Eibar,0,1,0.767031,1.06817,A
2020,2021-05-09 14:15:00,Valencia,Real Valladolid,3,0,1.26443,0.754813,H
2020,2021-05-09 16:30:00,Villarreal,Celta Vigo,2,4,2.50872,1.98001,A
2020,2021-05-09 19:00:00,Real Madrid,Sevilla,2,2,0.99637,1.07261,D
2020,2021-05-10 19:00:00,Real Betis,Granada,2,1,1.84702,2.08496,H
2020,2021-05-11 17:00:00,Osasuna,Cadiz,3,2,2.14746,1.54692,H
2020,2021-05-11 18:00:00,Elche,Alaves,0,2,0.886211,1.66141,A
2020,2021-05-11 20:00:00,Levante,Barcelona,3,3,1.27727,3.0801,D
2020,2021-05-12 17:00:00,Sevilla,Valencia,1,0,0.865705,0.343195,H
2020,2021-05-12 18:00:00,Celta Vigo,Getafe,1,0,0.209945,1.14081,H
2020,2021-05-12 18:00:00,SD Huesca,Athletic Club,1,0,1.56368,0.401551,H
2020,2021-05-12 20:00:00,Atletico Madrid,Real Sociedad,2,1,1.7908,1.53283,H
2020,2021-05-13 17:00:00,Real Valladolid,Villarreal,0,2,1.38976,0.600771,A
2020,2021-05-13 18:00:00,Eibar,Real Betis,1,1,1.10754,0.605825,D
2020,2021-05-13 20:00:00,Granada,Real Madrid,1,4,1.69529,1.39286,A
2020,2021-05-16 16:30:00,Atletico Madrid,Osasuna,2,1,2.97525,0.673558,H
2020,2021-05-16 16:30:00,Real Betis,SD Huesca,1,0,1.17298,0.249221,H
2020,2021-05-16 16:30:00,Athletic Club,Real Madrid,0,1,0.705495,1.21866,A
2020,2021-05-16 16:30:00,Barcelona,Celta Vigo,1,2,2.10966,0.631271,A
2020,2021-05-16 16:30:00,Alaves,Granada,4,2,2.83763,0.841672,H
2020,2021-05-16 16:30:00,Real Sociedad,Real Valladolid,4,1,1.67996,1.04641,H
2020,2021-05-16 16:30:00,Cadiz,Elche,1,3,1.07259,2.83914,A
2020,2021-05-16 16:30:00,Valencia,Eibar,4,1,1.33301,2.68303,H
2020,2021-05-16 16:30:00,Villarreal,Sevilla,4,0,1.60717,2.51965,H
2020,2021-05-16 16:30:00,Getafe,Levante,2,1,0.769611,0.441218,H
2020,2021-05-21 15:00:00,Levante,Cadiz,2,2,1.51266,0.424135,D
2020,2021-05-22 16:00:00,Real Valladolid,Atletico Madrid,1,2,0.995635,1.2916,A
2020,2021-05-22 16:00:00,Osasuna,Real Sociedad,0,1,0.41494,2.08092,A
2020,2021-05-22 16:00:00,Real Madrid,Villarreal,2,1,0.804298,0.614418,H
2020,2021-05-22 16:00:00,Elche,Athletic Club,2,0,1.33082,0.303264,H
2020,2021-05-22 16:00:00,Eibar,Barcelona,0,1,1.44968,0.284589,A
2020,2021-05-22 16:00:00,Celta Vigo,Real Betis,2,3,1.21829,2.06863,A
2020,2021-05-22 16:00:00,SD Huesca,Valencia,0,0,0.974788,0.421299,D
2020,2021-05-23 16:30:00,Granada,Getafe,0,0,0.444987,0.46059,D
2020,2021-05-23 19:00:00,Sevilla,Alaves,1,0,0.35705,0.785012,H
2021,2021-08-13 19:00:00,Valencia,Getafe,1,0,1.57861,1.19326,H
2021,2021-08-14 17:30:00,Cadiz,Levante,1,1,0.993589,0.915954,D
2021,2021-08-14 17:30:00,Mallorca,Real Betis,1,1,0.569578,0.814085,D
2021,2021-08-14 20:00:00,Alaves,Real Madrid,1,4,1.41097,2.15551,A
2021,2021-08-14 20:00:00,Osasuna,Espanyol,0,0,0.579404,0.583698,D
2021,2021-08-15 15:30:00,Celta Vigo,Atletico Madrid,1,2,1.59399,1.805,A
2021,2021-08-15 18:00:00,Barcelona,Real Sociedad,4,2,3.46484,0.902312,H
2021,2021-08-15 20:15:00,Sevilla,Rayo Vallecano,3,0,3.67402,0.484078,H
2021,2021-08-16 18:00:00,Villarreal,Granada,0,0,1.21791,0.246735,D
2021,2021-08-16 20:00:00,Elche,Athletic Club,0,0,0.933565,0.634866,D
2021,2021-08-20 19:00:00,Real Betis,Cadiz,1,1,1.82337,1.4533,D
2021,2021-08-21 15:00:00,Alaves,Mallorca,0,1,0.920977,0.82407,A
2021,2021-08-21 17:30:00,Espanyol,Villarreal,0,0,1.68861,0.597171,D
2021,2021-08-21 17:30:00,Granada,Valencia,1,1,0.752693,1.50025,D
2021,2021-08-21 20:00:00,Athletic Club,Barcelona,1,1,1.43436,1.18383,D
2021,2021-08-22 15:00:00,Real Sociedad,Rayo Vallecano,1,0,2.26913,0.76322,H
2021,2021-08-22 17:30:00,Atletico Madrid,Elche,1,0,1.04508,0.168373,H
2021,2021-08-22 20:00:00,Levante,Real Madrid,3,3,1.63837,2.14125,D
2021,2021-08-23 18:00:00,Getafe,Sevilla,0,1,0.391853,0.813891,A
2021,2021-08-23 20:00:00,Osasuna,Celta Vigo,0,0,2.58218,0.084571,D
2021,2021-08-27 18:00:00,Mallorca,Espanyol,1,0,1.28733,0.296878,H
2021,2021-08-27 20:15:00,Valencia,Alaves,3,0,2.33998,0.360675,H
2021,2021-08-28 15:00:00,Celta Vigo,Athletic Club,0,1,0.934567,1.45227,A
2021,2021-08-28 17:30:00,Real Sociedad,Levante,1,0,0.855875,0.521015,H
2021,2021-08-28 17:30:00,Elche,Sevilla,1,1,0.855435,1.70035,D
2021,2021-08-28 20:00:00,Real Betis,Real Madrid,0,1,0.420687,0.94097,A
2021,2021-08-29 15:00:00,Barcelona,Getafe,2,1,1.05122,0.283315,H
2021,2021-08-29 17:30:00,Cadiz,Osasuna,2,3,1.36149,2.28418,A
2021,2021-08-29 17:30:00,Rayo Vallecano,Granada,4,0,2.19631,0.586302,H
2021,2021-08-29 20:00:00,Atletico Madrid,Villarreal,2,2,1.773,0.448731,D
2021,2021-09-11 16:30:00,Levante,Rayo Vallecano,1,1,1.10993,2.7683,D
2021,2021-09-11 19:00:00,Athletic Club,Mallorca,2,0,1.855,0.22503,H
2021,2021-09-12 12:00:00,Espanyol,Atletico Madrid,1,2,0.373891,0.732283,A
2021,2021-09-12 14:15:00,Osasuna,Valencia,1,4,0.457252,0.924929,A
2021,2021-09-12 16:30:00,Cadiz,Real Sociedad,0,2,0.607763,2.36611,A
2021,2021-09-12 19:00:00,Real Madrid,Celta Vigo,5,2,3.03734,1.99062,H
2021,2021-09-13 18:00:00,Getafe,Elche,0,1,0.3796,1.07401,A
2021,2021-09-13 20:00:00,Granada,Real Betis,1,2,0.780077,2.43767,A
2021,2021-09-17 19:00:00,Celta Vigo,Cadiz,1,2,0.993864,1.07407,A
2021,2021-09-18 12:00:00,Rayo Vallecano,Getafe,3,0,1.98661,1.15428,H
2021,2021-09-18 14:15:00,Atletico Madrid,Athletic Club,0,0,1.10053,1.10578,D
2021,2021-09-18 16:30:00,Elche,Levante,1,1,0.536512,1.12463,D
2021,2021-09-18 19:00:00,Alaves,Osasuna,0,2,0.251601,1.32313,A
2021,2021-09-19 12:00:00,Mallorca,Villarreal,0,0,0.529054,1.63437,D
2021,2021-09-19 14:15:00,Real Sociedad,Sevilla,0,0,1.17723,0.7654,D
2021,2021-09-19 16:30:00,Real Betis,Espanyol,2,2,2.36891,1.21693,D
2021,2021-09-19 19:00:00,Valencia,Real Madrid,1,2,0.647432,1.36343,A
2021,2021-09-20 19:00:00,Barcelona,Granada,1,1,1.88236,0.612728,D
2021,2021-09-21 17:30:00,Getafe,Atletico Madrid,1,2,0.330581,1.47906,A
2021,2021-09-21 20:00:00,Athletic Club,Rayo Vallecano,1,2,0.956027,1.04121,A
2021,2021-09-21 20:00:00,Levante,Celta Vigo,0,2,1.40702,0.739683,A
2021,2021-09-22 17:30:00,Sevilla,Valencia,3,1,1.20708,0.442431,H
2021,2021-09-22 17:30:00,Espanyol,Alaves,1,0,1.61796,0.424815,H
2021,2021-09-22 20:00:00,Villarreal,Elche,4,1,2.77855,1.09551,H
2021,2021-09-22 20:00:00,Real Madrid,Mallorca,6,1,2.3746,1.19165,H
2021,2021-09-23 17:30:00,Granada,Real Sociedad,2,3,1.25019,1.58153,A
2021,2021-09-23 17:30:00,Osasuna,Real Betis,1,3,0.820269,2.20306,A
2021,2021-09-23 20:00:00,Cadiz,Barcelona,0,0,1.40061,0.361756,D
2021,2021-09-25 12:00:00,Alaves,Atletico Madrid,1,0,1.19699,0.558059,H
2021,2021-09-25 14:15:00,Valencia,Athletic Club,1,1,1.08633,0.830524,D
2021,2021-09-25 16:30:00,Sevilla,Espanyol,2,0,1.57528,0.478568,H
2021,2021-09-25 19:00:00,Real Madrid,Villarreal,0,0,1.53636,0.666401,D
2021,2021-09-26 12:00:00,Mallorca,Osasuna,2,3,2.74158,1.63553,A
2021,2021-09-26 14:15:00,Barcelona,Levante,3,0,3.11328,0.712689,H
2021,2021-09-26 16:30:00,Real Sociedad,Elche,1,0,2.11835,0.573483,H
2021,2021-09-26 16:30:00,Rayo Vallecano,Cadiz,3,1,1.89007,1.09997,H
2021,2021-09-26 19:00:00,Real Betis,Getafe,2,0,2.4642,0.590585,H
2021,2021-09-27 19:00:00,Celta Vigo,Granada,1,0,1.26658,0.541862,H
2021,2021-10-01 19:00:00,Athletic Club,Alaves,1,0,2.49402,0.808018,H
2021,2021-10-02 12:00:00,Osasuna,Rayo Vallecano,1,0,0.657174,0.148539,H
2021,2021-10-02 14:15:00,Mallorca,Levante,1,0,0.442135,1.43388,H
2021,2021-10-02 16:30:00,Cadiz,Valencia,0,0,0.156791,1.43757,D
2021,2021-10-02 19:00:00,Atletico Madrid,Barcelona,2,0,1.37412,0.74746,H
2021,2021-10-03 12:00:00,Elche,Celta Vigo,1,0,1.39817,0.713553,H
2021,2021-10-03 14:15:00,Espanyol,Real Madrid,2,1,1.29119,1.62384,H
2021,2021-10-03 16:30:00,Getafe,Real Sociedad,1,1,0.523662,0.799948,D
2021,2021-10-03 16:30:00,Villarreal,Real Betis,2,0,2.58641,0.527081,H
2021,2021-10-03 19:00:00,Granada,Sevilla,1,0,0.0843984,1.4028,H
2021,2021-10-16 16:30:00,Levante,Getafe,0,0,0.83295,0.557421,D
2021,2021-10-16 19:00:00,Real Sociedad,Mallorca,1,0,0.404506,0.35977,H
2021,2021-10-17 12:00:00,Rayo Vallecano,Elche,2,1,1.10651,0.326072,H
2021,2021-10-17 14:15:00,Celta Vigo,Sevilla,0,1,0.888941,0.828384,A
2021,2021-10-17 16:30:00,Villarreal,Osasuna,1,2,0.713142,0.957297,A
2021,2021-10-17 19:00:00,Barcelona,Valencia,3,1,2.37862,0.378333,H
2021,2021-10-18 17:00:00,Alaves,Real Betis,0,1,1.35769,1.47785,A
2021,2021-10-18 19:00:00,Espanyol,Cadiz,2,0,1.73503,0.603648,H
2021,2021-10-22 19:00:00,Osasuna,Granada,1,1,1.24456,0.434896,D
2021,2021-10-23 12:00:00,Valencia,Mallorca,2,2,1.47094,0.807566,D
2021,2021-10-23 14:15:00,Cadiz,Alaves,0,2,2.00294,1.86733,A
2021,2021-10-23 16:30:00,Elche,Espanyol,2,2,0.998945,1.05435,D
2021,2021-10-23 19:00:00,Athletic Club,Villarreal,2,1,2.64328,0.605636,H
2021,2021-10-24 12:00:00,Sevilla,Levante,5,3,1.82952,1.28779,H
2021,2021-10-24 14:15:00,Barcelona,Real Madrid,1,2,1.58789,1.5463,A
2021,2021-10-24 16:30:00,Real Betis,Rayo Vallecano,3,2,1.43375,1.16768,H
2021,2021-10-24 19:00:00,Atletico Madrid,Real Sociedad,2,2,1.75286,0.834092,D
2021,2021-10-25 19:00:00,Getafe,Celta Vigo,0,3,0.461119,2.48108,A
2021,2021-10-26 17:00:00,Alaves,Elche,1,0,1.81349,0.281657,H
2021,2021-10-26 19:00:00,Espanyol,Athletic Club,1,1,1.23306,3.68446,D
2021,2021-10-26 19:30:00,Villarreal,Cadiz,3,3,1.95102,1.53615,D
2021,2021-10-27 17:00:00,Rayo Vallecano,Barcelona,1,0,0.786282,2.85731,H
2021,2021-10-27 17:00:00,Mallorca,Sevilla,1,1,2.27366,1.42068,D
2021,2021-10-27 18:00:00,Real Betis,Valencia,4,1,2.58067,2.17844,H
2021,2021-10-27 19:30:00,Real Madrid,Osasuna,0,0,0.655438,0.71046,D
2021,2021-10-28 17:00:00,Celta Vigo,Real Sociedad,0,2,0.995591,1.42714,A
2021,2021-10-28 18:00:00,Granada,Getafe,1,1,2.26351,0.581107,D
2021,2021-10-28 19:30:00,Levante,Atletico Madrid,2,2,2.12426,1.33383,D
2021,2021-10-30 12:00:00,Elche,Real Madrid,1,2,1.15068,1.60735,A
2021,2021-10-30 14:15:00,Sevilla,Osasuna,2,0,2.43378,0.790454,H
2021,2021-10-30 16:30:00,Valencia,Villarreal,2,0,1.66395,0.804209,H
2021,2021-10-30 19:00:00,Barcelona,Alaves,1,1,1.56007,0.599628,D
2021,2021-10-31 13:00:00,Cadiz,Mallorca,1,1,1.80233,1.03662,D
2021,2021-10-31 15:15:00,Atletico Madrid,Real Betis,3,0,2.5506,0.521096,H
2021,2021-10-31 17:30:00,Getafe,Espanyol,2,1,0.951784,0.619895,H
2021,2021-10-31 20:00:00,Real Sociedad,Athletic Club,1,1,1.05807,1.01149,D
2021,2021-11-01 17:30:00,Rayo Vallecano,Celta Vigo,0,0,0.467972,0.43779,D
2021,2021-11-01 20:00:00,Levante,Granada,0,3,1.33088,1.46089,A
2021,2021-11-05 20:00:00,Athletic Club,Cadiz,0,1,0.584754,0.491777,A
2021,2021-11-06 13:00:00,Espanyol,Granada,2,0,1.76367,2.06874,H
2021,2021-11-06 15:15:00,Celta Vigo,Barcelona,3,3,1.77068,1.13925,D
2021,2021-11-06 17:30:00,Alaves,Levante,2,1,1.53471,0.802633,H
2021,2021-11-06 20:00:00,Real Madrid,Rayo Vallecano,2,1,2.72626,1.78044,H
2021,2021-11-07 13:00:00,Villarreal,Getafe,1,0,1.49263,0.153162,H
2021,2021-11-07 15:15:00,Valencia,Atletico Madrid,3,3,1.57167,2.63804,D
2021,2021-11-07 17:30:00,Mallorca,Elche,2,2,2.04894,0.679919,D
2021,2021-11-07 17:30:00,Osasuna,Real Sociedad,0,2,0.495749,1.43263,A
2021,2021-11-07 20:00:00,Real Betis,Sevilla,0,2,0.389163,1.42156,A
2021,2021-11-19 20:00:00,Levante,Athletic Club,0,0,0.630763,0.452179,D
2021,2021-11-20 13:00:00,Celta Vigo,Villarreal,1,1,0.90981,2.71931,D
2021,2021-11-20 15:15:00,Sevilla,Alaves,2,2,1.37509,1.47367,D
2021,2021-11-20 17:30:00,Atletico Madrid,Osasuna,1,0,1.61044,0.378974,H
2021,2021-11-20 20:00:00,Barcelona,Espanyol,1,0,1.51262,1.41291,H
2021,2021-11-21 13:00:00,Getafe,Cadiz,4,0,1.54295,0.370193,H
2021,2021-11-21 15:15:00,Granada,Real Madrid,1,4,0.56422,3.77854,A
2021,2021-11-21 17:30:00,Elche,Real Betis,0,3,0.824849,1.60069,A
2021,2021-11-21 20:00:00,Real Sociedad,Valencia,0,0,0.405372,0.584859,D
2021,2021-11-22 20:00:00,Rayo Vallecano,Mallorca,3,1,1.94957,0.827606,H
2021,2021-11-26 20:00:00,Athletic Club,Granada,2,2,1.33935,0.977596,D
2021,2021-11-27 13:00:00,Alaves,Celta Vigo,1,2,0.677245,1.54308,A
2021,2021-11-27 15:15:00,Valencia,Rayo Vallecano,1,1,1.58132,2.02852,D
2021,2021-11-27 17:30:00,Mallorca,Getafe,0,0,0.472696,0.739333,D
2021,2021-11-27 20:00:00,Villarreal,Barcelona,1,3,1.55977,3.37249,A
2021,2021-11-28 13:00:00,Real Betis,Levante,3,1,2.3097,0.645945,H
2021,2021-11-28 15:15:00,Espanyol,Real Sociedad,1,0,0.378098,1.32638,H
2021,2021-11-28 17:30:00,Cadiz,Atletico Madrid,1,4,0.766477,3.32569,A
2021,2021-11-28 20:00:00,Real Madrid,Sevilla,2,1,1.2476,1.30167,H
2021,2021-11-29 20:00:00,Osasuna,Elche,1,1,2.13729,1.05682,D
2021,2021-12-01 20:00:00,Real Madrid,Athletic Club,1,0,1.60531,2.70199,H
2021,2021-12-03 20:00:00,Granada,Alaves,2,1,1.08266,1.38466,H
2021,2021-12-04 13:00:00,Sevilla,Villarreal,1,0,0.46965,1.90918,H
2021,2021-12-04 15:15:00,Barcelona,Real Betis,0,1,1.20871,0.642697,A
2021,2021-12-04 17:30:00,Atletico Madrid,Mallorca,1,2,2.07045,0.775913,A
2021,2021-12-04 20:00:00,Real Sociedad,Real Madrid,0,2,0.585154,2.19245,A
2021,2021-12-05 13:00:00,Rayo Vallecano,Espanyol,1,0,0.649198,0.474816,H
2021,2021-12-05 15:15:00,Elche,Cadiz,3,1,2.33084,1.50592,H
2021,2021-12-05 17:30:00,Levante,Osasuna,0,0,0.510046,0.250564,D
2021,2021-12-05 20:00:00,Celta Vigo,Valencia,1,2,0.645079,1.01149,A
2021,2021-12-06 20:00:00,Getafe,Athletic Club,0,0,1.35736,0.466017,D
2021,2021-12-10 20:00:00,Mallorca,Celta Vigo,0,0,0.898098,1.33476,D
2021,2021-12-11 13:00:00,Espanyol,Levante,4,3,2.1352,3.38759,H
2021,2021-12-11 15:15:00,Alaves,Getafe,1,1,0.989074,1.04682,D
2021,2021-12-11 17:30:00,Valencia,Elche,2,1,1.67544,1.12996,H
2021,2021-12-11 20:00:00,Athletic Club,Sevilla,0,1,2.35659,0.214536,A
2021,2021-12-12 13:00:00,Villarreal,Rayo Vallecano,2,0,2.10964,1.41255,H
2021,2021-12-12 15:15:00,Osasuna,Barcelona,2,2,0.367626,1.3894,D
2021,2021-12-12 17:30:00,Real Betis,Real Sociedad,4,0,1.21698,1.06737,H
2021,2021-12-12 20:00:00,Real Madrid,Atletico Madrid,2,0,0.587828,0.769681,H
2021,2021-12-13 20:00:00,Cadiz,Granada,1,1,0.6189,1.12436,D
2021,2021-12-17 20:00:00,Celta Vigo,Espanyol,3,1,1.6562,0.377711,H
2021,2021-12-18 13:00:00,Rayo Vallecano,Alaves,2,0,1.87281,0.198501,H
2021,2021-12-18 15:15:00,Real Sociedad,Villarreal,1,3,1.34561,3.02243,A
2021,2021-12-18 17:30:00,Barcelona,Elche,3,2,2.96397,1.26552,H
2021,2021-12-18 20:00:00,Sevilla,Atletico Madrid,2,1,0.373147,1.24499,H
2021,2021-12-19 13:00:00,Granada,Mallorca,4,1,2.71538,1.08613,H
2021,2021-12-19 15:15:00,Athletic Club,Real Betis,3,2,1.1909,2.01927,H
2021,2021-12-19 17:30:00,Getafe,Osasuna,1,0,1.09096,0.712207,H
2021,2021-12-19 20:00:00,Real Madrid,Cadiz,0,0,2.79615,0.242189,D
2021,2021-12-20 20:00:00,Levante,Valencia,3,4,2.73541,2.10622,A
2021,2021-12-21 20:00:00,Villarreal,Alaves,5,2,3.87986,0.310052,H
2021,2021-12-21 22:30:00,Sevilla,Barcelona,1,1,0.299426,1.90576,D
2021,2021-12-22 20:00:00,Granada,Atletico Madrid,2,1,0.911053,1.77937,H
2021,2021-12-22 20:30:00,Athletic Club,Real Madrid,1,2,1.0933,1.58518,A
2021,2021-12-31 15:15:00,Valencia,Espanyol,1,2,0.864078,2.14833,A
2021,2022-01-02 13:00:00,Getafe,Real Madrid,1,0,0.900039,0.913167,H
2021,2022-01-02 15:15:00,Elche,Granada,0,0,1.44824,0.965958,D
2021,2022-01-02 15:15:00,Atletico Madrid,Rayo Vallecano,2,0,1.98103,0.104074,H
2021,2022-01-02 17:30:00,Real Betis,Celta Vigo,0,2,0.889436,1.872,A
2021,2022-01-02 17:30:00,Alaves,Real Sociedad,1,1,1.5407,1.38111,D
2021,2022-01-02 20:00:00,Mallorca,Barcelona,0,1,0.988536,1.61795,A
2021,2022-01-03 18:00:00,Villarreal,Levante,5,0,4.19047,0.423407,H
2021,2022-01-03 20:00:00,Osasuna,Athletic Club,1,3,0.521945,2.48538,A
2021,2022-01-03 20:15:00,Cadiz,Sevilla,0,1,0.238594,1.28387,A
2021,2022-01-08 13:00:00,Levante,Mallorca,2,0,1.32485,1.16534,H
2021,2022-01-08 15:15:00,Real Sociedad,Celta Vigo,1,0,2.32107,0.313993,H
2021,2022-01-08 17:30:00,Granada,Barcelona,1,1,0.747757,0.967234,D
2021,2022-01-08 20:00:00,Real Madrid,Valencia,4,1,4.1129,1.12054,H
2021,2022-01-09 13:00:00,Rayo Vallecano,Real Betis,1,1,1.47922,1.26688,D
2021,2022-01-09 15:15:00,Sevilla,Getafe,1,0,0.592329,0.114607,H
2021,2022-01-09 17:30:00,Osasuna,Cadiz,2,0,3.13396,0.210192,H
2021,2022-01-09 17:30:00,Alaves,Athletic Club,0,0,0.585505,0.463719,D
2021,2022-01-09 20:00:00,Villarreal,Atletico Madrid,2,2,2.56125,0.882404,D
2021,2022-01-10 20:00:00,Espanyol,Elche,1,2,1.30222,0.662335,A
2021,2022-01-16 18:00:00,Elche,Villarreal,1,0,0.204155,0.755426,H
2021,2022-01-18 18:00:00,Cadiz,Espanyol,2,2,0.801983,1.91578,D
2021,2022-01-18 20:00:00,Real Betis,Alaves,4,0,2.10165,0.260065,H
2021,2022-01-19 18:00:00,Celta Vigo,Osasuna,2,0,1.52433,0.46556,H
2021,2022-01-19 20:30:00,Valencia,Sevilla,1,1,0.573449,1.17995,D
2021,2022-01-20 18:00:00,Getafe,Granada,4,2,1.18065,0.856476,H
2021,2022-01-21 20:00:00,Espanyol,Real Betis,1,4,1.57092,2.85687,A
2021,2022-01-22 13:00:00,Levante,Cadiz,0,2,1.08487,0.911469,A
2021,2022-01-22 15:15:00,Villarreal,Mallorca,3,0,2.19824,1.59983,H
2021,2022-01-22 17:30:00,Sevilla,Celta Vigo,2,2,0.885077,0.469693,D
2021,2022-01-22 20:00:00,Atletico Madrid,Valencia,3,2,2.25966,0.726623,H
2021,2022-01-23 13:00:00,Granada,Osasuna,0,2,0.582823,2.17061,A
2021,2022-01-23 15:15:00,Real Madrid,Elche,2,2,3.82847,0.725434,D
2021,2022-01-23 17:30:00,Real Sociedad,Getafe,0,0,1.21342,0.350506,D
2021,2022-01-23 17:30:00,Rayo Vallecano,Athletic Club,0,1,1.45337,0.412898,A
2021,2022-01-23 20:00:00,Alaves,Barcelona,0,1,0.733223,1.14948,A
2021,2022-02-04 20:00:00,Getafe,Levante,3,0,1.1718,0.556029,H
2021,2022-02-05 13:00:00,Elche,Alaves,3,1,1.77379,1.12234,H
2021,2022-02-05 15:15:00,Mallorca,Cadiz,2,1,2.23498,0.887418,H
2021,2022-02-05 17:30:00,Celta Vigo,Rayo Vallecano,2,0,0.65442,0.678815,H
2021,2022-02-05 20:00:00,Osasuna,Sevilla,0,0,0.397154,1.34983,D
2021,2022-02-06 13:00:00,Valencia,Real Sociedad,0,0,1.19065,0.539612,D
2021,2022-02-06 15:15:00,Barcelona,Atletico Madrid,4,2,0.926663,1.61465,H
2021,2022-02-06 17:30:00,Real Betis,Villarreal,0,2,0.737524,1.34131,A
2021,2022-02-06 20:00:00,Real Madrid,Granada,1,0,1.47173,0.39522,H
2021,2022-02-07 20:00:00,Athletic Club,Espanyol,2,1,1.07545,0.580028,H
2021,2022-02-11 20:00:00,Sevilla,Elche,2,0,0.767939,0.28732,H
2021,2022-02-12 13:00:00,Cadiz,Celta Vigo,0,0,0.880656,0.900788,D
2021,2022-02-12 15:15:00,Villarreal,Real Madrid,0,0,0.460031,2.11101,D
2021,2022-02-12 17:30:00,Rayo Vallecano,Osasuna,0,3,0.590034,2.12321,A
2021,2022-02-12 20:00:00,Atletico Madrid,Getafe,4,3,3.20819,2.2661,H
2021,2022-02-13 13:00:00,Alaves,Valencia,2,1,2.03492,1.18082,H
2021,2022-02-13 15:15:00,Levante,Real Betis,2,4,1.66764,2.09703,A
2021,2022-02-13 17:30:00,Real Sociedad,Granada,2,0,3.43761,0.773811,H
2021,2022-02-13 20:00:00,Espanyol,Barcelona,2,2,0.624266,1.62221,D
2021,2022-02-14 20:00:00,Mallorca,Athletic Club,3,2,1.81722,1.54391,H
2021,2022-02-16 18:00:00,Atletico Madrid,Levante,0,1,1.10602,0.813252,A
2021,2022-02-18 20:00:00,Elche,Rayo Vallecano,2,1,2.95715,0.832156,H
2021,2022-02-19 13:00:00,Granada,Villarreal,1,4,2.12749,5.34192,A
2021,2022-02-19 15:15:00,Osasuna,Atletico Madrid,0,3,0.689493,0.928671,A
2021,2022-02-19 17:30:00,Cadiz,Getafe,1,1,0.653762,0.885378,D
2021,2022-02-19 20:00:00,Real Madrid,Alaves,3,0,3.02281,0.63724,H
2021,2022-02-20 13:00:00,Espanyol,Sevilla,1,1,1.60205,0.958453,D
2021,2022-02-20 15:15:00,Valencia,Barcelona,1,4,0.774868,2.4686,A
2021,2022-02-20 17:30:00,Real Betis,Mallorca,2,1,1.47285,0.33988,H
2021,2022-02-20 20:00:00,Athletic Club,Real Sociedad,4,0,3.08821,0.528403,H
2021,2022-02-21 20:00:00,Celta Vigo,Levante,1,1,1.40465,1.54675,D
2021,2022-02-25 20:00:00,Levante,Elche,3,0,2.13075,1.0394,H
2021,2022-02-26 13:00:00,Mallorca,Valencia,0,1,1.38849,0.71964,A
2021,2022-02-26 15:15:00,Getafe,Alaves,2,2,1.2384,1.33865,D
2021,2022-02-26 17:30:00,Rayo Vallecano,Real Madrid,0,1,1.19813,1.92697,A
2021,2022-02-26 20:00:00,Atletico Madrid,Celta Vigo,2,0,0.771653,0.724951,H
2021,2022-02-27 13:00:00,Villarreal,Espanyol,5,1,4.80545,0.641431,H
2021,2022-02-27 15:15:00,Sevilla,Real Betis,2,1,1.73411,0.745673,H
2021,2022-02-27 17:30:00,Real Sociedad,Osasuna,1,0,1.52268,0.410683,H
2021,2022-02-27 20:00:00,Barcelona,Athletic Club,4,0,3.24274,0.332521,H
2021,2022-02-28 20:00:00,Granada,Cadiz,0,0,0.240876,0.902122,D
2021,2022-03-02 20:00:00,Mallorca,Real Sociedad,0,2,0.455768,1.44904,A
2021,2022-03-04 20:00:00,Alaves,Sevilla,0,0,2.03396,1.07969,D
2021,2022-03-05 13:00:00,Osasuna,Villarreal,1,0,1.52659,0.522906,H
2021,2022-03-05 15:15:00,Espanyol,Getafe,2,0,0.12167,0.477665,H
2021,2022-03-05 17:30:00,Valencia,Granada,3,1,1.83454,0.209802,H
2021,2022-03-05 20:00:00,Real Madrid,Real Sociedad,4,1,2.08769,0.743278,H
2021,2022-03-06 13:00:00,Cadiz,Rayo Vallecano,2,0,1.1663,0.908358,H
2021,2022-03-06 15:15:00,Elche,Barcelona,1,2,0.850008,4.0864,A
2021,2022-03-06 17:30:00,Celta Vigo,Mallorca,4,3,2.80024,1.59076,H
2021,2022-03-06 20:00:00,Real Betis,Atletico Madrid,1,3,1.31499,2.6744,A
2021,2022-03-07 20:00:00,Athletic Club,Levante,3,1,3.4866,0.552215,H
2021,2022-03-11 20:00:00,Atletico Madrid,Cadiz,2,1,0.659742,0.817457,H
2021,2022-03-12 13:00:00,Levante,Espanyol,1,1,1.25649,0.47916,D
2021,2022-03-12 15:15:00,Granada,Elche,0,1,1.34208,1.32937,A
2021,2022-03-12 17:30:00,Villarreal,Celta Vigo,1,0,1.16993,0.933297,H
2021,2022-03-12 20:00:00,Getafe,Valencia,0,0,1.20664,0.250843,D
2021,2022-03-13 13:00:00,Rayo Vallecano,Sevilla,1,1,0.626895,0.412843,D
2021,2022-03-13 15:15:00,Real Betis,Athletic Club,1,0,0.846393,0.707634,H
2021,2022-03-13 17:30:00,Real Sociedad,Alaves,1,0,3.04773,0.666399,H
2021,2022-03-13 20:00:00,Barcelona,Osasuna,4,0,3.90343,0.110884,H
2021,2022-03-14 20:00:00,Mallorca,Real Madrid,0,3,1.17685,1.81712,A
2021,2022-03-18 20:00:00,Athletic Club,Getafe,1,1,2.64347,0.562831,D
2021,2022-03-19 13:00:00,Alaves,Granada,2,3,2.13094,2.19056,A
2021,2022-03-19 15:15:00,Elche,Valencia,0,1,0.509372,0.979663,A
2021,2022-03-19 17:30:00,Osasuna,Levante,3,1,2.67397,1.21866,H
2021,2022-03-19 20:00:00,Rayo Vallecano,Atletico Madrid,0,1,1.88474,1.1919,A
2021,2022-03-20 13:00:00,Espanyol,Mallorca,1,0,1.54033,0.306153,H
2021,2022-03-20 15:15:00,Celta Vigo,Real Betis,0,0,1.26157,0.444295,D
2021,2022-03-20 15:15:00,Cadiz,Villarreal,1,0,1.4273,0.192945,H
2021,2022-03-20 17:30:00,Sevilla,Real Sociedad,0,0,0.355365,1.22058,D
2021,2022-03-20 20:00:00,Real Madrid,Barcelona,0,4,0.627785,4.25983,A
2021,2022-04-02 12:00:00,Getafe,Mallorca,1,0,1.69452,0.308149,H
2021,2022-04-02 14:15:00,Levante,Villarreal,2,0,1.71737,1.10171,H
2021,2022-04-02 16:30:00,Celta Vigo,Real Madrid,1,2,1.07389,2.94585,A
2021,2022-04-02 19:00:00,Atletico Madrid,Alaves,4,1,2.86429,0.518108,H
2021,2022-04-03 12:00:00,Athletic Club,Elche,2,1,2.08095,0.45189,H
2021,2022-04-03 14:15:00,Real Betis,Osasuna,4,1,4.85779,0.310951,H
2021,2022-04-03 16:30:00,Granada,Rayo Vallecano,2,2,2.26365,1.04645,D
2021,2022-04-03 16:30:00,Valencia,Cadiz,0,0,0.107859,0.196233,D
2021,2022-04-03 19:00:00,Barcelona,Sevilla,1,0,1.93362,0.488161,H
2021,2022-04-04 19:00:00,Real Sociedad,Espanyol,1,0,1.95778,0.714821,H
2021,2022-04-08 19:00:00,Sevilla,Granada,4,2,3.30823,0.981555,H
2021,2022-04-09 12:00:00,Cadiz,Real Betis,1,2,1.15546,1.22849,A
2021,2022-04-09 14:15:00,Mallorca,Atletico Madrid,1,0,1.08047,0.575266,H
2021,2022-04-09 16:30:00,Villarreal,Athletic Club,1,1,0.919935,2.04982,D
2021,2022-04-09 19:00:00,Real Madrid,Getafe,2,0,1.62196,0.407933,H
2021,2022-04-10 12:00:00,Osasuna,Alaves,1,0,2.67295,0.779772,H
2021,2022-04-10 14:15:00,Espanyol,Celta Vigo,1,0,1.55824,0.6961,H
2021,2022-04-10 16:30:00,Elche,Real Sociedad,1,2,1.0483,2.08213,A
2021,2022-04-10 19:00:00,Levante,Barcelona,2,3,2.98698,1.36074,A
2021,2022-04-11 19:00:00,Rayo Vallecano,Valencia,1,1,0.556213,0.56958,D
2021,2022-04-15 19:00:00,Real Sociedad,Real Betis,0,0,0.86796,0.377534,D
2021,2022-04-16 12:00:00,Elche,Mallorca,3,0,1.49995,1.06428,H
2021,2022-04-16 14:15:00,Alaves,Rayo Vallecano,1,0,0.531373,1.22034,H
2021,2022-04-16 16:30:00,Valencia,Osasuna,1,2,1.20904,1.06317,A
2021,2022-04-16 19:00:00,Getafe,Villarreal,1,2,0.939154,2.82388,A
2021,2022-04-17 12:00:00,Granada,Levante,1,4,1.15642,4.45893,A
2021,2022-04-17 14:15:00,Atletico Madrid,Espanyol,2,1,1.58913,0.814562,H
2021,2022-04-17 16:30:00,Athletic Club,Celta Vigo,0,2,0.910556,0.882589,A
2021,2022-04-17 19:00:00,Sevilla,Real Madrid,2,3,1.17236,1.53527,A
2021,2022-04-18 19:00:00,Barcelona,Cadiz,0,1,1.35403,1.92768,A
2021,2022-04-19 17:00:00,Mallorca,Alaves,2,1,0.91373,0.561806,H
2021,2022-04-19 19:00:00,Real Betis,Elche,0,1,1.34387,0.834721,A
2021,2022-04-19 19:30:00,Villarreal,Valencia,2,0,2.79507,0.313345,H
2021,2022-04-20 17:00:00,Atletico Madrid,Granada,0,0,1.14761,0.150986,D
2021,2022-04-20 18:00:00,Celta Vigo,Getafe,0,2,0.326278,1.45896,A
2021,2022-04-20 19:30:00,Osasuna,Real Madrid,1,3,0.872915,4.60461,A
2021,2022-04-21 17:00:00,Espanyol,Rayo Vallecano,0,1,0.454741,1.01579,A
2021,2022-04-21 17:00:00,Levante,Sevilla,2,3,2.62106,2.46009,A
2021,2022-04-21 18:00:00,Cadiz,Athletic Club,2,3,3.42624,2.33226,A
2021,2022-04-21 19:30:00,Real Sociedad,Barcelona,0,1,1.0324,1.96498,A
2021,2022-04-24 19:00:00,Barcelona,Rayo Vallecano,0,1,1.10806,0.247749,A
2021,2022-04-29 19:00:00,Sevilla,Cadiz,1,1,0.873458,0.899478,D
2021,2022-04-30 12:00:00,Alaves,Villarreal,2,1,1.85307,1.14043,H
2021,2022-04-30 14:15:00,Real Madrid,Espanyol,4,0,2.31704,1.64156,H
2021,2022-04-30 16:30:00,Valencia,Levante,1,1,0.737326,1.70278,D
2021,2022-04-30 19:00:00,Athletic Club,Atletico Madrid,2,0,1.24712,0.503211,H
2021,2022-05-01 12:00:00,Elche,Osasuna,1,1,0.80936,1.11898,D
2021,2022-05-01 14:15:00,Granada,Celta Vigo,1,1,0.999398,1.30137,D
2021,2022-05-01 16:30:00,Rayo Vallecano,Real Sociedad,1,1,1.19946,0.87498,D
2021,2022-05-01 19:00:00,Barcelona,Mallorca,2,1,1.64114,1.23981,H
2021,2022-05-02 19:00:00,Getafe,Real Betis,0,0,0.851757,0.470229,D
2021,2022-05-06 19:00:00,Levante,Real Sociedad,2,1,2.22217,2.30649,H
2021,2022-05-07 12:00:00,Mallorca,Granada,2,6,1.77941,2.64631,A
2021,2022-05-07 14:15:00,Athletic Club,Valencia,0,0,1.54495,0.127375,D
2021,2022-05-07 16:30:00,Cadiz,Elche,3,0,2.02383,0.0634173,H
2021,2022-05-07 16:30:00,Celta Vigo,Alaves,4,0,2.99933,0.136283,H
2021,2022-05-07 19:00:00,Real Betis,Barcelona,1,2,0.627814,1.19659,A
2021,2022-05-08 12:00:00,Getafe,Rayo Vallecano,0,0,0.629264,0.816549,D
2021,2022-05-08 14:15:00,Villarreal,Sevilla,1,1,2.70051,0.986887,D
2021,2022-05-08 16:30:00,Espanyol,Osasuna,1,1,0.56923,1.11008,D
2021,2022-05-08 19:00:00,Atletico Madrid,Real Madrid,1,0,2.45366,1.13607,H
2021,2022-05-10 17:00:00,Valencia,Real Betis,0,3,1.11931,1.83636,A
2021,2022-05-10 18:00:00,Granada,Athletic Club,1,0,1.01967,0.35575,H
2021,2022-05-10 19:30:00,Barcelona,Celta Vigo,3,1,1.23358,0.851127,H
2021,2022-05-11 17:00:00,Alaves,Espanyol,2,1,2.4573,0.902191,H
2021,2022-05-11 17:00:00,Osasuna,Getafe,1,1,0.608205,0.582724,D
2021,2022-05-11 18:30:00,Sevilla,Mallorca,0,0,1.65199,0.553368,D
2021,2022-05-11 19:30:00,Elche,Atletico Madrid,0,2,0.169168,2.61258,A
2021,2022-05-12 17:00:00,Real Sociedad,Cadiz,3,0,2.65814,0.675387,H
2021,2022-05-12 18:00:00,Rayo Vallecano,Villarreal,1,5,1.8933,2.9178,A
2021,2022-05-12 19:30:00,Real Madrid,Levante,6,0,4.89552,0.695945,H
2021,2022-05-15 17:30:00,Mallorca,Rayo Vallecano,2,1,0.945419,2.04546,H
2021,2022-05-15 17:30:00,Athletic Club,Osasuna,2,0,1.47829,0.764272,H
2021,2022-05-15 17:30:00,Atletico Madrid,Sevilla,1,1,0.892826,0.794179,D
2021,2022-05-15 17:30:00,Real Betis,Granada,2,0,1.70154,1.15584,H
2021,2022-05-15 17:30:00,Celta Vigo,Elche,1,0,1.5573,0.445721,H
2021,2022-05-15 17:30:00,Cadiz,Real Madrid,1,1,2.66633,1.92483,D
2021,2022-05-15 17:30:00,Espanyol,Valencia,1,1,0.59873,2.2262,D
2021,2022-05-15 17:30:00,Levante,Alaves,3,1,2.14717,0.571687,H
2021,2022-05-15 17:30:00,Villarreal,Real Sociedad,1,2,1.01013,2.72677,A
2021,2022-05-15 17:30:00,Getafe,Barcelona,0,0,0.237476,0.19547,D
2021,2022-05-20 19:00:00,Real Madrid,Real Betis,0,0,1.8155,1.43562,D
2021,2022-05-20 19:00:00,Rayo Vallecano,Levante,2,4,2.7327,3.28491,A
2021,2022-05-21 15:30:00,Valencia,Celta Vigo,2,0,1.47889,1.40936,H
2021,2022-05-22 15:30:00,Elche,Getafe,3,1,3.02536,1.06857,H
2021,2022-05-22 18:00:00,Granada,Espanyol,0,0,2.0332,0.386799,D
2021,2022-05-22 18:00:00,Alaves,Cadiz,0,1,0.391505,1.84089,A
2021,2022-05-22 18:00:00,Osasuna,Mallorca,0,2,0.897014,1.2351,A
2021,2022-05-22 20:00:00,Real Sociedad,Atletico Madrid,1,2,2.21737,0.586617,A
2021,2022-05-22 20:00:00,Sevilla,Athletic Club,1,0,1.41239,0.487249,H
2021,2022-05-22 20:00:00,Barcelona,Villarreal,0,2,0.628178,0.68657,A
2022,2022-08-12 19:00:00,Osasuna,Sevilla,2,1,1.35571,0.965574,H
2022,2022-08-13 15:00:00,Celta Vigo,Espanyol,2,2,0.347363,1.0334,D
2022,2022-08-13 17:00:00,Real Valladolid,Villarreal,0,3,0.859075,1.39509,A
2022,2022-08-13 19:00:00,Barcelona,Rayo Vallecano,0,0,1.37129,0.77153,D
2022,2022-08-14 15:30:00,Cadiz,Real Sociedad,0,1,0.294358,2.64367,A
2022,2022-08-14 17:30:00,Valencia,Girona,1,0,1.87878,0.132198,H
2022,2022-08-14 20:00:00,Almeria,Real Madrid,1,2,0.80073,3.11412,A
2022,2022-08-15 15:30:00,Athletic Club,Mallorca,0,0,1.60559,0.476414,D
2022,2022-08-15 17:30:00,Getafe,Atletico Madrid,0,3,1.14045,1.48417,A
2022,2022-08-15 19:30:00,Real Betis,Elche,3,0,3.99664,0.29379,H
2022,2022-08-19 18:00:00,Espanyol,Rayo Vallecano,0,2,0.904012,1.69789,A
2022,2022-08-19 20:00:00,Sevilla,Real Valladolid,1,1,1.95115,0.557629,D
2022,2022-08-20 15:30:00,Osasuna,Cadiz,2,0,2.92362,1.01741,H
2022,2022-08-20 17:30:00,Mallorca,Real Betis,1,2,1.46761,2.21648,A
2022,2022-08-20 20:00:00,Celta Vigo,Real Madrid,1,4,1.31973,3.59631,A
2022,2022-08-21 15:30:00,Athletic Club,Valencia,1,0,0.761587,0.676158,H
2022,2022-08-21 17:30:00,Atletico Madrid,Villarreal,0,2,1.5852,1.9825,A
2022,2022-08-21 20:00:00,Real Sociedad,Barcelona,1,4,0.79913,2.04035,A
2022,2022-08-22 18:00:00,Elche,Almeria,1,1,0.899007,0.969747,D
2022,2022-08-22 20:00:00,Girona,Getafe,3,1,1.52171,0.692785,H
2022,2022-08-26 18:00:00,Girona,Celta Vigo,0,1,0.566228,0.625546,A
2022,2022-08-26 20:00:00,Real Betis,Osasuna,1,0,0.507146,0.910349,H
2022,2022-08-27 15:30:00,Elche,Real Sociedad,0,1,1.23504,1.81171,A
2022,2022-08-27 17:30:00,Rayo Vallecano,Mallorca,0,2,0.864794,0.855715,A
2022,2022-08-27 20:00:00,Almeria,Sevilla,2,1,2.15407,1.37889,H
2022,2022-08-28 15:30:00,Getafe,Villarreal,0,0,0.273957,1.13195,D
2022,2022-08-28 17:30:00,Barcelona,Real Valladolid,4,0,3.28674,0.720063,H
2022,2022-08-28 20:00:00,Espanyol,Real Madrid,1,3,1.63359,2.04602,A
2022,2022-08-29 18:00:00,Cadiz,Athletic Club,0,4,0.239303,3.18677,A
2022,2022-08-29 20:00:00,Valencia,Atletico Madrid,0,1,0.65396,1.97507,A
2022,2022-09-02 19:00:00,Celta Vigo,Cadiz,3,0,1.50986,0.234828,H
2022,2022-09-03 12:00:00,Mallorca,Girona,1,1,0.895835,1.09499,D
2022,2022-09-03 14:15:00,Real Madrid,Real Betis,2,1,3.20593,0.333406,H
2022,2022-09-03 16:30:00,Real Sociedad,Atletico Madrid,1,1,1.75154,2.24791,D
2022,2022-09-03 19:00:00,Sevilla,Barcelona,0,3,0.829157,4.67838,A
2022,2022-09-04 12:00:00,Osasuna,Rayo Vallecano,2,1,3.1751,0.179917,H
2022,2022-09-04 14:15:00,Athletic Club,Espanyol,0,1,1.24661,1.11365,A
2022,2022-09-04 16:30:00,Villarreal,Elche,4,0,3.5829,0.21919,H
2022,2022-09-04 19:00:00,Valencia,Getafe,5,1,2.92757,0.572495,H
2022,2022-09-05 19:00:00,Real Valladolid,Almeria,1,0,2.12493,0.505353,H
2022,2022-09-09 19:00:00,Girona,Real Valladolid,2,1,2.59252,0.510622,H
2022,2022-09-10 12:00:00,Rayo Vallecano,Valencia,2,1,2.01158,2.18195,H
2022,2022-09-10 14:15:00,Espanyol,Sevilla,2,3,2.37055,2.32043,A
2022,2022-09-10 16:30:00,Cadiz,Barcelona,0,4,0.24818,2.66856,A
2022,2022-09-10 19:00:00,Atletico Madrid,Celta Vigo,4,1,0.92341,1.30565,H
2022,2022-09-11 12:00:00,Real Madrid,Mallorca,4,1,2.21791,0.950984,H
2022,2022-09-11 14:15:00,Elche,Athletic Club,1,4,0.748083,3.2386,A
2022,2022-09-11 16:30:00,Getafe,Real Sociedad,2,1,1.06907,1.32142,H
2022,2022-09-11 19:00:00,Real Betis,Villarreal,1,0,1.61505,2.44235,H
2022,2022-09-12 19:00:00,Almeria,Osasuna,0,1,0.166505,2.14,A
2022,2022-09-16 19:00:00,Real Valladolid,Cadiz,0,1,1.98829,0.523314,A
2022,2022-09-17 12:00:00,Mallorca,Almeria,1,0,0.968715,0.297582,H
2022,2022-09-17 14:15:00,Barcelona,Elche,3,0,5.17903,0.0129931,H
2022,2022-09-17 16:30:00,Valencia,Celta Vigo,3,0,1.91153,0.587167,H
2022,2022-09-17 19:00:00,Athletic Club,Rayo Vallecano,3,2,2.17305,0.62187,H
2022,2022-09-18 12:00:00,Osasuna,Getafe,0,2,1.1323,1.43239,A
2022,2022-09-18 14:15:00,Villarreal,Sevilla,1,1,2.10358,0.436539,D
2022,2022-09-18 16:30:00,Real Sociedad,Espanyol,2,1,2.35791,1.28945,H
2022,2022-09-18 16:30:00,Real Betis,Girona,2,1,1.49153,1.34699,H
2022,2022-09-18 19:00:00,Atletico Madrid,Real Madrid,1,2,1.10431,1.09277,A
2022,2022-09-30 19:00:00,Athletic Club,Almeria,4,0,2.55531,0.42606,H
2022,2022-10-01 12:00:00,Cadiz,Villarreal,0,0,1.06071,1.43089,D
2022,2022-10-01 14:15:00,Getafe,Real Valladolid,2,3,2.50588,1.32186,A
2022,2022-10-01 16:30:00,Sevilla,Atletico Madrid,0,2,0.362804,2.12095,A
2022,2022-10-01 19:00:00,Mallorca,Barcelona,0,1,0.925106,0.636371,A
2022,2022-10-02 12:00:00,Espanyol,Valencia,2,2,0.738099,1.35604,D
2022,2022-10-02 14:15:00,Celta Vigo,Real Betis,1,0,0.892987,1.10607,H
2022,2022-10-02 16:30:00,Girona,Real Sociedad,3,5,0.932579,2.23639,A
2022,2022-10-02 19:00:00,Real Madrid,Osasuna,1,1,2.56301,0.466155,D
2022,2022-10-03 19:00:00,Rayo Vallecano,Elche,2,1,0.651238,0.924633,H
2022,2022-10-07 19:00:00,Osasuna,Valencia,1,2,1.96282,2.73352,A
2022,2022-10-08 12:00:00,Almeria,Rayo Vallecano,3,1,1.05684,0.893142,H
2022,2022-10-08 14:15:00,Atletico Madrid,Girona,2,1,2.19801,0.721587,H
2022,2022-10-08 16:30:00,Sevilla,Athletic Club,1,1,1.35598,1.91863,D
2022,2022-10-08 19:00:00,Getafe,Real Madrid,0,1,0.262283,1.48053,A
2022,2022-10-09 12:00:00,Real Valladolid,Real Betis,0,0,0.662444,0.545154,D
2022,2022-10-09 14:15:00,Cadiz,Espanyol,2,2,1.33811,1.47057,D
2022,2022-10-09 16:30:00,Real Sociedad,Villarreal,1,0,2.37138,0.221593,H
2022,2022-10-09 19:00:00,Barcelona,Celta Vigo,1,0,1.98459,1.35022,H
2022,2022-10-10 19:00:00,Elche,Mallorca,1,1,0.334856,2.69714,D
2022,2022-10-14 19:00:00,Rayo Vallecano,Getafe,0,0,1.11946,0.395734,D
2022,2022-10-15 12:00:00,Girona,Cadiz,1,1,2.36044,1.3467,D
2022,2022-10-15 14:15:00,Valencia,Elche,2,2,3.04132,1.30317,D
2022,2022-10-15 16:30:00,Mallorca,Sevilla,0,1,1.41043,0.176713,A
2022,2022-10-15 19:00:00,Athletic Club,Atletico Madrid,0,1,1.33263,0.463248,A
2022,2022-10-16 12:00:00,Celta Vigo,Real Sociedad,1,2,0.482536,1.17936,A
2022,2022-10-16 14:15:00,Real Madrid,Barcelona,3,1,1.46965,1.66548,H
2022,2022-10-16 16:30:00,Espanyol,Real Valladolid,1,0,1.63127,0.552288,H
2022,2022-10-16 19:00:00,Real Betis,Almeria,3,1,3.19417,1.11551,H
2022,2022-10-17 19:00:00,Villarreal,Osasuna,2,0,2.15273,0.33234,H
2022,2022-10-18 17:00:00,Sevilla,Valencia,1,1,1.19743,1.71123,D
2022,2022-10-18 18:00:00,Getafe,Athletic Club,2,2,0.753077,1.10208,D
2022,2022-10-18 19:00:00,Atletico Madrid,Rayo Vallecano,1,1,0.817771,1.61962,D
2022,2022-10-19 17:00:00,Cadiz,Real Betis,0,0,0.74688,1.22222,D
2022,2022-10-19 17:00:00,Real Valladolid,Celta Vigo,4,1,1.63342,2.03107,H
2022,2022-10-19 18:00:00,Real Sociedad,Mallorca,1,0,2.16436,1.09436,H
2022,2022-10-19 19:00:00,Elche,Real Madrid,0,3,1.04972,1.6151,A
2022,2022-10-20 17:00:00,Almeria,Girona,3,2,2.08595,2.65444,H
2022,2022-10-20 18:00:00,Osasuna,Espanyol,1,0,1.02851,1.44867,H
2022,2022-10-20 19:00:00,Barcelona,Villarreal,3,0,3.61604,0.503294,H
2022,2022-10-22 12:00:00,Rayo Vallecano,Cadiz,5,1,3.88516,0.642193,H
2022,2022-10-22 14:15:00,Real Valladolid,Real Sociedad,1,0,0.785666,0.82513,H
2022,2022-10-22 16:30:00,Valencia,Mallorca,1,2,1.07022,1.25148,A
2022,2022-10-22 19:00:00,Real Madrid,Sevilla,3,1,2.17678,0.518059,H
2022,2022-10-23 12:00:00,Espanyol,Elche,2,2,2.18547,0.318561,D
2022,2022-10-23 14:15:00,Real Betis,Atletico Madrid,1,2,1.33076,0.585496,A
2022,2022-10-23 16:30:00,Girona,Osasuna,1,1,0.666875,0.693721,D
2022,2022-10-23 16:30:00,Villarreal,Almeria,2,1,0.852495,1.24152,H
2022,2022-10-23 19:00:00,Barcelona,Athletic Club,4,0,2.13539,0.240803,H
2022,2022-10-24 19:00:00,Celta Vigo,Getafe,1,1,0.821869,0.226128,D
2022,2022-10-28 19:00:00,Mallorca,Espanyol,1,1,1.19,0.248446,D
2022,2022-10-29 12:00:00,Almeria,Celta Vigo,3,1,2.30529,0.197875,H
2022,2022-10-29 14:15:00,Cadiz,Atletico Madrid,3,2,1.58908,1.79745,H
2022,2022-10-29 16:30:00,Sevilla,Rayo Vallecano,0,1,0.978055,0.773435,A
2022,2022-10-29 19:00:00,Valencia,Barcelona,0,1,0.187414,2.33418,A
2022,2022-10-30 13:00:00,Osasuna,Real Valladolid,2,0,1.90028,0.330479,H
2022,2022-10-30 15:15:00,Real Madrid,Girona,1,1,2.65755,1.99848,D
2022,2022-10-30 17:30:00,Athletic Club,Villarreal,1,0,2.05689,0.221451,H
2022,2022-10-30 20:00:00,Real Sociedad,Real Betis,0,2,1.28165,1.34514,A
2022,2022-10-31 20:00:00,Elche,Getafe,0,1,1.22713,0.372744,A
2022,2022-11-04 20:00:00,Girona,Athletic Club,2,1,1.06554,0.81175,H
2022,2022-11-05 14:00:00,Getafe,Cadiz,0,0,0.517067,1.24542,D
2022,2022-11-05 15:15:00,Real Valladolid,Elche,2,1,2.81292,0.198499,H
2022,2022-11-05 17:30:00,Celta Vigo,Osasuna,1,2,0.824768,0.360091,A
2022,2022-11-05 20:00:00,Barcelona,Almeria,2,0,4.33587,0.538049,H
2022,2022-11-06 13:00:00,Atletico Madrid,Espanyol,1,1,2.02314,0.870622,D
2022,2022-11-06 15:15:00,Real Sociedad,Valencia,1,1,1.45821,0.795825,D
2022,2022-11-06 17:30:00,Villarreal,Mallorca,0,2,0.429852,0.704012,A
2022,2022-11-06 20:00:00,Real Betis,Sevilla,1,1,1.13067,1.49591,D
2022,2022-11-07 20:00:00,Rayo Vallecano,Real Madrid,3,2,1.65854,2.21264,H
2022,2022-11-08 18:00:00,Elche,Girona,1,2,0.914455,2.20883,A
2022,2022-11-08 19:00:00,Athletic Club,Real Valladolid,3,0,2.65727,0.481138,H
2022,2022-11-08 20:30:00,Osasuna,Barcelona,1,2,1.23564,1.01467,A
2022,2022-11-09 18:00:00,Almeria,Getafe,1,0,0.346293,0.451929,H
2022,2022-11-09 18:00:00,Sevilla,Real Sociedad,1,2,0.69755,2.18846,A
2022,2022-11-09 19:00:00,Espanyol,Villarreal,0,1,0.841866,0.750078,A
2022,2022-11-09 20:30:00,Mallorca,Atletico Madrid,1,0,1.46593,1.50598,H
2022,2022-11-10 18:00:00,Rayo Vallecano,Celta Vigo,0,0,0.442488,0.677591,D
2022,2022-11-10 19:00:00,Valencia,Real Betis,3,0,2.2469,0.307626,H
2022,2022-11-10 20:30:00,Real Madrid,Cadiz,2,1,1.73107,1.11674,H
2022,2022-12-29 16:00:00,Girona,Rayo Vallecano,2,2,2.26829,1.3213,D
2022,2022-12-29 18:15:00,Real Betis,Athletic Club,0,0,0.541791,0.358148,D
2022,2022-12-29 20:30:00,Atletico Madrid,Elche,2,0,1.74436,0.568911,H
2022,2022-12-30 16:00:00,Getafe,Mallorca,2,0,1.32751,0.359715,H
2022,2022-12-30 18:15:00,Celta Vigo,Sevilla,1,1,1.66459,0.594381,D
2022,2022-12-30 18:15:00,Cadiz,Almeria,1,1,1.57833,2.22992,D
2022,2022-12-30 20:30:00,Real Valladolid,Real Madrid,0,2,0.535068,2.5342,A
2022,2022-12-31 13:00:00,Barcelona,Espanyol,1,1,2.74555,0.846842,D
2022,2022-12-31 15:15:00,Villarreal,Valencia,2,1,2.37349,1.16707,H
2022,2022-12-31 15:15:00,Real Sociedad,Osasuna,2,0,1.54314,0.305627,H
2022,2023-01-06 17:30:00,Elche,Celta Vigo,0,1,1.14494,1.9713,A
2022,2023-01-06 20:00:00,Valencia,Cadiz,0,1,0.495475,0.434224,A
2022,2023-01-07 15:15:00,Villarreal,Real Madrid,2,1,2.41742,2.16674,H
2022,2023-01-07 17:30:00,Mallorca,Real Valladolid,1,0,1.52838,0.434531,H
2022,2023-01-07 20:00:00,Espanyol,Girona,2,2,1.26728,1.65781,D
2022,2023-01-08 13:00:00,Almeria,Real Sociedad,0,2,0.30978,2.11666,A
2022,2023-01-08 15:15:00,Rayo Vallecano,Real Betis,1,2,1.38976,0.735098,A
2022,2023-01-08 17:30:00,Sevilla,Getafe,2,1,1.21643,1.17518,H
2022,2023-01-08 20:00:00,Atletico Madrid,Barcelona,0,1,1.93573,1.23617,A
2022,2023-01-09 20:00:00,Athletic Club,Osasuna,0,0,1.17556,0.427681,D
2022,2023-01-13 20:00:00,Celta Vigo,Villarreal,1,1,2.45811,0.105032,D
2022,2023-01-14 13:00:00,Real Valladolid,Rayo Vallecano,0,1,0.611009,1.16996,A
2022,2023-01-14 15:15:00,Girona,Sevilla,2,1,2.8461,0.784402,H
2022,2023-01-14 17:30:00,Osasuna,Mallorca,1,0,1.19142,0.523266,H
2022,2023-01-14 20:00:00,Real Sociedad,Athletic Club,3,1,1.88839,0.265103,H
2022,2023-01-15 13:00:00,Getafe,Espanyol,1,2,0.496479,0.460177,A
2022,2023-01-15 15:15:00,Almeria,Atletico Madrid,1,1,1.08212,2.08354,D
2022,2023-01-16 20:00:00,Cadiz,Elche,1,1,1.40204,0.654686,D
2022,2023-01-20 20:00:00,Mallorca,Celta Vigo,1,0,0.403993,0.425448,H
2022,2023-01-21 13:00:00,Rayo Vallecano,Real Sociedad,0,2,0.64183,1.43612,A
2022,2023-01-21 15:15:00,Espanyol,Real Betis,1,0,2.16171,0.835514,H
2022,2023-01-21 17:30:00,Atletico Madrid,Real Valladolid,3,0,4.11414,0.421793,H
2022,2023-01-21 20:00:00,Sevilla,Cadiz,1,0,1.66028,0.0765073,H
2022,2023-01-22 13:00:00,Villarreal,Girona,1,0,2.79546,0.637476,H
2022,2023-01-22 15:15:00,Elche,Osasuna,1,1,2.36237,0.607835,D
2022,2023-01-22 17:30:00,Barcelona,Getafe,1,0,0.712066,1.2457,H
2022,2023-01-22 20:00:00,Athletic Club,Real Madrid,0,2,1.15604,0.946951,A
2022,2023-01-23 20:00:00,Valencia,Almeria,2,2,2.70702,1.68834,D
2022,2023-01-27 20:00:00,Almeria,Espanyol,3,1,2.17998,0.805809,H
2022,2023-01-28 13:00:00,Cadiz,Mallorca,2,0,1.8313,0.306812,H
2022,2023-01-28 15:15:00,Girona,Barcelona,0,1,0.893789,0.981042,A
2022,2023-01-28 17:30:00,Sevilla,Elche,3,0,3.27297,0.340633,H
2022,2023-01-28 20:00:00,Getafe,Real Betis,0,1,0.206383,2.00036,A
2022,2023-01-29 13:00:00,Real Valladolid,Valencia,1,0,1.47049,1.05725,H
2022,2023-01-29 15:15:00,Osasuna,Atletico Madrid,0,1,0.741393,1.29745,A
2022,2023-01-29 17:30:00,Celta Vigo,Athletic Club,1,0,0.614646,0.232576,H
2022,2023-01-29 20:00:00,Real Madrid,Real Sociedad,0,0,1.40476,0.370087,D
2022,2023-01-30 20:00:00,Villarreal,Rayo Vallecano,0,1,1.19676,0.830107,A
2022,2023-02-01 20:00:00,Real Betis,Barcelona,1,2,0.760581,2.38335,A
2022,2023-02-02 20:00:00,Real Madrid,Valencia,2,0,2.60454,0.213484,H
2022,2023-02-03 20:00:00,Athletic Club,Cadiz,4,1,2.30209,1.55348,H
2022,2023-02-04 13:00:00,Espanyol,Osasuna,1,1,1.56394,0.919455,D
2022,2023-02-04 15:15:00,Elche,Villarreal,3,1,2.88986,1.48923,H
2022,2023-02-04 17:30:00,Atletico Madrid,Getafe,1,1,1.01341,1.13659,D
2022,2023-02-04 20:00:00,Real Betis,Celta Vigo,3,4,3.54117,2.30434,A
2022,2023-02-05 13:00:00,Mallorca,Real Madrid,1,0,0.241595,1.39842,H
2022,2023-02-05 15:15:00,Girona,Valencia,1,0,2.57015,0.877751,H
2022,2023-02-05 17:30:00,Real Sociedad,Real Valladolid,0,1,1.21593,0.781504,A
2022,2023-02-05 20:00:00,Barcelona,Sevilla,3,0,3.09763,0.0413799,H
2022,2023-02-06 20:00:00,Rayo Vallecano,Almeria,2,0,1.38079,1.37549,H
2022,2023-02-10 20:00:00,Cadiz,Girona,2,0,0.717862,0.213596,H
2022,2023-02-11 15:15:00,Almeria,Real Betis,2,3,2.00937,3.30673,A
2022,2023-02-11 17:30:00,Sevilla,Mallorca,2,0,2.16804,0.206824,H
2022,2023-02-11 20:00:00,Valencia,Athletic Club,1,2,1.6755,1.34748,A
2022,2023-02-12 13:00:00,Getafe,Rayo Vallecano,1,1,1.23739,1.70522,D
2022,2023-02-12 15:15:00,Celta Vigo,Atletico Madrid,0,1,1.057,0.955578,A
2022,2023-02-12 17:30:00,Real Valladolid,Osasuna,0,0,1.96448,1.03574,D
2022,2023-02-12 20:00:00,Villarreal,Barcelona,0,1,1.05151,1.37827,A
2022,2023-02-13 20:00:00,Espanyol,Real Sociedad,2,3,1.25733,1.20722,A
2022,2023-02-15 20:00:00,Real Madrid,Elche,4,0,4.04364,0.619125,H
2022,2023-02-17 17:00:00,Girona,Almeria,6,2,3.22586,1.23696,H
2022,2023-02-18 10:00:00,Real Sociedad,Celta Vigo,1,1,1.52902,1.34253,D
2022,2023-02-18 15:15:00,Real Betis,Real Valladolid,2,1,2.21822,0.97905,H
2022,2023-02-18 17:30:00,Mallorca,Villarreal,4,2,2.74393,1.01893,H
2022,2023-02-18 20:00:00,Osasuna,Real Madrid,0,2,0.400542,1.86475,A
2022,2023-02-19 13:00:00,Elche,Espanyol,0,1,1.60154,1.35887,A
2022,2023-02-19 15:15:00,Rayo Vallecano,Sevilla,1,1,1.37468,0.476153,D
2022,2023-02-19 17:30:00,Atletico Madrid,Athletic Club,1,0,1.06493,1.00816,H
2022,2023-02-19 20:00:00,Barcelona,Cadiz,2,0,2.28935,1.404,H
2022,2023-02-20 20:00:00,Getafe,Valencia,1,0,2.13388,1.09398,H
2022,2023-02-24 20:00:00,Elche,Real Betis,2,3,0.883935,4.05176,A
2022,2023-02-25 13:00:00,Espanyol,Mallorca,2,1,1.99389,0.557974,H
2022,2023-02-25 15:15:00,Cadiz,Rayo Vallecano,1,0,0.816453,0.407208,H
2022,2023-02-25 17:30:00,Real Madrid,Atletico Madrid,1,1,1.56317,0.217661,D
2022,2023-02-25 20:00:00,Valencia,Real Sociedad,1,0,0.636111,0.817876,H
2022,2023-02-26 13:00:00,Athletic Club,Girona,2,3,1.34464,1.33877,A
2022,2023-02-26 15:15:00,Celta Vigo,Real Valladolid,3,0,2.97597,0.902118,H
2022,2023-02-26 17:30:00,Almeria,Barcelona,1,0,0.828027,1.15571,H
2022,2023-02-26 20:00:00,Sevilla,Osasuna,2,3,2.38177,1.34283,A
2022,2023-02-27 20:00:00,Villarreal,Getafe,2,1,1.9115,0.467981,H
2022,2023-03-03 20:00:00,Real Sociedad,Cadiz,0,0,1.07575,0.847252,D
2022,2023-03-04 13:00:00,Getafe,Girona,3,2,1.86918,0.845978,H
2022,2023-03-04 15:15:00,Almeria,Villarreal,0,2,0.371041,2.37286,A
2022,2023-03-04 17:30:00,Mallorca,Elche,0,1,0.96231,0.957134,A
2022,2023-03-04 20:00:00,Atletico Madrid,Sevilla,6,1,3.05182,1.76791,H
2022,2023-03-05 13:00:00,Real Valladolid,Espanyol,2,1,1.38048,0.946065,H
2022,2023-03-05 15:15:00,Barcelona,Valencia,1,0,2.09199,0.629336,H
2022,2023-03-05 17:30:00,Rayo Vallecano,Athletic Club,0,0,0.853959,1.25683,D
2022,2023-03-05 20:00:00,Real Betis,Real Madrid,0,0,0.59294,1.14462,D
2022,2023-03-06 20:00:00,Osasuna,Celta Vigo,0,0,1.16313,0.726128,D
2022,2023-03-10 20:00:00,Cadiz,Getafe,2,2,1.73207,2.6986,D
2022,2023-03-11 13:00:00,Real Madrid,Espanyol,3,1,1.78234,1.10182,H
2022,2023-03-11 15:15:00,Elche,Real Valladolid,1,1,2.80287,0.246865,D
2022,2023-03-11 17:30:00,Celta Vigo,Rayo Vallecano,3,0,2.13766,0.697265,H
2022,2023-03-11 20:00:00,Valencia,Osasuna,1,0,1.84171,0.257674,H
2022,2023-03-12 13:00:00,Mallorca,Real Sociedad,1,1,1.4638,0.683339,D
2022,2023-03-12 15:15:00,Sevilla,Almeria,2,1,3.15875,1.51939,H
2022,2023-03-12 17:30:00,Villarreal,Real Betis,1,1,1.33264,1.03133,D
2022,2023-03-12 20:00:00,Athletic Club,Barcelona,0,1,1.13701,0.724931,A
2022,2023-03-13 20:00:00,Girona,Atletico Madrid,0,1,0.301909,1.80682,A
2022,2023-03-17 20:00:00,Real Valladolid,Athletic Club,1,3,1.08382,2.34513,A
2022,2023-03-18 13:00:00,Almeria,Cadiz,1,1,2.69365,1.13127,D
2022,2023-03-18 15:15:00,Rayo Vallecano,Girona,2,2,1.71981,1.50856,D
2022,2023-03-18 17:30:00,Espanyol,Celta Vigo,1,3,1.7106,1.63211,A
2022,2023-03-18 20:00:00,Atletico Madrid,Valencia,3,0,3.36294,0.68946,H
2022,2023-03-19 13:00:00,Real Betis,Mallorca,1,0,0.606846,0.140478,H
2022,2023-03-19 15:15:00,Osasuna,Villarreal,0,3,1.15562,1.5875,A
2022,2023-03-19 15:15:00,Real Sociedad,Elche,2,0,2.69405,0.0819691,H
2022,2023-03-19 17:30:00,Getafe,Sevilla,2,0,2.0733,0.81914,H
2022,2023-03-19 20:00:00,Barcelona,Real Madrid,2,1,1.66532,0.524212,H
2022,2023-03-31 20:00:00,Mallorca,Osasuna,0,0,0.433196,0.507781,D
2022,2023-04-01 12:00:00,Girona,Espanyol,2,1,1.45036,0.946182,H
2022,2023-04-01 14:15:00,Athletic Club,Getafe,0,0,0.751393,0.723494,D
2022,2023-04-01 16:30:00,Cadiz,Sevilla,0,2,0.691241,1.72869,A
2022,2023-04-01 19:00:00,Elche,Barcelona,0,4,0.508304,1.61804,A
2022,2023-04-02 12:00:00,Celta Vigo,Almeria,2,2,2.13933,1.23651,D
2022,2023-04-02 14:15:00,Real Madrid,Real Valladolid,6,0,4.82721,0.719567,H
2022,2023-04-02 16:30:00,Villarreal,Real Sociedad,2,0,2.80501,0.912497,H
2022,2023-04-02 19:00:00,Atletico Madrid,Real Betis,1,0,1.70131,0.371436,H
2022,2023-04-03 19:00:00,Valencia,Rayo Vallecano,1,1,2.71116,0.645345,D
2022,2023-04-07 19:00:00,Sevilla,Celta Vigo,2,2,0.475247,0.611169,D
2022,2023-04-08 12:00:00,Osasuna,Elche,2,1,1.68972,0.657812,H
2022,2023-04-08 14:15:00,Espanyol,Athletic Club,1,2,1.16752,2.73876,A
2022,2023-04-08 16:30:00,Real Sociedad,Getafe,2,0,2.1178,0.243923,H
2022,2023-04-08 19:00:00,Real Madrid,Villarreal,2,3,2.23296,1.24489,A
2022,2023-04-09 12:00:00,Real Valladolid,Mallorca,3,3,0.948859,1.98329,D
2022,2023-04-09 14:15:00,Real Betis,Cadiz,0,2,1.58835,2.85597,A
2022,2023-04-09 16:30:00,Almeria,Valencia,2,1,1.49927,1.08869,H
2022,2023-04-09 19:00:00,Rayo Vallecano,Atletico Madrid,1,2,0.564426,2.36535,A
2022,2023-04-10 19:00:00,Barcelona,Girona,0,0,1.05077,0.491057,D
2022,2023-04-14 19:00:00,Rayo Vallecano,Osasuna,2,1,1.08431,0.373133,H
2022,2023-04-15 12:00:00,Villarreal,Real Valladolid,1,2,1.99484,2.41465,A
2022,2023-04-15 14:15:00,Athletic Club,Real Sociedad,2,0,1.00026,1.71232,H
2022,2023-04-15 16:30:00,Real Betis,Espanyol,3,1,1.965,0.616302,H
2022,2023-04-15 19:00:00,Cadiz,Real Madrid,0,2,0.583718,4.49059,A
2022,2023-04-16 12:00:00,Girona,Elche,2,0,1.22906,0.577847,H
2022,2023-04-16 14:15:00,Getafe,Barcelona,0,0,0.621219,1.04627,D
2022,2023-04-16 16:30:00,Atletico Madrid,Almeria,2,1,2.51151,0.058186,H
2022,2023-04-16 19:00:00,Valencia,Sevilla,0,2,0.527847,1.46976,A
2022,2023-04-17 19:00:00,Celta Vigo,Mallorca,0,1,0.469148,1.18361,A
2022,2023-04-21 19:00:00,Espanyol,Cadiz,0,0,1.52285,1.12699,D
2022,2023-04-22 12:00:00,Osasuna,Real Betis,3,2,1.63275,1.99331,H
2022,2023-04-22 14:15:00,Almeria,Athletic Club,1,2,0.573355,1.83476,A
2022,2023-04-22 16:30:00,Real Sociedad,Rayo Vallecano,2,1,0.814682,0.359842,H
2022,2023-04-22 16:30:00,Real Valladolid,Girona,1,0,1.11143,1.0586,H
2022,2023-04-22 19:00:00,Real Madrid,Celta Vigo,2,0,1.81403,0.744532,H
2022,2023-04-23 12:00:00,Elche,Valencia,0,2,0.795158,1.05313,A
2022,2023-04-23 14:15:00,Barcelona,Atletico Madrid,1,0,2.12803,0.714419,H
2022,2023-04-23 16:30:00,Mallorca,Getafe,3,1,1.917,0.118861,H
2022,2023-04-23 19:00:00,Sevilla,Villarreal,2,1,0.853114,2.13506,H
2022,2023-04-25 17:30:00,Girona,Real Madrid,4,2,2.4202,1.63006,H
2022,2023-04-25 17:30:00,Cadiz,Osasuna,0,1,1.4054,0.865548,A
2022,2023-04-25 20:00:00,Real Betis,Real Sociedad,0,0,0.7286,0.607061,D
2022,2023-04-26 17:30:00,Atletico Madrid,Mallorca,3,1,2.61545,0.741129,H
2022,2023-04-26 17:30:00,Getafe,Almeria,1,2,1.66712,2.08963,A
2022,2023-04-26 20:00:00,Celta Vigo,Elche,1,0,1.4351,1.48138,H
2022,2023-04-26 20:00:00,Rayo Vallecano,Barcelona,2,1,0.862266,1.00988,H
2022,2023-04-27 17:30:00,Villarreal,Espanyol,4,2,4.94822,1.12119,H
2022,2023-04-27 17:30:00,Valencia,Real Valladolid,2,1,0.900084,0.993149,H
2022,2023-04-27 20:00:00,Athletic Club,Sevilla,0,1,0.194682,1.00143,A
2022,2023-04-28 19:00:00,Osasuna,Real Sociedad,0,2,0.987164,2.09575,A
2022,2023-04-29 14:15:00,Elche,Rayo Vallecano,4,0,3.37969,0.565048,H
2022,2023-04-29 16:30:00,Real Madrid,Almeria,4,2,3.20538,1.375,H
2022,2023-04-29 19:00:00,Barcelona,Real Betis,4,0,3.0864,0.231066,H
2022,2023-04-30 12:00:00,Cadiz,Valencia,2,1,2.16593,1.05204,H
2022,2023-04-30 14:15:00,Villarreal,Celta Vigo,3,1,2.36969,0.746823,H
2022,2023-04-30 16:30:00,Espanyol,Getafe,1,0,2.44417,0.410072,H
2022,2023-04-30 19:00:00,Real Valladolid,Atletico Madrid,2,5,1.46642,2.75586,A
2022,2023-05-01 17:00:00,Mallorca,Athletic Club,1,1,1.2911,1.3765,D
2022,2023-05-01 19:00:00,Sevilla,Girona,0,2,2.35198,1.13007,A
2022,2023-05-02 17:30:00,Barcelona,Osasuna,1,0,2.40046,0.355588,H
2022,2023-05-02 17:30:00,Almeria,Elche,2,1,1.82539,1.01416,H
2022,2023-05-02 20:00:00,Real Sociedad,Real Madrid,2,0,2.26252,0.867228,H
2022,2023-05-03 17:30:00,Valencia,Villarreal,1,1,1.04163,0.742844,D
2022,2023-05-03 20:00:00,Getafe,Celta Vigo,1,0,2.8705,0.219098,H
2022,2023-05-03 20:00:00,Atletico Madrid,Cadiz,5,1,4.25954,0.0260457,H
2022,2023-05-04 17:30:00,Girona,Mallorca,2,1,2.20534,1.34254,H
2022,2023-05-04 17:30:00,Sevilla,Espanyol,3,2,2.902,0.61847,H
2022,2023-05-04 20:00:00,Rayo Vallecano,Real Valladolid,2,1,1.57028,0.571427,H
2022,2023-05-04 20:00:00,Athletic Club,Real Betis,0,1,1.01449,0.753982,A
2022,2023-05-12 19:00:00,Mallorca,Cadiz,1,0,1.6025,0.611231,H
2022,2023-05-13 12:00:00,Real Sociedad,Girona,2,2,3.05494,1.4691,D
2022,2023-05-13 14:15:00,Osasuna,Almeria,3,1,1.87424,0.507884,H
2022,2023-05-13 16:30:00,Villarreal,Athletic Club,5,1,3.09272,1.82199,H
2022,2023-05-13 19:00:00,Real Madrid,Getafe,1,0,0.879325,0.586304,H
2022,2023-05-14 12:00:00,Celta Vigo,Valencia,1,2,1.216,1.86638,A
2022,2023-05-14 14:15:00,Elche,Atletico Madrid,1,0,2.28487,1.44785,H
2022,2023-05-14 16:30:00,Real Valladolid,Sevilla,0,3,2.01745,3.05781,A
2022,2023-05-14 19:00:00,Espanyol,Barcelona,2,4,2.72734,3.6498,A
2022,2023-05-15 19:00:00,Real Betis,Rayo Vallecano,3,1,2.69596,1.71956,H
2022,2023-05-19 19:00:00,Cadiz,Real Valladolid,2,0,2.1319,0.20683,H
2022,2023-05-20 12:00:00,Girona,Villarreal,1,2,1.31674,1.71579,A
2022,2023-05-20 14:15:00,Athletic Club,Celta Vigo,2,1,1.04201,0.283064,H
2022,2023-05-20 16:30:00,Almeria,Mallorca,3,0,1.70726,0.35959,H
2022,2023-05-20 16:30:00,Getafe,Elche,1,1,1.58846,1.34186,D
2022,2023-05-20 19:00:00,Barcelona,Real Sociedad,1,2,1.8413,2.8035,A
2022,2023-05-21 12:00:00,Rayo Vallecano,Espanyol,1,2,1.83113,1.3061,A
2022,2023-05-21 14:15:00,Atletico Madrid,Osasuna,3,0,2.08773,0.714505,H
2022,2023-05-21 16:30:00,Valencia,Real Madrid,1,0,1.49126,2.08896,H
2022,2023-05-21 19:00:00,Sevilla,Real Betis,0,0,1.51947,0.114129,D
2022,2023-05-23 17:30:00,Celta Vigo,Girona,1,1,0.933339,1.40034,D
2022,2023-05-23 17:30:00,Real Sociedad,Almeria,1,0,1.91983,0.0996009,H
2022,2023-05-23 20:00:00,Real Valladolid,Barcelona,3,1,2.20591,1.72866,H
2022,2023-05-24 17:30:00,Elche,Sevilla,1,1,1.35854,0.889054,D
2022,2023-05-24 17:30:00,Villarreal,Cadiz,2,0,2.9741,2.09634,H
2022,2023-05-24 17:30:00,Real Madrid,Rayo Vallecano,2,1,1.66281,0.446413,H
2022,2023-05-24 20:00:00,Real Betis,Getafe,0,1,1.09282,0.344449,A
2022,2023-05-24 20:00:00,Espanyol,Atletico Madrid,3,3,3.03603,2.76349,D
2022,2023-05-25 17:30:00,Mallorca,Valencia,1,0,0.538476,2.073,H
2022,2023-05-25 19:30:00,Osasuna,Athletic Club,2,0,0.906699,0.534145,H
2022,2023-05-27 17:00:00,Sevilla,Real Madrid,1,2,0.980153,0.815661,A
2022,2023-05-28 17:00:00,Valencia,Espanyol,2,2,2.5327,1.78056,D
2022,2023-05-28 17:00:00,Girona,Real Betis,1,2,1.63315,2.32066,A
2022,2023-05-28 17:00:00,Almeria,Real Valladolid,0,0,1.5528,0.364363,D
2022,2023-05-28 17:00:00,Rayo Vallecano,Villarreal,2,1,1.16605,0.622891,H
2022,2023-05-28 17:00:00,Atletico Madrid,Real Sociedad,2,1,0.818599,0.943774,H
2022,2023-05-28 17:00:00,Getafe,Osasuna,2,1,2.7187,0.432264,H
2022,2023-05-28 17:00:00,Barcelona,Mallorca,3,0,4.40817,0.124265,H
2022,2023-05-28 17:00:00,Athletic Club,Elche,0,1,2.91389,0.769369,A
2022,2023-05-28 17:00:00,Cadiz,Celta Vigo,1,0,1.59827,0.599427,H
2022,2023-06-04 18:00:00,Villarreal,Atletico Madrid,2,2,2.06391,1.16068,D
2022,2023-06-04 18:00:00,Real Valladolid,Getafe,0,0,0.686831,0.27917,D
2022,2023-06-04 18:00:00,Elche,Cadiz,1,1,1.534,2.22255,D
2022,2023-06-04 18:00:00,Real Madrid,Athletic Club,1,1,1.72224,2.17987,D
2022,2023-06-04 18:00:00,Celta Vigo,Barcelona,2,1,0.565601,1.41678,H
2022,2023-06-04 18:00:00,Real Betis,Valencia,1,1,0.677919,0.845969,D
2022,2023-06-04 18:00:00,Mallorca,Rayo Vallecano,3,0,2.25123,1.04004,H
2022,2023-06-04 18:00:00,Espanyol,Almeria,3,3,0.500084,2.03499,D
2022,2023-06-04 18:00:00,Real Sociedad,Sevilla,2,1,2.35387,0.461529,H
2022,2023-06-04 18:00:00,Osasuna,Girona,2,1,1.91718,0.822488,H
2023,2023-08-11 17:30:00,Almeria,Rayo Vallecano,0,2,1.1196,2.09532,A
2023,2023-08-11 19:30:00,Sevilla,Valencia,1,2,0.714148,1.06796,A
2023,2023-08-12 15:00:00,Real Sociedad,Girona,1,1,1.46019,1.27791,D
2023,2023-08-12 17:30:00,Las Palmas,Mallorca,1,1,0.871699,1.49411,D
2023,2023-08-12 19:30:00,Athletic Club,Real Madrid,0,2,0.700577,1.33266,A
2023,2023-08-13 15:00:00,Celta Vigo,Osasuna,0,2,0.783184,0.964645,A
2023,2023-08-13 17:30:00,Villarreal,Real Betis,1,2,0.737812,0.969349,A
2023,2023-08-13 19:30:00,Getafe,Barcelona,0,0,0.804505,1.67817,D
2023,2023-08-14 17:30:00,Cadiz,Alaves,1,0,0.822358,0.227442,H
2023,2023-08-14 19:30:00,Atletico Madrid,Granada,3,1,3.01246,1.13452,H
2023,2023-08-18 17:30:00,Mallorca,Villarreal,0,1,0.370077,2.12458,A
2023,2023-08-18 19:30:00,Valencia,Las Palmas,1,0,1.50324,0.741978,H
2023,2023-08-19 15:00:00,Real Sociedad,Celta Vigo,1,1,0.917678,1.77937,D
2023,2023-08-19 17:30:00,Almeria,Real Madrid,1,3,1.81328,2.8802,A
2023,2023-08-19 19:30:00,Osasuna,Athletic Club,0,2,1.33582,1.88906,A
2023,2023-08-20 15:30:00,Girona,Getafe,3,0,1.86612,0.754861,H
2023,2023-08-20 17:30:00,Barcelona,Cadiz,2,0,3.42524,1.11132,H
2023,2023-08-20 19:30:00,Real Betis,Atletico Madrid,0,0,1.02642,0.34492,D
2023,2023-08-21 17:00:00,Alaves,Sevilla,4,3,2.17962,0.958638,H
2023,2023-08-21 19:30:00,Granada,Rayo Vallecano,0,2,0.837141,2.7851,A
2023,2023-08-25 17:30:00,Las Palmas,Real Sociedad,0,0,1.56933,1.11751,D
2023,2023-08-25 19:30:00,Celta Vigo,Real Madrid,0,1,1.17827,1.6167,A
2023,2023-08-26 17:00:00,Cadiz,Almeria,1,1,1.56203,0.271622,D
2023,2023-08-26 17:30:00,Granada,Mallorca,3,2,1.81377,2.50232,H
2023,2023-08-26 19:30:00,Sevilla,Girona,1,2,1.93643,1.07498,A
2023,2023-08-27 15:30:00,Villarreal,Barcelona,3,4,1.87195,2.95807,A
2023,2023-08-27 17:30:00,Valencia,Osasuna,1,2,1.87647,1.45939,A
2023,2023-08-27 19:30:00,Athletic Club,Real Betis,4,2,2.86727,0.346198,H
2023,2023-08-28 17:30:00,Getafe,Alaves,1,0,2.67029,0.860623,H
2023,2023-08-28 19:30:00,Rayo Vallecano,Atletico Madrid,0,7,0.542939,3.29424,A
2023,2023-09-01 17:30:00,Cadiz,Villarreal,3,1,1.97214,0.494033,H
2023,2023-09-01 20:00:00,Almeria,Celta Vigo,2,3,3.16421,1.96028,A
2023,2023-09-02 12:00:00,Real Sociedad,Granada,5,3,2.08686,0.549509,H
2023,2023-09-02 14:15:00,Real Madrid,Getafe,2,1,2.64665,0.893748,H
2023,2023-09-02 16:30:00,Alaves,Valencia,1,0,1.90475,0.715753,H
2023,2023-09-02 19:00:00,Real Betis,Rayo Vallecano,1,0,0.91924,1.53554,H
2023,2023-09-03 12:00:00,Girona,Las Palmas,1,0,1.42397,1.18696,H
2023,2023-09-03 14:15:00,Mallorca,Athletic Club,0,0,0.403052,0.645541,D
2023,2023-09-03 19:00:00,Osasuna,Barcelona,1,2,0.801843,1.77255,A
2023,2023-09-15 19:00:00,Rayo Vallecano,Alaves,2,0,2.64605,0.556231,H
2023,2023-09-16 12:00:00,Athletic Club,Cadiz,3,0,4.05837,0.238836,H
2023,2023-09-16 14:15:00,Valencia,Atletico Madrid,3,0,2.22142,0.564083,H
2023,2023-09-16 16:30:00,Celta Vigo,Mallorca,0,1,2.06489,0.853213,A
2023,2023-09-16 19:00:00,Barcelona,Real Betis,5,0,2.54628,0.852869,H
2023,2023-09-17 12:00:00,Getafe,Osasuna,3,2,0.736469,1.29606,H
2023,2023-09-17 14:15:00,Villarreal,Almeria,2,1,1.43205,1.76794,H
2023,2023-09-17 16:30:00,Sevilla,Las Palmas,1,0,2.43059,1.03513,H
2023,2023-09-17 19:00:00,Real Madrid,Real Sociedad,2,1,2.56902,2.1546,H
2023,2023-09-18 19:00:00,Granada,Girona,2,4,1.97263,2.1418,A
2023,2023-09-22 19:00:00,Alaves,Athletic Club,0,2,1.97317,1.77623,A
2023,2023-09-23 12:00:00,Girona,Mallorca,5,3,4.19225,2.42602,H
2023,2023-09-23 14:15:00,Osasuna,Sevilla,0,0,1.57361,0.693906,D
2023,2023-09-23 16:30:00,Barcelona,Celta Vigo,3,2,1.82246,1.67938,H
2023,2023-09-23 19:00:00,Almeria,Valencia,2,2,2.46387,0.995742,D
2023,2023-09-24 12:00:00,Real Sociedad,Getafe,4,3,2.13384,1.59398,H
2023,2023-09-24 14:15:00,Rayo Vallecano,Villarreal,1,1,1.0345,1.0365,D
2023,2023-09-24 16:30:00,Real Betis,Cadiz,1,1,2.70742,0.570946,D
2023,2023-09-24 16:30:00,Las Palmas,Granada,1,0,0.701293,0.0378648,H
2023,2023-09-24 19:00:00,Atletico Madrid,Real Madrid,3,1,1.79578,0.847915,H
2023,2023-09-26 17:00:00,Sevilla,Almeria,5,1,2.90509,1.37069,H
2023,2023-09-26 19:30:00,Mallorca,Barcelona,2,2,1.21366,1.62815,D
2023,2023-09-27 17:00:00,Real Madrid,Las Palmas,2,0,2.71542,0.618032,H
2023,2023-09-27 17:00:00,Villarreal,Girona,1,2,1.89071,2.29941,A
2023,2023-09-27 17:00:00,Athletic Club,Getafe,2,2,0.60877,1.30782,D
2023,2023-09-27 19:30:00,Valencia,Real Sociedad,0,1,0.356756,0.29355,A
2023,2023-09-27 19:30:00,Cadiz,Rayo Vallecano,0,0,0.35761,0.258447,D
2023,2023-09-28 17:00:00,Granada,Real Betis,1,1,1.55108,0.870668,D
2023,2023-09-28 17:00:00,Celta Vigo,Alaves,1,1,0.497466,2.39712,D
2023,2023-09-28 19:30:00,Osasuna,Atletico Madrid,0,2,0.759357,1.22827,A
2023,2023-09-29 19:00:00,Barcelona,Sevilla,1,0,2.5598,1.07557,H
2023,2023-09-30 12:00:00,Getafe,Villarreal,0,0,0.768368,0.112227,D
2023,2023-09-30 14:15:00,Rayo Vallecano,Mallorca,2,2,1.78616,1.33689,D
2023,2023-09-30 16:30:00,Girona,Real Madrid,0,3,2.17781,2.78602,A
2023,2023-09-30 19:00:00,Real Sociedad,Athletic Club,3,0,1.38238,1.96039,H
2023,2023-10-01 12:00:00,Almeria,Granada,3,3,2.24188,3.51421,D
2023,2023-10-01 14:15:00,Alaves,Osasuna,0,2,1.5824,1.26744,A
2023,2023-10-01 19:00:00,Real Betis,Valencia,3,0,2.53745,0.510459,H
2023,2023-10-01 19:00:00,Atletico Madrid,Cadiz,3,2,3.10102,0.677345,H
2023,2023-10-02 19:00:00,Las Palmas,Celta Vigo,2,1,1.46382,1.54337,H
2023,2023-10-06 19:00:00,Athletic Club,Almeria,3,0,3.02889,0.0892217,H
2023,2023-10-07 12:00:00,Cadiz,Girona,0,1,0.653575,1.26462,A
2023,2023-10-07 14:15:00,Real Madrid,Osasuna,4,0,4.47802,0.164111,H
2023,2023-10-07 16:30:00,Mallorca,Valencia,1,1,0.919992,0.509313,D
2023,2023-10-07 19:00:00,Sevilla,Rayo Vallecano,2,2,0.807105,0.998714,D
2023,2023-10-08 12:00:00,Villarreal,Las Palmas,1,2,1.16305,1.1602,A
2023,2023-10-08 14:15:00,Atletico Madrid,Real Sociedad,2,1,2.94239,0.928071,H
2023,2023-10-08 16:30:00,Alaves,Real Betis,1,1,1.89594,0.872851,D
2023,2023-10-08 16:30:00,Celta Vigo,Getafe,2,2,3.02859,1.00866,D
2023,2023-10-08 19:00:00,Granada,Barcelona,2,2,0.611577,2.99552,D
2023,2023-10-20 19:00:00,Osasuna,Granada,2,0,1.79846,0.776224,H
2023,2023-10-21 12:00:00,Real Sociedad,Mallorca,1,0,2.0056,2.03914,H
2023,2023-10-21 14:15:00,Getafe,Real Betis,1,1,1.86677,1.42816,D
2023,2023-10-21 16:30:00,Sevilla,Real Madrid,1,1,1.8723,2.17904,D
2023,2023-10-21 19:00:00,Celta Vigo,Atletico Madrid,0,3,1.26757,2.39246,A
2023,2023-10-22 12:00:00,Las Palmas,Rayo Vallecano,0,1,1.18559,1.25598,A
2023,2023-10-22 14:15:00,Girona,Almeria,5,2,2.1972,0.878392,H
2023,2023-10-22 16:30:00,Villarreal,Alaves,1,1,1.71642,1.79896,D
2023,2023-10-22 19:00:00,Barcelona,Athletic Club,1,0,1.70266,0.453295,H
2023,2023-10-23 19:00:00,Valencia,Cadiz,2,0,1.6763,0.551967,H
2023,2023-10-27 19:00:00,Girona,Celta Vigo,1,0,0.619488,0.174681,H
2023,2023-10-28 12:00:00,Almeria,Las Palmas,1,2,0.275712,1.06446,A
2023,2023-10-28 14:15:00,Barcelona,Real Madrid,1,2,1.32038,0.959404,A
2023,2023-10-28 16:30:00,Mallorca,Getafe,0,0,0.722341,0.292202,D
2023,2023-10-28 19:00:00,Cadiz,Sevilla,2,2,1.42705,1.28392,D
2023,2023-10-29 13:00:00,Real Betis,Osasuna,2,1,1.43393,0.446425,H
2023,2023-10-29 15:15:00,Rayo Vallecano,Real Sociedad,2,2,0.844003,1.93178,D
2023,2023-10-29 17:30:00,Athletic Club,Valencia,2,2,1.63308,2.17868,D
2023,2023-10-29 20:00:00,Atletico Madrid,Alaves,2,1,1.94088,0.385398,H
2023,2023-10-30 20:00:00,Granada,Villarreal,2,3,2.80131,1.90197,A
2023,2023-11-03 19:00:00,Las Palmas,Atletico Madrid,2,1,0.452709,1.52768,H
2023,2023-11-04 13:00:00,Osasuna,Girona,2,4,2.18398,2.78694,A
2023,2023-11-04 15:15:00,Real Betis,Mallorca,2,0,2.84664,0.540374,H
2023,2023-11-04 17:30:00,Celta Vigo,Sevilla,1,1,3.01524,1.25089,D
2023,2023-11-04 20:00:00,Real Sociedad,Barcelona,0,1,0.84705,1.22041,A
2023,2023-11-05 13:00:00,Alaves,Almeria,1,0,2.57982,0.893084,H
2023,2023-11-05 15:15:00,Valencia,Granada,1,0,1.18921,0.344591,H
2023,2023-11-05 17:30:00,Villarreal,Athletic Club,2,3,1.78074,2.22797,A
2023,2023-11-05 20:00:00,Real Madrid,Rayo Vallecano,0,0,1.85349,0.134981,D
2023,2023-11-06 20:00:00,Getafe,Cadiz,1,0,1.21452,0.821864,H
2023,2023-11-10 20:00:00,Athletic Club,Celta Vigo,4,3,4.72334,2.25302,H
2023,2023-11-11 13:00:00,Rayo Vallecano,Girona,1,2,1.67584,4.2691,A
2023,2023-11-11 15:15:00,Almeria,Real Sociedad,1,3,0.637245,2.53693,A
2023,2023-11-11 17:30:00,Granada,Getafe,1,1,1.4404,2.30149,D
2023,2023-11-11 17:30:00,Osasuna,Las Palmas,1,1,1.44069,0.291858,D
2023,2023-11-11 20:00:00,Real Madrid,Valencia,5,1,1.90598,2.03068,H
2023,2023-11-12 15:15:00,Barcelona,Alaves,2,1,1.81139,1.83858,H
2023,2023-11-12 17:30:00,Sevilla,Real Betis,1,1,0.615603,2.17922,D
2023,2023-11-12 20:00:00,Atletico Madrid,Villarreal,3,1,3.93786,0.868854,H
2023,2023-11-24 20:00:00,Alaves,Granada,3,1,0.871813,1.13855,H
2023,2023-11-25 13:00:00,Rayo Vallecano,Barcelona,1,1,0.912299,1.30627,D
2023,2023-11-25 15:15:00,Valencia,Celta Vigo,0,0,0.247015,0.609862,D
2023,2023-11-25 17:30:00,Getafe,Almeria,2,1,1.39391,1.72918,H
2023,2023-11-25 20:00:00,Atletico Madrid,Mallorca,1,0,2.29683,0.945212,H
2023,2023-11-26 13:00:00,Villarreal,Osasuna,3,1,2.84591,1.26437,H
2023,2023-11-26 15:15:00,Real Sociedad,Sevilla,2,1,1.05204,0.374082,H
2023,2023-11-26 17:30:00,Cadiz,Real Madrid,0,3,1.13056,1.84054,A
2023,2023-11-26 20:00:00,Real Betis,Las Palmas,1,0,1.92649,0.751589,H
2023,2023-11-27 20:00:00,Girona,Athletic Club,1,1,1.36177,1.67266,D
2023,2023-11-29 20:00:00,Mallorca,Cadiz,1,1,0.8514,0.251799,D
2023,2023-12-01 19:00:00,Las Palmas,Getafe,2,0,1.8817,0.76355,H
2023,2023-12-02 13:00:00,Girona,Valencia,2,1,1.85396,1.00981,H
2023,2023-12-02 15:15:00,Athletic Club,Rayo Vallecano,4,0,1.6869,0.34629,H
2023,2023-12-02 17:30:00,Real Madrid,Granada,2,0,2.2606,0.110085,H
2023,2023-12-02 20:00:00,Osasuna,Real Sociedad,1,1,1.01822,1.69944,D
2023,2023-12-03 13:00:00,Mallorca,Alaves,0,0,0.909609,0.277842,D
2023,2023-12-03 15:15:00,Almeria,Real Betis,0,0,2.69938,0.769817,D
2023,2023-12-03 17:30:00,Sevilla,Villarreal,1,1,2.4784,1.47061,D
2023,2023-12-03 20:00:00,Barcelona,Atletico Madrid,1,0,3.18789,0.996297,H
2023,2023-12-04 20:00:00,Celta Vigo,Cadiz,1,1,2.73216,0.346727,D
2023,2023-12-08 20:00:00,Getafe,Valencia,1,0,0.841976,0.183916,H
2023,2023-12-09 13:00:00,Alaves,Las Palmas,0,1,2.20546,0.473883,A
2023,2023-12-09 15:15:00,Real Betis,Real Madrid,1,1,1.51575,0.803862,D
2023,2023-12-09 17:30:00,Villarreal,Real Sociedad,0,3,2.37019,2.19834,A
2023,2023-12-09 20:00:00,Mallorca,Sevilla,1,0,0.533315,0.554467,H
2023,2023-12-10 13:00:00,Atletico Madrid,Almeria,2,1,2.16876,1.6656,H
2023,2023-12-10 17:30:00,Cadiz,Osasuna,1,1,1.15321,1.81825,D
2023,2023-12-10 20:00:00,Barcelona,Girona,2,4,4.25448,2.93797,A
2023,2023-12-11 20:00:00,Rayo Vallecano,Celta Vigo,0,0,1.32415,0.126167,D
2023,2023-12-12 15:15:00,Granada,Athletic Club,1,1,0.543471,1.68816,D
2023,2023-12-15 20:00:00,Osasuna,Rayo Vallecano,1,0,1.77561,1.15316,H
2023,2023-12-16 13:00:00,Celta Vigo,Granada,1,0,1.33261,0.690175,H
2023,2023-12-16 15:15:00,Athletic Club,Atletico Madrid,2,0,2.73082,0.342126,H
2023,2023-12-16 17:30:00,Sevilla,Getafe,0,3,0.80788,2.83746,A
2023,2023-12-16 20:00:00,Valencia,Barcelona,1,1,0.78681,3.16129,D
2023,2023-12-17 13:00:00,Almeria,Mallorca,0,0,0.314828,1.51369,D
2023,2023-12-17 15:15:00,Real Sociedad,Real Betis,0,0,0.989954,1.37163,D
2023,2023-12-17 17:30:00,Las Palmas,Cadiz,1,1,0.826817,1.42619,D
2023,2023-12-17 20:00:00,Real Madrid,Villarreal,4,1,3.22478,0.421986,H
2023,2023-12-18 20:00:00,Girona,Alaves,3,0,1.92988,0.546438,H
2023,2023-12-19 18:00:00,Rayo Vallecano,Valencia,0,1,0.51265,0.33485,A
2023,2023-12-19 20:30:00,Atletico Madrid,Getafe,3,3,2.02936,2.53681,D
2023,2023-12-19 20:30:00,Granada,Sevilla,0,3,1.12822,0.514939,A
2023,2023-12-20 18:00:00,Barcelona,Almeria,3,2,4.04903,1.39703,H
2023,2023-12-20 20:30:00,Athletic Club,Las Palmas,1,0,3.53577,0.2514,H
2023,2023-12-20 20:30:00,Villarreal,Celta Vigo,3,2,2.59564,1.98503,H
2023,2023-12-21 18:00:00,Real Betis,Girona,1,1,1.61394,1.64551,D
2023,2023-12-21 18:00:00,Cadiz,Real Sociedad,0,0,0.856097,0.6603,D
2023,2023-12-21 20:30:00,Alaves,Real Madrid,0,1,0.388196,0.947483,A
2023,2023-12-21 20:30:00,Mallorca,Osasuna,3,2,1.68391,1.5871,H
2023,2023-12-23 14:15:00,Atletico Madrid,Sevilla,1,0,1.53277,0.279969,H
2023,2024-01-02 16:00:00,Getafe,Rayo Vallecano,0,2,0.651184,2.73568,A
2023,2024-01-02 18:15:00,Real Sociedad,Alaves,1,1,0.98082,0.969339,D
2023,2024-01-02 20:30:00,Valencia,Villarreal,3,1,2.78114,1.15004,H
2023,2024-01-03 16:00:00,Granada,Cadiz,2,0,3.87666,0.746073,H
2023,2024-01-03 18:15:00,Real Madrid,Mallorca,1,0,1.87575,0.840414,H
2023,2024-01-03 18:15:00,Celta Vigo,Real Betis,2,1,2.54675,1.73674,H
2023,2024-01-03 20:30:00,Girona,Atletico Madrid,4,3,2.32369,2.67389,H
2023,2024-01-04 16:00:00,Osasuna,Almeria,1,0,2.03356,0.239636,H
2023,2024-01-04 18:15:00,Sevilla,Athletic Club,0,2,0.54777,1.99704,A
2023,2024-01-04 20:30:00,Las Palmas,Barcelona,1,2,0.967341,2.3608,A
2023,2024-01-12 20:00:00,Sevilla,Alaves,2,3,2.49561,2.08895,A
2023,2024-01-13 13:00:00,Las Palmas,Villarreal,3,0,0.963955,1.71198,H
2023,2024-01-13 15:15:00,Mallorca,Celta Vigo,1,1,2.59976,0.711693,D
2023,2024-01-13 17:30:00,Athletic Club,Real Sociedad,2,1,1.73042,1.02381,H
2023,2024-01-13 20:00:00,Real Betis,Granada,1,0,2.00904,0.658067,H
2023,2024-01-14 13:00:00,Almeria,Girona,0,0,2.20551,0.246622,D
2023,2024-01-14 15:15:00,Cadiz,Valencia,1,4,1.55289,1.7596,A
2023,2024-01-19 20:00:00,Alaves,Cadiz,1,0,1.83115,0.670357,H
2023,2024-01-20 13:00:00,Rayo Vallecano,Las Palmas,0,2,2.16832,0.786109,A
2023,2024-01-20 15:15:00,Villarreal,Mallorca,1,1,1.7328,0.430539,D
2023,2024-01-20 17:30:00,Valencia,Athletic Club,1,0,0.7444,0.351363,H
2023,2024-01-20 20:00:00,Celta Vigo,Real Sociedad,0,1,0.257377,0.630224,A
2023,2024-01-21 13:00:00,Osasuna,Getafe,3,2,1.57055,1.50775,H
2023,2024-01-21 15:15:00,Real Madrid,Almeria,3,2,3.07258,0.928735,H
2023,2024-01-21 17:30:00,Real Betis,Barcelona,2,4,1.61122,2.71025,A
2023,2024-01-21 20:00:00,Girona,Sevilla,5,1,2.95279,0.947841,H
2023,2024-01-22 20:00:00,Granada,Atletico Madrid,0,1,0.684269,1.42876,A
2023,2024-01-26 20:00:00,Almeria,Alaves,0,3,1.80182,2.061,A
2023,2024-01-27 13:00:00,Real Sociedad,Rayo Vallecano,0,0,0.251108,0.129675,D
2023,2024-01-27 15:15:00,Las Palmas,Real Madrid,1,2,0.929969,2.05683,A
2023,2024-01-27 17:30:00,Barcelona,Villarreal,3,5,2.02779,2.36875,A
2023,2024-01-27 20:00:00,Mallorca,Real Betis,0,1,1.72961,0.400759,A
2023,2024-01-28 13:00:00,Celta Vigo,Girona,0,1,1.03961,1.60712,A
2023,2024-01-28 15:15:00,Cadiz,Athletic Club,0,0,0.367526,0.25604,D
2023,2024-01-28 17:30:00,Sevilla,Osasuna,1,1,1.42372,1.07779,D
2023,2024-01-28 20:00:00,Atletico Madrid,Valencia,2,0,2.80234,0.406631,H
2023,2024-01-29 20:00:00,Getafe,Granada,2,0,1.03385,1.504,H
2023,2024-01-31 18:00:00,Barcelona,Osasuna,1,0,2.21737,1.41966,H
2023,2024-01-31 20:00:00,Atletico Madrid,Rayo Vallecano,2,1,1.29884,0.426602,H
2023,2024-02-01 20:00:00,Getafe,Real Madrid,0,2,0.791039,2.72231,A
2023,2024-02-02 20:00:00,Athletic Club,Mallorca,4,0,1.95995,0.469702,H
2023,2024-02-03 13:00:00,Valencia,Almeria,2,1,1.38646,1.5882,H
2023,2024-02-03 15:15:00,Granada,Las Palmas,1,1,0.155607,1.27614,D
2023,2024-02-03 17:30:00,Alaves,Barcelona,1,3,1.04716,1.55781,A
2023,2024-02-03 20:00:00,Girona,Real Sociedad,0,0,1.04543,0.583723,D
2023,2024-02-04 13:00:00,Villarreal,Cadiz,0,0,1.00089,0.686978,D
2023,2024-02-04 15:15:00,Osasuna,Celta Vigo,0,3,1.00524,1.37845,A
2023,2024-02-04 17:30:00,Real Betis,Getafe,1,1,1.54414,1.9002,D
2023,2024-02-04 20:00:00,Real Madrid,Atletico Madrid,1,1,2.36334,1.35012,D
2023,2024-02-05 20:00:00,Rayo Vallecano,Sevilla,1,2,2.1306,1.77647,A
2023,2024-02-09 20:00:00,Cadiz,Real Betis,0,2,0.755069,1.43872,A
2023,2024-02-10 13:00:00,Alaves,Villarreal,1,1,2.09111,1.29002,D
2023,2024-02-10 15:15:00,Real Sociedad,Osasuna,0,1,2.50503,0.704714,A
2023,2024-02-10 17:30:00,Real Madrid,Girona,4,0,3.32636,0.180194,H
2023,2024-02-10 20:00:00,Las Palmas,Valencia,2,0,1.41954,0.251178,H
2023,2024-02-11 13:00:00,Getafe,Celta Vigo,3,2,2.22295,1.2733,H
2023,2024-02-11 15:15:00,Mallorca,Rayo Vallecano,2,1,0.82898,1.40787,H
2023,2024-02-11 17:30:00,Sevilla,Atletico Madrid,1,0,2.15338,1.67549,H
2023,2024-02-11 20:00:00,Barcelona,Granada,3,3,2.5229,1.20453,D
2023,2024-02-12 20:00:00,Almeria,Athletic Club,0,0,0.900611,0.621857,D
2023,2024-02-16 20:00:00,Villarreal,Getafe,1,1,1.61961,0.976893,D
2023,2024-02-17 13:00:00,Atletico Madrid,Las Palmas,5,0,2.79269,0.660284,H
2023,2024-02-17 15:15:00,Osasuna,Cadiz,2,0,1.37854,0.919753,H
2023,2024-02-17 17:30:00,Celta Vigo,Barcelona,1,2,0.636492,1.5046,A
2023,2024-02-17 20:00:00,Valencia,Sevilla,0,0,1.11987,0.0457854,D
2023,2024-02-18 13:00:00,Rayo Vallecano,Real Madrid,1,1,1.1431,1.0219,D
2023,2024-02-18 15:15:00,Granada,Almeria,1,1,1.79616,0.693843,D
2023,2024-02-18 17:30:00,Mallorca,Real Sociedad,1,2,0.188904,1.20859,A
2023,2024-02-18 20:00:00,Real Betis,Alaves,0,0,1.18267,0.490778,D
2023,2024-02-19 20:00:00,Athletic Club,Girona,3,2,2.7904,1.80583,H
2023,2024-02-23 20:00:00,Real Sociedad,Villarreal,1,3,1.48985,1.6421,A
2023,2024-02-24 15:15:00,Barcelona,Getafe,4,0,2.65095,0.316762,H
2023,2024-02-24 17:30:00,Alaves,Mallorca,1,1,0.501891,1.80166,D
2023,2024-02-24 20:00:00,Almeria,Atletico Madrid,2,2,0.352281,1.87638,D
2023,2024-02-25 13:00:00,Cadiz,Celta Vigo,2,2,1.87476,0.680213,D
2023,2024-02-25 15:15:00,Real Betis,Athletic Club,3,1,0.921277,0.137757,H
2023,2024-02-25 17:30:00,Las Palmas,Osasuna,1,1,0.942659,0.387933,D
2023,2024-02-25 20:00:00,Real Madrid,Sevilla,1,0,1.01644,0.967099,H
2023,2024-02-26 20:00:00,Girona,Rayo Vallecano,3,0,2.81311,0.564655,H
2023,2024-03-01 20:00:00,Celta Vigo,Almeria,1,0,1.82317,0.3259,H
2023,2024-03-02 13:00:00,Sevilla,Real Sociedad,3,2,2.15506,1.27238,H
2023,2024-03-02 15:15:00,Rayo Vallecano,Cadiz,1,1,0.688061,1.21648,D
2023,2024-03-02 17:30:00,Getafe,Las Palmas,3,3,2.38804,1.37145,D
2023,2024-03-02 20:00:00,Valencia,Real Madrid,2,2,1.33185,1.45798,D
2023,2024-03-03 13:00:00,Villarreal,Granada,5,1,3.02991,0.276758,H
2023,2024-03-03 15:15:00,Atletico Madrid,Real Betis,2,1,3.54138,0.588581,H
2023,2024-03-03 17:30:00,Mallorca,Girona,1,0,0.943297,1.08616,H
2023,2024-03-03 20:00:00,Athletic Club,Barcelona,0,0,0.468397,0.714592,D
2023,2024-03-04 20:00:00,Osasuna,Alaves,1,0,1.71646,1.14533,H
2023,2024-03-08 20:00:00,Barcelona,Mallorca,1,0,2.06225,0.504754,H
2023,2024-03-09 13:00:00,Valencia,Getafe,1,0,1.27245,1.17773,H
2023,2024-03-09 15:15:00,Cadiz,Atletico Madrid,2,0,1.18033,0.895711,H
2023,2024-03-09 17:30:00,Granada,Real Sociedad,2,3,2.0551,1.88323,A
2023,2024-03-09 20:00:00,Girona,Osasuna,2,0,2.1772,0.185235,H
2023,2024-03-10 13:00:00,Alaves,Rayo Vallecano,1,0,0.640241,0.579451,H
2023,2024-03-10 15:15:00,Las Palmas,Athletic Club,0,2,0.834663,1.27321,A
2023,2024-03-10 17:30:00,Real Madrid,Celta Vigo,4,0,3.6885,0.53726,H
2023,2024-03-10 20:00:00,Real Betis,Villarreal,2,3,1.39975,1.30814,A
2023,2024-03-11 20:00:00,Almeria,Sevilla,2,2,1.81235,2.6495,D
2023,2024-03-15 20:00:00,Real Sociedad,Cadiz,2,0,2.34962,0.695705,H
2023,2024-03-16 13:00:00,Mallorca,Granada,1,0,1.65502,0.295993,H
2023,2024-03-16 15:15:00,Osasuna,Real Madrid,2,4,0.669756,3.05767,A
2023,2024-03-16 17:30:00,Getafe,Girona,1,0,1.10963,1.70185,H
2023,2024-03-16 20:00:00,Athletic Club,Alaves,2,0,2.31129,1.38702,H
2023,2024-03-17 13:00:00,Sevilla,Celta Vigo,1,2,1.75591,2.23423,A
2023,2024-03-17 15:15:00,Villarreal,Valencia,1,0,2.1872,1.07722,H
2023,2024-03-17 16:15:00,Las Palmas,Almeria,0,1,0.793707,0.688106,A
2023,2024-03-17 17:30:00,Rayo Vallecano,Real Betis,2,0,0.790186,0.69375,H
2023,2024-03-17 20:00:00,Atletico Madrid,Barcelona,0,3,0.570805,1.94966,A
2023,2024-03-29 20:00:00,Cadiz,Granada,1,0,1.19169,0.412637,H
2023,2024-03-30 13:00:00,Getafe,Sevilla,0,1,1.57791,0.901033,A
2023,2024-03-30 15:15:00,Almeria,Osasuna,0,3,0.745696,1.00888,A
2023,2024-03-30 17:30:00,Valencia,Mallorca,0,0,1.33845,0.673736,D
2023,2024-03-30 20:00:00,Barcelona,Las Palmas,1,0,1.72947,0.314295,H
2023,2024-03-31 13:00:00,Celta Vigo,Rayo Vallecano,0,0,0.838396,0.515128,D
2023,2024-03-31 15:15:00,Girona,Real Betis,3,2,2.43161,0.524961,H
2023,2024-03-31 17:30:00,Alaves,Real Sociedad,0,1,0.142958,1.29248,A
2023,2024-03-31 20:00:00,Real Madrid,Athletic Club,2,0,1.1877,0.304704,H
2023,2024-04-01 19:00:00,Villarreal,Atletico Madrid,1,2,0.681964,1.2402,A
2023,2024-04-04 18:00:00,Granada,Valencia,0,1,0.729135,0.718558,A
2023,2024-04-12 19:00:00,Real Betis,Celta Vigo,2,1,1.22903,1.58129,H
2023,2024-04-13 12:00:00,Atletico Madrid,Girona,3,1,2.58629,2.20992,H
2023,2024-04-13 14:15:00,Rayo Vallecano,Getafe,0,0,0.777828,0.25153,D
2023,2024-04-13 16:30:00,Mallorca,Real Madrid,0,1,0.592998,1.81161,A
2023,2024-04-13 19:00:00,Cadiz,Barcelona,0,1,0.79048,0.833415,A
2023,2024-04-14 12:00:00,Las Palmas,Sevilla,0,2,0.0909476,2.06406,A
2023,2024-04-14 14:15:00,Granada,Alaves,2,0,1.86823,0.279326,H
2023,2024-04-14 16:30:00,Athletic Club,Villarreal,1,1,0.823044,2.1913,D
2023,2024-04-14 19:00:00,Real Sociedad,Almeria,2,2,1.68743,1.77546,D
2023,2024-04-15 19:00:00,Osasuna,Valencia,0,1,2.26875,0.235711,A
2023,2024-04-19 19:00:00,Athletic Club,Granada,1,1,1.64137,0.150973,D
2023,2024-04-20 12:00:00,Celta Vigo,Las Palmas,4,1,3.58931,0.90843,H
2023,2024-04-20 14:15:00,Rayo Vallecano,Osasuna,2,1,0.560289,0.930714,H
2023,2024-04-20 16:30:00,Valencia,Real Betis,1,2,0.951475,1.82123,A
2023,2024-04-20 19:00:00,Girona,Cadiz,4,1,2.30941,1.82433,H
2023,2024-04-21 12:00:00,Getafe,Real Sociedad,1,1,1.19821,1.03517,D
2023,2024-04-21 14:15:00,Almeria,Villarreal,1,2,2.14538,1.60008,A
2023,2024-04-21 16:30:00,Alaves,Atletico Madrid,2,0,0.521018,0.715212,H
2023,2024-04-21 19:00:00,Real Madrid,Barcelona,3,2,2.7698,1.34666,H
2023,2024-04-22 19:00:00,Sevilla,Mallorca,2,1,1.72842,0.879845,H
2023,2024-04-26 19:00:00,Real Sociedad,Real Madrid,0,1,0.380904,0.462672,A
2023,2024-04-27 12:00:00,Las Palmas,Girona,0,2,1.41676,2.0472,A
2023,2024-04-27 14:15:00,Almeria,Getafe,1,3,2.748,1.67485,A
2023,2024-04-27 16:30:00,Alaves,Celta Vigo,3,0,3.41094,0.188273,H
2023,2024-04-27 19:00:00,Atletico Madrid,Athletic Club,3,1,0.62028,0.894572,H
2023,2024-04-28 12:00:00,Cadiz,Mallorca,1,1,0.441837,0.827497,D
2023,2024-04-28 14:15:00,Granada,Osasuna,3,0,2.31468,0.989028,H
2023,2024-04-28 16:30:00,Villarreal,Rayo Vallecano,3,0,1.98091,0.896929,H
2023,2024-04-28 19:00:00,Real Betis,Sevilla,1,1,2.39465,1.26484,D
2023,2024-04-29 19:00:00,Barcelona,Valencia,4,2,2.59636,1.49346,H
2023,2024-05-03 19:00:00,Getafe,Athletic Club,0,2,4.41644,0.925588,A
2023,2024-05-04 12:00:00,Real Sociedad,Las Palmas,2,0,0.899129,0.56693,H
2023,2024-05-04 14:15:00,Real Madrid,Cadiz,3,0,2.63447,0.998827,H
2023,2024-05-04 16:30:00,Girona,Barcelona,4,2,2.31519,2.6053,H
2023,2024-05-04 19:00:00,Mallorca,Atletico Madrid,0,1,0.328479,0.874778,A
2023,2024-05-05 12:00:00,Osasuna,Real Betis,0,2,1.02463,1.44688,A
2023,2024-05-05 14:15:00,Celta Vigo,Villarreal,3,2,4.41257,0.544766,H
2023,2024-05-05 16:30:00,Valencia,Alaves,0,1,1.40821,1.16915,A
2023,2024-05-05 19:00:00,Rayo Vallecano,Almeria,0,1,2.09609,0.555982,A
2023,2024-05-05 19:00:00,Sevilla,Granada,3,0,2.45224,0.227083,H
2023,2024-05-10 19:00:00,Alaves,Girona,2,2,2.40148,1.53657,D
2023,2024-05-11 12:00:00,Mallorca,Las Palmas,1,0,0.45718,0.313172,H
2023,2024-05-11 14:15:00,Villarreal,Sevilla,3,2,3.10775,1.95835,H
2023,2024-05-11 16:30:00,Granada,Real Madrid,0,4,0.699759,2.7909,A
2023,2024-05-11 19:00:00,Athletic Club,Osasuna,2,2,2.17034,1.05326,D
2023,2024-05-12 12:00:00,Cadiz,Getafe,1,0,1.42818,0.310309,H
2023,2024-05-12 14:15:00,Atletico Madrid,Celta Vigo,1,0,1.81009,0.370026,H
2023,2024-05-12 16:30:00,Valencia,Rayo Vallecano,0,0,1.1633,0.785651,D
2023,2024-05-12 19:00:00,Real Betis,Almeria,3,2,1.69343,1.08304,H
2023,2024-05-13 19:00:00,Barcelona,Real Sociedad,2,0,1.66029,0.799193,H
2023,2024-05-14 17:30:00,Osasuna,Mallorca,1,1,0.428998,0.919263,D
2023,2024-05-14 19:30:00,Real Madrid,Alaves,5,0,2.88216,1.50657,H
2023,2024-05-14 20:00:00,Girona,Villarreal,0,1,2.28453,0.776468,A
2023,2024-05-15 17:30:00,Rayo Vallecano,Granada,2,1,3.00296,0.933417,H
2023,2024-05-15 17:30:00,Sevilla,Cadiz,0,1,1.43788,2.85137,A
2023,2024-05-15 20:00:00,Celta Vigo,Athletic Club,2,1,0.758179,0.377111,H
2023,2024-05-15 20:00:00,Getafe,Atletico Madrid,0,3,0.446969,1.67036,A
2023,2024-05-16 17:30:00,Las Palmas,Real Betis,2,2,2.61533,1.3277,D
2023,2024-05-16 19:30:00,Almeria,Barcelona,0,2,1.03949,2.13122,A
2023,2024-05-16 20:00:00,Real Sociedad,Valencia,1,0,1.13192,0.774644,H
2023,2024-05-18 19:00:00,Alaves,Getafe,1,0,1.57753,0.658124,H
2023,2024-05-19 17:00:00,Cadiz,Las Palmas,0,0,1.36112,0.966249,D
2023,2024-05-19 17:00:00,Athletic Club,Sevilla,2,0,1.78593,1.29208,H
2023,2024-05-19 17:00:00,Atletico Madrid,Osasuna,1,4,1.76117,1.88434,A
2023,2024-05-19 17:00:00,Barcelona,Rayo Vallecano,3,0,1.69959,1.68527,H
2023,2024-05-19 17:00:00,Granada,Celta Vigo,1,2,1.75765,2.02078,A
2023,2024-05-19 17:00:00,Mallorca,Almeria,2,2,2.45608,0.238391,D
2023,2024-05-19 17:00:00,Valencia,Girona,1,3,3.35606,2.90299,A
2023,2024-05-19 17:00:00,Villarreal,Real Madrid,4,4,2.21178,1.59129,D
2023,2024-05-19 17:00:00,Real Betis,Real Sociedad,0,2,1.60754,0.792849,A
2023,2024-05-24 19:00:00,Girona,Granada,7,0,4.75092,0.987219,H
2023,2024-05-25 12:00:00,Osasuna,Villarreal,1,1,1.09355,0.835313,D
2023,2024-05-25 14:15:00,Real Sociedad,Atletico Madrid,0,2,0.570544,2.19824,A
2023,2024-05-25 16:30:00,Almeria,Cadiz,6,1,3.23442,0.494605,H
2023,2024-05-25 16:30:00,Rayo Vallecano,Athletic Club,0,1,1.47462,0.930597,A
2023,2024-05-25 19:00:00,Real Madrid,Real Betis,0,0,1.24417,1.15552,D
2023,2024-05-26 12:00:00,Getafe,Mallorca,1,2,1.07908,1.34437,A
2023,2024-05-26 14:15:00,Celta Vigo,Valencia,2,2,1.50162,2.16042,D
2023,2024-05-26 14:15:00,Las Palmas,Alaves,1,1,1.15618,2.23542,D
2023,2024-05-26 19:00:00,Sevilla,Barcelona,1,2,1.96266,1.4772,A
2024,2024-08-15 17:00:00,Athletic Club,Getafe,1,1,0.290195,0.537517,D
2024,2024-08-15 19:30:00,Real Betis,Girona,1,1,1.80582,1.54726,D
2024,2024-08-16 17:00:00,Celta Vigo,Alaves,2,1,0.793797,1.9391,H
2024,2024-08-16 19:30:00,Las Palmas,Sevilla,2,2,1.3187,2.09987,D
2024,2024-08-17 17:00:00,Osasuna,Leganes,1,1,1.7631,1.33949,D
2024,2024-08-17 19:30:00,Valencia,Barcelona,1,2,1.55206,3.48824,A
2024,2024-08-18 17:00:00,Real Sociedad,Rayo Vallecano,1,2,1.56608,1.60148,A
2024,2024-08-18 19:30:00,Mallorca,Real Madrid,1,1,1.30561,0.608052,D
2024,2024-08-19 17:00:00,Real Valladolid,Espanyol,1,0,1.17753,0.515586,H
2024,2024-08-19 19:30:00,Villarreal,Atletico Madrid,2,2,0.68684,1.13868,D
2024,2024-08-23 17:00:00,Celta Vigo,Valencia,3,1,1.30571,1.1544,H
2024,2024-08-23 19:30:00,Sevilla,Villarreal,1,2,1.23826,1.39825,A
2024,2024-08-24 15:00:00,Osasuna,Mallorca,1,0,0.887678,0.427602,H
2024,2024-08-24 17:00:00,Barcelona,Athletic Club,2,1,2.41577,1.09985,H
2024,2024-08-24 19:30:00,Espanyol,Real Sociedad,0,1,1.79566,0.796104,A
2024,2024-08-24 19:30:00,Getafe,Rayo Vallecano,0,0,0.512723,0.161076,D
2024,2024-08-25 15:00:00,Real Madrid,Real Valladolid,3,0,2.17954,0.378528,H
2024,2024-08-25 17:00:00,Leganes,Las Palmas,2,1,1.58998,1.23438,H
2024,2024-08-25 17:15:00,Alaves,Real Betis,0,0,0.172545,1.36012,D
2024,2024-08-25 19:30:00,Atletico Madrid,Girona,3,0,1.42393,0.596524,H
2024,2024-08-26 19:30:00,Villarreal,Celta Vigo,4,3,4.3817,3.79183,H
2024,2024-08-27 17:00:00,Mallorca,Sevilla,0,0,0.940858,0.60976,D
2024,2024-08-27 19:30:00,Rayo Vallecano,Barcelona,1,2,0.392473,1.51872,A
2024,2024-08-28 17:00:00,Real Valladolid,Leganes,0,0,0.773785,0.184577,D
2024,2024-08-28 17:00:00,Athletic Club,Valencia,1,0,1.51595,0.0996371,H
2024,2024-08-28 19:30:00,Atletico Madrid,Espanyol,0,0,3.88587,0.855829,D
2024,2024-08-28 19:30:00,Real Sociedad,Alaves,1,2,0.951647,2.62561,A
2024,2024-08-29 17:00:00,Girona,Osasuna,4,0,2.6015,0.0199618,H
2024,2024-08-29 19:30:00,Las Palmas,Real Madrid,1,1,0.809213,3.28322,D
2024,2024-08-31 15:00:00,Barcelona,Real Valladolid,7,0,4.94022,0.422493,H
2024,2024-08-31 17:00:00,Athletic Club,Atletico Madrid,0,1,0.252231,1.58613,A
2024,2024-08-31 17:15:00,Espanyol,Rayo Vallecano,2,1,1.84679,1.0088,H
2024,2024-08-31 19:30:00,Valencia,Villarreal,1,1,1.14322,0.885369,D
2024,2024-08-31 19:30:00,Leganes,Mallorca,0,1,0.52078,1.48758,A
2024,2024-09-01 15:00:00,Alaves,Las Palmas,2,0,2.01026,0.547308,H
2024,2024-09-01 15:00:00,Osasuna,Celta Vigo,3,2,0.779621,1.72329,H
2024,2024-09-01 17:00:00,Sevilla,Girona,0,2,0.812687,2.36355,A
2024,2024-09-01 17:15:00,Getafe,Real Sociedad,0,0,0.547095,0.0209183,D
2024,2024-09-01 19:30:00,Real Madrid,Real Betis,2,0,2.37168,0.831429,H
2024,2024-09-13 19:00:00,Real Betis,Leganes,2,0,1.72201,0.107021,H
2024,2024-09-14 12:00:00,Mallorca,Villarreal,1,2,0.345425,2.41884,A
2024,2024-09-14 14:15:00,Espanyol,Alaves,3,2,1.95102,2.3693,H
2024,2024-09-14 16:30:00,Sevilla,Getafe,1,0,1.64801,0.971555,H
2024,2024-09-14 19:00:00,Real Sociedad,Real Madrid,0,2,1.41828,2.2759,A
2024,2024-09-15 12:00:00,Celta Vigo,Real Valladolid,3,1,1.99273,0.382657,H
2024,2024-09-15 14:15:00,Girona,Barcelona,1,4,1.09568,2.5936,A
2024,2024-09-15 16:30:00,Las Palmas,Athletic Club,2,3,1.5194,1.80432,A
2024,2024-09-15 19:00:00,Atletico Madrid,Valencia,3,0,3.22965,0.18311,H
2024,2024-09-16 19:00:00,Rayo Vallecano,Osasuna,3,1,1.48433,0.530311,H
2024,2024-09-17 19:00:00,Mallorca,Real Sociedad,1,0,1.56932,0.499139,H
2024,2024-09-18 17:00:00,Real Betis,Getafe,2,1,3.06176,0.864309,H
2024,2024-09-19 17:00:00,Leganes,Athletic Club,0,2,0.666594,1.32325,A
2024,2024-09-20 19:00:00,Alaves,Sevilla,2,1,1.40641,0.623937,H
2024,2024-09-21 12:00:00,Real Valladolid,Real Sociedad,0,0,0.952589,1.3906,D
2024,2024-09-21 14:15:00,Osasuna,Las Palmas,2,1,1.97167,1.28282,H
2024,2024-09-21 16:30:00,Valencia,Girona,2,0,0.350785,0.387698,H
2024,2024-09-21 19:00:00,Real Madrid,Espanyol,4,1,4.89487,0.318831,H
2024,2024-09-22 12:00:00,Getafe,Leganes,1,1,1.24276,0.783211,D
2024,2024-09-22 14:15:00,Athletic Club,Celta Vigo,3,1,0.864304,1.21547,H
2024,2024-09-22 16:30:00,Villarreal,Barcelona,1,5,2.39605,4.1937,A
2024,2024-09-22 19:00:00,Rayo Vallecano,Atletico Madrid,1,1,1.68952,0.554066,D
2024,2024-09-23 19:00:00,Real Betis,Mallorca,1,2,1.37084,1.4369,A
2024,2024-09-24 17:00:00,Sevilla,Real Valladolid,2,1,1.67099,0.411515,H
2024,2024-09-24 17:00:00,Valencia,Osasuna,0,0,1.17527,0.377552,D
2024,2024-09-24 19:00:00,Real Madrid,Alaves,3,2,1.79791,0.853455,H
2024,2024-09-25 17:00:00,Girona,Rayo Vallecano,0,0,2.1579,0.377734,D
2024,2024-09-25 19:00:00,Barcelona,Getafe,1,0,2.20799,0.929851,H
2024,2024-09-26 17:00:00,Las Palmas,Real Betis,1,1,1.10799,2.66646,D
2024,2024-09-26 17:00:00,Espanyol,Villarreal,1,2,0.355072,1.96233,A
2024,2024-09-26 19:00:00,Celta Vigo,Atletico Madrid,0,1,1.76126,0.778357,A
2024,2024-09-27 19:00:00,Real Valladolid,Mallorca,1,2,1.31551,2.49026,A
2024,2024-09-28 12:00:00,Getafe,Alaves,2,0,2.55847,0.415348,H
2024,2024-09-28 14:15:00,Rayo Vallecano,Leganes,1,1,1.15229,0.852356,D
2024,2024-09-28 16:30:00,Real Sociedad,Valencia,3,0,3.6853,0.805963,H
2024,2024-09-28 19:00:00,Osasuna,Barcelona,4,2,2.50067,0.751814,H
2024,2024-09-29 12:00:00,Celta Vigo,Girona,1,1,0.52399,1.41269,D
2024,2024-09-29 14:15:00,Athletic Club,Sevilla,1,1,1.82961,1.24147,D
2024,2024-09-29 16:30:00,Real Betis,Espanyol,1,0,1.97922,0.569387,H
2024,2024-09-29 19:00:00,Atletico Madrid,Real Madrid,1,1,1.05477,0.660987,D
2024,2024-09-30 19:00:00,Villarreal,Las Palmas,3,1,4.07869,0.802357,H
2024,2024-10-04 19:00:00,Leganes,Valencia,0,0,0.913168,0.703751,D
2024,2024-10-05 12:00:00,Espanyol,Mallorca,2,1,0.948554,1.79839,H
2024,2024-10-05 14:15:00,Getafe,Osasuna,1,1,1.34832,0.247706,D
2024,2024-10-05 16:30:00,Las Palmas,Celta Vigo,0,1,0.964894,0.814163,A
2024,2024-10-05 16:30:00,Real Valladolid,Rayo Vallecano,1,2,1.65842,1.64746,A
2024,2024-10-05 19:00:00,Real Madrid,Villarreal,2,0,0.459582,1.4618,H
2024,2024-10-06 12:00:00,Girona,Athletic Club,2,1,2.17393,3.15974,H
2024,2024-10-06 14:15:00,Alaves,Barcelona,0,3,0.794829,2.49367,A
2024,2024-10-06 16:30:00,Sevilla,Real Betis,1,0,1.8284,0.436615,H
2024,2024-10-06 19:00:00,Real Sociedad,Atletico Madrid,1,1,1.08517,0.561748,D
2024,2024-10-18 19:00:00,Alaves,Real Valladolid,2,3,0.433035,2.33646,A
2024,2024-10-19 12:00:00,Athletic Club,Espanyol,4,1,1.46517,0.500795,H
2024,2024-10-19 14:15:00,Osasuna,Real Betis,1,2,2.21025,2.79181,A
2024,2024-10-19 16:30:00,Girona,Real Sociedad,0,1,0.446152,1.86082,A
2024,2024-10-19 19:00:00,Celta Vigo,Real Madrid,1,2,1.79112,1.19816,A
2024,2024-10-20 12:00:00,Mallorca,Rayo Vallecano,1,0,2.72076,0.464955,H
2024,2024-10-20 14:15:00,Atletico Madrid,Leganes,3,1,5.21397,0.271901,H
2024,2024-10-20 16:30:00,Villarreal,Getafe,1,1,1.14683,2.02638,D
2024,2024-10-20 19:00:00,Barcelona,Sevilla,5,1,4.08528,0.599652,H
2024,2024-10-21 19:00:00,Valencia,Las Palmas,2,3,1.94417,1.56861,A
2024,2024-10-25 19:00:00,Espanyol,Sevilla,0,2,1.0292,0.813306,A
2024,2024-10-26 12:00:00,Real Valladolid,Villarreal,1,2,0.97802,2.68435,A
2024,2024-10-26 14:15:00,Rayo Vallecano,Alaves,1,0,2.89009,0.871439,H
2024,2024-10-26 16:30:00,Las Palmas,Girona,1,0,1.24451,1.04715,H
2024,2024-10-26 19:00:00,Real Madrid,Barcelona,0,4,1.40359,2.51566,A
2024,2024-10-27 13:00:00,Leganes,Celta Vigo,3,0,1.54881,0.767239,H
2024,2024-10-27 15:15:00,Getafe,Valencia,1,1,2.97825,0.63831,D
2024,2024-10-27 17:30:00,Real Betis,Atletico Madrid,1,0,2.20384,0.555217,H
2024,2024-10-27 20:00:00,Real Sociedad,Osasuna,0,2,1.6767,1.06487,A
2024,2024-10-28 20:00:00,Mallorca,Athletic Club,0,0,0.542356,0.755466,D
2024,2024-11-01 20:00:00,Alaves,Mallorca,1,0,1.43582,0.708287,H
2024,2024-11-02 13:00:00,Osasuna,Real Valladolid,1,0,3.21695,0.204092,H
2024,2024-11-02 15:15:00,Girona,Leganes,4,3,1.81274,0.320545,H
2024,2024-11-03 13:00:00,Atletico Madrid,Las Palmas,2,0,1.73469,0.0329044,H
2024,2024-11-03 15:15:00,Barcelona,Espanyol,3,1,1.94398,0.787359,H
2024,2024-11-03 17:30:00,Sevilla,Real Sociedad,0,2,0.629505,1.21835,A
2024,2024-11-03 20:00:00,Athletic Club,Real Betis,1,1,4.2033,1.54499,D
2024,2024-11-04 20:00:00,Celta Vigo,Getafe,1,0,2.12477,0.424746,H
2024,2024-11-08 20:00:00,Rayo Vallecano,Las Palmas,1,3,2.63982,1.25211,A
2024,2024-11-09 13:00:00,Real Madrid,Osasuna,4,0,3.27315,0.0678926,H
2024,2024-11-09 15:15:00,Villarreal,Alaves,3,0,1.44293,0.608571,H
2024,2024-11-09 21:00:00,Leganes,Sevilla,1,0,1.09319,0.539924,H
2024,2024-11-10 13:00:00,Real Betis,Celta Vigo,2,2,1.65065,0.941675,D
2024,2024-11-10 15:15:00,Mallorca,Atletico Madrid,0,1,0.735147,0.93863,A
2024,2024-11-10 17:30:00,Getafe,Girona,0,1,0.220796,0.521025,A
2024,2024-11-10 17:30:00,Real Valladolid,Athletic Club,1,1,0.887674,1.487,D
2024,2024-11-10 20:00:00,Real Sociedad,Barcelona,1,0,1.88518,0.514102,H
2024,2024-11-22 20:00:00,Getafe,Real Valladolid,2,0,0.658487,0.729169,H
2024,2024-11-23 13:00:00,Valencia,Real Betis,4,2,1.67338,1.05242,H
2024,2024-11-23 15:15:00,Atletico Madrid,Alaves,2,1,2.05318,0.785902,H
2024,2024-11-23 17:30:00,Girona,Espanyol,4,1,3.28521,0.488285,H
2024,2024-11-23 17:30:00,Las Palmas,Mallorca,2,3,1.15972,1.45816,A
2024,2024-11-23 20:00:00,Celta Vigo,Barcelona,2,2,2.75981,1.93782,D
2024,2024-11-24 13:00:00,Osasuna,Villarreal,2,2,1.3273,2.68193,D
2024,2024-11-24 15:15:00,Sevilla,Rayo Vallecano,1,0,1.57063,0.862262,H
2024,2024-11-24 17:30:00,Leganes,Real Madrid,0,3,0.108948,2.73014,A
2024,2024-11-24 20:00:00,Athletic Club,Real Sociedad,1,0,1.65075,0.799084,H
2024,2024-11-29 20:00:00,Mallorca,Valencia,2,1,0.721435,1.33443,H
2024,2024-11-30 13:00:00,Barcelona,Las Palmas,1,2,2.18354,0.599185,A
2024,2024-11-30 15:15:00,Alaves,Leganes,1,1,1.28884,1.3688,D
2024,2024-11-30 17:30:00,Espanyol,Celta Vigo,3,1,1.50136,1.55998,H
2024,2024-11-30 20:00:00,Real Valladolid,Atletico Madrid,0,5,0.437294,3.40487,A
2024,2024-12-01 13:00:00,Villarreal,Girona,2,2,1.96842,0.516301,D
2024,2024-12-01 15:15:00,Real Madrid,Getafe,2,0,3.23626,0.34657,H
2024,2024-12-01 17:30:00,Rayo Vallecano,Athletic Club,1,2,0.590024,0.556919,A
2024,2024-12-01 20:00:00,Real Sociedad,Real Betis,2,0,0.818081,0.366137,H
2024,2024-12-02 20:00:00,Sevilla,Osasuna,1,1,1.09081,1.04839,D
2024,2024-12-03 18:00:00,Mallorca,Barcelona,1,5,0.921728,5.38074,A
2024,2024-12-04 20:00:00,Athletic Club,Real Madrid,2,1,2.08134,1.97732,H
2024,2024-12-06 20:00:00,Celta Vigo,Mallorca,2,0,1.19949,1.09038,H
2024,2024-12-07 13:00:00,Las Palmas,Real Valladolid,2,1,1.27625,1.30835,H
2024,2024-12-07 15:15:00,Real Betis,Barcelona,2,2,2.76257,1.54117,D
2024,2024-12-07 17:30:00,Valencia,Rayo Vallecano,0,1,1.0002,1.02294,A
2024,2024-12-07 20:00:00,Girona,Real Madrid,0,3,0.351337,1.16034,A
2024,2024-12-08 13:00:00,Leganes,Real Sociedad,0,3,0.463722,1.74462,A
2024,2024-12-08 15:15:00,Athletic Club,Villarreal,2,0,1.31484,0.796459,H
2024,2024-12-08 17:30:00,Osasuna,Alaves,2,2,2.31345,1.50067,D
2024,2024-12-08 20:00:00,Atletico Madrid,Sevilla,4,3,2.32183,0.635773,H
2024,2024-12-09 20:00:00,Getafe,Espanyol,1,0,0.530268,1.17303,H
2024,2024-12-13 20:00:00,Real Valladolid,Valencia,1,0,0.531831,0.657242,H
2024,2024-12-14 13:00:00,Espanyol,Osasuna,0,0,0.298744,0.213917,D
2024,2024-12-14 15:15:00,Mallorca,Girona,2,1,1.65091,0.939735,H
2024,2024-12-14 17:30:00,Sevilla,Celta Vigo,1,0,0.487466,0.928845,H
2024,2024-12-14 20:00:00,Rayo Vallecano,Real Madrid,3,3,1.60769,1.15429,D
2024,2024-12-15 13:00:00,Atletico Madrid,Getafe,1,0,1.85376,0.238672,H
2024,2024-12-15 15:15:00,Alaves,Athletic Club,1,1,0.803776,0.843706,D
2024,2024-12-15 17:30:00,Villarreal,Real Betis,1,2,1.60957,1.6735,A
2024,2024-12-15 17:30:00,Real Sociedad,Las Palmas,0,0,1.24562,0.840973,D
2024,2024-12-15 20:00:00,Barcelona,Leganes,0,1,2.16597,0.77236,A
2024,2024-12-18 20:30:00,Villarreal,Rayo Vallecano,1,1,2.52908,1.85712,D
2024,2024-12-18 20:30:00,Espanyol,Valencia,1,1,1.87851,1.78128,D
2024,2024-12-20 20:00:00,Girona,Real Valladolid,3,0,2.16439,0.0119855,H
2024,2024-12-21 13:00:00,Getafe,Mallorca,0,1,0.735241,2.06274,A
2024,2024-12-21 15:15:00,Celta Vigo,Real Sociedad,2,0,1.22165,0.314488,H
2024,2024-12-21 17:30:00,Osasuna,Athletic Club,1,2,0.417557,1.18093,A
2024,2024-12-21 20:00:00,Barcelona,Atletico Madrid,1,2,3.37424,0.710716,A
2024,2024-12-22 13:00:00,Valencia,Alaves,2,2,1.34762,1.54294,D
2024,2024-12-22 15:15:00,Real Madrid,Sevilla,4,2,2.90098,1.41183,H
2024,2024-12-22 17:30:00,Las Palmas,Espanyol,1,0,0.956162,0.878983,H
2024,2024-12-22 17:30:00,Leganes,Villarreal,2,5,1.47457,4.01011,A
2024,2024-12-22 20:00:00,Real Betis,Rayo Vallecano,1,1,1.93031,0.878426,D
2024,2025-01-03 20:00:00,Valencia,Real Madrid,1,2,1.35313,2.69157,A
2024,2025-01-10 20:00:00,Rayo Vallecano,Celta Vigo,2,1,1.00439,3.25801,H
2024,2025-01-11 13:00:00,Alaves,Girona,0,1,1.72201,0.625652,A
2024,2025-01-11 15:15:00,Real Valladolid,Real Betis,1,0,1.62446,1.03813,H
2024,2025-01-11 17:30:00,Espanyol,Leganes,1,1,1.05544,1.92496,D
2024,2025-01-11 20:00:00,Sevilla,Valencia,1,1,0.734356,1.08107,D
2024,2025-01-12 13:00:00,Las Palmas,Getafe,1,2,1.62636,1.39575,A
2024,2025-01-12 15:15:00,Atletico Madrid,Osasuna,1,0,2.28719,0.391974,H
2024,2025-01-13 20:00:00,Real Sociedad,Villarreal,1,0,0.805968,1.22527,H
2024,2025-01-17 20:00:00,Espanyol,Real Valladolid,2,1,1.28839,1.72021,H
2024,2025-01-18 13:00:00,Girona,Sevilla,1,2,1.14329,3.09224,A
2024,2025-01-18 15:15:00,Leganes,Atletico Madrid,1,0,0.770342,3.0563,H
2024,2025-01-18 17:30:00,Real Betis,Alaves,1,3,0.501492,1.6539,A
2024,2025-01-18 20:00:00,Getafe,Barcelona,1,1,1.16921,3.50383,D
2024,2025-01-19 13:00:00,Celta Vigo,Athletic Club,1,2,0.40033,2.49675,A
2024,2025-01-19 15:15:00,Real Madrid,Las Palmas,4,1,6.40549,1.06201,H
2024,2025-01-19 17:30:00,Osasuna,Rayo Vallecano,1,1,0.660386,0.797534,D
2024,2025-01-19 20:00:00,Valencia,Real Sociedad,1,0,1.77248,0.758224,H
2024,2025-01-20 20:00:00,Villarreal,Mallorca,4,0,2.35437,0.390989,H
2024,2025-01-24 20:00:00,Las Palmas,Osasuna,1,1,0.833212,2.53692,D
2024,2025-01-25 13:00:00,Mallorca,Real Betis,0,1,0.789384,0.59491,A
2024,2025-01-25 15:15:00,Atletico Madrid,Villarreal,1,1,1.72274,1.78456,D
2024,2025-01-25 17:30:00,Sevilla,Espanyol,1,1,1.15013,1.27943,D
2024,2025-01-25 20:00:00,Real Valladolid,Real Madrid,0,3,0.234653,2.45677,A
2024,2025-01-26 13:00:00,Rayo Vallecano,Girona,2,1,3.01055,1.56182,H
2024,2025-01-26 15:15:00,Real Sociedad,Getafe,0,3,1.26074,2.01027,A
2024,2025-01-26 17:30:00,Athletic Club,Leganes,0,0,2.27277,1.57401,D
2024,2025-01-26 20:00:00,Barcelona,Valencia,7,1,4.35875,1.30328,H
2024,2025-01-27 20:00:00,Alaves,Celta Vigo,1,1,0.891741,0.155093,D
2024,2025-01-31 20:00:00,Leganes,Rayo Vallecano,0,1,1.00009,2.39088,A
2024,2025-02-01 13:00:00,Getafe,Sevilla,0,0,0.922731,0.871043,D
2024,2025-02-01 15:15:00,Villarreal,Real Valladolid,5,1,3.89354,0.747261,H
2024,2025-02-01 17:30:00,Atletico Madrid,Mallorca,2,0,1.59869,0.421783,H
2024,2025-02-01 20:00:00,Espanyol,Real Madrid,1,0,0.52719,1.52796,H
2024,2025-02-02 13:00:00,Barcelona,Alaves,1,0,1.18526,0.126278,H
2024,2025-02-02 15:15:00,Valencia,Celta Vigo,2,1,1.93065,0.51501,H
2024,2025-02-02 17:30:00,Osasuna,Real Sociedad,2,1,1.11088,2.35115,H
2024,2025-02-02 20:00:00,Real Betis,Athletic Club,2,2,1.31717,1.75905,D
2024,2025-02-03 20:00:00,Girona,Las Palmas,2,1,2.19186,1.31791,H
2024,2025-02-07 20:00:00,Rayo Vallecano,Real Valladolid,1,0,2.87261,0.610157,H
2024,2025-02-08 13:00:00,Celta Vigo,Real Betis,3,2,1.75134,1.51159,H
2024,2025-02-08 15:15:00,Athletic Club,Girona,3,0,3.81937,0.0558089,H
2024,2025-02-08 17:30:00,Las Palmas,Villarreal,1,2,1.90619,1.26021,A
2024,2025-02-08 20:00:00,Real Madrid,Atletico Madrid,1,1,2.55575,1.62463,D
2024,2025-02-09 13:00:00,Alaves,Getafe,0,1,1.25855,0.825065,A
2024,2025-02-09 15:15:00,Valencia,Leganes,2,0,2.03187,0.417562,H
2024,2025-02-09 17:30:00,Real Sociedad,Espanyol,2,1,1.67839,0.872507,H
2024,2025-02-09 20:00:00,Sevilla,Barcelona,1,4,0.921429,1.93199,A
2024,2025-02-10 20:00:00,Mallorca,Osasuna,1,1,1.17321,1.81967,D
2024,2025-02-14 20:00:00,Girona,Getafe,1,2,1.287,0.95535,A
2024,2025-02-15 13:00:00,Leganes,Alaves,3,3,1.76328,1.4212,D
2024,2025-02-15 15:15:00,Osasuna,Real Madrid,1,1,1.64382,2.73344,D
2024,2025-02-15 17:30:00,Atletico Madrid,Celta Vigo,1,1,0.689105,1.45388,D
2024,2025-02-15 20:00:00,Villarreal,Valencia,1,1,1.04228,0.740954,D
2024,2025-02-16 13:00:00,Espanyol,Athletic Club,1,1,1.19577,0.896815,D
2024,2025-02-16 15:15:00,Real Valladolid,Sevilla,0,4,0.532481,1.4827,A
2024,2025-02-16 17:30:00,Mallorca,Las Palmas,3,1,2.33414,1.04401,H
2024,2025-02-16 20:00:00,Real Betis,Real Sociedad,3,0,2.49445,0.20529,H
2024,2025-02-17 20:00:00,Barcelona,Rayo Vallecano,1,0,2.82775,1.30941,H
2024,2025-02-21 20:00:00,Celta Vigo,Osasuna,1,0,2.31891,0.838476,H
2024,2025-02-22 13:00:00,Alaves,Espanyol,0,1,1.54627,0.495881,A
2024,2025-02-22 15:15:00,Rayo Vallecano,Villarreal,0,1,0.514336,0.79404,A
2024,2025-02-22 17:30:00,Valencia,Atletico Madrid,0,3,1.35435,2.31785,A
2024,2025-02-22 20:00:00,Las Palmas,Barcelona,0,2,0.431009,1.66486,A
2024,2025-02-23 13:00:00,Athletic Club,Real Valladolid,7,1,5.3162,0.598765,H
2024,2025-02-23 15:15:00,Real Madrid,Girona,2,0,2.36313,0.325619,H
2024,2025-02-23 17:30:00,Getafe,Real Betis,1,2,0.86267,2.34571,A
2024,2025-02-23 20:00:00,Real Sociedad,Leganes,3,0,1.0679,0.256673,H
2024,2025-02-24 20:00:00,Sevilla,Mallorca,1,1,1.5822,1.64957,D
2024,2025-02-28 20:00:00,Real Valladolid,Las Palmas,1,1,2.17386,0.163235,D
2024,2025-03-01 13:00:00,Girona,Celta Vigo,2,2,0.89503,1.64758,D
2024,2025-03-01 15:15:00,Rayo Vallecano,Sevilla,1,1,2.59009,0.807803,D
2024,2025-03-01 17:30:00,Real Betis,Real Madrid,2,1,2.23957,1.05072,H
2024,2025-03-01 20:00:00,Atletico Madrid,Athletic Club,1,0,2.01612,1.54329,H
2024,2025-03-02 13:00:00,Leganes,Getafe,1,0,0.554524,0.585024,H
2024,2025-03-02 15:15:00,Barcelona,Real Sociedad,4,0,3.63697,0.0,H
2024,2025-03-02 17:30:00,Mallorca,Alaves,1,1,1.83195,1.63763,D
2024,2025-03-02 20:00:00,Osasuna,Valencia,3,3,1.26777,1.54983,D
2024,2025-03-08 13:00:00,Celta Vigo,Leganes,2,1,1.07104,0.99815,H
2024,2025-03-08 15:15:00,Alaves,Villarreal,1,0,1.21479,2.63287,H
2024,2025-03-08 17:30:00,Valencia,Real Valladolid,2,1,2.37105,0.645621,H
2024,2025-03-09 13:00:00,Getafe,Atletico Madrid,2,1,1.39814,1.02142,H
2024,2025-03-09 15:15:00,Real Madrid,Rayo Vallecano,2,1,1.59439,1.21003,H
2024,2025-03-09 17:30:00,Real Betis,Las Palmas,1,0,2.31412,0.426529,H
2024,2025-03-09 17:30:00,Athletic Club,Mallorca,1,1,0.938663,1.02509,D
2024,2025-03-09 20:00:00,Real Sociedad,Sevilla,0,1,0.803868,1.01162,A
2024,2025-03-10 20:00:00,Espanyol,Girona,1,1,0.325296,1.58787,D
2024,2025-03-14 20:00:00,Las Palmas,Alaves,2,2,1.94387,1.49888,D
2024,2025-03-15 13:00:00,Real Valladolid,Celta Vigo,0,1,0.839415,1.81654,A
2024,2025-03-15 15:15:00,Mallorca,Espanyol,2,1,2.57036,0.184342,H
2024,2025-03-15 17:30:00,Villarreal,Real Madrid,1,2,2.00539,1.10001,A
2024,2025-03-15 20:00:00,Girona,Valencia,1,1,1.17978,1.21975,D
2024,2025-03-16 13:00:00,Leganes,Real Betis,2,3,1.57329,2.92809,A
2024,2025-03-16 15:15:00,Sevilla,Athletic Club,0,1,0.459323,1.64488,A
2024,2025-03-16 17:30:00,Osasuna,Getafe,1,2,2.08486,0.900928,A
2024,2025-03-16 17:30:00,Rayo Vallecano,Real Sociedad,2,2,0.536859,0.905535,D
2024,2025-03-16 20:00:00,Atletico Madrid,Barcelona,2,4,1.09435,2.16215,A
2024,2025-03-27 20:00:00,Barcelona,Osasuna,3,0,4.63707,0.53356,H
2024,2025-03-29 13:00:00,Real Sociedad,Real Valladolid,2,1,1.32811,1.29525,H
2024,2025-03-29 15:15:00,Espanyol,Atletico Madrid,1,1,0.985043,0.994468,D
2024,2025-03-29 17:30:00,Alaves,Rayo Vallecano,0,2,1.60064,0.681703,A
2024,2025-03-29 20:00:00,Real Madrid,Leganes,3,2,3.59257,2.38359,H
2024,2025-03-30 13:00:00,Getafe,Villarreal,1,2,0.940085,1.38471,A
2024,2025-03-30 15:15:00,Barcelona,Girona,4,1,2.75333,0.490847,H
2024,2025-03-30 17:30:00,Athletic Club,Osasuna,0,0,0.759463,0.564979,D
2024,2025-03-30 17:30:00,Valencia,Mallorca,1,0,0.731544,0.657805,H
2024,2025-03-30 20:00:00,Real Betis,Sevilla,2,1,0.894203,0.867589,H
2024,2025-03-31 20:00:00,Celta Vigo,Las Palmas,1,1,1.07663,0.52734,D
2024,2025-04-04 19:00:00,Rayo Vallecano,Espanyol,0,4,0.501253,3.48741,A
2024,2025-04-05 12:00:00,Girona,Alaves,0,1,1.73306,0.805674,A
2024,2025-04-05 14:15:00,Real Madrid,Valencia,1,2,3.36121,1.08997,A
2024,2025-04-05 16:30:00,Mallorca,Celta Vigo,1,2,0.670008,1.12056,A
2024,2025-04-05 19:00:00,Barcelona,Real Betis,1,1,1.46844,0.249939,D
2024,2025-04-06 12:00:00,Las Palmas,Real Sociedad,1,3,1.75387,2.81501,A
2024,2025-04-06 14:15:00,Sevilla,Atletico Madrid,1,2,0.818692,1.23653,A
2024,2025-04-06 16:30:00,Real Valladolid,Getafe,0,4,0.300994,2.80288,A
2024,2025-04-06 19:00:00,Villarreal,Athletic Club,0,0,1.59491,0.998653,D
2024,2025-04-07 19:00:00,Leganes,Osasuna,1,1,2.22334,2.07408,D
2024,2025-04-11 19:00:00,Valencia,Sevilla,1,0,1.42634,0.910522,H
2024,2025-04-12 12:00:00,Real Sociedad,Mallorca,0,2,0.616782,0.801126,A
2024,2025-04-12 14:15:00,Getafe,Las Palmas,1,3,1.61783,1.54225,A
2024,2025-04-12 16:30:00,Celta Vigo,Espanyol,0,2,0.824366,0.780846,A
2024,2025-04-12 19:00:00,Leganes,Barcelona,0,1,0.5988,1.10105,A
2024,2025-04-13 12:00:00,Osasuna,Girona,2,1,1.68846,0.57428,H
2024,2025-04-13 14:15:00,Alaves,Real Madrid,0,1,0.607781,1.26541,A
2024,2025-04-13 16:30:00,Real Betis,Villarreal,1,2,2.04046,1.32607,A
2024,2025-04-13 19:00:00,Athletic Club,Rayo Vallecano,3,1,1.97654,1.81883,H
2024,2025-04-14 19:00:00,Atletico Madrid,Real Valladolid,4,2,4.06291,1.38016,H
2024,2025-04-18 19:00:00,Espanyol,Getafe,1,0,0.367268,0.736613,H
2024,2025-04-19 12:00:00,Rayo Vallecano,Valencia,1,1,0.722317,2.06284,D
2024,2025-04-19 14:15:00,Barcelona,Celta Vigo,4,3,2.56587,2.50499,H
2024,2025-04-19 16:30:00,Mallorca,Leganes,0,0,1.06921,0.951824,D
2024,2025-04-19 19:00:00,Las Palmas,Atletico Madrid,1,0,0.768437,0.757145,H
2024,2025-04-20 12:00:00,Real Valladolid,Osasuna,2,3,1.45455,2.36202,A
2024,2025-04-20 14:15:00,Villarreal,Real Sociedad,2,2,2.14498,2.29777,D
2024,2025-04-20 16:30:00,Sevilla,Alaves,1,1,1.89613,1.30312,D
2024,2025-04-20 19:00:00,Real Madrid,Athletic Club,1,0,2.40667,0.132511,H
2024,2025-04-21 19:00:00,Girona,Real Betis,1,3,1.10326,2.28252,A
2024,2025-04-22 19:00:00,Valencia,Espanyol,1,1,1.07897,0.344156,D
2024,2025-04-22 19:30:00,Barcelona,Mallorca,1,0,3.43457,0.326579,H
2024,2025-04-23 17:00:00,Athletic Club,Las Palmas,1,0,2.63805,1.01774,H
2024,2025-04-23 17:00:00,Celta Vigo,Villarreal,3,0,3.19678,0.5946,H
2024,2025-04-23 19:30:00,Getafe,Real Madrid,0,1,2.53565,1.74803,A
2024,2025-04-23 19:30:00,Alaves,Real Sociedad,1,0,0.815479,0.472083,H
2024,2025-04-24 17:00:00,Osasuna,Sevilla,1,0,0.373711,0.934425,H
2024,2025-04-24 17:00:00,Leganes,Girona,1,1,0.330809,0.764098,D
2024,2025-04-24 19:30:00,Atletico Madrid,Rayo Vallecano,3,0,3.34529,1.13186,H
2024,2025-04-24 19:30:00,Real Betis,Real Valladolid,5,1,2.26702,0.839722,H
2024,2025-04-27 14:15:00,Villarreal,Espanyol,1,0,1.35413,1.53522,H
2024,2025-05-02 19:00:00,Rayo Vallecano,Getafe,1,0,1.2162,0.8041,H
2024,2025-05-03 12:00:00,Alaves,Atletico Madrid,0,0,0.908148,0.391409,D
2024,2025-05-03 14:15:00,Villarreal,Osasuna,4,2,2.30041,1.41412,H
2024,2025-05-03 16:30:00,Las Palmas,Valencia,2,3,1.80995,1.6731,A
2024,2025-05-03 19:00:00,Real Valladolid,Barcelona,1,2,0.745612,2.21168,A
2024,2025-05-04 12:00:00,Real Madrid,Celta Vigo,3,2,3.07408,2.13071,H
2024,2025-05-04 14:15:00,Sevilla,Leganes,2,2,2.33742,0.804853,D
2024,2025-05-04 16:30:00,Espanyol,Real Betis,1,2,0.873167,1.05631,A
2024,2025-05-04 19:00:00,Real Sociedad,Athletic Club,0,0,0.893155,0.232928,D
2024,2025-05-05 19:00:00,Girona,Mallorca,1,0,1.77813,0.488126,H
2024,2025-05-09 19:00:00,Las Palmas,Rayo Vallecano,0,1,0.721442,1.00781,A
2024,2025-05-10 12:00:00,Valencia,Getafe,3,0,2.97396,0.590071,H
2024,2025-05-10 14:15:00,Celta Vigo,Sevilla,3,2,0.959531,2.61391,H
2024,2025-05-10 16:30:00,Girona,Villarreal,0,1,0.280235,2.28245,A
2024,2025-05-10 16:30:00,Mallorca,Real Valladolid,2,1,1.75638,2.76393,H
2024,2025-05-10 19:00:00,Atletico Madrid,Real Sociedad,4,0,1.71528,0.298675,H
2024,2025-05-11 12:00:00,Leganes,Espanyol,3,2,2.05779,1.57739,H
2024,2025-05-11 14:15:00,Barcelona,Real Madrid,4,3,4.10632,2.5616,H
2024,2025-05-11 16:30:00,Athletic Club,Alaves,1,0,1.35049,0.642793,H
2024,2025-05-11 19:00:00,Real Betis,Osasuna,1,1,0.359348,2.2272,D
2024,2025-05-13 17:00:00,Real Valladolid,Girona,0,1,1.30694,1.56752,A
2024,2025-05-13 18:00:00,Real Sociedad,Celta Vigo,0,1,3.31324,1.29945,A
2024,2025-05-13 19:30:00,Sevilla,Las Palmas,1,0,0.93125,0.399067,H
2024,2025-05-14 17:00:00,Alaves,Valencia,1,0,2.06262,0.584778,H
2024,2025-05-14 17:00:00,Villarreal,Leganes,3,0,2.28885,1.19032,H
2024,2025-05-14 19:30:00,Real Madrid,Mallorca,2,1,3.46174,0.475193,H
2024,2025-05-15 17:00:00,Osasuna,Atletico Madrid,2,0,1.07473,1.34093,H
2024,2025-05-15 17:00:00,Rayo Vallecano,Real Betis,2,2,1.30199,1.17134,D
2024,2025-05-15 19:30:00,Getafe,Athletic Club,0,2,0.73382,1.33336,A
2024,2025-05-15 19:30:00,Espanyol,Barcelona,0,2,1.51531,0.735877,A
2024,2025-05-18 17:00:00,Mallorca,Getafe,1,2,0.809089,1.55977,A
2024,2025-05-18 17:00:00,Atletico Madrid,Real Betis,4,1,4.94276,0.821908,H
2024,2025-05-18 17:00:00,Barcelona,Villarreal,2,3,1.569,1.96183,A
2024,2025-05-18 17:00:00,Celta Vigo,Rayo Vallecano,1,2,2.4242,0.906857,A
2024,2025-05-18 17:00:00,Valencia,Athletic Club,0,1,0.388682,1.16214,A
2024,2025-05-18 17:00:00,Real Valladolid,Alaves,0,1,0.890453,1.22692,A
2024,2025-05-18 17:00:00,Real Sociedad,Girona,3,2,1.87253,1.64512,H
2024,2025-05-18 17:00:00,Sevilla,Real Madrid,0,2,0.484891,1.95992,A
2024,2025-05-18 17:00:00,Osasuna,Espanyol,2,0,1.92502,0.572332,H
2024,2025-05-18 17:00:00,Las Palmas,Leganes,0,1,0.513718,1.06274,A
2024,2025-05-23 19:00:00,Real Betis,Valencia,1,1,1.15286,0.647724,D
2024,2025-05-24 14:15:00,Real Madrid,Real Sociedad,2,0,2.61915,1.18496,H
2024,2025-05-24 16:30:00,Leganes,Real Valladolid,3,0,1.74736,0.479375,H
2024,2025-05-24 16:30:00,Espanyol,Las Palmas,2,0,1.72167,0.735505,H
2024,2025-05-24 19:00:00,Alaves,Osasuna,1,1,1.57466,1.88098,D
2024,2025-05-24 19:00:00,Getafe,Celta Vigo,1,2,0.35897,1.30818,A
2024,2025-05-24 19:00:00,Rayo Vallecano,Mallorca,0,0,2.11982,0.747939,D
2024,2025-05-25 12:00:00,Girona,Atletico Madrid,0,4,0.0503369,3.10637,A
2024,2025-05-25 14:15:00,Villarreal,Sevilla,4,2,1.28805,1.64829,H
2024,2025-05-25 19:00:00,Athletic Club,Barcelona,0,3,0.750806,3.36402,A
2025,2025-08-15 17:00:00,Girona,Rayo Vallecano,1,3,0.795304,3.25355,A
2025,2025-08-15 19:30:00,Villarreal,Real Oviedo,2,0,2.60739,0.85578,H
2025,2025-08-16 17:30:00,Mallorca,Barcelona,0,3,0.529217,2.0243,A
2025,2025-08-16 19:30:00,Alaves,Levante,2,1,1.72315,0.74203,H
2025,2025-08-16 19:30:00,Valencia,Real Sociedad,1,1,1.58599,1.04897,D
2025,2025-08-17 15:00:00,Celta Vigo,Getafe,0,2,0.744247,1.50131,A
2025,2025-08-17 17:30:00,Athletic Club,Sevilla,3,2,2.67586,0.901645,H
2025,2025-08-17 19:30:00,Espanyol,Atletico Madrid,2,1,1.41508,1.29319,H
2025,2025-08-18 19:00:00,Elche,Real Betis,1,1,0.981494,1.59562,D
2025,2025-08-19 19:00:00,Real Madrid,Osasuna,1,0,1.4294,0.201044,H
2025,2025-08-22 19:30:00,Real Betis,Alaves,1,0,2.13985,1.43838,H
2025,2025-08-23 15:00:00,Mallorca,Celta Vigo,1,1,0.664974,0.917413,D
2025,2025-08-23 17:30:00,Atletico Madrid,Elche,1,1,1.68159,0.313268,D
2025,2025-08-23 19:30:00,Levante,Barcelona,2,3,2.68812,2.48128,A
2025,2025-08-24 15:00:00,Osasuna,Valencia,1,0,0.946758,0.589594,H
2025,2025-08-24 17:30:00,Villarreal,Girona,5,0,2.97707,0.140267,H
2025,2025-08-24 17:30:00,Real Sociedad,Espanyol,2,2,1.43366,1.87234,D
2025,2025-08-24 19:30:00,Real Oviedo,Real Madrid,0,3,0.33749,1.82072,A
2025,2025-08-25 17:30:00,Athletic Club,Rayo Vallecano,1,0,1.68759,0.493587,H
2025,2025-08-25 19:30:00,Sevilla,Getafe,1,2,0.833075,1.32944,A
2025,2025-08-27 19:00:00,Celta Vigo,Real Betis,1,1,0.905201,0.714458,D
2025,2025-08-29 17:30:00,Elche,Levante,2,0,1.44309,0.969663,H
2025,2025-08-29 19:30:00,Valencia,Getafe,3,0,1.54336,0.757418,H
2025,2025-08-30 15:00:00,Alaves,Atletico Madrid,1,1,0.855094,0.960547,D
2025,2025-08-30 17:00:00,Real Oviedo,Real Sociedad,1,0,0.45706,0.92221,H
2025,2025-08-30 17:30:00,Girona,Sevilla,0,2,2.00908,1.62032,A
2025,2025-08-30 19:30:00,Real Madrid,Mallorca,2,1,1.84116,0.549872,H
2025,2025-08-31 15:00:00,Celta Vigo,Villarreal,1,1,0.876041,0.96978,D
2025,2025-08-31 17:00:00,Real Betis,Athletic Club,1,2,0.716186,1.11141,A
2025,2025-08-31 17:30:00,Espanyol,Osasuna,1,0,1.36886,1.38167,H
2025,2025-08-31 19:30:00,Rayo Vallecano,Barcelona,1,1,1.87124,2.35774,D
2025,2025-09-12 19:00:00,Sevilla,Elche,2,2,0.346397,0.781151,D
2025,2025-09-13 12:00:00,Getafe,Real Oviedo,2,0,0.954087,0.369812,H
2025,2025-09-13 14:15:00,Real Sociedad,Real Madrid,1,2,3.14772,2.54171,A
2025,2025-09-13 16:30:00,Athletic Club,Alaves,0,1,0.866662,0.090756,A
2025,2025-09-13 19:00:00,Atletico Madrid,Villarreal,2,0,1.5106,0.668177,H
2025,2025-09-14 12:00:00,Celta Vigo,Girona,1,1,1.80278,1.41213,D
2025,2025-09-14 14:15:00,Levante,Real Betis,2,2,1.02425,2.19546,D
2025,2025-09-14 16:30:00,Osasuna,Rayo Vallecano,2,0,1.4012,0.979149,H
2025,2025-09-14 19:00:00,Barcelona,Valencia,6,0,3.46022,0.12495,H
2025,2025-09-15 19:00:00,Espanyol,Mallorca,3,2,2.67405,2.03185,H
2025,2025-09-19 19:00:00,Real Betis,Real Sociedad,3,1,2.53579,0.606673,H
2025,2025-09-20 12:00:00,Girona,Levante,0,4,0.423855,4.50183,A
2025,2025-09-20 14:15:00,Real Madrid,Espanyol,2,0,2.06136,0.969443,H
2025,2025-09-20 16:30:00,Villarreal,Osasuna,2,1,3.56395,1.95599,H
2025,2025-09-20 16:30:00,Alaves,Sevilla,1,2,0.910257,0.891992,A
2025,2025-09-20 19:00:00,Valencia,Athletic Club,2,0,2.01007,0.499198,H
2025,2025-09-21 12:00:00,Rayo Vallecano,Celta Vigo,1,1,1.3145,1.28175,D
2025,2025-09-21 14:15:00,Mallorca,Atletico Madrid,1,1,0.530939,2.08772,D
2025,2025-09-21 16:30:00,Elche,Real Oviedo,1,0,1.57497,1.10565,H
2025,2025-09-21 19:00:00,Barcelona,Getafe,3,0,2.96429,0.215949,H
2025,2025-09-23 17:00:00,Espanyol,Valencia,2,2,3.31313,1.00785,D
2025,2025-09-23 17:00:00,Athletic Club,Girona,1,1,2.02629,0.856618,D
2025,2025-09-23 19:30:00,Sevilla,Villarreal,1,2,0.83617,2.40523,A
2025,2025-09-23 19:30:00,Levante,Real Madrid,1,4,1.70121,4.06315,A
2025,2025-09-24 17:00:00,Getafe,Alaves,1,1,0.576203,1.21176,D
2025,2025-09-24 19:30:00,Real Sociedad,Mallorca,1,0,2.82857,0.641137,H
2025,2025-09-24 19:30:00,Atletico Madrid,Rayo Vallecano,3,2,4.95017,1.61988,H
2025,2025-09-25 17:30:00,Osasuna,Elche,1,1,1.17524,1.05089,D
2025,2025-09-25 19:30:00,Real Oviedo,Barcelona,1,3,1.45014,2.07001,A
2025,2025-09-26 19:00:00,Girona,Espanyol,0,0,1.07661,0.949116,D
2025,2025-09-27 12:00:00,Getafe,Levante,1,1,0.830967,1.27833,D
2025,2025-09-27 14:15:00,Atletico Madrid,Real Madrid,5,2,2.79075,1.02797,H
2025,2025-09-27 16:30:00,Mallorca,Alaves,1,0,1.04267,0.566415,H
2025,2025-09-27 19:00:00,Villarreal,Athletic Club,1,0,1.86396,1.56287,H
2025,2025-09-28 12:00:00,Rayo Vallecano,Sevilla,0,1,1.89093,0.579597,A
2025,2025-09-28 14:15:00,Elche,Celta Vigo,2,1,4.03596,0.821768,H
2025,2025-09-28 16:30:00,Barcelona,Real Sociedad,2,1,3.00954,0.957079,H
2025,2025-09-28 19:00:00,Real Betis,Osasuna,2,0,1.18955,0.578485,H
2025,2025-09-29 19:00:00,Valencia,Real Oviedo,1,2,1.72261,0.997143,A
2025,2025-10-03 19:00:00,Osasuna,Getafe,2,1,0.692026,0.856515,H
2025,2025-10-04 12:00:00,Real Oviedo,Levante,0,2,1.08551,1.62121,A
2025,2025-10-04 14:15:00,Girona,Valencia,2,1,1.16415,2.22808,H
2025,2025-10-04 16:30:00,Athletic Club,Mallorca,2,1,1.73351,0.213773,H
2025,2025-10-04 19:00:00,Real Madrid,Villarreal,3,1,4.32336,0.956644,H
2025,2025-10-05 12:00:00,Alaves,Elche,3,1,2.85063,0.661537,H
2025,2025-10-05 14:15:00,Sevilla,Barcelona,4,1,2.89414,2.4823,H
2025,2025-10-05 16:30:00,Real Sociedad,Rayo Vallecano,0,1,0.768998,0.684504,A
2025,2025-10-05 16:30:00,Espanyol,Real Betis,1,2,2.0699,1.43721,A
2025,2025-10-05 19:00:00,Celta Vigo,Atletico Madrid,1,1,2.27285,0.710823,D
2025,2025-10-17 19:00:00,Real Oviedo,Espanyol,0,2,1.21155,4.46256,A
2025,2025-10-18 12:00:00,Sevilla,Mallorca,1,3,1.25884,1.95555,A
2025,2025-10-18 14:15:00,Barcelona,Girona,2,1,2.41958,1.69375,H
2025,2025-10-18 16:30:00,Villarreal,Real Betis,2,2,0.980598,0.895532,D
2025,2025-10-18 19:00:00,Atletico Madrid,Osasuna,1,0,2.24415,0.981492,H
2025,2025-10-19 12:00:00,Elche,Athletic Club,0,0,0.823916,0.240214,D
2025,2025-10-19 14:15:00,Celta Vigo,Real Sociedad,1,1,0.717367,2.13562,D
2025,2025-10-19 16:30:00,Levante,Rayo Vallecano,0,3,0.940509,2.53118,A
2025,2025-10-19 19:00:00,Getafe,Real Madrid,0,1,0.530119,2.14595,A
2025,2025-10-20 19:00:00,Alaves,Valencia,0,0,1.05624,0.318076,D
2025,2025-10-24 19:00:00,Real Sociedad,Sevilla,2,1,1.64382,0.247146,H
2025,2025-10-25 12:00:00,Girona,Real Oviedo,3,3,2.24132,2.22406,D
2025,2025-10-25 14:15:00,Espanyol,Elche,1,0,1.70342,1.11414,H
2025,2025-10-25 16:30:00,Athletic Club,Getafe,0,1,0.358524,1.00378,A
2025,2025-10-25 19:00:00,Valencia,Villarreal,0,2,0.641435,2.62387,A
2025,2025-10-26 13:00:00,Mallorca,Levante,1,1,1.86979,2.3579,D
2025,2025-10-26 15:15:00,Real Madrid,Barcelona,2,1,3.41322,1.12434,H
2025,2025-10-26 17:30:00,Osasuna,Celta Vigo,2,3,2.318,1.54054,A
2025,2025-10-26 20:00:00,Rayo Vallecano,Alaves,1,0,1.54971,1.41466,H
2025,2025-10-27 20:00:00,Real Betis,Atletico Madrid,0,2,1.33792,0.876554,A
2025,2025-10-31 20:00:00,Getafe,Girona,2,1,1.40213,1.54366,H
2025,2025-11-01 13:00:00,Villarreal,Rayo Vallecano,4,0,2.7136,1.08632,H
2025,2025-11-01 15:15:00,Atletico Madrid,Sevilla,3,0,2.98632,0.376887,H
2025,2025-11-01 17:30:00,Real Sociedad,Athletic Club,3,2,1.8412,1.13112,H
2025,2025-11-01 20:00:00,Real Madrid,Valencia,4,0,2.89965,0.292177,H
2025,2025-11-02 13:00:00,Levante,Celta Vigo,1,2,1.23651,1.92474,A
2025,2025-11-02 15:15:00,Alaves,Espanyol,2,1,2.18038,1.04283,H
2025,2025-11-02 17:30:00,Barcelona,Elche,3,1,2.8073,0.549079,H
2025,2025-11-02 20:00:00,Real Betis,Mallorca,3,0,2.82134,0.749852,H
2025,2025-11-03 20:00:00,Real Oviedo,Osasuna,0,0,0.717473,0.626317,D
2025,2025-11-07 20:00:00,Elche,Real Sociedad,1,1,0.808307,1.47221,D
2025,2025-11-08 13:00:00,Girona,Alaves,1,0,1.26365,2.00772,H
2025,2025-11-08 15:15:00,Sevilla,Osasuna,1,0,1.22271,0.967352,H
2025,2025-11-08 17:30:00,Atletico Madrid,Levante,3,1,3.03599,1.29112,H
2025,2025-11-08 20:00:00,Espanyol,Villarreal,0,2,0.476157,1.47118,A
2025,2025-11-09 13:00:00,Athletic Club,Real Oviedo,1,0,2.65219,0.182696,H
2025,2025-11-09 15:15:00,Rayo Vallecano,Real Madrid,0,0,1.60641,0.841463,D
2025,2025-11-09 17:30:00,Valencia,Real Betis,1,1,1.95148,1.58932,D
2025,2025-11-09 17:30:00,Mallorca,Getafe,1,0,1.30353,0.539674,H
2025,2025-11-09 20:00:00,Celta Vigo,Barcelona,2,4,0.512253,3.42936,A
2025,2025-11-21 20:00:00,Valencia,Levante,1,0,1.65038,0.67426,H
2025,2025-11-22 13:00:00,Alaves,Celta Vigo,0,1,0.3056,1.32351,A
2025,2025-11-22 15:15:00,Barcelona,Athletic Club,4,0,2.32922,1.04615,H
2025,2025-11-22 17:30:00,Osasuna,Real Sociedad,1,3,1.27964,1.76546,A
2025,2025-11-22 20:00:00,Villarreal,Mallorca,2,1,2.6371,1.38464,H
2025,2025-11-23 13:00:00,Real Oviedo,Rayo Vallecano,0,0,0.499406,0.922998,D
2025,2025-11-23 15:15:00,Real Betis,Girona,1,1,1.5784,1.48903,D
2025,2025-11-23 17:30:00,Getafe,Atletico Madrid,0,1,0.578828,1.47677,A
2025,2025-11-23 20:00:00,Elche,Real Madrid,2,2,1.59518,3.88258,D
2025,2025-11-24 20:00:00,Espanyol,Sevilla,2,1,1.16625,1.80002,H
2025,2025-11-28 20:00:00,Getafe,Elche,1,0,1.34046,0.448894,H
2025,2025-11-29 13:00:00,Mallorca,Osasuna,2,2,1.10581,1.11108,D
2025,2025-11-29 15:15:00,Barcelona,Alaves,3,1,2.51096,2.09256,H
2025,2025-11-29 17:30:00,Levante,Athletic Club,0,2,1.20253,2.80864,A
2025,2025-11-29 20:00:00,Atletico Madrid,Real Oviedo,2,0,2.40693,0.921985,H
2025,2025-11-30 13:00:00,Real Sociedad,Villarreal,2,3,1.3715,1.63038,A
2025,2025-11-30 15:15:00,Sevilla,Real Betis,0,2,0.735196,1.17861,A
2025,2025-11-30 17:30:00,Celta Vigo,Espanyol,0,1,0.635572,0.599243,A
2025,2025-11-30 20:00:00,Girona,Real Madrid,1,1,1.05171,2.21359,D
2025,2025-12-01 20:00:00,Rayo Vallecano,Valencia,1,1,2.13298,0.897663,D
2025,2025-12-02 20:00:00,Barcelona,Atletico Madrid,3,1,3.46121,1.35018,H
2025,2025-12-03 18:00:00,Athletic Club,Real Madrid,0,3,0.917315,2.36743,A
2025,2025-12-05 20:00:00,Real Oviedo,Mallorca,0,0,1.60009,0.617185,D
2025,2025-12-06 13:00:00,Villarreal,Getafe,2,0,0.816941,0.282254,H
2025,2025-12-06 15:15:00,Alaves,Real Sociedad,1,0,1.88765,1.09935,H
2025,2025-12-06 17:30:00,Real Betis,Barcelona,3,5,2.74214,3.30288,A
2025,2025-12-06 20:00:00,Athletic Club,Atletico Madrid,1,0,1.18636,0.771885,H
2025,2025-12-07 13:00:00,Elche,Girona,3,0,1.59513,0.781043,H
2025,2025-12-07 15:15:00,Valencia,Sevilla,1,1,1.23901,0.635478,D
2025,2025-12-07 17:30:00,Espanyol,Rayo Vallecano,1,0,1.57985,0.285545,H
2025,2025-12-07 20:00:00,Real Madrid,Celta Vigo,0,2,2.41681,1.60908,A
2025,2025-12-08 20:00:00,Osasuna,Levante,2,0,1.74988,0.544977,H
2025,2025-12-12 20:00:00,Real Sociedad,Girona,1,2,1.02349,1.16894,A
2025,2025-12-13 13:00:00,Atletico Madrid,Valencia,2,1,2.07076,1.26068,H
2025,2025-12-13 15:15:00,Mallorca,Elche,3,1,2.581,0.311674,H
2025,2025-12-13 17:30:00,Barcelona,Osasuna,2,0,2.14468,0.228217,H
2025,2025-12-13 20:00:00,Getafe,Espanyol,0,1,0.305925,0.75472,A
2025,2025-12-14 13:00:00,Sevilla,Real Oviedo,4,0,2.31899,0.416975,H
2025,2025-12-14 15:15:00,Celta Vigo,Athletic Club,2,0,1.97074,1.66561,H
2025,2025-12-14 20:00:00,Alaves,Real Madrid,1,2,1.313,1.90656,A
2025,2025-12-15 20:00:00,Rayo Vallecano,Real Betis,0,0,2.1848,0.788766,D
2025,2025-12-19 20:00:00,Valencia,Mallorca,1,1,2.16012,0.199412,D
2025,2025-12-20 13:00:00,Real Oviedo,Celta Vigo,0,0,0.517531,0.600009,D
2025,2025-12-20 15:15:00,Levante,Real Sociedad,1,1,1.22005,1.62986,D
2025,2025-12-20 17:30:00,Osasuna,Alaves,3,0,2.39145,0.718671,H
2025,2025-12-20 20:00:00,Real Madrid,Sevilla,2,0,4.00139,1.51418,H
2025,2025-12-21 13:00:00,Girona,Atletico Madrid,0,3,1.11565,1.26201,A
2025,2025-12-21 15:15:00,Villarreal,Barcelona,0,2,2.16466,3.27381,A
2025,2025-12-21 17:30:00,Elche,Rayo Vallecano,4,0,3.66996,1.14923,H
2025,2025-12-21 20:00:00,Real Betis,Getafe,4,0,3.46022,1.24726,H
2025,2025-12-22 20:00:00,Athletic Club,Espanyol,1,2,1.72282,0.908988,A
2025,2026-01-02 20:00:00,Rayo Vallecano,Getafe,1,1,0.662324,0.663898,D
2025,2026-01-03 13:00:00,Celta Vigo,Valencia,4,1,2.59029,1.79296,H
2025,2026-01-03 15:15:00,Osasuna,Athletic Club,1,1,0.868051,1.554,D
2025,2026-01-03 17:30:00,Elche,Villarreal,1,3,1.52119,2.635,A
2025,2026-01-03 20:00:00,Espanyol,Barcelona,0,2,1.79661,2.94252,A
2025,2026-01-04 13:00:00,Sevilla,Levante,0,3,1.66562,1.65102,A
2025,2026-01-04 15:15:00,Real Madrid,Real Betis,5,1,3.0073,0.974623,H
2025,2026-01-04 17:30:00,Alaves,Real Oviedo,1,1,1.56756,3.21906,D
2025,2026-01-04 17:30:00,Mallorca,Girona,1,2,1.48338,1.45714,A
2025,2026-01-04 20:00:00,Real Sociedad,Atletico Madrid,1,1,1.70649,1.37325,D
2025,2026-01-09 20:00:00,Getafe,Real Sociedad,1,2,0.240168,1.25801,A
2025,2026-01-10 13:00:00,Real Oviedo,Real Betis,1,1,1.01026,2.70809,D
2025,2026-01-10 15:15:00,Villarreal,Alaves,3,1,1.38322,0.844572,H
2025,2026-01-10 17:30:00,Girona,Osasuna,1,0,0.984024,1.22674,H
2025,2026-01-10 20:00:00,Valencia,Elche,1,1,2.04147,0.244413,D
2025,2026-01-11 13:00:00,Rayo Vallecano,Mallorca,2,1,2.05105,1.05743,H
2025,2026-01-11 15:15:00,Levante,Espanyol,1,1,1.18232,1.58922,D
2025,2026-01-12 20:00:00,Sevilla,Celta Vigo,0,1,0.262521,2.07629,A
2025,2026-01-16 20:00:00,Espanyol,Girona,0,2,1.26738,1.82377,A
2025,2026-01-17 13:00:00,Real Madrid,Levante,2,0,2.54865,0.787501,H
2025,2026-01-17 15:15:00,Mallorca,Athletic Club,3,2,3.11432,2.28242,H
2025,2026-01-17 17:30:00,Osasuna,Real Oviedo,3,2,2.03551,1.36173,H
2025,2026-01-17 20:00:00,Real Betis,Villarreal,2,0,1.34951,1.17907,H
2025,2026-01-18 13:00:00,Getafe,Valencia,0,1,0.584591,0.746856,A
2025,2026-01-18 15:15:00,Atletico Madrid,Alaves,1,0,1.7743,1.21004,H
2025,2026-01-18 17:30:00,Celta Vigo,Rayo Vallecano,3,0,1.90274,1.31932,H
2025,2026-01-18 20:00:00,Real Sociedad,Barcelona,2,1,1.55875,3.92031,H
2025,2026-01-19 20:00:00,Elche,Sevilla,2,2,1.48075,2.4961,D
2025,2026-01-23 20:00:00,Levante,Elche,3,2,3.24455,0.632971,H
2025,2026-01-24 13:00:00,Rayo Vallecano,Osasuna,1,3,0.669564,1.36861,A
2025,2026-01-24 15:15:00,Valencia,Espanyol,3,2,2.76956,1.75941,H
2025,2026-01-24 17:30:00,Sevilla,Athletic Club,2,1,1.43055,1.91259,H
2025,2026-01-24 20:00:00,Villarreal,Real Madrid,0,2,0.952831,1.62206,A
2025,2026-01-25 13:00:00,Atletico Madrid,Mallorca,3,0,1.42501,0.367893,H
2025,2026-01-25 15:15:00,Barcelona,Real Oviedo,3,0,2.59917,0.486404,H
2025,2026-01-25 17:30:00,Real Sociedad,Celta Vigo,3,1,2.15496,1.63115,H
2025,2026-01-25 20:00:00,Alaves,Real Betis,2,1,1.67102,1.78662,H
2025,2026-01-26 20:00:00,Girona,Getafe,1,1,1.01571,1.1089,D
2025,2026-01-30 20:00:00,Espanyol,Alaves,1,2,1.20096,1.32248,A
2025,2026-01-31 13:00:00,Real Oviedo,Girona,1,0,1.26601,0.664225,H
2025,2026-01-31 15:15:00,Osasuna,Villarreal,2,2,2.13467,0.911128,D
2025,2026-01-31 17:30:00,Levante,Atletico Madrid,0,0,0.41109,0.615283,D
2025,2026-01-31 20:00:00,Elche,Barcelona,1,3,0.839,7.11049,A
2025,2026-02-01 13:00:00,Real Madrid,Rayo Vallecano,2,1,2.30208,1.06935,H
2025,2026-02-01 15:15:00,Real Betis,Valencia,2,1,2.16883,1.88674,H
2025,2026-02-01 17:30:00,Getafe,Celta Vigo,0,0,0.499866,0.256881,D
2025,2026-02-01 20:00:00,Athletic Club,Real Sociedad,1,1,0.893754,1.58578,D
2025,2026-02-02 20:00:00,Mallorca,Sevilla,4,1,3.04346,1.24318,H
2025,2026-02-06 20:00:00,Celta Vigo,Osasuna,1,2,2.0351,1.00253,A
2025,2026-02-07 15:15:00,Barcelona,Mallorca,3,0,2.48168,1.01087,H
2025,2026-02-07 20:00:00,Real Sociedad,Elche,3,1,1.7719,1.08664,H
2025,2026-02-08 13:00:00,Alaves,Getafe,0,2,3.01162,1.7859,A
2025,2026-02-08 15:15:00,Athletic Club,Levante,4,2,2.77377,0.615311,H
2025,2026-02-08 15:15:00,Sevilla,Girona,1,1,0.958247,2.60199,D
2025,2026-02-08 17:30:00,Atletico Madrid,Real Betis,0,1,0.625525,0.839838,A
2025,2026-02-08 20:00:00,Valencia,Real Madrid,0,2,0.571838,1.04576,A
2025,2026-02-09 20:00:00,Villarreal,Espanyol,4,1,1.53925,0.744747,H
2025,2026-02-13 20:00:00,Elche,Osasuna,0,0,2.33332,0.81264,D
2025,2026-02-14 13:00:00,Espanyol,Celta Vigo,2,2,1.16112,2.81494,D
2025,2026-02-14 15:15:00,Getafe,Villarreal,2,1,1.61761,0.969388,H
2025,2026-02-14 17:30:00,Sevilla,Alaves,1,1,0.354256,1.38983,D
2025,2026-02-14 20:00:00,Real Madrid,Real Sociedad,4,1,3.05918,1.66018,H
2025,2026-02-15 13:00:00,Real Oviedo,Athletic Club,1,2,0.861013,1.20566,A
2025,2026-02-15 15:15:00,Rayo Vallecano,Atletico Madrid,3,0,2.75329,0.752854,H
2025,2026-02-15 17:30:00,Levante,Valencia,0,2,1.45737,0.743814,A
2025,2026-02-15 20:00:00,Mallorca,Real Betis,1,2,0.731317,2.04841,A
2025,2026-02-16 20:00:00,Girona,Barcelona,2,1,2.8897,2.69655,H
2025,2026-02-18 19:00:00,Levante,Villarreal,0,1,0.774339,2.40024,A
2025,2026-02-20 20:00:00,Athletic Club,Elche,2,1,3.38352,0.783583,H
2025,2026-02-21 13:00:00,Real Sociedad,Real Oviedo,3,3,2.77486,1.75088,D
2025,2026-02-21 15:15:00,Real Betis,Rayo Vallecano,1,1,2.13548,1.30345,D
2025,2026-02-21 17:30:00,Osasuna,Real Madrid,2,1,2.31248,2.02307,H
2025,2026-02-21 20:00:00,Atletico Madrid,Espanyol,4,2,3.28587,1.04114,H
2025,2026-02-22 13:00:00,Getafe,Sevilla,0,1,0.250539,0.283172,A
2025,2026-02-22 15:15:00,Barcelona,Levante,3,0,4.24402,0.602552,H
2025,2026-02-22 17:30:00,Celta Vigo,Mallorca,2,0,2.93904,0.0207331,H
2025,2026-02-22 20:00:00,Villarreal,Valencia,2,1,2.38144,1.91256,H
2025,2026-02-23 20:00:00,Alaves,Girona,2,2,2.1366,2.05717,D
2025,2026-02-27 20:00:00,Levante,Alaves,2,0,2.77253,1.29855,H
2025,2026-02-28 13:00:00,Rayo Vallecano,Athletic Club,1,1,1.35951,0.428457,D
2025,2026-02-28 15:15:00,Barcelona,Villarreal,4,1,3.54743,1.36182,H
2025,2026-02-28 17:30:00,Mallorca,Real Sociedad,0,1,0.754182,0.929702,A
2025,2026-02-28 20:00:00,Real Oviedo,Atletico Madrid,0,1,1.50089,0.853142,A
2025,2026-03-01 13:00:00,Elche,Espanyol,2,2,1.82376,0.834858,D
2025,2026-03-01 15:15:00,Valencia,Osasuna,1,0,1.31076,0.259132,H
2025,2026-03-01 17:30:00,Real Betis,Sevilla,2,2,1.48441,0.656164,D
2025,2026-03-01 20:00:00,Girona,Celta Vigo,1,2,1.57036,0.697106,A
2025,2026-03-02 20:00:00,Real Madrid,Getafe,0,1,2.02274,0.476324,A
2025,2026-03-04 18:00:00,Rayo Vallecano,Real Oviedo,3,0,2.55086,1.01052,H
2025,2026-03-06 20:00:00,Celta Vigo,Real Madrid,1,2,0.910298,0.637644,A
2025,2026-03-07 13:00:00,Osasuna,Mallorca,2,2,3.09031,1.03165,D
2025,2026-03-07 15:15:00,Levante,Girona,1,1,0.819009,1.917,D
2025,2026-03-07 17:30:00,Atletico Madrid,Real Sociedad,3,2,3.57972,0.313932,H
2025,2026-03-07 20:00:00,Athletic Club,Barcelona,0,1,1.04698,0.560009,A
2025,2026-03-08 13:00:00,Villarreal,Elche,2,1,2.30632,1.62051,H
2025,2026-03-08 15:15:00,Getafe,Real Betis,2,0,0.821088,1.24912,H
2025,2026-03-08 17:30:00,Sevilla,Rayo Vallecano,1,1,1.14573,0.211673,D
2025,2026-03-08 20:00:00,Valencia,Alaves,3,2,2.51657,1.60795,H
2025,2026-03-09 20:00:00,Espanyol,Real Oviedo,1,1,1.55092,0.886689,D
2025,2026-03-13 20:00:00,Alaves,Villarreal,1,1,0.287232,0.873846,D
2025,2026-03-14 13:00:00,Girona,Athletic Club,3,0,2.19442,1.97271,H
2025,2026-03-14 15:15:00,Atletico Madrid,Getafe,1,0,2.14469,1.58248,H
2025,2026-03-14 17:30:00,Real Oviedo,Valencia,1,0,1.8648,0.486871,H
2025,2026-03-14 20:00:00,Real Madrid,Elche,4,1,1.72531,1.3711,H
2025,2026-03-15 13:00:00,Mallorca,Espanyol,2,1,2.1497,1.35243,H
2025,2026-03-15 15:15:00,Barcelona,Sevilla,5,2,3.8639,1.04304,H
2025,2026-03-15 17:30:00,Real Betis,Celta Vigo,1,1,1.87752,0.646702,D
2025,2026-03-15 20:00:00,Real Sociedad,Osasuna,3,1,2.91429,0.615126,H
2025,2026-03-16 20:00:00,Rayo Vallecano,Levante,1,1,1.68134,1.45599,D
2025,2026-03-20 20:00:00,Villarreal,Real Sociedad,3,1,3.35586,0.894953,H
2025,2026-03-21 13:00:00,Elche,Mallorca,2,1,1.51605,1.51939,H
2025,2026-03-21 15:15:00,Espanyol,Getafe,1,2,1.51208,2.06384,A
2025,2026-03-21 17:30:00,Levante,Real Oviedo,4,2,2.92669,1.33569,H
2025,2026-03-21 17:30:00,Osasuna,Girona,1,0,2.26232,0.232115,H
2025,2026-03-21 20:00:00,Sevilla,Valencia,0,2,0.505411,1.7133,A
2025,2026-03-22 13:00:00,Barcelona,Rayo Vallecano,1,0,1.92205,2.19631,H
2025,2026-03-22 15:15:00,Celta Vigo,Alaves,3,4,1.70969,1.67221,A
2025,2026-03-22 17:30:00,Athletic Club,Real Betis,2,1,1.92715,0.591202,H
2025,2026-03-22 20:00:00,Real Madrid,Atletico Madrid,3,2,2.96605,1.40234,H
2025,2026-04-03 19:00:00,Rayo Vallecano,Elche,1,0,1.51493,0.601974,H
2025,2026-04-04 12:00:00,Real Sociedad,Levante,2,0,2.96404,0.320219,H
2025,2026-04-04 14:15:00,Mallorca,Real Madrid,2,1,1.03875,1.51454,H
2025,2026-04-04 16:30:00,Real Betis,Espanyol,0,0,2.00215,0.144091,D
2025,2026-04-04 19:00:00,Atletico Madrid,Barcelona,1,2,0.919286,2.68584,A
2025,2026-04-05 12:00:00,Getafe,Athletic Club,2,0,1.96345,0.524379,H
2025,2026-04-05 14:15:00,Valencia,Celta Vigo,2,3,0.720964,1.457,A
2025,2026-04-05 16:30:00,Real Oviedo,Sevilla,1,0,0.785105,0.840736,H
2025,2026-04-05 19:00:00,Alaves,Osasuna,2,2,1.65967,1.61149,D
2025,2026-04-06 19:00:00,Girona,Villarreal,1,0,0.653493,0.443518,H
2025,2026-04-10 19:00:00,Real Madrid,Girona,1,1,1.98086,0.46667,D
2025,2026-04-11 12:00:00,Real Sociedad,Alaves,3,3,1.295,1.206,D
2025,2026-04-11 14:15:00,Elche,Valencia,1,0,1.03489,2.76889,H
2025,2026-04-11 16:30:00,Barcelona,Espanyol,4,1,3.30789,1.13134,H
2025,2026-04-11 19:00:00,Sevilla,Atletico Madrid,2,1,1.6578,0.855474,H
2025,2026-04-12 12:00:00,Osasuna,Real Betis,1,1,1.52928,0.411183,D
2025,2026-04-12 14:15:00,Mallorca,Rayo Vallecano,3,0,2.54659,1.97051,H
2025,2026-04-12 16:30:00,Celta Vigo,Real Oviedo,0,3,1.15878,2.12846,A
2025,2026-04-12 19:00:00,Athletic Club,Villarreal,1,2,1.31935,1.55144,A
2025,2026-04-13 19:00:00,Levante,Getafe,1,0,3.32797,0.290983,H
2025,2026-04-21 18:00:00,Athletic Club,Osasuna,1,0,0.49013,1.39553,H
2025,2026-04-21 18:00:00,Mallorca,Valencia,1,1,2.24468,1.39393,D
2025,2026-04-21 19:30:00,Girona,Real Betis,2,3,1.72891,1.24954,A
2025,2026-04-21 19:30:00,Real Madrid,Alaves,2,1,1.504,1.62967,H
2025,2026-04-22 17:00:00,Elche,Atletico Madrid,3,2,3.62854,0.846836,H
2025,2026-04-22 18:00:00,Real Sociedad,Getafe,0,1,1.90157,0.215233,A
2025,2026-04-22 19:30:00,Barcelona,Celta Vigo,1,0,1.54451,1.07392,H
2025,2026-04-23 17:00:00,Levante,Sevilla,2,0,1.2081,0.444478,H
2025,2026-04-23 18:00:00,Rayo Vallecano,Espanyol,1,0,2.06977,1.68535,H
2025,2026-04-23 19:30:00,Real Oviedo,Villarreal,1,1,2.52849,3.25021,D
2025,2026-04-24 19:00:00,Real Betis,Real Madrid,1,1,1.01953,1.09576,D
2025,2026-04-25 12:00:00,Alaves,Mallorca,2,1,1.40767,0.221499,H
2025,2026-04-25 14:15:00,Getafe,Barcelona,0,2,0.607664,2.05171,A
2025,2026-04-25 16:30:00,Valencia,Girona,2,1,2.31263,1.38799,H
2025,2026-04-25 19:00:00,Atletico Madrid,Athletic Club,3,2,2.47955,0.970599,H
2025,2026-04-26 12:00:00,Rayo Vallecano,Real Sociedad,3,3,3.18496,2.39684,D
2025,2026-04-26 14:15:00,Real Oviedo,Elche,1,2,0.772271,0.621829,A
2025,2026-04-26 16:30:00,Osasuna,Sevilla,2,1,2.14254,0.553816,H
2025,2026-04-26 19:00:00,Villarreal,Celta Vigo,2,1,2.409,2.05297,H
2025,2026-04-27 19:00:00,Espanyol,Levante,0,0,0.853225,1.38559,D
2025,2026-05-01 19:00:00,Girona,Mallorca,0,1,1.77655,1.30537,A
2025,2026-05-02 12:00:00,Villarreal,Levante,5,1,2.47953,0.801231,H
2025,2026-05-02 14:15:00,Valencia,Atletico Madrid,0,2,0.778471,1.80568,A
2025,2026-05-02 16:30:00,Alaves,Athletic Club,2,4,0.613172,0.895921,A
2025,2026-05-02 19:00:00,Osasuna,Barcelona,1,2,1.28813,1.56763,A
2025,2026-05-03 12:00:00,Celta Vigo,Elche,3,1,1.4443,1.64767,H
2025,2026-05-03 14:15:00,Getafe,Rayo Vallecano,0,2,1.35219,0.954171,A
2025,2026-05-03 16:30:00,Real Betis,Real Oviedo,3,0,1.86882,1.14971,H
2025,2026-05-03 19:00:00,Espanyol,Real Madrid,0,2,1.09007,1.5023,A
2025,2026-05-04 19:00:00,Sevilla,Real Sociedad,1,0,1.32018,0.166837,H
2025,2026-05-08 19:00:00,Levante,Osasuna,3,2,3.53052,0.500111,H
2025,2026-05-09 12:00:00,Elche,Alaves,1,1,2.08849,2.45633,D
2025,2026-05-09 14:15:00,Sevilla,Espanyol,2,1,1.41747,0.402373,H
2025,2026-05-09 16:30:00,Atletico Madrid,Celta Vigo,0,1,2.78506,0.292392,A
2025,2026-05-09 19:00:00,Real Sociedad,Real Betis,2,2,2.66557,1.78903,D
2025,2026-05-10 12:00:00,Mallorca,Villarreal,1,1,1.54058,0.9943,D
2025,2026-05-10 14:15:00,Athletic Club,Valencia,0,1,0.935199,1.49759,A
2025,2026-05-10 16:30:00,Real Oviedo,Getafe,0,0,0.570226,1.40609,D
2025,2026-05-10 19:00:00,Barcelona,Real Madrid,2,0,1.72002,0.562101,H
2025,2026-05-11 19:00:00,Rayo Vallecano,Girona,1,1,1.79488,1.12895,D
2025,2026-05-12 17:00:00,Celta Vigo,Levante,2,3,1.92053,1.52943,A
2025,2026-05-12 18:00:00,Real Betis,Elche,2,1,1.97559,0.342743,H
2025,2026-05-12 19:30:00,Osasuna,Atletico Madrid,1,2,2.41049,1.8226,A
2025,2026-05-13 17:00:00,Espanyol,Athletic Club,2,0,0.8471,0.886467,H
2025,2026-05-13 17:00:00,Villarreal,Sevilla,2,3,0.952333,0.917489,A
2025,2026-05-13 19:30:00,Alaves,Barcelona,1,0,0.95347,0.356356,H
2025,2026-05-13 19:30:00,Getafe,Mallorca,3,1,1.82108,0.412059,H
2025,2026-05-14 17:00:00,Valencia,Rayo Vallecano,1,1,0.938336,1.53041,D
2025,2026-05-14 18:00:00,Girona,Real Sociedad,1,1,2.68586,0.553216,D
2025,2026-05-14 19:30:00,Real Madrid,Real Oviedo,2,0,1.74088,1.18679,H
2025,2026-05-17 17:00:00,Athletic Club,Celta Vigo,1,1,2.90368,0.307867,D
2025,2026-05-17 17:00:00,Barcelona,Real Betis,3,1,1.59946,0.985477,H
2025,2026-05-17 17:00:00,Atletico Madrid,Girona,1,0,2.70772,2.0015,H
2025,2026-05-17 17:00:00,Real Sociedad,Valencia,3,4,1.30267,1.99329,A
2025,2026-05-17 17:00:00,Real Oviedo,Alaves,0,1,0.631265,1.28286,A
2025,2026-05-17 17:00:00,Osasuna,Espanyol,1,2,1.81152,0.947142,A
2025,2026-05-17 17:00:00,Sevilla,Real Madrid,0,1,0.683481,1.47378,A
2025,2026-05-17 17:00:00,Levante,Mallorca,2,0,2.43681,0.438978,H
2025,2026-05-17 17:00:00,Rayo Vallecano,Villarreal,2,0,1.92496,0.654975,H
2025,2026-05-17 17:00:00,Elche,Getafe,1,0,0.691836,0.0944069,H
2025,2026-05-23 19:00:00,Girona,Elche,1,1,0.668034,0.495408,D
2025,2026-05-23 19:00:00,Valencia,Barcelona,3,1,1.83367,1.29336,H
2025,2026-05-23 19:00:00,Getafe,Osasuna,1,0,0.264137,0.800038,H
2025,2026-05-23 19:00:00,Real Madrid,Athletic Club,4,2,1.95397,1.4543,H
2025,2026-05-23 19:00:00,Mallorca,Real Oviedo,3,0,3.50774,0.243154,H
2025,2026-05-23 19:00:00,Celta Vigo,Sevilla,1,0,1.61801,0.755735,H
2025,2026-05-23 19:00:00,Real Betis,Levante,2,1,1.8664,2.36717,H
2025,2026-05-23 19:00:00,Alaves,Rayo Vallecano,1,2,1.72468,1.64691,A
2025,2026-05-23 19:00:00,Espanyol,Real Sociedad,1,1,2.14307,1.23238,D
2025,2026-05-24 19:00:00,Villarreal,Atletico Madrid,5,1,2.80441,1.58431,H
