season,team,tm_name,player_id,player_name,value_m
2018,Barcelona,FC Barcelona,74857,Marc-André ter Stegen,90.0
2018,Barcelona,FC Barcelona,146227,Jasper Cillessen,18.0
2018,Barcelona,FC Barcelona,283170,Iñaki Peña,1.0
2018,Barcelona,FC Barcelona,379548,Jokin Ezkieta,0.2
2018,Barcelona,FC Barcelona,182904,Clément Lenglet,60.0
2018,Barcelona,FC Barcelona,126540,Samuel Umtiti,45.0
2018,Barcelona,FC Barcelona,18944,Gerard Piqué,35.0
2018,Barcelona,FC Barcelona,131102,Jeison Murillo,10.0
2018,Barcelona,FC Barcelona,605184,Jean-Clair Todibo,8.0
2018,Barcelona,FC Barcelona,15904,Thomas Vermaelen,2.5
2018,Barcelona,FC Barcelona,333361,Chumi,2.5
2018,Barcelona,FC Barcelona,494880,Jorge Cuenca,1.0
2018,Barcelona,FC Barcelona,69751,Jordi Alba,50.0
2018,Barcelona,FC Barcelona,341227,Juan Miranda,5.0
2018,Barcelona,FC Barcelona,231572,Nélson Semedo,40.0
2018,Barcelona,FC Barcelona,364240,Moussa Wagué,5.0
2018,Barcelona,FC Barcelona,331508,Guillem Jaime,0.2
2018,Barcelona,FC Barcelona,65230,Sergio Busquets,50.0
2018,Barcelona,FC Barcelona,282721,Uri Busquets,2.5
2018,Barcelona,FC Barcelona,181112,Sergi Samper,1.5
2018,Barcelona,FC Barcelona,362842,Arthur Melo,70.0
2018,Barcelona,FC Barcelona,85370,Sergi Roberto,50.0
2018,Barcelona,FC Barcelona,32467,Ivan Rakitic,40.0
2018,Barcelona,FC Barcelona,284854,Carles Aleñá,30.0
2018,Barcelona,FC Barcelona,37666,Arturo Vidal,15.0
2018,Barcelona,FC Barcelona,331511,Riqui Puig,10.0
2018,Barcelona,FC Barcelona,80444,Philippe Coutinho,90.0
2018,Barcelona,FC Barcelona,129473,Rafinha,15.0
2018,Barcelona,FC Barcelona,165007,Denis Suárez,12.0
2018,Barcelona,FC Barcelona,16922,Kevin-Prince Boateng,7.0
2018,Barcelona,FC Barcelona,282722,Álex Collado,1.0
2018,Barcelona,FC Barcelona,28003,Lionel Messi,150.0
2018,Barcelona,FC Barcelona,323704,Malcom,40.0
2018,Barcelona,FC Barcelona,223725,Munir El Haddadi,10.0
2018,Barcelona,FC Barcelona,282810,Carles Pérez,1.5
2018,Barcelona,FC Barcelona,288230,Ousmane Dembélé,100.0
2018,Barcelona,FC Barcelona,44352,Luis Suárez,50.0
2018,Barcelona,FC Barcelona,126716,Paco Alcácer,37.0
2018,Barcelona,FC Barcelona,340376,Abel Ruiz,3.0
2018,Atletico Madrid,Atlético de Madrid,121483,Jan Oblak,100.0
2018,Atletico Madrid,Atlético de Madrid,44062,Antonio Adán,1.5
2018,Atletico Madrid,Atlético de Madrid,396341,Álex dos Santos,0.2
2018,Atletico Madrid,Atlético de Madrid,250845,José María Giménez,70.0
2018,Atletico Madrid,Atlético de Madrid,107010,Stefan Savic,35.0
2018,Atletico Madrid,Atlético de Madrid,54928,Diego Godín,20.0
2018,Atletico Madrid,Atlético de Madrid,396333,Javi Montero,10.0
2018,Atletico Madrid,Atlético de Madrid,491693,Nehuén Pérez,2.5
2018,Atletico Madrid,Atlético de Madrid,354697,Tachi,0.3
2018,Atletico Madrid,Atlético de Madrid,281963,Lucas Hernández,70.0
2018,Atletico Madrid,Atlético de Madrid,21725,Filipe Luís,3.0
2018,Atletico Madrid,Atlético de Madrid,120443,Santiago Arias,18.0
2018,Atletico Madrid,Atlético de Madrid,16635,Juanfran Torres,3.0
2018,Atletico Madrid,Atlético de Madrid,461618,Andrés Solano,0.2
2018,Atletico Madrid,Atlético de Madrid,396324,Carlos Isaac,0.2
2018,Atletico Madrid,Atlético de Madrid,357565,Rodri,80.0
2018,Atletico Madrid,Atlético de Madrid,230784,Thomas Partey,50.0
2018,Atletico Madrid,Atlético de Madrid,148928,Saúl Ñíguez,90.0
2018,Atletico Madrid,Atlético de Madrid,74229,Koke,70.0
2018,Atletico Madrid,Atlético de Madrid,242299,Roberto Olabe,0.8
2018,Atletico Madrid,Atlético de Madrid,295065,Toni Moya,0.3
2018,Atletico Madrid,Atlético de Madrid,442802,Cristian Rodríguez,0.25
2018,Atletico Madrid,Atlético de Madrid,396327,Mikel Carro,0.15
2018,Atletico Madrid,Atlético de Madrid,205562,Thomas Lemar,40.0
2018,Atletico Madrid,Atlético de Madrid,67082,Vitolo,18.0
2018,Atletico Madrid,Atlético de Madrid,396334,Joaquín Muñoz,0.3
2018,Atletico Madrid,Atlético de Madrid,257448,Gelson Martins,28.0
2018,Atletico Madrid,Atlético de Madrid,505673,Víctor Mollejo,2.5
2018,Atletico Madrid,Atlético de Madrid,125781,Antoine Griezmann,130.0
2018,Atletico Madrid,Atlético de Madrid,266807,Ángel Correa,35.0
2018,Atletico Madrid,Atlético de Madrid,128223,Álvaro Morata,50.0
2018,Atletico Madrid,Atlético de Madrid,44779,Diego Costa,25.0
2018,Atletico Madrid,Atlético de Madrid,36371,Nikola Kalinić,10.0
2018,Atletico Madrid,Atlético de Madrid,566036,Borja Garcés,3.0
2018,Atletico Madrid,Atlético de Madrid,505674,Sergio Camello,2.5
2018,Real Madrid,Real Madrid,108390,Thibaut Courtois,55.0
2018,Real Madrid,Real Madrid,79422,Keylor Navas,10.0
2018,Real Madrid,Real Madrid,404839,Andriy Lunin,7.5
2018,Real Madrid,Real Madrid,27486,Kiko Casilla,3.0
2018,Real Madrid,Real Madrid,283489,Luca Zidane,1.0
2018,Real Madrid,Real Madrid,164770,Raphaël Varane,70.0
2018,Real Madrid,Real Madrid,25557,Sergio Ramos,25.0
2018,Real Madrid,Real Madrid,58884,Nacho Fernández,25.0
2018,Real Madrid,Real Madrid,251896,Jesús Vallejo,10.0
2018,Real Madrid,Real Madrid,340853,Javi Sánchez,2.0
2018,Real Madrid,Real Madrid,341263,Adrián Dela,0.3
2018,Real Madrid,Real Madrid,44501,Marcelo,25.0
2018,Real Madrid,Real Madrid,282429,Sergio Reguilón,15.0
2018,Real Madrid,Real Madrid,341264,Fran García,0.25
2018,Real Madrid,Real Madrid,138927,Daniel Carvajal,50.0
2018,Real Madrid,Real Madrid,221316,Lucas Vázquez,25.0
2018,Real Madrid,Real Madrid,280730,Álvaro Odriozola,25.0
2018,Real Madrid,Real Madrid,282411,Marcos Llorente,20.0
2018,Real Madrid,Real Madrid,16306,Casemiro,60.0
2018,Real Madrid,Real Madrid,31909,Toni Kroos,60.0
2018,Real Madrid,Real Madrid,319745,Dani Ceballos,30.0
2018,Real Madrid,Real Madrid,27992,Luka Modrić,20.0
2018,Real Madrid,Real Madrid,369081,Federico Valverde,20.0
2018,Real Madrid,Real Madrid,261503,Álvaro Fidalgo,0.3
2018,Real Madrid,Real Madrid,340864,Jaume Grau,0.3
2018,Real Madrid,Real Madrid,340867,Jaime Seoane,0.25
2018,Real Madrid,Real Madrid,296622,Marco Asensio,60.0
2018,Real Madrid,Real Madrid,85288,Isco,60.0
2018,Real Madrid,Real Madrid,458466,Franchu,0.2
2018,Real Madrid,Real Madrid,371998,Vinicius Junior,70.0
2018,Real Madrid,Real Madrid,339707,Cristo,5.0
2018,Real Madrid,Real Madrid,39381,Gareth Bale,60.0
2018,Real Madrid,Real Madrid,314678,Brahim Díaz,17.0
2018,Real Madrid,Real Madrid,18922,Karim Benzema,40.0
2018,Real Madrid,Real Madrid,225020,Mariano Díaz,20.0
2018,Real Madrid,Real Madrid,298976,Borja Mayoral,4.0
2018,Valencia,Valencia CF,111819,Neto,18.0
2018,Valencia,Valencia CF,227805,Jaume Doménech,2.5
2018,Valencia,Valencia CF,398131,Cristian Rivero,0.25
2018,Valencia,Valencia CF,149498,Gabriel Paulista,20.0
2018,Valencia,Valencia CF,346289,Mouctar Diakhaby,20.0
2018,Valencia,Valencia CF,131102,Jeison Murillo,10.0
2018,Valencia,Valencia CF,163086,Cristiano Piccini,10.0
2018,Valencia,Valencia CF,35939,Ezequiel Garay,8.0
2018,Valencia,Valencia CF,257851,Rúben Vezo,6.0
2018,Valencia,Valencia CF,61546,Facundo Roncaglia,2.5
2018,Valencia,Valencia CF,221322,José Gayà,50.0
2018,Valencia,Valencia CF,320271,Toni Lato,5.0
2018,Valencia,Valencia CF,423443,Álex Centelles,1.0
2018,Valencia,Valencia CF,127189,Geoffrey Kondogbia,30.0
2018,Valencia,Valencia CF,74869,Francis Coquelin,17.5
2018,Valencia,Valencia CF,417575,Uros Racic,5.0
2018,Valencia,Valencia CF,495629,Hugo Guillamón,0.2
2018,Valencia,Valencia CF,372246,Carlos Soler,50.0
2018,Valencia,Valencia CF,59561,Dani Parejo,30.0
2018,Valencia,Valencia CF,63463,Daniel Wass,14.0
2018,Valencia,Valencia CF,557149,Kang-in Lee,10.0
2018,Valencia,Valencia CF,225122,Gonçalo Guedes,40.0
2018,Valencia,Valencia CF,98322,Denis Cheryshev,6.0
2018,Valencia,Valencia CF,336731,Nacho Gil,0.7
2018,Valencia,Valencia CF,328914,Álex Blanco,0.5
2018,Valencia,Valencia CF,320259,Sito Pascual,0.2
2018,Valencia,Valencia CF,131505,Rodrigo,50.0
2018,Valencia,Valencia CF,255653,Santi Mina,30.0
2018,Valencia,Valencia CF,179184,Michy Batshuayi,30.0
2018,Valencia,Valencia CF,398184,Ferran Torres,20.0
2018,Valencia,Valencia CF,27389,Kévin Gameiro,9.0
2018,Valencia,Valencia CF,85383,Rubén Sobrino,3.0
2018,Valencia,Valencia CF,284883,Fran Navarro,0.3
2018,Sevilla,Sevilla FC,64000,Tomáš Vaclík,18.0
2018,Sevilla,Sevilla FC,207302,Sergio Rico,12.0
2018,Sevilla,Sevilla FC,251892,Juan Soriano,2.5
2018,Sevilla,Sevilla FC,469737,Lucho García,0.25
2018,Sevilla,Sevilla FC,396107,Javi Díaz,0.2
2018,Sevilla,Sevilla FC,263361,Maximilian Wöber,10.0
2018,Sevilla,Sevilla FC,92947,Sergi Gómez,9.0
2018,Sevilla,Sevilla FC,48859,Simon Kjaer,8.0
2018,Sevilla,Sevilla FC,378954,Joris Gnagnon,6.0
2018,Sevilla,Sevilla FC,37712,Daniel Carriço,3.0
2018,Sevilla,Sevilla FC,45319,Gabriel Mercado,2.5
2018,Sevilla,Sevilla FC,41281,Nicolás Pareja,0.5
2018,Sevilla,Sevilla FC,461843,Juan Berrocal,0.5
2018,Sevilla,Sevilla FC,93935,Sergio Escudero,7.5
2018,Sevilla,Sevilla FC,346766,Guilherme Arana,3.0
2018,Sevilla,Sevilla FC,461866,Javi Vázquez,0.1
2018,Sevilla,Sevilla FC,102744,Sébastien Corchia,2.0
2018,Sevilla,Sevilla FC,205503,Ibrahim Amadou,7.0
2018,Sevilla,Sevilla FC,60542,Maxime Gonalons,4.0
2018,Sevilla,Sevilla FC,12249,Éver Banega,15.0
2018,Sevilla,Sevilla FC,202984,Roque Mesa,7.0
2018,Sevilla,Sevilla FC,317482,Marko Rog,6.0
2018,Sevilla,Sevilla FC,15956,Jesús Navas,4.0
2018,Sevilla,Sevilla FC,74230,Pablo Sarabia,40.0
2018,Sevilla,Sevilla FC,76163,Franco Vázquez,15.0
2018,Sevilla,Sevilla FC,67920,Ganso,2.0
2018,Sevilla,Sevilla FC,268949,Borja Lasso,0.7
2018,Sevilla,Sevilla FC,396145,Pepe Mena,0.25
2018,Sevilla,Sevilla FC,182381,Quincy Promes,18.0
2018,Sevilla,Sevilla FC,537382,Bryan Gil,10.0
2018,Sevilla,Sevilla FC,70934,Nolito,2.0
2018,Sevilla,Sevilla FC,223725,Munir El Haddadi,10.0
2018,Sevilla,Sevilla FC,88490,Aleix Vidal,4.0
2018,Sevilla,Sevilla FC,534379,Pejiño,0.3
2018,Sevilla,Sevilla FC,146854,Wissam Ben Yedder,40.0
2018,Sevilla,Sevilla FC,198008,André Silva,22.0
2018,Sevilla,Sevilla FC,119228,Luis Muriel,13.0
2018,Sevilla,Sevilla FC,376486,Marc Gual,1.0
2018,Real Sociedad,Real Sociedad,229604,Gerónimo Rulli,10.0
2018,Real Sociedad,Real Sociedad,26065,Miguel Ángel Moyá,1.5
2018,Real Sociedad,Real Sociedad,428948,Andoni Zubiaurre,0.3
2018,Real Sociedad,Real Sociedad,355628,Igor Zubeldia,30.0
2018,Real Sociedad,Real Sociedad,246291,Diego Llorente,25.0
2018,Real Sociedad,Real Sociedad,229804,Aritz Elustondo,10.0
2018,Real Sociedad,Real Sociedad,51046,Héctor Moreno,6.0
2018,Real Sociedad,Real Sociedad,351809,Robin Le Normand,4.0
2018,Real Sociedad,Real Sociedad,142419,Raúl Navas,3.0
2018,Real Sociedad,Real Sociedad,339808,Theo Hernández,15.0
2018,Real Sociedad,Real Sociedad,517842,Aihen Muñoz,7.5
2018,Real Sociedad,Real Sociedad,206947,Kévin Rodrigues,3.0
2018,Real Sociedad,Real Sociedad,197135,Joseba Zaldua,10.0
2018,Real Sociedad,Real Sociedad,289255,Andoni Gorosabel,1.5
2018,Real Sociedad,Real Sociedad,59344,Asier Illarramendi,25.0
2018,Real Sociedad,Real Sociedad,423440,Martín Zubimendi,0.1
2018,Real Sociedad,Real Sociedad,338424,Mikel Merino,15.0
2018,Real Sociedad,Real Sociedad,99352,Rubén Pardo,4.0
2018,Real Sociedad,Real Sociedad,289286,Luca Sangalli,4.0
2018,Real Sociedad,Real Sociedad,59375,David Zurutuza,2.5
2018,Real Sociedad,Real Sociedad,465967,Ander Guevara,2.5
2018,Real Sociedad,Real Sociedad,569866,Roberto López,1.0
2018,Real Sociedad,Real Sociedad,616369,Ander Barrenetxea,10.0
2018,Real Sociedad,Real Sociedad,126737,Juanmi,8.0
2018,Real Sociedad,Real Sociedad,289272,Martín Merquelanz,0.4
2018,Real Sociedad,Real Sociedad,594926,Naïs Djouahra,0.15
2018,Real Sociedad,Real Sociedad,177847,Adnan Januzaj,15.0
2018,Real Sociedad,Real Sociedad,563335,Zourdine Thior,0.3
2018,Real Sociedad,Real Sociedad,434990,Álex Sola,0.2
2018,Real Sociedad,Real Sociedad,351478,Mikel Oyarzabal,50.0
2018,Real Sociedad,Real Sociedad,122155,Willian José,30.0
2018,Real Sociedad,Real Sociedad,199369,Sandro Ramírez,4.0
2018,Real Sociedad,Real Sociedad,289236,Jon Bautista,2.0
2018,Real Betis,Real Betis Balompié,286415,Pau López,20.0
2018,Real Betis,Real Betis Balompié,101118,Joel Robles,5.0
2018,Real Betis,Real Betis Balompié,99922,Marc Bartra,22.0
2018,Real Betis,Real Betis Balompié,80293,Aïssa Mandi,16.0
2018,Real Betis,Real Betis Balompié,27374,Sidnei,10.0
2018,Real Betis,Real Betis Balompié,129386,Zouhair Feddal,5.0
2018,Real Betis,Real Betis Balompié,401624,Edgar González,0.3
2018,Real Betis,Real Betis Balompié,374139,Junior Firpo,25.0
2018,Real Betis,Real Betis Balompié,521455,Julio Alonso,0.1
2018,Real Betis,Real Betis Balompié,370691,Francis Guerrero,6.0
2018,Real Betis,Real Betis Balompié,476344,Emerson Royal,3.0
2018,Real Betis,Real Betis Balompié,32522,Antonio Barragán,2.0
2018,Real Betis,Real Betis Balompié,100131,William Carvalho,25.0
2018,Real Betis,Real Betis Balompié,36350,Javi García,2.0
2018,Real Betis,Real Betis Balompié,20506,Andrés Guardado,5.0
2018,Real Betis,Real Betis Balompié,256120,Wilfrid Kaptoum,4.0
2018,Real Betis,Real Betis Balompié,95641,Darko Brasanac,2.0
2018,Real Betis,Real Betis Balompié,348795,Giovani Lo Celso,50.0
2018,Real Betis,Real Betis Balompié,66106,Sergio Canales,25.0
2018,Real Betis,Real Betis Balompié,77826,Ryad Boudebouz,6.0
2018,Real Betis,Real Betis Balompié,141834,Cristian Tello,10.0
2018,Real Betis,Real Betis Balompié,134936,Jesé,5.0
2018,Real Betis,Real Betis Balompié,98249,Takashi Inui,4.0
2018,Real Betis,Real Betis Balompié,521462,José Manuel Irizo,0.15
2018,Real Betis,Real Betis Balompié,371174,Diego Lainez,14.0
2018,Real Betis,Real Betis Balompié,7663,Joaquín,2.0
2018,Real Betis,Real Betis Balompié,505675,Rober González,0.2
2018,Real Betis,Real Betis Balompié,354741,Loren Morón,10.0
2018,Real Betis,Real Betis Balompié,234523,Antonio Sanabria,9.0
2018,Real Betis,Real Betis Balompié,145769,Sergio León,3.0
2018,Athletic Club,Athletic Bilbao,262396,Unai Simón,6.0
2018,Athletic Club,Athletic Bilbao,71570,Iago Herrerín,4.0
2018,Athletic Club,Athletic Bilbao,212862,Álex Remiro,1.5
2018,Athletic Club,Athletic Bilbao,338286,Hodei Oleaga,0.2
2018,Athletic Club,Athletic Bilbao,158863,Iñigo Martínez,32.0
2018,Athletic Club,Athletic Bilbao,255488,Yeray Álvarez,25.0
2018,Athletic Club,Athletic Bilbao,338285,Unai Núñez,15.0
2018,Athletic Club,Athletic Bilbao,524000,Dani Vivian,0.25
2018,Athletic Club,Athletic Bilbao,61812,Yuri Berchiche,20.0
2018,Athletic Club,Athletic Bilbao,85258,Mikel Balenziaga,2.0
2018,Athletic Club,Athletic Bilbao,262117,Cristian Ganea,1.0
2018,Athletic Club,Athletic Bilbao,96718,Óscar de Marcos,6.0
2018,Athletic Club,Athletic Bilbao,197545,Ander Capa,3.0
2018,Athletic Club,Athletic Bilbao,255501,Iñigo Lekue,2.0
2018,Athletic Club,Athletic Bilbao,52469,Mikel San José,7.5
2018,Athletic Club,Athletic Bilbao,447052,Peru Nolaskoain,5.0
2018,Athletic Club,Athletic Bilbao,178425,Dani García,4.0
2018,Athletic Club,Athletic Bilbao,71571,Ander Iturraspe,2.5
2018,Athletic Club,Athletic Bilbao,40888,Beñat Etxebarria,4.0
2018,Athletic Club,Athletic Bilbao,192009,Unai López,1.5
2018,Athletic Club,Athletic Bilbao,51474,Mikel Rico,0.8
2018,Athletic Club,Athletic Bilbao,34601,Raúl García,7.5
2018,Athletic Club,Athletic Bilbao,54235,Iker Muniain,15.0
2018,Athletic Club,Athletic Bilbao,251848,Iñigo Córdoba,4.0
2018,Athletic Club,Athletic Bilbao,127837,Ibai Gómez,4.0
2018,Athletic Club,Athletic Bilbao,335216,Iñigo Vicente,1.0
2018,Athletic Club,Athletic Bilbao,255508,Iñaki Williams,50.0
2018,Athletic Club,Athletic Bilbao,54245,Markel Susaeta,6.0
2018,Athletic Club,Athletic Bilbao,197126,Kenan Kodro,1.0
2018,Athletic Club,Athletic Bilbao,192736,Sabin Merino,1.0
2018,Athletic Club,Athletic Bilbao,29124,Aritz Aduriz,1.0
2018,Athletic Club,Athletic Bilbao,340205,Gorka Guruzeta,0.5
2018,Celta Vigo,Celta de Vigo,199321,Rubén Blanco,3.0
2018,Celta Vigo,Celta de Vigo,45912,Sergio Álvarez,2.0
2018,Celta Vigo,Celta de Vigo,297194,Iván Villar,0.3
2018,Celta Vigo,Celta de Vigo,253765,Wesley Hoedt,12.0
2018,Celta Vigo,Celta de Vigo,64134,Néstor Araújo,8.0
2018,Celta Vigo,Celta de Vigo,276111,David Costas,3.0
2018,Celta Vigo,Celta de Vigo,273000,Júnior Alonso,3.0
2018,Celta Vigo,Celta de Vigo,61546,Facundo Roncaglia,2.5
2018,Celta Vigo,Celta de Vigo,30677,Gustavo Cabral,1.5
2018,Celta Vigo,Celta de Vigo,216240,Lucas Olaza,3.5
2018,Celta Vigo,Celta de Vigo,164055,David Juncà,1.5
2018,Celta Vigo,Celta de Vigo,181619,Robert Mazan,0.3
2018,Celta Vigo,Celta de Vigo,119905,Hugo Mallo,15.0
2018,Celta Vigo,Celta de Vigo,221315,Kevin Vázquez,0.5
2018,Celta Vigo,Celta de Vigo,192735,Stanislav Lobotka,25.0
2018,Celta Vigo,Celta de Vigo,137616,Okay Yokuşlu,12.0
2018,Celta Vigo,Celta de Vigo,168959,Nemanja Radoja,3.0
2018,Celta Vigo,Celta de Vigo,423444,Fran Beltrán,18.0
2018,Celta Vigo,Celta de Vigo,319859,Mathias Jensen,2.5
2018,Celta Vigo,Celta de Vigo,207924,Jozabed Sánchez,2.0
2018,Celta Vigo,Celta de Vigo,167798,Andrew Hjulsager,1.0
2018,Celta Vigo,Celta de Vigo,309110,Brais Méndez,20.0
2018,Celta Vigo,Celta de Vigo,232271,Sofiane Boufal,12.0
2018,Celta Vigo,Celta de Vigo,77826,Ryad Boudebouz,6.0
2018,Celta Vigo,Celta de Vigo,252641,Pione Sisto,8.0
2018,Celta Vigo,Celta de Vigo,283223,Emre Mor,2.0
2018,Celta Vigo,Celta de Vigo,396894,Maxi Gómez,40.0
2018,Celta Vigo,Celta de Vigo,72047,Iago Aspas,25.0
2018,Celta Vigo,Celta de Vigo,249303,Dennis Eckert Ayensa,1.2
2018,Celta Vigo,Celta de Vigo,463332,Emmanuel Apeh,0.3
2018,Villarreal,Villarreal CF,51710,Sergio Asenjo,12.0
2018,Villarreal,Villarreal CF,57522,Andrés Fernández,1.5
2018,Villarreal,Villarreal CF,30749,Mariano Barbosa,0.4
2018,Villarreal,Villarreal CF,73250,Mario Gaspar,10.0
2018,Villarreal,Villarreal CF,183647,Álvaro González,8.0
2018,Villarreal,Villarreal CF,11111,Ramiro Funes Mori,8.0
2018,Villarreal,Villarreal CF,62920,Víctor Ruiz,7.0
2018,Villarreal,Villarreal CF,5856,Daniele Bonera,0.2
2018,Villarreal,Villarreal CF,354742,Pepe Castaño,0.15
2018,Villarreal,Villarreal CF,356197,Alfonso Pedraza,22.0
2018,Villarreal,Villarreal CF,65318,Jaume Costa,4.0
2018,Villarreal,Villarreal CF,204102,Xavi Quintillà,1.0
2018,Villarreal,Villarreal CF,58576,Miguel Layún,3.0
2018,Villarreal,Villarreal CF,399775,Miguel Llambrich,0.8
2018,Villarreal,Villarreal CF,527966,Andrei Rațiu,0.3
2018,Villarreal,Villarreal CF,466298,Santiago Cáseres,10.0
2018,Villarreal,Villarreal CF,65467,Vicente Iborra,9.0
2018,Villarreal,Villarreal CF,56134,Javi Fuego,0.8
2018,Villarreal,Villarreal CF,44412,Bruno Soriano,0.8
2018,Villarreal,Villarreal CF,40428,Manuel Iturra,0.4
2018,Villarreal,Villarreal CF,357885,Pablo Fornals,25.0
2018,Villarreal,Villarreal CF,188854,Manu Trigueros,15.0
2018,Villarreal,Villarreal CF,15799,Santi Cazorla,4.0
2018,Villarreal,Villarreal CF,335225,Manu Morlanes,2.5
2018,Villarreal,Villarreal CF,341278,Iván Martín,0.3
2018,Villarreal,Villarreal CF,82048,Nicola Sansone,7.5
2018,Villarreal,Villarreal CF,401922,Samuel Chukwueze,30.0
2018,Villarreal,Villarreal CF,413262,Dani Raba,2.0
2018,Villarreal,Villarreal CF,177467,Gerard Moreno,17.5
2018,Villarreal,Villarreal CF,315110,Karl Toko Ekambi,17.5
2018,Villarreal,Villarreal CF,119235,Carlos Bacca,5.0
2018,Villarreal,Villarreal CF,251106,Enes Ünal,5.0
2018,RCD Espanyol Barcelona,RCD Espanyol Barcelona,37403,Roberto,1.5
2018,RCD Espanyol Barcelona,RCD Espanyol Barcelona,34370,Diego López,1.0
2018,RCD Espanyol Barcelona,RCD Espanyol Barcelona,281769,Mario Hermoso,25.0
2018,RCD Espanyol Barcelona,RCD Espanyol Barcelona,129444,David López,9.0
2018,RCD Espanyol Barcelona,RCD Espanyol Barcelona,148666,Naldo,2.0
2018,RCD Espanyol Barcelona,RCD Espanyol Barcelona,175323,Óscar Duarte,1.0
2018,RCD Espanyol Barcelona,RCD Espanyol Barcelona,262391,Lluís López,0.3
2018,RCD Espanyol Barcelona,RCD Espanyol Barcelona,356196,Iago Indias,0.2
2018,RCD Espanyol Barcelona,RCD Espanyol Barcelona,501418,Adrià Pedrosa,10.0
2018,RCD Espanyol Barcelona,RCD Espanyol Barcelona,67090,Dídac Vilà,4.0
2018,RCD Espanyol Barcelona,RCD Espanyol Barcelona,49500,Roberto Rosales,2.5
2018,RCD Espanyol Barcelona,RCD Espanyol Barcelona,72310,Javi López,1.0
2018,RCD Espanyol Barcelona,RCD Espanyol Barcelona,423166,Pipa,0.3
2018,RCD Espanyol Barcelona,RCD Espanyol Barcelona,336869,Marc Roca,30.0
2018,RCD Espanyol Barcelona,RCD Espanyol Barcelona,359210,Alfa Semedo,2.0
2018,RCD Espanyol Barcelona,RCD Espanyol Barcelona,142021,Sergi Darder,14.0
2018,RCD Espanyol Barcelona,RCD Espanyol Barcelona,63290,Víctor Sánchez,3.0
2018,RCD Espanyol Barcelona,RCD Espanyol Barcelona,44065,Esteban Granero,3.0
2018,RCD Espanyol Barcelona,RCD Espanyol Barcelona,313113,Álex López,0.4
2018,RCD Espanyol Barcelona,RCD Espanyol Barcelona,448344,Óscar Melendo,10.0
2018,RCD Espanyol Barcelona,RCD Espanyol Barcelona,56067,Pablo Piatti,4.0
2018,RCD Espanyol Barcelona,RCD Espanyol Barcelona,408471,Javi Puado,1.0
2018,RCD Espanyol Barcelona,RCD Espanyol Barcelona,379530,Carlos Doncel,0.2
2018,RCD Espanyol Barcelona,RCD Espanyol Barcelona,140436,Lei Wu,10.0
2018,RCD Espanyol Barcelona,RCD Espanyol Barcelona,221899,Léo Baptistão,4.5
2018,RCD Espanyol Barcelona,RCD Espanyol Barcelona,73636,Hernán Pérez,1.5
2018,RCD Espanyol Barcelona,RCD Espanyol Barcelona,278359,Borja Iglesias,28.0
2018,RCD Espanyol Barcelona,RCD Espanyol Barcelona,93795,Facundo Ferreyra,4.0
2018,RCD Espanyol Barcelona,RCD Espanyol Barcelona,7922,Sergio García,1.0
2018,RCD Espanyol Barcelona,RCD Espanyol Barcelona,394285,Víctor Campuzano,0.3
2018,Getafe,Getafe CF,226012,David Soria,15.0
2018,Getafe,Getafe CF,95736,Leandro Chichizola,1.0
2018,Getafe,Getafe CF,246335,Rubén Yáñez,0.3
2018,Getafe,Getafe CF,221150,Dakonam Djené,25.0
2018,Getafe,Getafe CF,102423,Leandro Cabrera,5.0
2018,Getafe,Getafe CF,188838,Bruno González,2.0
2018,Getafe,Getafe CF,70245,Ignasi Miquel,2.0
2018,Getafe,Getafe CF,376514,Mathías Olivera,3.0
2018,Getafe,Getafe CF,44699,Antunes,2.5
2018,Getafe,Getafe CF,76746,Damián Suárez,3.5
2018,Getafe,Getafe CF,170472,Dimitri Foulquier,3.5
2018,Getafe,Getafe CF,281755,Iván Alejo,1.2
2018,Getafe,Getafe CF,51426,Markel Bergara,0.8
2018,Getafe,Getafe CF,17396,Mathieu Flamini,0.6
2018,Getafe,Getafe CF,290249,Mauro Arambarri,15.0
2018,Getafe,Getafe CF,273152,Nemanja Maksimovic,15.0
2018,Getafe,Getafe CF,129693,Gaku Shibasaki,2.0
2018,Getafe,Getafe CF,188157,Sebastián Cristóforo,1.8
2018,Getafe,Getafe CF,138803,Francisco Portillo,4.0
2018,Getafe,Getafe CF,131506,Samu Saiz,2.0
2018,Getafe,Getafe CF,339820,Amath Ndiaye,4.0
2018,Getafe,Getafe CF,242532,Rober Ibáñez,1.0
2018,Getafe,Getafe CF,227961,Jaime Mata,10.0
2018,Getafe,Getafe CF,256429,Sergi Guardiola,5.0
2018,Getafe,Getafe CF,51510,Ángel Rodríguez,3.0
2018,Getafe,Getafe CF,57825,Jorge Molina,2.0
2018,Getafe,Getafe CF,573775,Hugo Duro,2.0
2018,CD Leganés,CD Leganés,404839,Andriy Lunin,7.5
2018,CD Leganés,CD Leganés,27493,Iván Cuéllar,0.8
2018,CD Leganés,CD Leganés,71835,Jon Ander Serantes,0.5
2018,CD Leganés,CD Leganés,238032,Andrés Prieto,0.2
2018,CD Leganés,CD Leganés,282435,David Tejero,0.15
2018,CD Leganés,CD Leganés,52403,Dimitrios Siovas,6.0
2018,CD Leganés,CD Leganés,131708,Kenneth Omeruo,5.0
2018,CD Leganés,CD Leganés,156808,Unai Bustinza,4.0
2018,CD Leganés,CD Leganés,131090,Diego Reyes,2.0
2018,CD Leganés,CD Leganés,203617,Rodri Tarín,2.0
2018,CD Leganés,CD Leganés,75127,Ezequiel Muñoz,1.0
2018,CD Leganés,CD Leganés,427683,Josua Mejías,0.2
2018,CD Leganés,CD Leganés,189453,Jonathan Silva,3.0
2018,CD Leganés,CD Leganés,245048,Vasyl Kravets,3.0
2018,CD Leganés,CD Leganés,139434,Raúl Carnero,1.0
2018,CD Leganés,CD Leganés,111508,Allan Nyom,3.0
2018,CD Leganés,CD Leganés,64411,Juanfran Moreno,2.5
2018,CD Leganés,CD Leganés,113045,Rubén Pérez,7.5
2018,CD Leganés,CD Leganés,300168,Mikel Vesga,4.0
2018,CD Leganés,CD Leganés,268670,Gerard Gumbau,2.5
2018,CD Leganés,CD Leganés,571079,Facundo García,0.6
2018,CD Leganés,CD Leganés,150948,Recio,3.0
2018,CD Leganés,CD Leganés,156814,Javi Eraso,1.5
2018,CD Leganés,CD Leganés,284884,Óscar Rodríguez,10.0
2018,CD Leganés,CD Leganés,162079,Fede Vico,1.5
2018,CD Leganés,CD Leganés,364603,José Manuel Arnáiz,2.5
2018,CD Leganés,CD Leganés,217728,Alexander Szymanowski,1.5
2018,CD Leganés,CD Leganés,111621,Dani Ojeda,0.4
2018,CD Leganés,CD Leganés,457782,Owusu Kwabena,0.3
2018,CD Leganés,CD Leganés,37917,Nabil El Zhar,2.0
2018,CD Leganés,CD Leganés,433049,Youssef En-Nesyri,12.0
2018,CD Leganés,CD Leganés,95732,Martin Braithwaite,8.0
2018,CD Leganés,CD Leganés,184672,Guido Carrillo,7.5
2018,CD Leganés,CD Leganés,178107,Michael Santos,2.0
2018,CD Leganés,CD Leganés,193938,Diego Rolán,2.0
2018,CD Leganés,CD Leganés,192736,Sabin Merino,1.0
2018,CD Leganés,CD Leganés,171165,Mamadou Koné,0.8
2018,Alaves,Deportivo Alavés,172015,Fernando Pacheco,15.0
2018,Alaves,Deportivo Alavés,298197,Antonio Sivera,1.5
2018,Alaves,Deportivo Alavés,249730,Guillermo Maripán,15.0
2018,Alaves,Deportivo Alavés,67080,Víctor Laguardia,10.0
2018,Alaves,Deportivo Alavés,177046,Rubén Duarte,5.0
2018,Alaves,Deportivo Alavés,176140,Rodrigo Ely,2.0
2018,Alaves,Deportivo Alavés,263627,Carlos Vigaray,0.6
2018,Alaves,Deportivo Alavés,355335,Adrián Diéguez,0.3
2018,Alaves,Deportivo Alavés,295414,Adrián Marín,0.8
2018,Alaves,Deportivo Alavés,483573,Martín Aguirregabiria,7.5
2018,Alaves,Deportivo Alavés,184767,Ximo Navarro,3.0
2018,Alaves,Deportivo Alavés,93142,Dani Torres,0.9
2018,Alaves,Deportivo Alavés,139895,Tomás Pina,2.5
2018,Alaves,Deportivo Alavés,45639,Mubarak Wakaso,2.5
2018,Alaves,Deportivo Alavés,76273,Manu García,2.0
2018,Alaves,Deportivo Alavés,95641,Darko Brasanac,2.0
2018,Alaves,Deportivo Alavés,228761,Jony,10.0
2018,Alaves,Deportivo Alavés,98249,Takashi Inui,4.0
2018,Alaves,Deportivo Alavés,127837,Ibai Gómez,4.0
2018,Alaves,Deportivo Alavés,246277,Burgui,1.5
2018,Alaves,Deportivo Alavés,328914,Álex Blanco,0.5
2018,Alaves,Deportivo Alavés,188651,Patrick Twumasi,1.2
2018,Alaves,Deportivo Alavés,284727,Jonathan Calleri,9.0
2018,Alaves,Deportivo Alavés,85383,Rubén Sobrino,3.0
2018,Alaves,Deportivo Alavés,98596,John Guidetti,3.0
2018,Alaves,Deportivo Alavés,193938,Diego Rolán,2.0
2018,Alaves,Deportivo Alavés,85324,Borja Bastón,2.0
2018,Levante,Levante UD,8176,Oier Olazábal,2.5
2018,Levante,Levante UD,118997,Aitor Fernández,2.5
2018,Levante,Levante UD,299715,Koke Vegas,0.8
2018,Levante,Levante UD,257851,Rúben Vezo,6.0
2018,Levante,Levante UD,302991,Erick Cabaco,4.0
2018,Levante,Levante UD,387129,Róber Pier,2.5
2018,Levante,Levante UD,248330,Chema Rodríguez,2.5
2018,Levante,Levante UD,158791,Sergio Postigo,2.5
2018,Levante,Levante UD,478426,Genís Montolio,0.2
2018,Levante,Levante UD,126516,Antonio Luna,1.5
2018,Levante,Levante UD,125931,Toño García,1.0
2018,Levante,Levante UD,71905,Coke,2.0
2018,Levante,Levante UD,336168,Shaq Moore,0.3
2018,Levante,Levante UD,25412,Pedro López,0.2
2018,Levante,Levante UD,151470,Nikola Vukcevic,2.5
2018,Levante,Levante UD,129679,Cheick Doukouré,1.0
2018,Levante,Levante UD,328480,Pepelu,0.3
2018,Levante,Levante UD,120095,José Campaña,15.0
2018,Levante,Levante UD,125783,Sanjin Prcic,4.0
2018,Levante,Levante UD,385084,Fran Manzanara,0.3
2018,Levante,Levante UD,245014,Enis Bardhi,15.0
2018,Levante,Levante UD,337781,Arturo Molina,0.25
2018,Levante,Levante UD,274862,Moses Simon,3.0
2018,Levante,Levante UD,263860,Jason Remeseiro,5.0
2018,Levante,Levante UD,67548,Rubén Rochina,4.0
2018,Levante,Levante UD,212391,Roger Martí,10.0
2018,Levante,Levante UD,252677,José Luis Morales,10.0
2018,Levante,Levante UD,298976,Borja Mayoral,4.0
2018,Levante,Levante UD,254290,Raphael Dwamena,2.5
2018,Levante,Levante UD,332612,Emmanuel Boateng,2.5
2018,Girona,Girona FC,207834,Yassine Bounou,5.0
2018,Girona,Girona FC,223720,José Aurelio Suárez,0.25
2018,Girona,Girona FC,7874,Gorka Iraizoz,0.2
2018,Girona,Girona FC,378947,Marc Vito,0.15
2018,Girona,Girona FC,115333,Juanpe,7.0
2018,Girona,Girona FC,64598,Bernardo Espinosa,6.0
2018,Girona,Girona FC,69660,Jonás Ramalho,3.0
2018,Girona,Girona FC,74228,Marc Muniesa,3.0
2018,Girona,Girona FC,51663,Pedro Alcalá,0.8
2018,Girona,Girona FC,262939,Johan Mojica,3.0
2018,Girona,Girona FC,132921,Aday Benítez,1.5
2018,Girona,Girona FC,139434,Raúl Carnero,1.0
2018,Girona,Girona FC,337946,Jairo Izquierdo,0.8
2018,Girona,Girona FC,66099,Carles Planas,0.8
2018,Girona,Girona FC,553875,Pedro Porro,10.0
2018,Girona,Girona FC,342218,Yhoan Andzouana,0.25
2018,Girona,Girona FC,255284,Álex Granell,5.0
2018,Girona,Girona FC,242497,Pere Pons,4.0
2018,Girona,Girona FC,261504,Aleix García,3.0
2018,Girona,Girona FC,447661,Douglas Luiz,2.5
2018,Girona,Girona FC,158795,David Timor,1.5
2018,Girona,Girona FC,282689,Seung-ho Paik,0.3
2018,Girona,Girona FC,293383,Èric Montes,0.3
2018,Girona,Girona FC,67808,Borja García,7.0
2018,Girona,Girona FC,99353,Portu,10.0
2018,Girona,Girona FC,225452,Patrick Roberts,5.0
2018,Girona,Girona FC,331496,Valery Fernández,5.0
2018,Girona,Girona FC,243715,Sebas Coris,0.5
2018,Girona,Girona FC,59323,Cristhian Stuani,7.0
2018,Girona,Girona FC,131275,Choco Lozano,1.5
2018,Girona,Girona FC,75287,Seydou Doumbia,1.5
2018,Girona,Girona FC,353959,Kévin Soni,0.3
2018,Girona,Girona FC,533110,Álex Pachón,0.1
2018,Eibar,SD Eibar,94308,Marko Dmitrovic,10.0
2018,Eibar,SD Eibar,58115,Yoel Rodríguez,1.5
2018,Eibar,SD Eibar,23338,Asier Riesgo,0.4
2018,Eibar,SD Eibar,288371,Markel Areitio,0.2
2018,Eibar,SD Eibar,139336,Paulo Oliveira,6.0
2018,Eibar,SD Eibar,203043,Pedro Bigas,3.0
2018,Eibar,SD Eibar,71548,Anaitz Arbilla,2.0
2018,Eibar,SD Eibar,26066,Iván Ramis,1.0
2018,Eibar,SD Eibar,255904,Kaiser,0.25
2018,Eibar,SD Eibar,284857,Marc Cucurella,10.0
2018,Eibar,SD Eibar,87469,Cote,5.0
2018,Eibar,SD Eibar,238868,Rubén Peña,10.0
2018,Eibar,SD Eibar,138935,Sergio Álvarez,2.5
2018,Eibar,SD Eibar,39907,Pape Diop,1.5
2018,Eibar,SD Eibar,263727,Joan Jordán,12.0
2018,Eibar,SD Eibar,266795,Gonzalo Escalante,4.0
2018,Eibar,SD Eibar,398738,Miguel Marí,0.25
2018,Eibar,SD Eibar,286849,Jordi Calavera,0.6
2018,Eibar,SD Eibar,75446,Pablo de Blasis,2.0
2018,Eibar,SD Eibar,153427,Bebé,2.0
2018,Eibar,SD Eibar,225593,Pere Milla,0.7
2018,Eibar,SD Eibar,60890,Fabián Orellana,2.5
2018,Eibar,SD Eibar,51587,Pedro León,1.8
2018,Eibar,SD Eibar,142027,Pablo Hervías,0.7
2018,Eibar,SD Eibar,81988,Sergi Enrich,7.5
2018,Eibar,SD Eibar,93936,Kike García,3.0
2018,Eibar,SD Eibar,154059,Charles,2.0
2018,Eibar,SD Eibar,443222,Marc Cardona,1.5
2018,Rayo Vallecano,Rayo Vallecano,165467,Stole Dimitrievski,3.0
2018,Rayo Vallecano,Rayo Vallecano,58497,Alberto García,0.5
2018,Rayo Vallecano,Rayo Vallecano,85289,Jordi Amat,3.0
2018,Rayo Vallecano,Rayo Vallecano,106837,Abdoulaye Ba,2.5
2018,Rayo Vallecano,Rayo Vallecano,189458,Emiliano Velázquez,1.5
2018,Rayo Vallecano,Rayo Vallecano,128488,Alejandro Gálvez,1.5
2018,Rayo Vallecano,Rayo Vallecano,281773,José León,0.4
2018,Rayo Vallecano,Rayo Vallecano,449796,Alejandro Catena,0.4
2018,Rayo Vallecano,Rayo Vallecano,70898,Chechu Dorado,0.2
2018,Rayo Vallecano,Rayo Vallecano,193098,Álex Moreno,12.0
2018,Rayo Vallecano,Rayo Vallecano,355627,Sergio Akieme,0.3
2018,Rayo Vallecano,Rayo Vallecano,103890,Luis Advíncula,3.0
2018,Rayo Vallecano,Rayo Vallecano,128295,Tito,0.5
2018,Rayo Vallecano,Rayo Vallecano,130756,Giannelli Imbula,5.0
2018,Rayo Vallecano,Rayo Vallecano,262689,Uche Agbo,3.0
2018,Rayo Vallecano,Rayo Vallecano,37337,Mario Suárez,2.0
2018,Rayo Vallecano,Rayo Vallecano,47647,Gorka Elustondo,0.4
2018,Rayo Vallecano,Rayo Vallecano,380598,Santi Comesaña,4.0
2018,Rayo Vallecano,Rayo Vallecano,253839,Álvaro Medrán,1.8
2018,Rayo Vallecano,Rayo Vallecano,195605,José Pozo,3.0
2018,Rayo Vallecano,Rayo Vallecano,30321,Óscar Trejo,2.0
2018,Rayo Vallecano,Rayo Vallecano,74297,Gaël Kakuta,2.0
2018,Rayo Vallecano,Rayo Vallecano,257062,Álvaro García,5.0
2018,Rayo Vallecano,Rayo Vallecano,153427,Bebé,2.0
2018,Rayo Vallecano,Rayo Vallecano,288318,Adrián Embarba,4.0
2018,Rayo Vallecano,Rayo Vallecano,182963,Lass Bangoura,0.7
2018,Rayo Vallecano,Rayo Vallecano,162038,Raúl de Tomás,20.0
2018,Rayo Vallecano,Rayo Vallecano,59783,Franco Di Santo,2.0
2018,Rayo Vallecano,Rayo Vallecano,178187,Álex Alegría,0.8
2018,Rayo Vallecano,Rayo Vallecano,46215,Javi Guerra,0.2
2018,Real Valladolid CF,Real Valladolid CF,65263,Jordi Masip,6.0
2018,Real Valladolid CF,Real Valladolid CF,58115,Yoel Rodríguez,1.5
2018,Real Valladolid CF,Real Valladolid CF,268946,José Antonio Caro,0.4
2018,Real Valladolid CF,Real Valladolid CF,363541,Samu Pérez,0.25
2018,Real Valladolid CF,Real Valladolid CF,357884,Fernando Calero,10.0
2018,Real Valladolid CF,Real Valladolid CF,221321,Joaquín Fernández,3.0
2018,Real Valladolid CF,Real Valladolid CF,51667,Kiko Olivas,2.0
2018,Real Valladolid CF,Real Valladolid CF,230895,Alberto Guitián,0.6
2018,Real Valladolid CF,Real Valladolid CF,563963,Mohammed Salisu,0.25
2018,Real Valladolid CF,Real Valladolid CF,127554,Nacho Martínez,5.0
2018,Real Valladolid CF,Real Valladolid CF,260230,Moi Delgado,0.3
2018,Real Valladolid CF,Real Valladolid CF,379714,Roberto Corral,0.25
2018,Real Valladolid CF,Real Valladolid CF,62144,Antoñito,2.0
2018,Real Valladolid CF,Real Valladolid CF,71204,Javi Moyano,0.8
2018,Real Valladolid CF,Real Valladolid CF,501126,Javi Aparicio,0.15
2018,Real Valladolid CF,Real Valladolid CF,207922,Luismi Sánchez,0.7
2018,Real Valladolid CF,Real Valladolid CF,321629,Moctar El Hacen,0.2
2018,Real Valladolid CF,Real Valladolid CF,7512,Borja Fernández,0.1
2018,Real Valladolid CF,Real Valladolid CF,247250,Rubén Alcaraz,10.0
2018,Real Valladolid CF,Real Valladolid CF,307519,Fede San Emeterio,5.0
2018,Real Valladolid CF,Real Valladolid CF,65331,Míchel Herrero,2.0
2018,Real Valladolid CF,Real Valladolid CF,199330,Antonio Cotán,0.5
2018,Real Valladolid CF,Real Valladolid CF,221309,Óscar Plano,4.0
2018,Real Valladolid CF,Real Valladolid CF,282371,Ivi López,1.0
2018,Real Valladolid CF,Real Valladolid CF,311696,Kuki Zalazar,0.25
2018,Real Valladolid CF,Real Valladolid CF,531305,Pablo Muñoz,0.1
2018,Real Valladolid CF,Real Valladolid CF,337066,Toni Villa,4.0
2018,Real Valladolid CF,Real Valladolid CF,404688,Waldo Rubio,1.0
2018,Real Valladolid CF,Real Valladolid CF,256361,Daniele Verde,2.5
2018,Real Valladolid CF,Real Valladolid CF,66112,Keko Gontán,2.0
2018,Real Valladolid CF,Real Valladolid CF,327126,Anuar,1.5
2018,Real Valladolid CF,Real Valladolid CF,294894,Leo Suárez,1.0
2018,Real Valladolid CF,Real Valladolid CF,142027,Pablo Hervías,0.7
2018,Real Valladolid CF,Real Valladolid CF,355629,David Mayoral,0.3
2018,Real Valladolid CF,Real Valladolid CF,288453,Antonio Domínguez,0.15
2018,Real Valladolid CF,Real Valladolid CF,251106,Enes Ünal,5.0
2018,Real Valladolid CF,Real Valladolid CF,256429,Sergi Guardiola,5.0
2018,Real Valladolid CF,Real Valladolid CF,46415,Duje Cop,1.5
2018,Real Valladolid CF,Real Valladolid CF,591375,Stiven Plaza,1.5
2018,Real Valladolid CF,Real Valladolid CF,480883,Miguel de la Fuente,0.25
2018,Real Valladolid CF,Real Valladolid CF,538810,Chris Ramos,0.25
2018,SD Huesca,SD Huesca,256567,Aleksandar Jovanovic,1.0
2018,SD Huesca,SD Huesca,236734,Axel Werner,0.6
2018,SD Huesca,SD Huesca,58341,Javi Varas,0.3
2018,SD Huesca,SD Huesca,35541,Roberto Santamaría,0.3
2018,SD Huesca,SD Huesca,290275,Antonio Valera,0.2
2018,SD Huesca,SD Huesca,229798,Ander Bardají,0.1
2018,SD Huesca,SD Huesca,67546,Jorge Pulido,3.0
2018,SD Huesca,SD Huesca,71559,Xabi Etxeita,2.0
2018,SD Huesca,SD Huesca,197602,Rúben Semedo,2.0
2018,SD Huesca,SD Huesca,171362,Pablo Insua,1.5
2018,SD Huesca,SD Huesca,73180,Martín Mantovani,0.4
2018,SD Huesca,SD Huesca,355335,Adrián Diéguez,0.3
2018,SD Huesca,SD Huesca,448628,Javi Galán,1.5
2018,SD Huesca,SD Huesca,56777,Luisinho,0.5
2018,SD Huesca,SD Huesca,60289,Rajko Brezancic,0.4
2018,SD Huesca,SD Huesca,225015,Carlos Akapo,0.8
2018,SD Huesca,SD Huesca,67823,Damián Musto,1.2
2018,SD Huesca,SD Huesca,75820,Juan Aguilera,0.3
2018,SD Huesca,SD Huesca,162056,Gonzalo Melero,4.0
2018,SD Huesca,SD Huesca,374077,Christian Rivera,2.5
2018,SD Huesca,SD Huesca,378293,Yangel Herrera,2.0
2018,SD Huesca,SD Huesca,223073,Eugeni,1.5
2018,SD Huesca,SD Huesca,8108,Lluis Sastre,0.3
2018,SD Huesca,SD Huesca,228917,Jorge Miramón,3.0
2018,SD Huesca,SD Huesca,175449,Moi Gómez,5.0
2018,SD Huesca,SD Huesca,256680,Juanpi,2.0
2018,SD Huesca,SD Huesca,382773,Jonathan Rubio Toro,0.4
2018,SD Huesca,SD Huesca,26148,Juanjo Camacho,0.1
2018,SD Huesca,SD Huesca,71918,David Ferreiro,1.8
2018,SD Huesca,SD Huesca,98512,Serdar Gürler,1.5
2018,SD Huesca,SD Huesca,210143,Álex Gallar,1.4
2018,SD Huesca,SD Huesca,459463,Cucho Hernández,10.0
2018,SD Huesca,SD Huesca,167721,Chimy Ávila,5.0
2018,SD Huesca,SD Huesca,114060,Enric Gallego,3.0
2018,SD Huesca,SD Huesca,124560,Samuele Longo,1.0
2018,SD Huesca,SD Huesca,531829,Dani Escriche,0.5
2019,Barcelona,FC Barcelona,74857,Marc-André ter Stegen,72.0
2019,Barcelona,FC Barcelona,111819,Neto,14.5
2019,Barcelona,FC Barcelona,283170,Iñaki Peña,2.3
2019,Barcelona,FC Barcelona,182904,Clément Lenglet,48.0
2019,Barcelona,FC Barcelona,126540,Samuel Umtiti,32.0
2019,Barcelona,FC Barcelona,18944,Gerard Piqué,20.0
2019,Barcelona,FC Barcelona,605184,Jean-Clair Todibo,9.0
2019,Barcelona,FC Barcelona,480267,Ronald Araujo,4.5
2019,Barcelona,FC Barcelona,494880,Jorge Cuenca,2.3
2019,Barcelona,FC Barcelona,333361,Chumi,1.8
2019,Barcelona,FC Barcelona,69751,Jordi Alba,40.0
2019,Barcelona,FC Barcelona,374139,Junior Firpo,20.0
2019,Barcelona,FC Barcelona,355627,Sergio Akieme,0.3
2019,Barcelona,FC Barcelona,231572,Nélson Semedo,32.0
2019,Barcelona,FC Barcelona,364240,Moussa Wagué,6.7
2019,Barcelona,FC Barcelona,282726,Dani Morer,0.3
2019,Barcelona,FC Barcelona,331505,Óscar Mingueza,0.2
2019,Barcelona,FC Barcelona,65230,Sergio Busquets,28.0
2019,Barcelona,FC Barcelona,388548,Jandro Orellana,0.3
2019,Barcelona,FC Barcelona,326330,Frenkie de Jong,72.0
2019,Barcelona,FC Barcelona,362842,Arthur Melo,56.0
2019,Barcelona,FC Barcelona,85370,Sergi Roberto,40.0
2019,Barcelona,FC Barcelona,32467,Ivan Rakitic,20.0
2019,Barcelona,FC Barcelona,284854,Carles Aleñá,18.0
2019,Barcelona,FC Barcelona,37666,Arturo Vidal,11.0
2019,Barcelona,FC Barcelona,331511,Riqui Puig,9.0
2019,Barcelona,FC Barcelona,490884,Ludovit Reis,2.7
2019,Barcelona,FC Barcelona,282727,Monchu,0.9
2019,Barcelona,FC Barcelona,129473,Rafinha,9.5
2019,Barcelona,FC Barcelona,282722,Álex Collado,4.5
2019,Barcelona,FC Barcelona,466810,Ansu Fati,36.0
2019,Barcelona,FC Barcelona,466809,Konrad de la Fuente,0.45
2019,Barcelona,FC Barcelona,388519,Kike Saverio,0.3
2019,Barcelona,FC Barcelona,28003,Lionel Messi,112.0
2019,Barcelona,FC Barcelona,282810,Carles Pérez,9.0
2019,Barcelona,FC Barcelona,125781,Antoine Griezmann,96.0
2019,Barcelona,FC Barcelona,288230,Ousmane Dembélé,56.0
2019,Barcelona,FC Barcelona,44352,Luis Suárez,28.0
2019,Barcelona,FC Barcelona,95732,Martin Braithwaite,9.5
2019,Barcelona,FC Barcelona,340376,Abel Ruiz,4.5
2019,Barcelona,FC Barcelona,308278,Rey Manaj,0.725
2019,Real Madrid,Real Madrid,108390,Thibaut Courtois,48.0
2019,Real Madrid,Real Madrid,120629,Alphonse Areola,13.0
2019,Real Madrid,Real Madrid,79422,Keylor Navas,8.0
2019,Real Madrid,Real Madrid,549069,Diego Altube,0.1
2019,Real Madrid,Real Madrid,164770,Raphaël Varane,64.0
2019,Real Madrid,Real Madrid,401530,Éder Militão,36.0
2019,Real Madrid,Real Madrid,25557,Sergio Ramos,14.5
2019,Real Madrid,Real Madrid,58884,Nacho Fernández,12.0
2019,Real Madrid,Real Madrid,341263,Adrián Dela,0.25
2019,Real Madrid,Real Madrid,291417,Ferland Mendy,32.0
2019,Real Madrid,Real Madrid,44501,Marcelo,16.0
2019,Real Madrid,Real Madrid,422466,Javi Hernández,0.9
2019,Real Madrid,Real Madrid,138927,Daniel Carvajal,40.0
2019,Real Madrid,Real Madrid,221316,Lucas Vázquez,16.0
2019,Real Madrid,Real Madrid,280730,Álvaro Odriozola,16.0
2019,Real Madrid,Real Madrid,16306,Casemiro,64.0
2019,Real Madrid,Real Madrid,369081,Federico Valverde,54.0
2019,Real Madrid,Real Madrid,31909,Toni Kroos,48.0
2019,Real Madrid,Real Madrid,27992,Luka Modrić,12.0
2019,Real Madrid,Real Madrid,85288,Isco,40.0
2019,Real Madrid,Real Madrid,88103,James Rodríguez,32.0
2019,Real Madrid,Real Madrid,296622,Marco Asensio,32.0
2019,Real Madrid,Real Madrid,627226,Reinier,22.5
2019,Real Madrid,Real Madrid,50202,Eden Hazard,80.0
2019,Real Madrid,Real Madrid,371998,Vinicius Junior,45.0
2019,Real Madrid,Real Madrid,412363,Rodrygo,45.0
2019,Real Madrid,Real Madrid,39381,Gareth Bale,32.0
2019,Real Madrid,Real Madrid,314678,Brahim Díaz,13.5
2019,Real Madrid,Real Madrid,18922,Karim Benzema,32.0
2019,Real Madrid,Real Madrid,257462,Luka Jović,32.0
2019,Real Madrid,Real Madrid,225020,Mariano Díaz,13.0
2019,Atletico Madrid,Atlético de Madrid,121483,Jan Oblak,80.0
2019,Atletico Madrid,Atlético de Madrid,44062,Antonio Adán,0.8
2019,Atletico Madrid,Atlético de Madrid,396341,Álex dos Santos,0.2
2019,Atletico Madrid,Atlético de Madrid,250845,José María Giménez,56.0
2019,Atletico Madrid,Atlético de Madrid,107010,Stefan Savic,25.5
2019,Atletico Madrid,Atlético de Madrid,156501,Felipe,25.5
2019,Atletico Madrid,Atlético de Madrid,281769,Mario Hermoso,20.0
2019,Atletico Madrid,Atlético de Madrid,495600,Álvaro García,0.15
2019,Atletico Madrid,Atlético de Madrid,476352,Renan Lodi,31.5
2019,Atletico Madrid,Atlético de Madrid,618809,Manu Sánchez,2.7
2019,Atletico Madrid,Atlético de Madrid,95810,Kieran Trippier,28.0
2019,Atletico Madrid,Atlético de Madrid,282411,Marcos Llorente,16.0
2019,Atletico Madrid,Atlético de Madrid,120443,Santiago Arias,12.0
2019,Atletico Madrid,Atlético de Madrid,76061,Sime Vrsaljko,12.0
2019,Atletico Madrid,Atlético de Madrid,388545,Ricard Sánchez,0.25
2019,Atletico Madrid,Atlético de Madrid,230784,Thomas Partey,40.0
2019,Atletico Madrid,Atlético de Madrid,148928,Saúl Ñíguez,72.0
2019,Atletico Madrid,Atlético de Madrid,74229,Koke,48.0
2019,Atletico Madrid,Atlético de Madrid,122043,Héctor Herrera,16.0
2019,Atletico Madrid,Atlético de Madrid,295065,Toni Moya,0.3
2019,Atletico Madrid,Atlético de Madrid,205562,Thomas Lemar,24.0
2019,Atletico Madrid,Atlético de Madrid,396340,Óscar Clemente,0.9
2019,Atletico Madrid,Atlético de Madrid,140776,Yannick Carrasco,22.5
2019,Atletico Madrid,Atlético de Madrid,67082,Vitolo,14.5
2019,Atletico Madrid,Atlético de Madrid,461617,Rodrigo Riquelme,2.3
2019,Atletico Madrid,Atlético de Madrid,548188,Germán Valera,1.8
2019,Atletico Madrid,Atlético de Madrid,462250,João Félix,81.0
2019,Atletico Madrid,Atlético de Madrid,266807,Ángel Correa,32.0
2019,Atletico Madrid,Atlético de Madrid,128223,Álvaro Morata,36.0
2019,Atletico Madrid,Atlético de Madrid,44779,Diego Costa,14.5
2019,Atletico Madrid,Atlético de Madrid,505674,Sergio Camello,2.3
2019,Atletico Madrid,Atlético de Madrid,274347,Ivan Saponjic,1.2
2019,Atletico Madrid,Atlético de Madrid,399780,Darío Poveda,0.25
2019,Valencia,Valencia CF,146227,Jasper Cillessen,14.5
2019,Valencia,Valencia CF,227805,Jaume Doménech,6.0
2019,Valencia,Valencia CF,398131,Cristian Rivero,0.25
2019,Valencia,Valencia CF,149498,Gabriel Paulista,17.5
2019,Valencia,Valencia CF,346289,Mouctar Diakhaby,17.5
2019,Valencia,Valencia CF,90681,Eliaquim Mangala,6.0
2019,Valencia,Valencia CF,163086,Cristiano Piccini,6.0
2019,Valencia,Valencia CF,35939,Ezequiel Garay,4.8
2019,Valencia,Valencia CF,251860,Javi Jiménez,0.25
2019,Valencia,Valencia CF,221322,José Gayà,40.0
2019,Valencia,Valencia CF,65318,Jaume Costa,3.2
2019,Valencia,Valencia CF,282724,Adrián Guerrero,0.25
2019,Valencia,Valencia CF,130365,Alessandro Florenzi,16.0
2019,Valencia,Valencia CF,367466,Thierry Correia,2.7
2019,Valencia,Valencia CF,602156,Guillem Molina,0.15
2019,Valencia,Valencia CF,127189,Geoffrey Kondogbia,22.5
2019,Valencia,Valencia CF,74869,Francis Coquelin,19.0
2019,Valencia,Valencia CF,495629,Hugo Guillamón,0.2
2019,Valencia,Valencia CF,372246,Carlos Soler,40.0
2019,Valencia,Valencia CF,59561,Dani Parejo,28.0
2019,Valencia,Valencia CF,63463,Daniel Wass,11.0
2019,Valencia,Valencia CF,599263,Vicente Esquerdo,0.3
2019,Valencia,Valencia CF,569375,Koba Koindredi,0.2
2019,Valencia,Valencia CF,557149,Kang-in Lee,13.5
2019,Valencia,Valencia CF,225122,Gonçalo Guedes,22.5
2019,Valencia,Valencia CF,98322,Denis Cheryshev,4.8
2019,Valencia,Valencia CF,527350,Manu Vallejo,4.8
2019,Valencia,Valencia CF,398184,Ferran Torres,45.0
2019,Valencia,Valencia CF,131505,Rodrigo,40.0
2019,Valencia,Valencia CF,396894,Maxi Gómez,32.0
2019,Valencia,Valencia CF,27389,Kévin Gameiro,6.5
2019,Valencia,Valencia CF,85383,Rubén Sobrino,2.4
2019,Real Sociedad,Real Sociedad,212862,Álex Remiro,12.0
2019,Real Sociedad,Real Sociedad,26065,Miguel Ángel Moyá,1.2
2019,Real Sociedad,Real Sociedad,428948,Andoni Zubiaurre,0.3
2019,Real Sociedad,Real Sociedad,355628,Igor Zubeldia,24.0
2019,Real Sociedad,Real Sociedad,246291,Diego Llorente,20.0
2019,Real Sociedad,Real Sociedad,351809,Robin Le Normand,12.0
2019,Real Sociedad,Real Sociedad,229804,Aritz Elustondo,8.0
2019,Real Sociedad,Real Sociedad,524925,Modibo Sagnan,2.7
2019,Real Sociedad,Real Sociedad,580560,Jon Pacheco,0.2
2019,Real Sociedad,Real Sociedad,434602,Aritz Arambarri,0.15
2019,Real Sociedad,Real Sociedad,517842,Aihen Muñoz,4.0
2019,Real Sociedad,Real Sociedad,43003,Nacho Monreal,3.2
2019,Real Sociedad,Real Sociedad,206947,Kévin Rodrigues,2.4
2019,Real Sociedad,Real Sociedad,197135,Joseba Zaldua,12.0
2019,Real Sociedad,Real Sociedad,289255,Andoni Gorosabel,1.6
2019,Real Sociedad,Real Sociedad,59344,Asier Illarramendi,14.5
2019,Real Sociedad,Real Sociedad,423440,Martín Zubimendi,0.25
2019,Real Sociedad,Real Sociedad,338424,Mikel Merino,24.0
2019,Real Sociedad,Real Sociedad,465967,Ander Guevara,6.0
2019,Real Sociedad,Real Sociedad,99352,Rubén Pardo,2.4
2019,Real Sociedad,Real Sociedad,289286,Luca Sangalli,2.4
2019,Real Sociedad,Real Sociedad,59375,David Zurutuza,1.6
2019,Real Sociedad,Real Sociedad,316264,Martin Ødegaard,45.0
2019,Real Sociedad,Real Sociedad,569866,Roberto López,0.9
2019,Real Sociedad,Real Sociedad,616369,Ander Barrenetxea,9.0
2019,Real Sociedad,Real Sociedad,625654,Julen Lobete,0.9
2019,Real Sociedad,Real Sociedad,594926,Naïs Djouahra,0.2
2019,Real Sociedad,Real Sociedad,99353,Portu,16.0
2019,Real Sociedad,Real Sociedad,177847,Adnan Januzaj,9.5
2019,Real Sociedad,Real Sociedad,351478,Mikel Oyarzabal,48.0
2019,Real Sociedad,Real Sociedad,122155,Willian José,24.0
2019,Real Sociedad,Real Sociedad,349066,Alexander Isak,22.5
2019,Real Sociedad,Real Sociedad,216464,Carlos Fernández,3.2
2019,Sevilla,Sevilla FC,64000,Tomáš Vaclík,14.5
2019,Sevilla,Sevilla FC,207302,Sergio Rico,8.0
2019,Sevilla,Sevilla FC,207834,Yassine Bounou,4.0
2019,Sevilla,Sevilla FC,396107,Javi Díaz,0.4
2019,Sevilla,Sevilla FC,537367,Alfonso Pastor,0.2
2019,Sevilla,Sevilla FC,329145,Diego Carlos,32.0
2019,Sevilla,Sevilla FC,92947,Sergi Gómez,4.0
2019,Sevilla,Sevilla FC,37712,Daniel Carriço,2.0
2019,Sevilla,Sevilla FC,282429,Sergio Reguilón,20.0
2019,Sevilla,Sevilla FC,93935,Sergio Escudero,4.8
2019,Sevilla,Sevilla FC,387321,Felipe Chacartegui,0.25
2019,Sevilla,Sevilla FC,411975,Jules Koundé,22.5
2019,Sevilla,Sevilla FC,676042,Juanlu Sánchez,0.1
2019,Sevilla,Sevilla FC,51174,Fernando,8.0
2019,Sevilla,Sevilla FC,74294,Nemanja Gudelj,5.5
2019,Sevilla,Sevilla FC,263727,Joan Jordán,14.5
2019,Sevilla,Sevilla FC,214775,Óliver Torres,13.5
2019,Sevilla,Sevilla FC,12249,Éver Banega,7.0
2019,Sevilla,Sevilla FC,396109,Genaro Rodríguez,0.15
2019,Sevilla,Sevilla FC,15956,Jesús Navas,3.2
2019,Sevilla,Sevilla FC,76163,Franco Vázquez,9.5
2019,Sevilla,Sevilla FC,396145,Pepe Mena,0.3
2019,Sevilla,Sevilla FC,189441,Lucas Ocampos,32.0
2019,Sevilla,Sevilla FC,537382,Bryan Gil,9.0
2019,Sevilla,Sevilla FC,70934,Nolito,1.6
2019,Sevilla,Sevilla FC,461858,José Alonso Lara,0.45
2019,Sevilla,Sevilla FC,111961,Suso,17.5
2019,Sevilla,Sevilla FC,174694,Rony Lopes,10.0
2019,Sevilla,Sevilla FC,223725,Munir El Haddadi,9.0
2019,Sevilla,Sevilla FC,341272,Álex Pozo,4.5
2019,Sevilla,Sevilla FC,433049,Youssef En-Nesyri,12.0
2019,Sevilla,Sevilla FC,72522,Luuk de Jong,9.5
2019,Sevilla,Sevilla FC,145866,Munas Dabbur,8.0
2019,Sevilla,Sevilla FC,50935,Chicharito,6.8
2019,Real Betis,Real Betis Balompié,101118,Joel Robles,6.0
2019,Real Betis,Real Betis Balompié,335221,Dani Martín,2.7
2019,Real Betis,Real Betis Balompié,251877,Carlos Marín,0.1
2019,Real Betis,Real Betis Balompié,99922,Marc Bartra,17.5
2019,Real Betis,Real Betis Balompié,80293,Aïssa Mandi,16.0
2019,Real Betis,Real Betis Balompié,27374,Sidnei,8.0
2019,Real Betis,Real Betis Balompié,129386,Zouhair Feddal,4.0
2019,Real Betis,Real Betis Balompié,401624,Edgar González,0.8
2019,Real Betis,Real Betis Balompié,356197,Alfonso Pedraza,9.5
2019,Real Betis,Real Betis Balompié,193098,Álex Moreno,5.5
2019,Real Betis,Real Betis Balompié,476344,Emerson Royal,18.0
2019,Real Betis,Real Betis Balompié,370691,Francis Guerrero,2.4
2019,Real Betis,Real Betis Balompié,32522,Antonio Barragán,1.6
2019,Real Betis,Real Betis Balompié,100131,William Carvalho,16.0
2019,Real Betis,Real Betis Balompié,342385,Guido Rodríguez,8.0
2019,Real Betis,Real Betis Balompié,36350,Javi García,1.6
2019,Real Betis,Real Betis Balompié,284854,Carles Aleñá,18.0
2019,Real Betis,Real Betis Balompié,20506,Andrés Guardado,3.2
2019,Real Betis,Real Betis Balompié,256120,Wilfrid Kaptoum,2.4
2019,Real Betis,Real Betis Balompié,630990,Ismael Gutiérrez,0.9
2019,Real Betis,Real Betis Balompié,582717,David Ramos,0.25
2019,Real Betis,Real Betis Balompié,203496,Nabil Fekir,32.0
2019,Real Betis,Real Betis Balompié,66106,Sergio Canales,20.0
2019,Real Betis,Real Betis Balompié,141834,Cristian Tello,4.8
2019,Real Betis,Real Betis Balompié,126737,Juanmi,4.0
2019,Real Betis,Real Betis Balompié,371174,Diego Lainez,9.0
2019,Real Betis,Real Betis Balompié,7663,Joaquín,1.6
2019,Real Betis,Real Betis Balompié,354741,Loren Morón,16.0
2019,Real Betis,Real Betis Balompié,278359,Borja Iglesias,14.5
2019,Athletic Club,Athletic Bilbao,262396,Unai Simón,16.0
2019,Athletic Club,Athletic Bilbao,71570,Iago Herrerín,2.8
2019,Athletic Club,Athletic Bilbao,379548,Jokin Ezkieta,0.3
2019,Athletic Club,Athletic Bilbao,480958,Ander Iru,0.05
2019,Athletic Club,Athletic Bilbao,158863,Iñigo Martínez,25.5
2019,Athletic Club,Athletic Bilbao,255488,Yeray Álvarez,24.0
2019,Athletic Club,Athletic Bilbao,338285,Unai Núñez,16.0
2019,Athletic Club,Athletic Bilbao,295082,Jon Sillero,0.2
2019,Athletic Club,Athletic Bilbao,524000,Dani Vivian,0.2
2019,Athletic Club,Athletic Bilbao,61812,Yuri Berchiche,16.0
2019,Athletic Club,Athletic Bilbao,85258,Mikel Balenziaga,1.6
2019,Athletic Club,Athletic Bilbao,197545,Ander Capa,6.0
2019,Athletic Club,Athletic Bilbao,96718,Óscar de Marcos,3.2
2019,Athletic Club,Athletic Bilbao,439465,Gaizka Larrazabal,2.0
2019,Athletic Club,Athletic Bilbao,255501,Iñigo Lekue,1.6
2019,Athletic Club,Athletic Bilbao,488626,Jesús Areso,0.2
2019,Athletic Club,Athletic Bilbao,52469,Mikel San José,4.8
2019,Athletic Club,Athletic Bilbao,178425,Dani García,4.8
2019,Athletic Club,Athletic Bilbao,300168,Mikel Vesga,2.4
2019,Athletic Club,Athletic Bilbao,40888,Beñat Etxebarria,2.4
2019,Athletic Club,Athletic Bilbao,192009,Unai López,2.4
2019,Athletic Club,Athletic Bilbao,610083,Unai Vencedor,1.8
2019,Athletic Club,Athletic Bilbao,34601,Raúl García,6.0
2019,Athletic Club,Athletic Bilbao,571020,Oihan Sancet,2.3
2019,Athletic Club,Athletic Bilbao,54235,Iker Muniain,14.0
2019,Athletic Club,Athletic Bilbao,338425,Álex Berenguer,4.8
2019,Athletic Club,Athletic Bilbao,251848,Iñigo Córdoba,3.2
2019,Athletic Club,Athletic Bilbao,127837,Ibai Gómez,3.2
2019,Athletic Club,Athletic Bilbao,255508,Iñaki Williams,40.0
2019,Athletic Club,Athletic Bilbao,251897,Asier Villalibre,3.2
2019,Athletic Club,Athletic Bilbao,197126,Kenan Kodro,0.8
2019,Villarreal,Villarreal CF,51710,Sergio Asenjo,9.5
2019,Villarreal,Villarreal CF,57522,Andrés Fernández,0.8
2019,Villarreal,Villarreal CF,30749,Mariano Barbosa,0.3
2019,Villarreal,Villarreal CF,399776,Pau Torres,16.0
2019,Villarreal,Villarreal CF,73250,Mario Gaspar,6.0
2019,Villarreal,Villarreal CF,11111,Ramiro Funes Mori,4.8
2019,Villarreal,Villarreal CF,15452,Raúl Albiol,3.2
2019,Villarreal,Villarreal CF,236956,Soufiane Chakla,0.8
2019,Villarreal,Villarreal CF,207917,Alberto Moreno,6.0
2019,Villarreal,Villarreal CF,204102,Xavi Quintillà,4.0
2019,Villarreal,Villarreal CF,238868,Rubén Peña,6.5
2019,Villarreal,Villarreal CF,527966,Andrei Rațiu,0.3
2019,Villarreal,Villarreal CF,527964,Miguel Leal,0.2
2019,Villarreal,Villarreal CF,65467,Vicente Iborra,6.0
2019,Villarreal,Villarreal CF,466298,Santiago Cáseres,4.8
2019,Villarreal,Villarreal CF,44412,Bruno Soriano,0.475
2019,Villarreal,Villarreal CF,341277,Sergio Lozano,0.2
2019,Villarreal,Villarreal CF,354361,Frank Anguissa,20.0
2019,Villarreal,Villarreal CF,188854,Manu Trigueros,12.0
2019,Villarreal,Villarreal CF,15799,Santi Cazorla,3.2
2019,Villarreal,Villarreal CF,335225,Manu Morlanes,1.8
2019,Villarreal,Villarreal CF,341278,Iván Martín,0.3
2019,Villarreal,Villarreal CF,222571,Ramiro Guerra,0.2
2019,Villarreal,Villarreal CF,175449,Moi Gómez,4.8
2019,Villarreal,Villarreal CF,298983,Javi Ontiveros,7.0
2019,Villarreal,Villarreal CF,548111,Álex Baena,0.2
2019,Villarreal,Villarreal CF,401922,Samuel Chukwueze,27.0
2019,Villarreal,Villarreal CF,294894,Leo Suárez,1.0
2019,Villarreal,Villarreal CF,126716,Paco Alcácer,28.0
2019,Villarreal,Villarreal CF,177467,Gerard Moreno,16.0
2019,Villarreal,Villarreal CF,315110,Karl Toko Ekambi,14.0
2019,Villarreal,Villarreal CF,119235,Carlos Bacca,2.4
2019,Villarreal,Villarreal CF,627294,Fer Niño,0.9
2019,Getafe,Getafe CF,226012,David Soria,14.5
2019,Getafe,Getafe CF,95736,Leandro Chichizola,1.2
2019,Getafe,Getafe CF,333323,Filip Manojlovic,0.3
2019,Getafe,Getafe CF,282409,Marcos Lavín,0.2
2019,Getafe,Getafe CF,221150,Dakonam Djené,24.0
2019,Getafe,Getafe CF,102423,Leandro Cabrera,8.0
2019,Getafe,Getafe CF,302991,Erick Cabaco,4.0
2019,Getafe,Getafe CF,71559,Xabi Etxeita,1.4
2019,Getafe,Getafe CF,188838,Bruno González,1.2
2019,Getafe,Getafe CF,248330,Chema Rodríguez,1.2
2019,Getafe,Getafe CF,600151,Florent Poulolo,0.15
2019,Getafe,Getafe CF,284857,Marc Cucurella,18.0
2019,Getafe,Getafe CF,44699,Antunes,1.6
2019,Getafe,Getafe CF,376514,Mathías Olivera,1.6
2019,Getafe,Getafe CF,139434,Raúl Carnero,0.8
2019,Getafe,Getafe CF,111508,Allan Nyom,3.2
2019,Getafe,Getafe CF,76746,Damián Suárez,3.2
2019,Getafe,Getafe CF,409106,Peter Etebo,4.0
2019,Getafe,Getafe CF,290249,Mauro Arambarri,20.0
2019,Getafe,Getafe CF,273152,Nemanja Maksimovic,20.0
2019,Getafe,Getafe CF,174344,Fayçal Fajr,3.2
2019,Getafe,Getafe CF,158795,David Timor,1.6
2019,Getafe,Getafe CF,138803,Francisco Portillo,2.8
2019,Getafe,Getafe CF,281404,Kenedy,9.5
2019,Getafe,Getafe CF,263860,Jason Remeseiro,4.8
2019,Getafe,Getafe CF,339820,Amath Ndiaye,2.4
2019,Getafe,Getafe CF,227961,Jaime Mata,8.0
2019,Getafe,Getafe CF,51510,Ángel Rodríguez,6.0
2019,Getafe,Getafe CF,243541,Deyverson,4.0
2019,Getafe,Getafe CF,573775,Hugo Duro,1.8
2019,Getafe,Getafe CF,57825,Jorge Molina,1.6
2019,Getafe,Getafe CF,114060,Enric Gallego,1.2
2019,Celta Vigo,Celta de Vigo,199321,Rubén Blanco,8.0
2019,Celta Vigo,Celta de Vigo,45912,Sergio Álvarez,1.2
2019,Celta Vigo,Celta de Vigo,374055,Dragan Rosic,0.4
2019,Celta Vigo,Celta de Vigo,297194,Iván Villar,0.3
2019,Celta Vigo,Celta de Vigo,551182,Fran Vieites,0.05
2019,Celta Vigo,Celta de Vigo,636092,Iago Domínguez,0.05
2019,Celta Vigo,Celta de Vigo,358250,Joseph Aidoo,6.5
2019,Celta Vigo,Celta de Vigo,131102,Jeison Murillo,6.5
2019,Celta Vigo,Celta de Vigo,64134,Néstor Araújo,5.5
2019,Celta Vigo,Celta de Vigo,276111,David Costas,1.6
2019,Celta Vigo,Celta de Vigo,340339,Jorge Sáenz,1.6
2019,Celta Vigo,Celta de Vigo,609361,José Fontán,0.1
2019,Celta Vigo,Celta de Vigo,216240,Lucas Olaza,3.2
2019,Celta Vigo,Celta de Vigo,164055,David Juncà,1.2
2019,Celta Vigo,Celta de Vigo,119905,Hugo Mallo,7.0
2019,Celta Vigo,Celta de Vigo,221315,Kevin Vázquez,0.8
2019,Celta Vigo,Celta de Vigo,545647,Sergio Carreira,0.15
2019,Celta Vigo,Celta de Vigo,192735,Stanislav Lobotka,16.0
2019,Celta Vigo,Celta de Vigo,137616,Okay Yokuşlu,6.0
2019,Celta Vigo,Celta de Vigo,238486,Filip Bradaric,3.2
2019,Celta Vigo,Celta de Vigo,423444,Fran Beltrán,13.5
2019,Celta Vigo,Celta de Vigo,336828,Pape Cheikh,5.5
2019,Celta Vigo,Celta de Vigo,309110,Brais Méndez,12.0
2019,Celta Vigo,Celta de Vigo,165007,Denis Suárez,9.5
2019,Celta Vigo,Celta de Vigo,129473,Rafinha,9.5
2019,Celta Vigo,Celta de Vigo,252641,Pione Sisto,4.8
2019,Celta Vigo,Celta de Vigo,70934,Nolito,1.6
2019,Celta Vigo,Celta de Vigo,349873,Juan Hernández,0.65
2019,Celta Vigo,Celta de Vigo,340870,Jacobo González,0.2
2019,Celta Vigo,Celta de Vigo,372051,Sergio Bermejo,0.2
2019,Celta Vigo,Celta de Vigo,632741,Iker Losada,0.3
2019,Celta Vigo,Celta de Vigo,72047,Iago Aspas,16.0
2019,Celta Vigo,Celta de Vigo,255653,Santi Mina,14.5
2019,Celta Vigo,Celta de Vigo,50355,Fedor Smolov,7.0
2019,Celta Vigo,Celta de Vigo,259930,Gabriel Fernández,2.4
2019,RCD Espanyol Barcelona,RCD Espanyol Barcelona,8176,Oier Olazábal,1.6
2019,RCD Espanyol Barcelona,RCD Espanyol Barcelona,34370,Diego López,0.8
2019,RCD Espanyol Barcelona,RCD Espanyol Barcelona,412042,Adri López,0.2
2019,RCD Espanyol Barcelona,RCD Espanyol Barcelona,238032,Andrés Prieto,0.2
2019,RCD Espanyol Barcelona,RCD Espanyol Barcelona,102423,Leandro Cabrera,8.0
2019,RCD Espanyol Barcelona,RCD Espanyol Barcelona,129444,David López,6.0
2019,RCD Espanyol Barcelona,RCD Espanyol Barcelona,64598,Bernardo Espinosa,4.8
2019,RCD Espanyol Barcelona,RCD Espanyol Barcelona,357884,Fernando Calero,4.0
2019,RCD Espanyol Barcelona,RCD Espanyol Barcelona,148666,Naldo,1.6
2019,RCD Espanyol Barcelona,RCD Espanyol Barcelona,262391,Lluís López,1.2
2019,RCD Espanyol Barcelona,RCD Espanyol Barcelona,412542,Ricard Pujol,0.2
2019,RCD Espanyol Barcelona,RCD Espanyol Barcelona,503851,Roman Tugarinov,0.15
2019,RCD Espanyol Barcelona,RCD Espanyol Barcelona,501418,Adrià Pedrosa,9.0
2019,RCD Espanyol Barcelona,RCD Espanyol Barcelona,67090,Dídac Vilà,3.2
2019,RCD Espanyol Barcelona,RCD Espanyol Barcelona,495601,Víctor Gómez,2.3
2019,RCD Espanyol Barcelona,RCD Espanyol Barcelona,102744,Sébastien Corchia,1.6
2019,RCD Espanyol Barcelona,RCD Espanyol Barcelona,72310,Javi López,0.8
2019,RCD Espanyol Barcelona,RCD Espanyol Barcelona,423166,Pipa,0.45
2019,RCD Espanyol Barcelona,RCD Espanyol Barcelona,336869,Marc Roca,16.0
2019,RCD Espanyol Barcelona,RCD Espanyol Barcelona,71571,Ander Iturraspe,2.0
2019,RCD Espanyol Barcelona,RCD Espanyol Barcelona,142021,Sergi Darder,11.0
2019,RCD Espanyol Barcelona,RCD Espanyol Barcelona,44065,Esteban Granero,2.4
2019,RCD Espanyol Barcelona,RCD Espanyol Barcelona,63290,Víctor Sánchez,2.4
2019,RCD Espanyol Barcelona,RCD Espanyol Barcelona,412045,Pol Lozano,1.3
2019,RCD Espanyol Barcelona,RCD Espanyol Barcelona,448344,Óscar Melendo,6.0
2019,RCD Espanyol Barcelona,RCD Espanyol Barcelona,56067,Pablo Piatti,2.4
2019,RCD Espanyol Barcelona,RCD Espanyol Barcelona,570421,Nico Melamed,0.3
2019,RCD Espanyol Barcelona,RCD Espanyol Barcelona,376211,Matías Vargas,9.0
2019,RCD Espanyol Barcelona,RCD Espanyol Barcelona,408471,Javi Puado,0.9
2019,RCD Espanyol Barcelona,RCD Espanyol Barcelona,449844,Mohamed Ezzarfani,0.3
2019,RCD Espanyol Barcelona,RCD Espanyol Barcelona,140436,Lei Wu,8.0
2019,RCD Espanyol Barcelona,RCD Espanyol Barcelona,288318,Adrián Embarba,5.5
2019,RCD Espanyol Barcelona,RCD Espanyol Barcelona,599231,Ferran Jutglà,0.15
2019,RCD Espanyol Barcelona,RCD Espanyol Barcelona,162038,Raúl de Tomás,16.0
2019,RCD Espanyol Barcelona,RCD Espanyol Barcelona,278359,Borja Iglesias,14.5
2019,RCD Espanyol Barcelona,RCD Espanyol Barcelona,284727,Jonathan Calleri,6.0
2019,RCD Espanyol Barcelona,RCD Espanyol Barcelona,93795,Facundo Ferreyra,3.2
2019,RCD Espanyol Barcelona,RCD Espanyol Barcelona,394285,Víctor Campuzano,2.4
2019,RCD Espanyol Barcelona,RCD Espanyol Barcelona,353959,Kévin Soni,0.2
2019,CD Leganés,CD Leganés,251892,Juan Soriano,1.6
2019,CD Leganés,CD Leganés,27493,Iván Cuéllar,0.65
2019,CD Leganés,CD Leganés,610408,André Grandi,0.3
2019,CD Leganés,CD Leganés,52403,Dimitrios Siovas,4.8
2019,CD Leganés,CD Leganés,358143,Chidozie Awaziem,4.0
2019,CD Leganés,CD Leganés,156808,Unai Bustinza,3.2
2019,CD Leganés,CD Leganés,131708,Kenneth Omeruo,2.4
2019,CD Leganés,CD Leganés,203617,Rodri Tarín,1.2
2019,CD Leganés,CD Leganés,189453,Jonathan Silva,3.2
2019,CD Leganés,CD Leganés,206947,Kévin Rodrigues,2.4
2019,CD Leganés,CD Leganés,245048,Vasyl Kravets,1.6
2019,CD Leganés,CD Leganés,523968,Mario del Campo,0.1
2019,CD Leganés,CD Leganés,49500,Roberto Rosales,1.6
2019,CD Leganés,CD Leganés,335245,Marc Navarro,1.2
2019,CD Leganés,CD Leganés,113045,Rubén Pérez,6.0
2019,CD Leganés,CD Leganés,205503,Ibrahim Amadou,5.5
2019,CD Leganés,CD Leganés,202984,Roque Mesa,5.5
2019,CD Leganés,CD Leganés,150948,Recio,2.4
2019,CD Leganés,CD Leganés,374077,Christian Rivera,1.6
2019,CD Leganés,CD Leganés,156814,Javi Eraso,1.2
2019,CD Leganés,CD Leganés,284884,Óscar Rodríguez,11.0
2019,CD Leganés,CD Leganés,309980,Federico Varela,0.8
2019,CD Leganés,CD Leganés,537382,Bryan Gil,9.0
2019,CD Leganés,CD Leganés,364603,José Manuel Arnáiz,2.0
2019,CD Leganés,CD Leganés,217728,Alexander Szymanowski,0.8
2019,CD Leganés,CD Leganés,378139,Aitor Ruibal,0.95
2019,CD Leganés,CD Leganés,433049,Youssef En-Nesyri,12.0
2019,CD Leganés,CD Leganés,95732,Martin Braithwaite,9.5
2019,CD Leganés,CD Leganés,263183,Roger Assalé,6.0
2019,CD Leganés,CD Leganés,184672,Guido Carrillo,4.8
2019,CD Leganés,CD Leganés,137704,Miguel Ángel Guerrero,1.6
2019,CD Leganés,CD Leganés,192736,Sabin Merino,0.8
2019,Alaves,Deportivo Alavés,172015,Fernando Pacheco,14.5
2019,Alaves,Deportivo Alavés,298197,Antonio Sivera,1.2
2019,Alaves,Deportivo Alavés,37403,Roberto,0.8
2019,Alaves,Deportivo Alavés,582718,Aritz Castro,0.05
2019,Alaves,Deportivo Alavés,249730,Guillermo Maripán,11.0
2019,Alaves,Deportivo Alavés,67080,Víctor Laguardia,7.0
2019,Alaves,Deportivo Alavés,177046,Rubén Duarte,4.8
2019,Alaves,Deportivo Alavés,66736,Lisandro Magallán,4.8
2019,Alaves,Deportivo Alavés,176140,Rodrigo Ely,1.6
2019,Alaves,Deportivo Alavés,354697,Tachi,0.8
2019,Alaves,Deportivo Alavés,295414,Adrián Marín,0.65
2019,Alaves,Deportivo Alavés,568158,Javi López,0.25
2019,Alaves,Deportivo Alavés,483573,Martín Aguirregabiria,4.8
2019,Alaves,Deportivo Alavés,184767,Ximo Navarro,2.0
2019,Alaves,Deportivo Alavés,351746,Rafa Navarro,0.4
2019,Alaves,Deportivo Alavés,46110,Ljubomir Fejsa,2.8
2019,Alaves,Deportivo Alavés,375710,Jeando Fuchs,1.2
2019,Alaves,Deportivo Alavés,93142,Dani Torres,0.475
2019,Alaves,Deportivo Alavés,263856,Víctor Camarasa,4.0
2019,Alaves,Deportivo Alavés,242497,Pere Pons,3.2
2019,Alaves,Deportivo Alavés,139895,Tomás Pina,2.0
2019,Alaves,Deportivo Alavés,45639,Mubarak Wakaso,2.0
2019,Alaves,Deportivo Alavés,76273,Manu García,1.4
2019,Alaves,Deportivo Alavés,630990,Ismael Gutiérrez,0.9
2019,Alaves,Deportivo Alavés,282421,Javi Muñoz,0.325
2019,Alaves,Deportivo Alavés,615636,Abdallahi Mahmoud,0.1
2019,Alaves,Deportivo Alavés,246277,Burgui,1.2
2019,Alaves,Deportivo Alavés,425028,José Luis Rodríguez,0.45
2019,Alaves,Deportivo Alavés,634461,Borja Sainz,0.3
2019,Alaves,Deportivo Alavés,88490,Aleix Vidal,3.5
2019,Alaves,Deportivo Alavés,278837,Luis Rioja,2.0
2019,Alaves,Deportivo Alavés,261502,Paulino de la Fuente,0.25
2019,Alaves,Deportivo Alavés,73185,Lucas Pérez,12.0
2019,Alaves,Deportivo Alavés,81999,Joselu,6.0
2019,Alaves,Deportivo Alavés,341317,Oliver Burke,4.8
2019,Alaves,Deportivo Alavés,98596,John Guidetti,1.6
2019,Alaves,Deportivo Alavés,133794,Edgar Méndez,1.6
2019,Levante,Levante UD,118997,Aitor Fernández,8.0
2019,Levante,Levante UD,8176,Oier Olazábal,1.6
2019,Levante,Levante UD,299715,Koke Vegas,0.55
2019,Levante,Levante UD,397676,Dani Cárdenas,0.2
2019,Levante,Levante UD,257851,Rúben Vezo,4.8
2019,Levante,Levante UD,302991,Erick Cabaco,4.0
2019,Levante,Levante UD,158791,Sergio Postigo,1.6
2019,Levante,Levante UD,387129,Róber Pier,1.2
2019,Levante,Levante UD,188838,Bruno González,1.2
2019,Levante,Levante UD,175323,Óscar Duarte,0.725
2019,Levante,Levante UD,536152,Gonzalo Pereira,0.3
2019,Levante,Levante UD,396115,Eliseo Falcón,0.3
2019,Levante,Levante UD,193784,Carlos Clerc,2.0
2019,Levante,Levante UD,125931,Toño García,0.725
2019,Levante,Levante UD,71905,Coke,1.2
2019,Levante,Levante UD,203778,Iván López,0.3
2019,Levante,Levante UD,361238,Rubén García,0.2
2019,Levante,Levante UD,168959,Nemanja Radoja,3.2
2019,Levante,Levante UD,151470,Nikola Vukcevic,2.4
2019,Levante,Levante UD,120095,José Campaña,12.0
2019,Levante,Levante UD,162056,Gonzalo Melero,3.2
2019,Levante,Levante UD,568835,Pablo Martínez,0.25
2019,Levante,Levante UD,611198,Álex Blesa,0.1
2019,Levante,Levante UD,405564,Giorgi Kochorashvili,0.1
2019,Levante,Levante UD,228917,Jorge Miramón,2.8
2019,Levante,Levante UD,245014,Enis Bardhi,12.0
2019,Levante,Levante UD,172142,Hernâni,2.0
2019,Levante,Levante UD,67548,Rubén Rochina,3.2
2019,Levante,Levante UD,445631,Joan Monterde,0.25
2019,Levante,Levante UD,212391,Roger Martí,8.0
2019,Levante,Levante UD,252677,José Luis Morales,6.5
2019,Levante,Levante UD,298976,Borja Mayoral,3.2
2019,Levante,Levante UD,145769,Sergio León,2.4
2019,Real Valladolid CF,Real Valladolid CF,65263,Jordi Masip,4.8
2019,Real Valladolid CF,Real Valladolid CF,404839,Andriy Lunin,2.7
2019,Real Valladolid CF,Real Valladolid CF,268946,José Antonio Caro,0.475
2019,Real Valladolid CF,Real Valladolid CF,363541,Samu Pérez,0.25
2019,Real Valladolid CF,Real Valladolid CF,563963,Mohammed Salisu,11.0
2019,Real Valladolid CF,Real Valladolid CF,221321,Joaquín Fernández,2.4
2019,Real Valladolid CF,Real Valladolid CF,51667,Kiko Olivas,2.0
2019,Real Valladolid CF,Real Valladolid CF,165873,Federico Barba,1.2
2019,Real Valladolid CF,Real Valladolid CF,340853,Javi Sánchez,1.2
2019,Real Valladolid CF,Real Valladolid CF,373683,Diego Alende,0.3
2019,Real Valladolid CF,Real Valladolid CF,127554,Nacho Martínez,4.0
2019,Real Valladolid CF,Real Valladolid CF,139434,Raúl Carnero,0.8
2019,Real Valladolid CF,Real Valladolid CF,379714,Roberto Corral,0.25
2019,Real Valladolid CF,Real Valladolid CF,553875,Pedro Porro,9.0
2019,Real Valladolid CF,Real Valladolid CF,62144,Antoñito,0.8
2019,Real Valladolid CF,Real Valladolid CF,71204,Javi Moyano,0.65
2019,Real Valladolid CF,Real Valladolid CF,351892,Matheus Fernandes,3.2
2019,Real Valladolid CF,Real Valladolid CF,207922,Luismi Sánchez,0.475
2019,Real Valladolid CF,Real Valladolid CF,321629,Moctar El Hacen,0.2
2019,Real Valladolid CF,Real Valladolid CF,247250,Rubén Alcaraz,8.0
2019,Real Valladolid CF,Real Valladolid CF,307519,Fede San Emeterio,3.2
2019,Real Valladolid CF,Real Valladolid CF,65331,Míchel Herrero,1.6
2019,Real Valladolid CF,Real Valladolid CF,449496,Álvaro Aguado,0.475
2019,Real Valladolid CF,Real Valladolid CF,527698,Kike Pérez,0.25
2019,Real Valladolid CF,Real Valladolid CF,18900,Hatem Ben Arfa,4.0
2019,Real Valladolid CF,Real Valladolid CF,221309,Óscar Plano,3.2
2019,Real Valladolid CF,Real Valladolid CF,337066,Toni Villa,3.2
2019,Real Valladolid CF,Real Valladolid CF,404688,Waldo Rubio,0.8
2019,Real Valladolid CF,Real Valladolid CF,455181,Jorge de Frutos,2.0
2019,Real Valladolid CF,Real Valladolid CF,327126,Anuar,1.2
2019,Real Valladolid CF,Real Valladolid CF,142027,Pablo Hervías,0.65
2019,Real Valladolid CF,Real Valladolid CF,590690,Víctor García,0.25
2019,Real Valladolid CF,Real Valladolid CF,256429,Sergi Guardiola,4.8
2019,Real Valladolid CF,Real Valladolid CF,251106,Enes Ünal,4.0
2019,Real Valladolid CF,Real Valladolid CF,199369,Sandro Ramírez,3.2
2019,Real Valladolid CF,Real Valladolid CF,591375,Stiven Plaza,0.9
2019,Real Valladolid CF,Real Valladolid CF,480883,Miguel de la Fuente,0.35
2019,Mallorca,RCD Mallorca,45882,Fabri,1.2
2019,Mallorca,RCD Mallorca,29051,Manolo Reina,0.3
2019,Mallorca,RCD Mallorca,242301,Miquel Parera,0.3
2019,Mallorca,RCD Mallorca,408288,Jesús Ruiz,0.05
2019,Mallorca,RCD Mallorca,277384,Martin Valjent,2.4
2019,Mallorca,RCD Mallorca,278296,Antonio Raíllo,2.0
2019,Mallorca,RCD Mallorca,237499,Aleksandar Sedlar,0.65
2019,Mallorca,RCD Mallorca,70946,Xisco Campos,0.1
2019,Mallorca,RCD Mallorca,187530,Leonardo Koutris,3.5
2019,Mallorca,RCD Mallorca,224884,Abdul Rahman Baba,2.4
2019,Mallorca,RCD Mallorca,344393,Lumor Agbenyenu,1.2
2019,Mallorca,RCD Mallorca,350364,Joan Sastre,1.6
2019,Mallorca,RCD Mallorca,442816,Fran Gámez,0.65
2019,Mallorca,RCD Mallorca,81796,Sung-yueng Ki,2.4
2019,Mallorca,RCD Mallorca,217144,Aleix Febas,2.8
2019,Mallorca,RCD Mallorca,442805,Iddrisu Baba,2.0
2019,Mallorca,RCD Mallorca,72319,Marc Pedraza,0.3
2019,Mallorca,RCD Mallorca,58799,Salva Sevilla,0.2
2019,Mallorca,RCD Mallorca,139435,Dani Rodríguez,1.2
2019,Mallorca,RCD Mallorca,161267,Josep Señé,0.3
2019,Mallorca,RCD Mallorca,100722,Lago Júnior,3.2
2019,Mallorca,RCD Mallorca,142920,Aleksandar Trajkovski,1.2
2019,Mallorca,RCD Mallorca,405398,Takefusa Kubo,13.5
2019,Mallorca,RCD Mallorca,341272,Álex Pozo,4.5
2019,Mallorca,RCD Mallorca,79893,Yannis Salibur,1.2
2019,Mallorca,RCD Mallorca,76032,Aridai Cabrera,0.325
2019,Mallorca,RCD Mallorca,459463,Cucho Hernández,6.7
2019,Mallorca,RCD Mallorca,46413,Ante Budimir,6.0
2019,Mallorca,RCD Mallorca,118732,Pablo Chavarría,1.2
2019,Mallorca,RCD Mallorca,177452,Abdón Prats,0.65
2019,Mallorca,RCD Mallorca,178187,Álex Alegría,0.65
2019,Osasuna,CA Osasuna,248738,Sergio Herrera,1.2
2019,Osasuna,CA Osasuna,8184,Rubén Martínez,0.55
2019,Osasuna,CA Osasuna,298613,Juan Pérez,0.4
2019,Osasuna,CA Osasuna,548635,Iñaki Álvarez,0.2
2019,Osasuna,CA Osasuna,82503,Aridane Hernández,3.2
2019,Osasuna,CA Osasuna,298589,David García,2.4
2019,Osasuna,CA Osasuna,61546,Facundo Roncaglia,1.4
2019,Osasuna,CA Osasuna,142419,Raúl Navas,1.2
2019,Osasuna,CA Osasuna,197122,Unai García,0.8
2019,Osasuna,CA Osasuna,349599,Pervis Estupiñán,6.7
2019,Osasuna,CA Osasuna,320271,Toni Lato,1.6
2019,Osasuna,CA Osasuna,458586,Endika Irigoyen,0.2
2019,Osasuna,CA Osasuna,216870,Nacho Vidal,2.4
2019,Osasuna,CA Osasuna,62913,Lillo Castellano,0.55
2019,Osasuna,CA Osasuna,311440,Gorka Zabarte,0.15
2019,Osasuna,CA Osasuna,63040,Oier Sanjurjo,0.95
2019,Osasuna,CA Osasuna,396328,Luis Perea,0.4
2019,Osasuna,CA Osasuna,552425,Jon Moncayola,2.7
2019,Osasuna,CA Osasuna,95641,Darko Brasanac,1.6
2019,Osasuna,CA Osasuna,42920,Fran Mérida,1.2
2019,Osasuna,CA Osasuna,71579,Iñigo Pérez,0.475
2019,Osasuna,CA Osasuna,374082,Antonio Otegui,0.35
2019,Osasuna,CA Osasuna,63056,Roberto Torres,4.0
2019,Osasuna,CA Osasuna,471474,Javi Martínez,0.2
2019,Osasuna,CA Osasuna,634131,Aimar Oroz,0.1
2019,Osasuna,CA Osasuna,364603,José Manuel Arnáiz,2.0
2019,Osasuna,CA Osasuna,251680,Brandon Thomas,1.2
2019,Osasuna,CA Osasuna,520757,José Hualde,0.3
2019,Osasuna,CA Osasuna,213260,Rubén García,6.0
2019,Osasuna,CA Osasuna,242532,Rober Ibáñez,0.8
2019,Osasuna,CA Osasuna,298575,Kike Barja,0.8
2019,Osasuna,CA Osasuna,85500,Juan Villar,0.65
2019,Osasuna,CA Osasuna,167721,Chimy Ávila,12.0
2019,Osasuna,CA Osasuna,45383,Adrián López,1.4
2019,Osasuna,CA Osasuna,443222,Marc Cardona,1.2
2019,Osasuna,CA Osasuna,114060,Enric Gallego,1.2
2019,Osasuna,CA Osasuna,514514,Iván Barbero,0.3
2019,Granada,Granada CF,234811,Rui Silva,4.0
2019,Granada,Granada CF,284430,Aarón Escandell,0.3
2019,Granada,Granada CF,198638,João Costa,0.3
2019,Granada,Granada CF,288376,Unai Etxebarria,0.15
2019,Granada,Granada CF,251896,Jesús Vallejo,6.0
2019,Granada,Granada CF,257376,Domingos Duarte,4.0
2019,Granada,Granada CF,311287,José Antonio Martínez,1.2
2019,Granada,Granada CF,95963,Germán Sánchez,0.65
2019,Granada,Granada CF,468700,Neyder Lozano,0.475
2019,Granada,Granada CF,251880,Antonio Montoro,0.2
2019,Granada,Granada CF,500191,Pepe Sánchez,0.1
2019,Granada,Granada CF,448844,Carlos Neva,0.8
2019,Granada,Granada CF,186891,Álex Martínez,0.725
2019,Granada,Granada CF,74641,İsmail Köybaşı,0.325
2019,Granada,Granada CF,170472,Dimitri Foulquier,2.0
2019,Granada,Granada CF,58330,Víctor Díaz,1.2
2019,Granada,Granada CF,223053,Quini,0.55
2019,Granada,Granada CF,60542,Maxime Gonalons,2.8
2019,Granada,Granada CF,297784,Yan Eteki,0.8
2019,Granada,Granada CF,378293,Yangel Herrera,9.0
2019,Granada,Granada CF,59551,Ángel Montoro,1.2
2019,Granada,Granada CF,131667,Ramon Azeez,0.8
2019,Granada,Granada CF,631221,Isma Ruiz,0.2
2019,Granada,Granada CF,162079,Fede Vico,1.2
2019,Granada,Granada CF,631223,Antonio Aranda,0.1
2019,Granada,Granada CF,211251,Darwin Machís,3.2
2019,Granada,Granada CF,162074,Álvaro Vadillo,2.4
2019,Granada,Granada CF,251888,Mario Rodríguez,0.2
2019,Granada,Granada CF,329723,Gil Dias,3.2
2019,Granada,Granada CF,262365,Antonio Puertas,2.4
2019,Granada,Granada CF,216464,Carlos Fernández,3.2
2019,Granada,Granada CF,610336,Antoñín,1.3
2019,Granada,Granada CF,34870,Roberto Soldado,0.8
2019,Granada,Granada CF,73782,Adrián Ramos,0.8
2019,Eibar,SD Eibar,94308,Marko Dmitrovic,9.5
2019,Eibar,SD Eibar,58115,Yoel Rodríguez,1.2
2019,Eibar,SD Eibar,139336,Paulo Oliveira,4.8
2019,Eibar,SD Eibar,203043,Pedro Bigas,1.6
2019,Eibar,SD Eibar,71548,Anaitz Arbilla,1.6
2019,Eibar,SD Eibar,337922,Esteban Burgos,0.725
2019,Eibar,SD Eibar,26066,Iván Ramis,0.65
2019,Eibar,SD Eibar,87469,Cote,4.0
2019,Eibar,SD Eibar,198006,Rafa Soares,2.4
2019,Eibar,SD Eibar,290273,Álvaro Tejero,2.4
2019,Eibar,SD Eibar,223890,Rober Correa,0.475
2019,Eibar,SD Eibar,138935,Sergio Álvarez,1.6
2019,Eibar,SD Eibar,39907,Pape Diop,1.2
2019,Eibar,SD Eibar,266795,Gonzalo Escalante,3.2
2019,Eibar,SD Eibar,506248,Edu Expósito,3.2
2019,Eibar,SD Eibar,188157,Sebastián Cristóforo,1.2
2019,Eibar,SD Eibar,398738,Miguel Marí,0.25
2019,Eibar,SD Eibar,480955,Miguel Atienza,0.15
2019,Eibar,SD Eibar,75446,Pablo de Blasis,1.4
2019,Eibar,SD Eibar,98249,Takashi Inui,2.4
2019,Eibar,SD Eibar,60890,Fabián Orellana,1.6
2019,Eibar,SD Eibar,51587,Pedro León,1.4
2019,Eibar,SD Eibar,81988,Sergi Enrich,2.4
2019,Eibar,SD Eibar,93936,Kike García,2.4
2019,Eibar,SD Eibar,154059,Charles,1.2
2019,Eibar,SD Eibar,79352,Quique González,0.8
2020,Barcelona,FC Barcelona,74857,Marc-André ter Stegen,60.0
2020,Barcelona,FC Barcelona,111819,Neto,6.0
2020,Barcelona,FC Barcelona,283170,Iñaki Peña,3.0
2020,Barcelona,FC Barcelona,466783,Arnau Tenas,1.5
2020,Barcelona,FC Barcelona,480267,Ronald Araujo,25.0
2020,Barcelona,FC Barcelona,182904,Clément Lenglet,25.0
2020,Barcelona,FC Barcelona,18944,Gerard Piqué,10.0
2020,Barcelona,FC Barcelona,126540,Samuel Umtiti,8.0
2020,Barcelona,FC Barcelona,688593,Santiago Ramos Mingo,0.5
2020,Barcelona,FC Barcelona,69751,Jordi Alba,20.0
2020,Barcelona,FC Barcelona,374139,Junior Firpo,8.0
2020,Barcelona,FC Barcelona,361104,Sergiño Dest,30.0
2020,Barcelona,FC Barcelona,331505,Óscar Mingueza,15.0
2020,Barcelona,FC Barcelona,65230,Sergio Busquets,9.0
2020,Barcelona,FC Barcelona,351892,Matheus Fernandes,1.5
2020,Barcelona,FC Barcelona,326330,Frenkie de Jong,90.0
2020,Barcelona,FC Barcelona,683840,Pedri,70.0
2020,Barcelona,FC Barcelona,617074,Ilaix Moriba,25.0
2020,Barcelona,FC Barcelona,44162,Miralem Pjanić,20.0
2020,Barcelona,FC Barcelona,331511,Riqui Puig,18.0
2020,Barcelona,FC Barcelona,85370,Sergi Roberto,18.0
2020,Barcelona,FC Barcelona,284854,Carles Aleñá,15.0
2020,Barcelona,FC Barcelona,80444,Philippe Coutinho,30.0
2020,Barcelona,FC Barcelona,412669,Francisco Trincão,22.0
2020,Barcelona,FC Barcelona,129473,Rafinha,15.0
2020,Barcelona,FC Barcelona,282722,Álex Collado,5.0
2020,Barcelona,FC Barcelona,466810,Ansu Fati,60.0
2020,Barcelona,FC Barcelona,466809,Konrad de la Fuente,4.0
2020,Barcelona,FC Barcelona,28003,Lionel Messi,80.0
2020,Barcelona,FC Barcelona,125781,Antoine Griezmann,60.0
2020,Barcelona,FC Barcelona,288230,Ousmane Dembélé,50.0
2020,Barcelona,FC Barcelona,95732,Martin Braithwaite,9.0
2020,Real Madrid,Real Madrid,108390,Thibaut Courtois,60.0
2020,Real Madrid,Real Madrid,404839,Andriy Lunin,3.0
2020,Real Madrid,Real Madrid,549069,Diego Altube,0.5
2020,Real Madrid,Real Madrid,623525,Luis López,0.15
2020,Real Madrid,Real Madrid,164770,Raphaël Varane,70.0
2020,Real Madrid,Real Madrid,401530,Éder Militão,40.0
2020,Real Madrid,Real Madrid,25557,Sergio Ramos,10.0
2020,Real Madrid,Real Madrid,58884,Nacho Fernández,10.0
2020,Real Madrid,Real Madrid,495625,Víctor Chust,0.4
2020,Real Madrid,Real Madrid,629511,Pablo Ramón,0.05
2020,Real Madrid,Real Madrid,291417,Ferland Mendy,50.0
2020,Real Madrid,Real Madrid,44501,Marcelo,7.5
2020,Real Madrid,Real Madrid,525299,Miguel Gutiérrez,5.0
2020,Real Madrid,Real Madrid,138927,Daniel Carvajal,30.0
2020,Real Madrid,Real Madrid,221316,Lucas Vázquez,15.0
2020,Real Madrid,Real Madrid,280730,Álvaro Odriozola,10.0
2020,Real Madrid,Real Madrid,603940,Marvin Park,0.5
2020,Real Madrid,Real Madrid,537759,Sergio Santos,0.2
2020,Real Madrid,Real Madrid,16306,Casemiro,70.0
2020,Real Madrid,Real Madrid,495621,Antonio Blanco,5.0
2020,Real Madrid,Real Madrid,369081,Federico Valverde,65.0
2020,Real Madrid,Real Madrid,31909,Toni Kroos,40.0
2020,Real Madrid,Real Madrid,27992,Luka Modrić,10.0
2020,Real Madrid,Real Madrid,316264,Martin Ødegaard,40.0
2020,Real Madrid,Real Madrid,296622,Marco Asensio,35.0
2020,Real Madrid,Real Madrid,85288,Isco,18.0
2020,Real Madrid,Real Madrid,537762,Sergio Arribas,3.0
2020,Real Madrid,Real Madrid,50202,Eden Hazard,40.0
2020,Real Madrid,Real Madrid,371998,Vinicius Junior,40.0
2020,Real Madrid,Real Madrid,412363,Rodrygo,35.0
2020,Real Madrid,Real Madrid,18922,Karim Benzema,25.0
2020,Real Madrid,Real Madrid,257462,Luka Jović,20.0
2020,Real Madrid,Real Madrid,298976,Borja Mayoral,14.0
2020,Real Madrid,Real Madrid,225020,Mariano Díaz,10.0
2020,Real Madrid,Real Madrid,573775,Hugo Duro,5.0
2020,Atletico Madrid,Atlético de Madrid,121483,Jan Oblak,70.0
2020,Atletico Madrid,Atlético de Madrid,226073,Ivo Grbic,3.5
2020,Atletico Madrid,Atlético de Madrid,396337,Miguel San Román,0.7
2020,Atletico Madrid,Atlético de Madrid,250845,José María Giménez,60.0
2020,Atletico Madrid,Atlético de Madrid,281769,Mario Hermoso,35.0
2020,Atletico Madrid,Atlético de Madrid,107010,Stefan Savic,25.0
2020,Atletico Madrid,Atlético de Madrid,156501,Felipe,12.0
2020,Atletico Madrid,Atlético de Madrid,491693,Nehuén Pérez,4.0
2020,Atletico Madrid,Atlético de Madrid,495600,Álvaro García,0.2
2020,Atletico Madrid,Atlético de Madrid,476352,Renan Lodi,25.0
2020,Atletico Madrid,Atlético de Madrid,618809,Manu Sánchez,8.0
2020,Atletico Madrid,Atlético de Madrid,446106,Juan Manuel Sanabria,0.8
2020,Atletico Madrid,Atlético de Madrid,708388,Adrián Corral,0.2
2020,Atletico Madrid,Atlético de Madrid,282411,Marcos Llorente,80.0
2020,Atletico Madrid,Atlético de Madrid,95810,Kieran Trippier,20.0
2020,Atletico Madrid,Atlético de Madrid,76061,Sime Vrsaljko,5.0
2020,Atletico Madrid,Atlético de Madrid,388545,Ricard Sánchez,1.5
2020,Atletico Madrid,Atlético de Madrid,230784,Thomas Partey,40.0
2020,Atletico Madrid,Atlético de Madrid,318077,Lucas Torreira,20.0
2020,Atletico Madrid,Atlético de Madrid,127189,Geoffrey Kondogbia,15.0
2020,Atletico Madrid,Atlético de Madrid,74229,Koke,60.0
2020,Atletico Madrid,Atlético de Madrid,148928,Saúl Ñíguez,40.0
2020,Atletico Madrid,Atlético de Madrid,122043,Héctor Herrera,7.0
2020,Atletico Madrid,Atlético de Madrid,295065,Toni Moya,0.4
2020,Atletico Madrid,Atlético de Madrid,408472,Josep Calavera,0.25
2020,Atletico Madrid,Atlético de Madrid,536823,Óscar Castro,0.05
2020,Atletico Madrid,Atlético de Madrid,205562,Thomas Lemar,25.0
2020,Atletico Madrid,Atlético de Madrid,568148,Mario Soriano,0.5
2020,Atletico Madrid,Atlético de Madrid,140776,Yannick Carrasco,40.0
2020,Atletico Madrid,Atlético de Madrid,67082,Vitolo,4.0
2020,Atletico Madrid,Atlético de Madrid,548188,Germán Valera,2.5
2020,Atletico Madrid,Atlético de Madrid,505673,Víctor Mollejo,3.0
2020,Atletico Madrid,Atlético de Madrid,462250,João Félix,80.0
2020,Atletico Madrid,Atlético de Madrid,266807,Ángel Correa,40.0
2020,Atletico Madrid,Atlético de Madrid,229004,Moussa Dembélé,20.0
2020,Atletico Madrid,Atlético de Madrid,44352,Luis Suárez,15.0
2020,Atletico Madrid,Atlético de Madrid,44779,Diego Costa,6.0
2020,Atletico Madrid,Atlético de Madrid,505674,Sergio Camello,2.3
2020,Atletico Madrid,Atlético de Madrid,274347,Ivan Saponjic,1.2
2020,Sevilla,Sevilla FC,207834,Yassine Bounou,18.0
2020,Sevilla,Sevilla FC,64000,Tomáš Vaclík,4.0
2020,Sevilla,Sevilla FC,396107,Javi Díaz,0.4
2020,Sevilla,Sevilla FC,537367,Alfonso Pastor,0.25
2020,Sevilla,Sevilla FC,537369,Adrián González,0.05
2020,Sevilla,Sevilla FC,329145,Diego Carlos,45.0
2020,Sevilla,Sevilla FC,92947,Sergi Gómez,3.0
2020,Sevilla,Sevilla FC,182579,Karim Rekik,3.0
2020,Sevilla,Sevilla FC,378954,Joris Gnagnon,1.5
2020,Sevilla,Sevilla FC,398435,Kike Ríos,0.05
2020,Sevilla,Sevilla FC,60410,Marcos Acuña,15.0
2020,Sevilla,Sevilla FC,93935,Sergio Escudero,2.5
2020,Sevilla,Sevilla FC,461866,Javi Vázquez,0.15
2020,Sevilla,Sevilla FC,711628,Pablo Pérez,0.1
2020,Sevilla,Sevilla FC,411975,Jules Koundé,60.0
2020,Sevilla,Sevilla FC,676042,Juanlu Sánchez,0.4
2020,Sevilla,Sevilla FC,74294,Nemanja Gudelj,6.0
2020,Sevilla,Sevilla FC,51174,Fernando,4.0
2020,Sevilla,Sevilla FC,263727,Joan Jordán,30.0
2020,Sevilla,Sevilla FC,214775,Óliver Torres,13.0
2020,Sevilla,Sevilla FC,32467,Ivan Rakitic,10.0
2020,Sevilla,Sevilla FC,15956,Jesús Navas,3.0
2020,Sevilla,Sevilla FC,284884,Óscar Rodríguez,12.0
2020,Sevilla,Sevilla FC,76163,Franco Vázquez,4.0
2020,Sevilla,Sevilla FC,668179,Carlos Álvarez,0.3
2020,Sevilla,Sevilla FC,189441,Lucas Ocampos,40.0
2020,Sevilla,Sevilla FC,537382,Bryan Gil,30.0
2020,Sevilla,Sevilla FC,20005,Papu Gómez,9.0
2020,Sevilla,Sevilla FC,241391,Oussama Idrissi,8.0
2020,Sevilla,Sevilla FC,111961,Suso,20.0
2020,Sevilla,Sevilla FC,223725,Munir El Haddadi,10.0
2020,Sevilla,Sevilla FC,341272,Álex Pozo,4.0
2020,Sevilla,Sevilla FC,88490,Aleix Vidal,2.0
2020,Sevilla,Sevilla FC,587562,Antonio Zarzana,0.05
2020,Sevilla,Sevilla FC,433049,Youssef En-Nesyri,40.0
2020,Sevilla,Sevilla FC,72522,Luuk de Jong,10.0
2020,Sevilla,Sevilla FC,216464,Carlos Fernández,9.0
2020,Sevilla,Sevilla FC,628886,Iván Romero,0.5
2020,Real Sociedad,Real Sociedad,212862,Álex Remiro,20.0
2020,Real Sociedad,Real Sociedad,26065,Miguel Ángel Moyá,0.8
2020,Real Sociedad,Real Sociedad,428948,Andoni Zubiaurre,0.3
2020,Real Sociedad,Real Sociedad,561702,Gaizka Ayesa,0.2
2020,Real Sociedad,Real Sociedad,351809,Robin Le Normand,22.0
2020,Real Sociedad,Real Sociedad,246291,Diego Llorente,20.0
2020,Real Sociedad,Real Sociedad,355628,Igor Zubeldia,20.0
2020,Real Sociedad,Real Sociedad,229804,Aritz Elustondo,15.0
2020,Real Sociedad,Real Sociedad,524925,Modibo Sagnan,3.0
2020,Real Sociedad,Real Sociedad,580560,Jon Pacheco,0.2
2020,Real Sociedad,Real Sociedad,517845,Jérémy Blasco,0.15
2020,Real Sociedad,Real Sociedad,434602,Aritz Arambarri,0.15
2020,Real Sociedad,Real Sociedad,517842,Aihen Muñoz,6.0
2020,Real Sociedad,Real Sociedad,43003,Nacho Monreal,1.5
2020,Real Sociedad,Real Sociedad,289255,Andoni Gorosabel,10.0
2020,Real Sociedad,Real Sociedad,197135,Joseba Zaldua,5.0
2020,Real Sociedad,Real Sociedad,423440,Martín Zubimendi,20.0
2020,Real Sociedad,Real Sociedad,59344,Asier Illarramendi,6.0
2020,Real Sociedad,Real Sociedad,625651,Urko González de Zárate,0.5
2020,Real Sociedad,Real Sociedad,338424,Mikel Merino,40.0
2020,Real Sociedad,Real Sociedad,465967,Ander Guevara,7.5
2020,Real Sociedad,Real Sociedad,289257,Jon Guridi,1.8
2020,Real Sociedad,Real Sociedad,289286,Luca Sangalli,1.5
2020,Real Sociedad,Real Sociedad,634431,Beñat Turrientes,0.3
2020,Real Sociedad,Real Sociedad,569866,Roberto López,8.0
2020,Real Sociedad,Real Sociedad,35518,David Silva,5.0
2020,Real Sociedad,Real Sociedad,616369,Ander Barrenetxea,15.0
2020,Real Sociedad,Real Sociedad,289272,Martín Merquelanz,2.0
2020,Real Sociedad,Real Sociedad,625654,Julen Lobete,1.5
2020,Real Sociedad,Real Sociedad,99353,Portu,20.0
2020,Real Sociedad,Real Sociedad,177847,Adnan Januzaj,12.0
2020,Real Sociedad,Real Sociedad,563137,Robert Navarro,3.0
2020,Real Sociedad,Real Sociedad,351478,Mikel Oyarzabal,70.0
2020,Real Sociedad,Real Sociedad,349066,Alexander Isak,40.0
2020,Real Sociedad,Real Sociedad,122155,Willian José,18.0
2020,Real Sociedad,Real Sociedad,216464,Carlos Fernández,9.0
2020,Real Sociedad,Real Sociedad,289236,Jon Bautista,1.2
2020,Villarreal,Villarreal CF,51710,Sergio Asenjo,9.0
2020,Villarreal,Villarreal CF,229604,Gerónimo Rulli,4.0
2020,Villarreal,Villarreal CF,585323,Filip Jørgensen,0.25
2020,Villarreal,Villarreal CF,547248,Iker Álvarez,0.05
2020,Villarreal,Villarreal CF,399776,Pau Torres,50.0
2020,Villarreal,Villarreal CF,480763,Juan Foyth,12.0
2020,Villarreal,Villarreal CF,73250,Mario Gaspar,5.0
2020,Villarreal,Villarreal CF,15452,Raúl Albiol,2.5
2020,Villarreal,Villarreal CF,11111,Ramiro Funes Mori,2.0
2020,Villarreal,Villarreal CF,236956,Soufiane Chakla,0.8
2020,Villarreal,Villarreal CF,356197,Alfonso Pedraza,20.0
2020,Villarreal,Villarreal CF,349599,Pervis Estupiñán,12.0
2020,Villarreal,Villarreal CF,207917,Alberto Moreno,2.5
2020,Villarreal,Villarreal CF,65318,Jaume Costa,2.0
2020,Villarreal,Villarreal CF,238868,Rubén Peña,4.0
2020,Villarreal,Villarreal CF,527966,Andrei Rațiu,0.3
2020,Villarreal,Villarreal CF,631098,Lanchi,0.2
2020,Villarreal,Villarreal CF,74869,Francis Coquelin,5.0
2020,Villarreal,Villarreal CF,65467,Vicente Iborra,3.0
2020,Villarreal,Villarreal CF,63494,Étienne Capoue,2.0
2020,Villarreal,Villarreal CF,341277,Sergio Lozano,0.2
2020,Villarreal,Villarreal CF,188854,Manu Trigueros,12.0
2020,Villarreal,Villarreal CF,59561,Dani Parejo,10.0
2020,Villarreal,Villarreal CF,627287,Carlo García,0.3
2020,Villarreal,Villarreal CF,175449,Moi Gómez,8.0
2020,Villarreal,Villarreal CF,298983,Javi Ontiveros,5.0
2020,Villarreal,Villarreal CF,548111,Álex Baena,2.5
2020,Villarreal,Villarreal CF,401922,Samuel Chukwueze,20.0
2020,Villarreal,Villarreal CF,405398,Takefusa Kubo,15.0
2020,Villarreal,Villarreal CF,568157,Yéremy Pino,15.0
2020,Villarreal,Villarreal CF,413262,Dani Raba,0.9
2020,Villarreal,Villarreal CF,177467,Gerard Moreno,40.0
2020,Villarreal,Villarreal CF,126716,Paco Alcácer,22.0
2020,Villarreal,Villarreal CF,627294,Fer Niño,3.0
2020,Villarreal,Villarreal CF,119235,Carlos Bacca,1.8
2020,Villarreal,Villarreal CF,412041,Álex Millán,0.3
2020,Valencia,Valencia CF,146227,Jasper Cillessen,5.0
2020,Valencia,Valencia CF,227805,Jaume Doménech,4.0
2020,Valencia,Valencia CF,398131,Cristian Rivero,0.3
2020,Valencia,Valencia CF,288376,Unai Etxebarria,0.15
2020,Valencia,Valencia CF,149498,Gabriel Paulista,15.0
2020,Valencia,Valencia CF,346289,Mouctar Diakhaby,10.0
2020,Valencia,Valencia CF,294321,Ferro,5.0
2020,Valencia,Valencia CF,90681,Eliaquim Mangala,2.5
2020,Valencia,Valencia CF,163086,Cristiano Piccini,2.2
2020,Valencia,Valencia CF,409273,Kevin Sibille,0.25
2020,Valencia,Valencia CF,221322,José Gayà,35.0
2020,Valencia,Valencia CF,320271,Toni Lato,2.5
2020,Valencia,Valencia CF,423443,Álex Centelles,2.0
2020,Valencia,Valencia CF,623024,Jesús Vázquez,0.25
2020,Valencia,Valencia CF,367466,Thierry Correia,6.0
2020,Valencia,Valencia CF,602156,Guillem Molina,0.6
2020,Valencia,Valencia CF,127189,Geoffrey Kondogbia,15.0
2020,Valencia,Valencia CF,417575,Uros Racic,10.0
2020,Valencia,Valencia CF,495629,Hugo Guillamón,7.5
2020,Valencia,Valencia CF,563812,Christian Oliva,4.0
2020,Valencia,Valencia CF,372246,Carlos Soler,40.0
2020,Valencia,Valencia CF,503991,Yunus Musah,15.0
2020,Valencia,Valencia CF,63463,Daniel Wass,7.0
2020,Valencia,Valencia CF,599263,Vicente Esquerdo,1.0
2020,Valencia,Valencia CF,569375,Koba Koindredi,0.6
2020,Valencia,Valencia CF,557149,Kang-in Lee,10.0
2020,Valencia,Valencia CF,225122,Gonçalo Guedes,25.0
2020,Valencia,Valencia CF,98322,Denis Cheryshev,3.5
2020,Valencia,Valencia CF,328914,Álex Blanco,1.5
2020,Valencia,Valencia CF,263860,Jason Remeseiro,2.5
2020,Valencia,Valencia CF,527350,Manu Vallejo,7.0
2020,Valencia,Valencia CF,396894,Maxi Gómez,25.0
2020,Valencia,Valencia CF,265078,Patrick Cutrone,9.0
2020,Valencia,Valencia CF,27389,Kévin Gameiro,3.0
2020,Valencia,Valencia CF,85383,Rubén Sobrino,1.5
2020,Real Betis,Real Betis Balompié,101118,Joel Robles,4.0
2020,Real Betis,Real Betis Balompié,335221,Dani Martín,3.0
2020,Real Betis,Real Betis Balompié,40423,Claudio Bravo,1.0
2020,Real Betis,Real Betis Balompié,566666,Dani Rebollo,0.1
2020,Real Betis,Real Betis Balompié,251877,Carlos Marín,0.1
2020,Real Betis,Real Betis Balompié,99922,Marc Bartra,10.0
2020,Real Betis,Real Betis Balompié,80293,Aïssa Mandi,8.0
2020,Real Betis,Real Betis Balompié,27374,Sidnei,2.5
2020,Real Betis,Real Betis Balompié,62920,Víctor Ruiz,2.2
2020,Real Betis,Real Betis Balompié,630984,Geovanni Barba,0.05
2020,Real Betis,Real Betis Balompié,341227,Juan Miranda,7.0
2020,Real Betis,Real Betis Balompié,193098,Álex Moreno,6.0
2020,Real Betis,Real Betis Balompié,630998,José Calderón,0.05
2020,Real Betis,Real Betis Balompié,476344,Emerson Royal,25.0
2020,Real Betis,Real Betis Balompié,68645,Martín Montoya,2.0
2020,Real Betis,Real Betis Balompié,711638,Fran Delgado,0.4
2020,Real Betis,Real Betis Balompié,342385,Guido Rodríguez,22.0
2020,Real Betis,Real Betis Balompié,100131,William Carvalho,15.0
2020,Real Betis,Real Betis Balompié,429901,Paul Akouokou,1.5
2020,Real Betis,Real Betis Balompié,263856,Víctor Camarasa,1.5
2020,Real Betis,Real Betis Balompié,20506,Andrés Guardado,1.5
2020,Real Betis,Real Betis Balompié,203496,Nabil Fekir,25.0
2020,Real Betis,Real Betis Balompié,66106,Sergio Canales,20.0
2020,Real Betis,Real Betis Balompié,395694,Yassin Fekir,0.3
2020,Real Betis,Real Betis Balompié,141834,Cristian Tello,7.5
2020,Real Betis,Real Betis Balompié,126737,Juanmi,2.5
2020,Real Betis,Real Betis Balompié,371174,Diego Lainez,8.0
2020,Real Betis,Real Betis Balompié,378139,Aitor Ruibal,2.0
2020,Real Betis,Real Betis Balompié,7663,Joaquín,1.5
2020,Real Betis,Real Betis Balompié,630995,Rodri Sánchez,1.5
2020,Real Betis,Real Betis Balompié,278359,Borja Iglesias,10.0
2020,Real Betis,Real Betis Balompié,354741,Loren Morón,9.0
2020,Real Betis,Real Betis Balompié,234523,Antonio Sanabria,7.5
2020,Athletic Club,Athletic Bilbao,262396,Unai Simón,20.0
2020,Athletic Club,Athletic Bilbao,71570,Iago Herrerín,1.0
2020,Athletic Club,Athletic Bilbao,379548,Jokin Ezkieta,0.3
2020,Athletic Club,Athletic Bilbao,338285,Unai Núñez,20.0
2020,Athletic Club,Athletic Bilbao,158863,Iñigo Martínez,20.0
2020,Athletic Club,Athletic Bilbao,255488,Yeray Álvarez,20.0
2020,Athletic Club,Athletic Bilbao,591916,Aitor Paredes,0.2
2020,Athletic Club,Athletic Bilbao,61812,Yuri Berchiche,12.0
2020,Athletic Club,Athletic Bilbao,85258,Mikel Balenziaga,1.2
2020,Athletic Club,Athletic Bilbao,197545,Ander Capa,6.0
2020,Athletic Club,Athletic Bilbao,96718,Óscar de Marcos,2.0
2020,Athletic Club,Athletic Bilbao,255501,Iñigo Lekue,1.5
2020,Athletic Club,Athletic Bilbao,178425,Dani García,3.0
2020,Athletic Club,Athletic Bilbao,447052,Peru Nolaskoain,3.0
2020,Athletic Club,Athletic Bilbao,300168,Mikel Vesga,2.0
2020,Athletic Club,Athletic Bilbao,192009,Unai López,12.0
2020,Athletic Club,Athletic Bilbao,610083,Unai Vencedor,5.0
2020,Athletic Club,Athletic Bilbao,524010,Oier Zarraga,0.5
2020,Athletic Club,Athletic Bilbao,625047,Beñat Prados,0.2
2020,Athletic Club,Athletic Bilbao,447053,Julen Bernaola,0.05
2020,Athletic Club,Athletic Bilbao,571020,Oihan Sancet,3.5
2020,Athletic Club,Athletic Bilbao,34601,Raúl García,2.5
2020,Athletic Club,Athletic Bilbao,338425,Álex Berenguer,15.0
2020,Athletic Club,Athletic Bilbao,54235,Iker Muniain,12.0
2020,Athletic Club,Athletic Bilbao,455349,Jon Morcillo,5.0
2020,Athletic Club,Athletic Bilbao,251848,Iñigo Córdoba,2.0
2020,Athletic Club,Athletic Bilbao,709187,Nico Williams,1.5
2020,Athletic Club,Athletic Bilbao,127837,Ibai Gómez,1.2
2020,Athletic Club,Athletic Bilbao,335216,Iñigo Vicente,1.0
2020,Athletic Club,Athletic Bilbao,255508,Iñaki Williams,25.0
2020,Athletic Club,Athletic Bilbao,251897,Asier Villalibre,4.5
2020,Athletic Club,Athletic Bilbao,197126,Kenan Kodro,1.0
2020,Getafe,Getafe CF,226012,David Soria,9.0
2020,Getafe,Getafe CF,246335,Rubén Yáñez,2.0
2020,Getafe,Getafe CF,221150,Dakonam Djené,18.0
2020,Getafe,Getafe CF,302991,Erick Cabaco,2.5
2020,Getafe,Getafe CF,71559,Xabi Etxeita,0.8
2020,Getafe,Getafe CF,248330,Chema Rodríguez,0.8
2020,Getafe,Getafe CF,236956,Soufiane Chakla,0.8
2020,Getafe,Getafe CF,583508,David Alba,0.15
2020,Getafe,Getafe CF,385396,Ryan Nolan,0.15
2020,Getafe,Getafe CF,284857,Marc Cucurella,20.0
2020,Getafe,Getafe CF,376514,Mathías Olivera,12.0
2020,Getafe,Getafe CF,809639,Emmanuel Koffi,0.2
2020,Getafe,Getafe CF,111508,Allan Nyom,2.0
2020,Getafe,Getafe CF,76746,Damián Suárez,1.5
2020,Getafe,Getafe CF,390688,Juan Iglesias,0.25
2020,Getafe,Getafe CF,371003,Ante Palaversa,2.5
2020,Getafe,Getafe CF,648812,Sabit Abdulai,0.15
2020,Getafe,Getafe CF,290249,Mauro Arambarri,20.0
2020,Getafe,Getafe CF,284854,Carles Aleñá,15.0
2020,Getafe,Getafe CF,273152,Nemanja Maksimovic,15.0
2020,Getafe,Getafe CF,158795,David Timor,1.5
2020,Getafe,Getafe CF,841121,John Patrick,1.0
2020,Getafe,Getafe CF,138803,Francisco Portillo,1.2
2020,Getafe,Getafe CF,355336,Josete Miranda,0.2
2020,Getafe,Getafe CF,405398,Takefusa Kubo,15.0
2020,Getafe,Getafe CF,505673,Víctor Mollejo,3.0
2020,Getafe,Getafe CF,148396,Abdoulay Diaby,2.0
2020,Getafe,Getafe CF,459463,Cucho Hernández,9.0
2020,Getafe,Getafe CF,251106,Enes Ünal,7.0
2020,Getafe,Getafe CF,227961,Jaime Mata,4.0
2020,Getafe,Getafe CF,51510,Ángel Rodríguez,3.0
2020,Getafe,Getafe CF,399780,Darío Poveda,0.4
2020,Celta Vigo,Celta de Vigo,199321,Rubén Blanco,5.0
2020,Celta Vigo,Celta de Vigo,297194,Iván Villar,2.5
2020,Celta Vigo,Celta de Vigo,45912,Sergio Álvarez,0.7
2020,Celta Vigo,Celta de Vigo,636092,Iago Domínguez,0.15
2020,Celta Vigo,Celta de Vigo,378482,Patrick Sequeira,0.15
2020,Celta Vigo,Celta de Vigo,495627,Álvaro Fernández,0.1
2020,Celta Vigo,Celta de Vigo,577869,Ruly García,0.05
2020,Celta Vigo,Celta de Vigo,64134,Néstor Araújo,7.0
2020,Celta Vigo,Celta de Vigo,131102,Jeison Murillo,7.0
2020,Celta Vigo,Celta de Vigo,358250,Joseph Aidoo,6.0
2020,Celta Vigo,Celta de Vigo,636093,Carlos Domínguez,1.5
2020,Celta Vigo,Celta de Vigo,276111,David Costas,1.2
2020,Celta Vigo,Celta de Vigo,340339,Jorge Sáenz,1.0
2020,Celta Vigo,Celta de Vigo,609361,José Fontán,1.0
2020,Celta Vigo,Celta de Vigo,216240,Lucas Olaza,6.0
2020,Celta Vigo,Celta de Vigo,251878,Aarón Martín,4.5
2020,Celta Vigo,Celta de Vigo,164055,David Juncà,0.7
2020,Celta Vigo,Celta de Vigo,505493,Diego Pampín,0.25
2020,Celta Vigo,Celta de Vigo,119905,Hugo Mallo,5.0
2020,Celta Vigo,Celta de Vigo,545647,Sergio Carreira,1.0
2020,Celta Vigo,Celta de Vigo,221315,Kevin Vázquez,0.8
2020,Celta Vigo,Celta de Vigo,277137,Renato Tapia,20.0
2020,Celta Vigo,Celta de Vigo,137616,Okay Yokuşlu,7.5
2020,Celta Vigo,Celta de Vigo,429309,Jordan Holsgrove,0.5
2020,Celta Vigo,Celta de Vigo,423444,Fran Beltrán,12.0
2020,Celta Vigo,Celta de Vigo,282694,Augusto Solari,4.0
2020,Celta Vigo,Celta de Vigo,309110,Brais Méndez,14.0
2020,Celta Vigo,Celta de Vigo,165007,Denis Suárez,12.0
2020,Celta Vigo,Celta de Vigo,523977,Miguel Baeza,2.5
2020,Celta Vigo,Celta de Vigo,699704,Gabri Veiga,1.5
2020,Celta Vigo,Celta de Vigo,70934,Nolito,1.5
2020,Celta Vigo,Celta de Vigo,162074,Álvaro Vadillo,0.7
2020,Celta Vigo,Celta de Vigo,357628,Alfon González,0.25
2020,Celta Vigo,Celta de Vigo,634427,Miguel Rodríguez,1.0
2020,Celta Vigo,Celta de Vigo,283223,Emre Mor,0.7
2020,Celta Vigo,Celta de Vigo,255653,Santi Mina,15.0
2020,Celta Vigo,Celta de Vigo,72047,Iago Aspas,9.0
2020,Celta Vigo,Celta de Vigo,93795,Facundo Ferreyra,2.0
2020,Celta Vigo,Celta de Vigo,561745,Lautaro de León,0.1
2020,Granada,Granada CF,234811,Rui Silva,12.0
2020,Granada,Granada CF,284430,Aarón Escandell,1.0
2020,Granada,Granada CF,198638,João Costa,0.25
2020,Granada,Granada CF,575472,Arnau Fàbrega,0.1
2020,Granada,Granada CF,713632,Ángel Jiménez,0.1
2020,Granada,Granada CF,257376,Domingos Duarte,12.0
2020,Granada,Granada CF,251896,Jesús Vallejo,5.0
2020,Granada,Granada CF,491693,Nehuén Pérez,4.0
2020,Granada,Granada CF,95963,Germán Sánchez,0.8
2020,Granada,Granada CF,468700,Neyder Lozano,0.4
2020,Granada,Granada CF,500191,Pepe Sánchez,0.4
2020,Granada,Granada CF,631222,Raúl Torrente,0.1
2020,Granada,Granada CF,562058,Sergio Barcia,0.1
2020,Granada,Granada CF,448844,Carlos Neva,4.0
2020,Granada,Granada CF,295414,Adrián Marín,1.2
2020,Granada,Granada CF,170472,Dimitri Foulquier,3.5
2020,Granada,Granada CF,58330,Víctor Díaz,1.0
2020,Granada,Granada CF,223053,Quini,0.4
2020,Granada,Granada CF,358981,Kingsley Fobi,0.15
2020,Granada,Granada CF,60542,Maxime Gonalons,2.5
2020,Granada,Granada CF,297784,Yan Eteki,2.0
2020,Granada,Granada CF,413459,Eris Abedini,0.3
2020,Granada,Granada CF,696883,Juan Brunet,0.05
2020,Granada,Granada CF,378293,Yangel Herrera,18.0
2020,Granada,Granada CF,281989,Luis Milla,4.0
2020,Granada,Granada CF,391719,Domingos Quina,3.0
2020,Granada,Granada CF,59551,Ángel Montoro,1.2
2020,Granada,Granada CF,131667,Ramon Azeez,0.8
2020,Granada,Granada CF,631221,Isma Ruiz,0.3
2020,Granada,Granada CF,284872,Álvaro Bravo,0.2
2020,Granada,Granada CF,487688,Alberto Soro,3.0
2020,Granada,Granada CF,162079,Fede Vico,1.2
2020,Granada,Granada CF,631223,Antonio Aranda,0.2
2020,Granada,Granada CF,211251,Darwin Machís,10.0
2020,Granada,Granada CF,281404,Kenedy,10.0
2020,Granada,Granada CF,614195,Dani Plomer,0.1
2020,Granada,Granada CF,262365,Antonio Puertas,5.0
2020,Granada,Granada CF,462380,Echu Rodríguez,0.1
2020,Granada,Granada CF,424784,Luis Suárez,10.0
2020,Granada,Granada CF,610336,Antoñín,1.5
2020,Granada,Granada CF,57825,Jorge Molina,1.5
2020,Granada,Granada CF,34870,Roberto Soldado,1.2
2020,Levante,Levante UD,118997,Aitor Fernández,6.0
2020,Levante,Levante UD,397676,Dani Cárdenas,0.6
2020,Levante,Levante UD,299715,Koke Vegas,0.5
2020,Levante,Levante UD,617059,Pablo Campos,0.2
2020,Levante,Levante UD,257851,Rúben Vezo,10.0
2020,Levante,Levante UD,387129,Róber Pier,1.2
2020,Levante,Levante UD,158791,Sergio Postigo,1.2
2020,Levante,Levante UD,175323,Óscar Duarte,0.8
2020,Levante,Levante UD,618806,Alfredo Pedraza,0.2
2020,Levante,Levante UD,702332,Euse Monzó,0.2
2020,Levante,Levante UD,193784,Carlos Clerc,3.0
2020,Levante,Levante UD,125931,Toño García,0.8
2020,Levante,Levante UD,349856,Son,0.8
2020,Levante,Levante UD,71905,Coke,0.8
2020,Levante,Levante UD,205569,Mickaël Malsa,5.0
2020,Levante,Levante UD,168959,Nemanja Radoja,2.5
2020,Levante,Levante UD,151470,Nikola Vukcevic,1.8
2020,Levante,Levante UD,129679,Cheick Doukouré,0.6
2020,Levante,Levante UD,120095,José Campaña,15.0
2020,Levante,Levante UD,162056,Gonzalo Melero,4.5
2020,Levante,Levante UD,568835,Pablo Martínez,0.6
2020,Levante,Levante UD,611198,Álex Blesa,0.3
2020,Levante,Levante UD,405564,Giorgi Kochorashvili,0.3
2020,Levante,Levante UD,228917,Jorge Miramón,2.0
2020,Levante,Levante UD,245014,Enis Bardhi,15.0
2020,Levante,Levante UD,172142,Hernâni,1.2
2020,Levante,Levante UD,638235,Álex Cantero,0.7
2020,Levante,Levante UD,455181,Jorge de Frutos,15.0
2020,Levante,Levante UD,67548,Rubén Rochina,2.8
2020,Levante,Levante UD,430488,Edgar Sevikyan,0.7
2020,Levante,Levante UD,212391,Roger Martí,10.0
2020,Levante,Levante UD,252677,José Luis Morales,6.0
2020,Levante,Levante UD,422460,Dani Gómez,1.5
2020,Levante,Levante UD,145769,Sergio León,1.2
2020,Osasuna,CA Osasuna,248738,Sergio Herrera,6.0
2020,Osasuna,CA Osasuna,298613,Juan Pérez,0.6
2020,Osasuna,CA Osasuna,8184,Rubén Martínez,0.5
2020,Osasuna,CA Osasuna,568183,Iván Martínez,0.25
2020,Osasuna,CA Osasuna,548635,Iñaki Álvarez,0.2
2020,Osasuna,CA Osasuna,298589,David García,7.5
2020,Osasuna,CA Osasuna,82503,Aridane Hernández,3.0
2020,Osasuna,CA Osasuna,197122,Unai García,1.5
2020,Osasuna,CA Osasuna,61546,Facundo Roncaglia,1.0
2020,Osasuna,CA Osasuna,69660,Jonás Ramalho,1.0
2020,Osasuna,CA Osasuna,142419,Raúl Navas,0.3
2020,Osasuna,CA Osasuna,555500,Jorge Herrando,0.25
2020,Osasuna,CA Osasuna,618809,Manu Sánchez,8.0
2020,Osasuna,CA Osasuna,169497,Juan Cruz,2.2
2020,Osasuna,CA Osasuna,216870,Nacho Vidal,2.0
2020,Osasuna,CA Osasuna,311440,Gorka Zabarte,0.15
2020,Osasuna,CA Osasuna,213670,Lucas Torró,2.2
2020,Osasuna,CA Osasuna,63040,Oier Sanjurjo,0.7
2020,Osasuna,CA Osasuna,552425,Jon Moncayola,7.0
2020,Osasuna,CA Osasuna,95641,Darko Brasanac,1.8
2020,Osasuna,CA Osasuna,71579,Iñigo Pérez,0.6
2020,Osasuna,CA Osasuna,63056,Roberto Torres,5.0
2020,Osasuna,CA Osasuna,471474,Javi Martínez,1.2
2020,Osasuna,CA Osasuna,634131,Aimar Oroz,0.2
2020,Osasuna,CA Osasuna,505512,Asier Córdoba,0.2
2020,Osasuna,CA Osasuna,228761,Jony,2.8
2020,Osasuna,CA Osasuna,251680,Brandon Thomas,0.6
2020,Osasuna,CA Osasuna,388519,Kike Saverio,0.2
2020,Osasuna,CA Osasuna,213260,Rubén García,10.0
2020,Osasuna,CA Osasuna,298575,Kike Barja,3.0
2020,Osasuna,CA Osasuna,167721,Chimy Ávila,10.0
2020,Osasuna,CA Osasuna,46413,Ante Budimir,9.0
2020,Osasuna,CA Osasuna,284727,Jonathan Calleri,5.0
2020,Osasuna,CA Osasuna,45383,Adrián López,1.2
2020,Osasuna,CA Osasuna,114060,Enric Gallego,1.0
2020,Osasuna,CA Osasuna,443222,Marc Cardona,0.6
2020,Eibar,SD Eibar,94308,Marko Dmitrovic,8.0
2020,Eibar,SD Eibar,58115,Yoel Rodríguez,0.9
2020,Eibar,SD Eibar,606848,Jonmi Magunagoitia,0.2
2020,Eibar,SD Eibar,139336,Paulo Oliveira,4.0
2020,Eibar,SD Eibar,337922,Esteban Burgos,2.5
2020,Eibar,SD Eibar,203043,Pedro Bigas,1.2
2020,Eibar,SD Eibar,311287,José Antonio Martínez,1.2
2020,Eibar,SD Eibar,71548,Anaitz Arbilla,1.0
2020,Eibar,SD Eibar,206947,Kévin Rodrigues,3.5
2020,Eibar,SD Eibar,198006,Rafa Soares,1.6
2020,Eibar,SD Eibar,87469,Cote,1.5
2020,Eibar,SD Eibar,290273,Álvaro Tejero,1.0
2020,Eibar,SD Eibar,223890,Rober Correa,0.9
2020,Eibar,SD Eibar,138935,Sergio Álvarez,1.2
2020,Eibar,SD Eibar,39907,Pape Diop,0.8
2020,Eibar,SD Eibar,506248,Edu Expósito,3.5
2020,Eibar,SD Eibar,261504,Aleix García,1.8
2020,Eibar,SD Eibar,150948,Recio,1.2
2020,Eibar,SD Eibar,242299,Roberto Olabe,0.7
2020,Eibar,SD Eibar,480955,Miguel Atienza,0.6
2020,Eibar,SD Eibar,199299,Damian Kądzior,1.7
2020,Eibar,SD Eibar,537382,Bryan Gil,30.0
2020,Eibar,SD Eibar,98249,Takashi Inui,1.5
2020,Eibar,SD Eibar,341272,Álex Pozo,4.0
2020,Eibar,SD Eibar,51587,Pedro León,1.0
2020,Eibar,SD Eibar,93936,Kike García,2.8
2020,Eibar,SD Eibar,230541,Yoshinori Muto,2.5
2020,Eibar,SD Eibar,81988,Sergi Enrich,1.8
2020,Eibar,SD Eibar,79352,Quique González,0.8
2020,Alaves,Deportivo Alavés,172015,Fernando Pacheco,8.0
2020,Alaves,Deportivo Alavés,298197,Antonio Sivera,0.9
2020,Alaves,Deportivo Alavés,582718,Aritz Castro,0.15
2020,Alaves,Deportivo Alavés,127108,Florian Lejeune,4.5
2020,Alaves,Deportivo Alavés,177046,Rubén Duarte,4.0
2020,Alaves,Deportivo Alavés,67080,Víctor Laguardia,4.0
2020,Alaves,Deportivo Alavés,176140,Rodrigo Ely,2.2
2020,Alaves,Deportivo Alavés,354697,Tachi,0.8
2020,Alaves,Deportivo Alavés,559979,Abdel Abqar,0.15
2020,Alaves,Deportivo Alavés,718032,Stephane Keller,0.15
2020,Alaves,Deportivo Alavés,295414,Adrián Marín,1.2
2020,Alaves,Deportivo Alavés,568158,Javi López,0.6
2020,Alaves,Deportivo Alavés,550549,Tomás Tavares,5.5
2020,Alaves,Deportivo Alavés,483573,Martín Aguirregabiria,3.0
2020,Alaves,Deportivo Alavés,184767,Ximo Navarro,1.8
2020,Alaves,Deportivo Alavés,89297,Rodrigo Battaglia,4.0
2020,Alaves,Deportivo Alavés,242497,Pere Pons,3.5
2020,Alaves,Deportivo Alavés,139895,Tomás Pina,1.2
2020,Alaves,Deportivo Alavés,76273,Manu García,0.8
2020,Alaves,Deportivo Alavés,718035,Pepe Blanco,0.15
2020,Alaves,Deportivo Alavés,615636,Abdallahi Mahmoud,0.3
2020,Alaves,Deportivo Alavés,598608,Sergi García,0.1
2020,Alaves,Deportivo Alavés,251848,Iñigo Córdoba,2.0
2020,Alaves,Deportivo Alavés,634461,Borja Sainz,2.0
2020,Alaves,Deportivo Alavés,246277,Burgui,0.8
2020,Alaves,Deportivo Alavés,676318,Facundo Pellistri,6.0
2020,Alaves,Deportivo Alavés,278837,Luis Rioja,3.0
2020,Alaves,Deportivo Alavés,176591,Jota Peleteiro,1.8
2020,Alaves,Deportivo Alavés,81999,Joselu,8.0
2020,Alaves,Deportivo Alavés,73185,Lucas Pérez,3.0
2020,Alaves,Deportivo Alavés,243541,Deyverson,2.8
2020,Alaves,Deportivo Alavés,133794,Edgar Méndez,2.2
2020,Alaves,Deportivo Alavés,98596,John Guidetti,1.2
2020,SD Huesca,SD Huesca,453704,Álvaro Ferllo,4.0
2020,SD Huesca,SD Huesca,57522,Andrés Fernández,0.6
2020,SD Huesca,SD Huesca,290275,Antonio Valera,0.3
2020,SD Huesca,SD Huesca,239962,Denis Vavro,4.0
2020,SD Huesca,SD Huesca,52403,Dimitrios Siovas,2.5
2020,SD Huesca,SD Huesca,67546,Jorge Pulido,2.0
2020,SD Huesca,SD Huesca,171362,Pablo Insua,1.2
2020,SD Huesca,SD Huesca,189452,Gastón Silva,1.2
2020,SD Huesca,SD Huesca,448628,Javi Galán,6.0
2020,SD Huesca,SD Huesca,366930,Sergio Gómez,2.5
2020,SD Huesca,SD Huesca,56777,Luisinho,0.2
2020,SD Huesca,SD Huesca,251876,Pablo Maffeo,3.5
2020,SD Huesca,SD Huesca,25412,Pedro López,0.1
2020,SD Huesca,SD Huesca,430579,Idrissa Doumbia,3.5
2020,SD Huesca,SD Huesca,340867,Jaime Seoane,3.0
2020,SD Huesca,SD Huesca,383153,Kelechi Nwakali,1.0
2020,SD Huesca,SD Huesca,223073,Eugeni,0.8
2020,SD Huesca,SD Huesca,44069,Pedro Mosquera,0.7
2020,SD Huesca,SD Huesca,51474,Mikel Rico,0.3
2020,SD Huesca,SD Huesca,67808,Borja García,1.5
2020,SD Huesca,SD Huesca,201861,Juan Carlos Real,1.0
2020,SD Huesca,SD Huesca,298983,Javi Ontiveros,5.0
2020,SD Huesca,SD Huesca,71918,David Ferreiro,1.0
2020,SD Huesca,SD Huesca,396334,Joaquín Muñoz,0.6
2020,SD Huesca,SD Huesca,491541,Juan Peñaloza,0.1
2020,SD Huesca,SD Huesca,361254,Rafa Mir,12.0
2020,SD Huesca,SD Huesca,199369,Sandro Ramírez,3.5
2020,SD Huesca,SD Huesca,79642,Shinji Okazaki,1.0
2020,SD Huesca,SD Huesca,531829,Dani Escriche,1.0
2020,Real Valladolid CF,Real Valladolid CF,65263,Jordi Masip,2.0
2020,Real Valladolid CF,Real Valladolid CF,37403,Roberto,0.7
2020,Real Valladolid CF,Real Valladolid CF,363541,Samu Pérez,0.25
2020,Real Valladolid CF,Real Valladolid CF,448835,Gaizka Campos,0.15
2020,Real Valladolid CF,Real Valladolid CF,340853,Javi Sánchez,2.8
2020,Real Valladolid CF,Real Valladolid CF,221321,Joaquín Fernández,2.8
2020,Real Valladolid CF,Real Valladolid CF,235412,Jawad El Yamiq,1.2
2020,Real Valladolid CF,Real Valladolid CF,51667,Kiko Olivas,1.0
2020,Real Valladolid CF,Real Valladolid CF,188838,Bruno González,1.0
2020,Real Valladolid CF,Real Valladolid CF,583510,Miguel Rubio,0.15
2020,Real Valladolid CF,Real Valladolid CF,809716,Lucas Freitas,0.1
2020,Real Valladolid CF,Real Valladolid CF,710479,Jesús Palomeque,0.05
2020,Real Valladolid CF,Real Valladolid CF,216240,Lucas Olaza,6.0
2020,Real Valladolid CF,Real Valladolid CF,127554,Nacho Martínez,1.2
2020,Real Valladolid CF,Real Valladolid CF,139434,Raúl Carnero,0.6
2020,Real Valladolid CF,Real Valladolid CF,581701,Ignasi Vilarrasa,0.1
2020,Real Valladolid CF,Real Valladolid CF,196435,Saidy Janko,1.5
2020,Real Valladolid CF,Real Valladolid CF,523972,Sergio López,1.0
2020,Real Valladolid CF,Real Valladolid CF,358115,Luis Pérez,0.9
2020,Real Valladolid CF,Real Valladolid CF,71204,Javi Moyano,0.1
2020,Real Valladolid CF,Real Valladolid CF,207922,Luismi Sánchez,0.5
2020,Real Valladolid CF,Real Valladolid CF,293388,Oriol Rey,0.3
2020,Real Valladolid CF,Real Valladolid CF,247250,Rubén Alcaraz,4.0
2020,Real Valladolid CF,Real Valladolid CF,307519,Fede San Emeterio,3.0
2020,Real Valladolid CF,Real Valladolid CF,202984,Roque Mesa,2.5
2020,Real Valladolid CF,Real Valladolid CF,65331,Míchel Herrero,1.2
2020,Real Valladolid CF,Real Valladolid CF,527698,Kike Pérez,1.0
2020,Real Valladolid CF,Real Valladolid CF,221309,Óscar Plano,2.8
2020,Real Valladolid CF,Real Valladolid CF,311696,Kuki Zalazar,0.25
2020,Real Valladolid CF,Real Valladolid CF,329812,Jota,3.5
2020,Real Valladolid CF,Real Valladolid CF,337066,Toni Villa,2.5
2020,Real Valladolid CF,Real Valladolid CF,404688,Waldo Rubio,1.2
2020,Real Valladolid CF,Real Valladolid CF,142027,Pablo Hervías,1.5
2020,Real Valladolid CF,Real Valladolid CF,60890,Fabián Orellana,1.5
2020,Real Valladolid CF,Real Valladolid CF,247652,Shon Weissman,6.0
2020,Real Valladolid CF,Real Valladolid CF,481084,Marcos André,3.5
2020,Real Valladolid CF,Real Valladolid CF,256429,Sergi Guardiola,3.0
2020,Real Valladolid CF,Real Valladolid CF,197126,Kenan Kodro,1.0
2020,Real Valladolid CF,Real Valladolid CF,531825,Sergio Benito,0.2
2020,Cadiz,Cádiz CF,284342,Conan Ledesma,5.0
2020,Cadiz,Cádiz CF,162027,David Gil,0.8
2020,Cadiz,Cádiz CF,513972,Juan Flere,0.1
2020,Cadiz,Cádiz CF,408895,Juanjo Garrancho,0.1
2020,Cadiz,Cádiz CF,252667,Fali,3.0
2020,Cadiz,Cádiz CF,247366,Marcos Mauro,1.5
2020,Cadiz,Cádiz CF,67089,Juan Cala,1.2
2020,Cadiz,Cádiz CF,51663,Pedro Alcalá,0.6
2020,Cadiz,Cádiz CF,345083,Álex Martín,0.6
2020,Cadiz,Cádiz CF,435500,Sergio González,0.5
2020,Cadiz,Cádiz CF,203981,Jean-Pierre Rhyner,0.3
2020,Cadiz,Cádiz CF,419596,Saturday Erimuya,0.3
2020,Cadiz,Cádiz CF,490421,Momo Mbaye,0.05
2020,Cadiz,Cádiz CF,311044,Alfonso Espino,2.5
2020,Cadiz,Cádiz CF,337946,Jairo Izquierdo,0.8
2020,Cadiz,Cádiz CF,388512,Marc Baró,0.2
2020,Cadiz,Cádiz CF,254037,Iza Carcelén,1.5
2020,Cadiz,Cádiz CF,281755,Iván Alejo,1.2
2020,Cadiz,Cádiz CF,225015,Carlos Akapo,0.8
2020,Cadiz,Cádiz CF,148355,Jens Jønsson,4.0
2020,Cadiz,Cádiz CF,158704,Jon Ander Garrido,0.6
2020,Cadiz,Cádiz CF,225462,José Mari,0.5
2020,Cadiz,Cádiz CF,89733,Álex Fernández,6.0
2020,Cadiz,Cádiz CF,290533,Yann Bodiger,0.8
2020,Cadiz,Cádiz CF,39151,Augusto Fernández,0.3
2020,Cadiz,Cádiz CF,336747,Jorge Pombo,1.0
2020,Cadiz,Cádiz CF,99559,Alberto Perea,1.2
2020,Cadiz,Cádiz CF,246204,Salvi Sánchez,2.0
2020,Cadiz,Cádiz CF,162652,Filip Malbasic,1.2
2020,Cadiz,Cádiz CF,331514,Bobby Adekanye,0.6
2020,Cadiz,Cádiz CF,402002,Mamady Diarra,0.1
2020,Cadiz,Cádiz CF,746908,Kike Carrasco,0.05
2020,Cadiz,Cádiz CF,131275,Choco Lozano,2.2
2020,Cadiz,Cádiz CF,57935,Álvaro Giménez,1.5
2020,Cadiz,Cádiz CF,85383,Rubén Sobrino,1.5
2020,Cadiz,Cádiz CF,274347,Ivan Saponjic,1.2
2020,Cadiz,Cádiz CF,18644,Álvaro Negredo,1.2
2020,Cadiz,Cádiz CF,305956,Nano Mesa,0.5
2020,Cadiz,Cádiz CF,399357,Manu Nieto,0.15
2020,Elche,Elche CF,195488,Paulo Gazzaniga,3.0
2020,Elche,Elche CF,102146,Edgar Badia,2.0
2020,Elche,Elche CF,90800,Diego Rodríguez,0.3
2020,Elche,Elche CF,326416,Dani Calvo,1.5
2020,Elche,Elche CF,349836,Diego González,1.0
2020,Elche,Elche CF,255892,Josema,1.0
2020,Elche,Elche CF,184779,Gonzalo Verdú,0.8
2020,Elche,Elche CF,725201,Nacho Pastor,0.15
2020,Elche,Elche CF,169249,Juan Sánchez Miño,2.5
2020,Elche,Elche CF,262939,Johan Mojica,2.0
2020,Elche,Elche CF,274484,Youssouf Koné,1.6
2020,Elche,Elche CF,211389,Helibelton Palacios,1.0
2020,Elche,Elche CF,32522,Antonio Barragán,0.8
2020,Elche,Elche CF,90451,Iván Marcone,3.0
2020,Elche,Elche CF,207922,Luismi Sánchez,0.5
2020,Elche,Elche CF,330352,Raúl Guti,5.0
2020,Elche,Elche CF,203516,Nuke Mfulu,0.8
2020,Elche,Elche CF,175836,Miguel Cifuentes,0.6
2020,Elche,Elche CF,286841,Ramón Folch,0.3
2020,Elche,Elche CF,56067,Pablo Piatti,1.2
2020,Elche,Elche CF,129753,Víctor Rodríguez,0.8
2020,Elche,Elche CF,149231,Fidel,2.0
2020,Elche,Elche CF,225593,Pere Milla,1.8
2020,Elche,Elche CF,339816,Tete Morente,1.5
2020,Elche,Elche CF,352567,Jeison Lucumí,0.95
2020,Elche,Elche CF,282544,Emiliano Rigoni,2.5
2020,Elche,Elche CF,277533,Josan,1.0
2020,Elche,Elche CF,334222,Lucas Boyé,3.5
2020,Elche,Elche CF,184672,Guido Carrillo,2.0
2020,Elche,Elche CF,510385,Claudio Medina,0.35
2020,Elche,Elche CF,29178,Nino,0.1
2020,Elche,Elche CF,527972,Mourad El Ghezouani,0.1
2021,Real Madrid,Real Madrid,108390,Thibaut Courtois,60.0
2021,Real Madrid,Real Madrid,404839,Andriy Lunin,2.5
2021,Real Madrid,Real Madrid,623525,Luis López,0.3
2021,Real Madrid,Real Madrid,623526,Toni Fuidias,0.3
2021,Real Madrid,Real Madrid,401530,Éder Militão,60.0
2021,Real Madrid,Real Madrid,59016,David Alaba,55.0
2021,Real Madrid,Real Madrid,58884,Nacho Fernández,7.0
2021,Real Madrid,Real Madrid,251896,Jesús Vallejo,3.0
2021,Real Madrid,Real Madrid,618341,Mario Gila,0.5
2021,Real Madrid,Real Madrid,662261,Rafa Marín,0.4
2021,Real Madrid,Real Madrid,291417,Ferland Mendy,40.0
2021,Real Madrid,Real Madrid,525299,Miguel Gutiérrez,6.0
2021,Real Madrid,Real Madrid,44501,Marcelo,3.0
2021,Real Madrid,Real Madrid,138927,Daniel Carvajal,18.0
2021,Real Madrid,Real Madrid,221316,Lucas Vázquez,12.0
2021,Real Madrid,Real Madrid,280730,Álvaro Odriozola,12.0
2021,Real Madrid,Real Madrid,537759,Sergio Santos,0.25
2021,Real Madrid,Real Madrid,16306,Casemiro,40.0
2021,Real Madrid,Real Madrid,495621,Antonio Blanco,5.0
2021,Real Madrid,Real Madrid,369081,Federico Valverde,70.0
2021,Real Madrid,Real Madrid,640428,Eduardo Camavinga,55.0
2021,Real Madrid,Real Madrid,31909,Toni Kroos,20.0
2021,Real Madrid,Real Madrid,319745,Dani Ceballos,14.0
2021,Real Madrid,Real Madrid,27992,Luka Modrić,10.0
2021,Real Madrid,Real Madrid,296622,Marco Asensio,40.0
2021,Real Madrid,Real Madrid,85288,Isco,7.5
2021,Real Madrid,Real Madrid,371998,Vinicius Junior,100.0
2021,Real Madrid,Real Madrid,50202,Eden Hazard,12.0
2021,Real Madrid,Real Madrid,412363,Rodrygo,60.0
2021,Real Madrid,Real Madrid,39381,Gareth Bale,3.0
2021,Real Madrid,Real Madrid,710004,Peter Federico,1.0
2021,Real Madrid,Real Madrid,18922,Karim Benzema,30.0
2021,Real Madrid,Real Madrid,257462,Luka Jović,16.0
2021,Real Madrid,Real Madrid,225020,Mariano Díaz,6.0
2021,Real Madrid,Real Madrid,623521,Juanmi Latasa,1.0
2021,Barcelona,FC Barcelona,74857,Marc-André ter Stegen,30.0
2021,Barcelona,FC Barcelona,283170,Iñaki Peña,4.2
2021,Barcelona,FC Barcelona,111819,Neto,3.0
2021,Barcelona,FC Barcelona,466783,Arnau Tenas,1.5
2021,Barcelona,FC Barcelona,344457,Lazar Carević,0.2
2021,Barcelona,FC Barcelona,480267,Ronald Araujo,50.0
2021,Barcelona,FC Barcelona,466794,Eric García,18.0
2021,Barcelona,FC Barcelona,182904,Clément Lenglet,12.0
2021,Barcelona,FC Barcelona,18944,Gerard Piqué,5.0
2021,Barcelona,FC Barcelona,126540,Samuel Umtiti,2.0
2021,Barcelona,FC Barcelona,388542,Arnau Comas,1.0
2021,Barcelona,FC Barcelona,617060,Mika Mármol,0.8
2021,Barcelona,FC Barcelona,69751,Jordi Alba,9.0
2021,Barcelona,FC Barcelona,636688,Alejandro Balde,4.0
2021,Barcelona,FC Barcelona,476344,Emerson Royal,25.0
2021,Barcelona,FC Barcelona,361104,Sergiño Dest,18.0
2021,Barcelona,FC Barcelona,331505,Óscar Mingueza,6.0
2021,Barcelona,FC Barcelona,15951,Dani Alves,1.0
2021,Barcelona,FC Barcelona,331508,Guillem Jaime,0.3
2021,Barcelona,FC Barcelona,466805,Nico González,20.0
2021,Barcelona,FC Barcelona,65230,Sergio Busquets,9.0
2021,Barcelona,FC Barcelona,388548,Jandro Orellana,1.5
2021,Barcelona,FC Barcelona,466806,Álvaro Sanz,0.7
2021,Barcelona,FC Barcelona,683840,Pedri,80.0
2021,Barcelona,FC Barcelona,326330,Frenkie de Jong,60.0
2021,Barcelona,FC Barcelona,646740,Gavi,60.0
2021,Barcelona,FC Barcelona,44162,Miralem Pjanić,9.5
2021,Barcelona,FC Barcelona,331511,Riqui Puig,7.0
2021,Barcelona,FC Barcelona,85370,Sergi Roberto,6.0
2021,Barcelona,FC Barcelona,388555,Lucas de Vega,0.4
2021,Barcelona,FC Barcelona,80444,Philippe Coutinho,20.0
2021,Barcelona,FC Barcelona,466810,Ansu Fati,60.0
2021,Barcelona,FC Barcelona,724520,Abde Ezzalzouli,8.0
2021,Barcelona,FC Barcelona,204103,Adama Traoré,20.0
2021,Barcelona,FC Barcelona,548031,Yusuf Demir,5.0
2021,Barcelona,FC Barcelona,599231,Ferran Jutglà,3.0
2021,Barcelona,FC Barcelona,709969,Ilias Akhomach,3.0
2021,Barcelona,FC Barcelona,125781,Antoine Griezmann,35.0
2021,Barcelona,FC Barcelona,398184,Ferran Torres,45.0
2021,Barcelona,FC Barcelona,167850,Memphis Depay,35.0
2021,Barcelona,FC Barcelona,288230,Ousmane Dembélé,30.0
2021,Barcelona,FC Barcelona,58864,Pierre-Emerick Aubameyang,15.0
2021,Barcelona,FC Barcelona,95732,Martin Braithwaite,6.0
2021,Barcelona,FC Barcelona,72522,Luuk de Jong,4.0
2021,Barcelona,FC Barcelona,308278,Rey Manaj,1.5
2021,Atletico Madrid,Atlético de Madrid,121483,Jan Oblak,45.0
2021,Atletico Madrid,Atlético de Madrid,127181,Benjamin Lecomte,5.0
2021,Atletico Madrid,Atlético de Madrid,226073,Ivo Grbic,3.5
2021,Atletico Madrid,Atlético de Madrid,250845,José María Giménez,50.0
2021,Atletico Madrid,Atlético de Madrid,281769,Mario Hermoso,20.0
2021,Atletico Madrid,Atlético de Madrid,107010,Stefan Savic,16.0
2021,Atletico Madrid,Atlético de Madrid,491693,Nehuén Pérez,6.0
2021,Atletico Madrid,Atlético de Madrid,156501,Felipe,6.0
2021,Atletico Madrid,Atlético de Madrid,476352,Renan Lodi,30.0
2021,Atletico Madrid,Atlético de Madrid,240692,Reinildo Mandava,22.0
2021,Atletico Madrid,Atlético de Madrid,282411,Marcos Llorente,45.0
2021,Atletico Madrid,Atlético de Madrid,95810,Kieran Trippier,15.0
2021,Atletico Madrid,Atlético de Madrid,76061,Sime Vrsaljko,5.0
2021,Atletico Madrid,Atlético de Madrid,127189,Geoffrey Kondogbia,20.0
2021,Atletico Madrid,Atlético de Madrid,255901,Rodrigo De Paul,40.0
2021,Atletico Madrid,Atlético de Madrid,74229,Koke,25.0
2021,Atletico Madrid,Atlético de Madrid,148928,Saúl Ñíguez,25.0
2021,Atletico Madrid,Atlético de Madrid,63463,Daniel Wass,6.0
2021,Atletico Madrid,Atlético de Madrid,122043,Héctor Herrera,5.0
2021,Atletico Madrid,Atlético de Madrid,205562,Thomas Lemar,40.0
2021,Atletico Madrid,Atlético de Madrid,140776,Yannick Carrasco,40.0
2021,Atletico Madrid,Atlético de Madrid,742201,Giuliano Simeone,0.5
2021,Atletico Madrid,Atlético de Madrid,462250,João Félix,70.0
2021,Atletico Madrid,Atlético de Madrid,266807,Ángel Correa,45.0
2021,Atletico Madrid,Atlético de Madrid,125781,Antoine Griezmann,35.0
2021,Atletico Madrid,Atlético de Madrid,517894,Matheus Cunha,30.0
2021,Atletico Madrid,Atlético de Madrid,44352,Luis Suárez,8.0
2021,Atletico Madrid,Atlético de Madrid,505674,Sergio Camello,3.0
2021,Atletico Madrid,Atlético de Madrid,274347,Ivan Saponjic,0.8
2021,Villarreal,Villarreal CF,229604,Gerónimo Rulli,6.0
2021,Villarreal,Villarreal CF,51710,Sergio Asenjo,4.0
2021,Villarreal,Villarreal CF,547248,Iker Álvarez,0.3
2021,Villarreal,Villarreal CF,585323,Filip Jørgensen,0.3
2021,Villarreal,Villarreal CF,399776,Pau Torres,50.0
2021,Villarreal,Villarreal CF,480763,Juan Foyth,25.0
2021,Villarreal,Villarreal CF,494880,Jorge Cuenca,8.0
2021,Villarreal,Villarreal CF,80293,Aïssa Mandi,6.0
2021,Villarreal,Villarreal CF,73250,Mario Gaspar,3.0
2021,Villarreal,Villarreal CF,15452,Raúl Albiol,3.0
2021,Villarreal,Villarreal CF,341263,Adrián Dela,0.6
2021,Villarreal,Villarreal CF,349599,Pervis Estupiñán,20.0
2021,Villarreal,Villarreal CF,356197,Alfonso Pedraza,18.0
2021,Villarreal,Villarreal CF,207917,Alberto Moreno,5.0
2021,Villarreal,Villarreal CF,627282,Dani Tasende,0.5
2021,Villarreal,Villarreal CF,127032,Serge Aurier,10.0
2021,Villarreal,Villarreal CF,238868,Rubén Peña,2.5
2021,Villarreal,Villarreal CF,631098,Lanchi,0.2
2021,Villarreal,Villarreal CF,74869,Francis Coquelin,5.0
2021,Villarreal,Villarreal CF,63494,Étienne Capoue,3.0
2021,Villarreal,Villarreal CF,65467,Vicente Iborra,2.0
2021,Villarreal,Villarreal CF,188854,Manu Trigueros,14.0
2021,Villarreal,Villarreal CF,59561,Dani Parejo,9.0
2021,Villarreal,Villarreal CF,335225,Manu Morlanes,5.0
2021,Villarreal,Villarreal CF,627287,Carlo García,0.4
2021,Villarreal,Villarreal CF,568156,Antonio Pacheco,0.2
2021,Villarreal,Villarreal CF,348795,Giovani Lo Celso,22.0
2021,Villarreal,Villarreal CF,175449,Moi Gómez,8.0
2021,Villarreal,Villarreal CF,355861,Arnaut Danjuma,50.0
2021,Villarreal,Villarreal CF,614464,Nikita Iosifov,1.2
2021,Villarreal,Villarreal CF,568157,Yéremy Pino,40.0
2021,Villarreal,Villarreal CF,401922,Samuel Chukwueze,20.0
2021,Villarreal,Villarreal CF,413262,Dani Raba,0.9
2021,Villarreal,Villarreal CF,177467,Gerard Moreno,40.0
2021,Villarreal,Villarreal CF,626913,Boulaye Dia,12.0
2021,Villarreal,Villarreal CF,126716,Paco Alcácer,9.0
2021,Villarreal,Villarreal CF,627294,Fer Niño,3.0
2021,Villarreal,Villarreal CF,776890,Nicolas Jackson,1.0
2021,Sevilla,Sevilla FC,207834,Yassine Bounou,18.0
2021,Sevilla,Sevilla FC,94308,Marko Dmitrovic,5.0
2021,Sevilla,Sevilla FC,396107,Javi Díaz,0.5
2021,Sevilla,Sevilla FC,537367,Alfonso Pastor,0.25
2021,Sevilla,Sevilla FC,537369,Adrián González,0.05
2021,Sevilla,Sevilla FC,329145,Diego Carlos,40.0
2021,Sevilla,Sevilla FC,182579,Karim Rekik,5.0
2021,Sevilla,Sevilla FC,766583,Kike Salas,0.15
2021,Sevilla,Sevilla FC,60410,Marcos Acuña,18.0
2021,Sevilla,Sevilla FC,170646,Ludwig Augustinsson,5.0
2021,Sevilla,Sevilla FC,628923,Juan María Alcedo,0.2
2021,Sevilla,Sevilla FC,711628,Pablo Pérez,0.1
2021,Sevilla,Sevilla FC,411975,Jules Koundé,60.0
2021,Sevilla,Sevilla FC,402733,Gonzalo Montiel,14.0
2021,Sevilla,Sevilla FC,676042,Juanlu Sánchez,0.5
2021,Sevilla,Sevilla FC,537373,Valentino Fattore,0.4
2021,Sevilla,Sevilla FC,711625,José Ángel Carmona,0.2
2021,Sevilla,Sevilla FC,74294,Nemanja Gudelj,4.0
2021,Sevilla,Sevilla FC,51174,Fernando,4.0
2021,Sevilla,Sevilla FC,263727,Joan Jordán,22.0
2021,Sevilla,Sevilla FC,214775,Óliver Torres,8.0
2021,Sevilla,Sevilla FC,32467,Ivan Rakitic,7.0
2021,Sevilla,Sevilla FC,91849,Thomas Delaney,7.0
2021,Sevilla,Sevilla FC,610238,Pedro Ortiz,0.15
2021,Sevilla,Sevilla FC,15956,Jesús Navas,3.0
2021,Sevilla,Sevilla FC,284884,Óscar Rodríguez,9.0
2021,Sevilla,Sevilla FC,536826,Nacho Quintana,0.3
2021,Sevilla,Sevilla FC,189441,Lucas Ocampos,25.0
2021,Sevilla,Sevilla FC,20005,Papu Gómez,6.0
2021,Sevilla,Sevilla FC,241391,Oussama Idrissi,4.0
2021,Sevilla,Sevilla FC,125165,Jesús Corona,18.0
2021,Sevilla,Sevilla FC,111630,Erik Lamela,16.0
2021,Sevilla,Sevilla FC,111961,Suso,10.0
2021,Sevilla,Sevilla FC,223725,Munir El Haddadi,8.0
2021,Sevilla,Sevilla FC,341272,Álex Pozo,4.0
2021,Sevilla,Sevilla FC,610461,Luismi Cruz,0.4
2021,Sevilla,Sevilla FC,587562,Antonio Zarzana,0.2
2021,Sevilla,Sevilla FC,433049,Youssef En-Nesyri,25.0
2021,Sevilla,Sevilla FC,361254,Rafa Mir,16.0
2021,Sevilla,Sevilla FC,182877,Anthony Martial,16.0
2021,Sevilla,Sevilla FC,72522,Luuk de Jong,4.0
2021,Sevilla,Sevilla FC,628886,Iván Romero,0.6
2021,Real Sociedad,Real Sociedad,212862,Álex Remiro,22.0
2021,Real Sociedad,Real Sociedad,128969,Mathew Ryan,5.0
2021,Real Sociedad,Real Sociedad,561702,Gaizka Ayesa,1.0
2021,Real Sociedad,Real Sociedad,625657,Unai Marrero,0.15
2021,Real Sociedad,Real Sociedad,351809,Robin Le Normand,30.0
2021,Real Sociedad,Real Sociedad,229804,Aritz Elustondo,20.0
2021,Real Sociedad,Real Sociedad,355628,Igor Zubeldia,15.0
2021,Real Sociedad,Real Sociedad,580560,Jon Pacheco,1.0
2021,Real Sociedad,Real Sociedad,517842,Aihen Muñoz,6.0
2021,Real Sociedad,Real Sociedad,249513,Diego Rico,3.0
2021,Real Sociedad,Real Sociedad,43003,Nacho Monreal,1.0
2021,Real Sociedad,Real Sociedad,674501,Jonathan Gómez,0.5
2021,Real Sociedad,Real Sociedad,696890,Cristo Romero,0.3
2021,Real Sociedad,Real Sociedad,289255,Andoni Gorosabel,10.0
2021,Real Sociedad,Real Sociedad,197135,Joseba Zaldua,4.0
2021,Real Sociedad,Real Sociedad,423440,Martín Zubimendi,30.0
2021,Real Sociedad,Real Sociedad,59344,Asier Illarramendi,3.0
2021,Real Sociedad,Real Sociedad,625651,Urko González de Zárate,1.0
2021,Real Sociedad,Real Sociedad,338424,Mikel Merino,50.0
2021,Real Sociedad,Real Sociedad,465967,Ander Guevara,5.0
2021,Real Sociedad,Real Sociedad,634431,Beñat Turrientes,3.0
2021,Real Sociedad,Real Sociedad,289257,Jon Guridi,1.2
2021,Real Sociedad,Real Sociedad,625660,Jon Ander Olasagasti,1.0
2021,Real Sociedad,Real Sociedad,129473,Rafinha,9.0
2021,Real Sociedad,Real Sociedad,35518,David Silva,4.0
2021,Real Sociedad,Real Sociedad,616369,Ander Barrenetxea,9.0
2021,Real Sociedad,Real Sociedad,625654,Julen Lobete,3.0
2021,Real Sociedad,Real Sociedad,594926,Naïs Djouahra,1.5
2021,Real Sociedad,Real Sociedad,548188,Germán Valera,1.5
2021,Real Sociedad,Real Sociedad,177847,Adnan Januzaj,12.0
2021,Real Sociedad,Real Sociedad,99353,Portu,9.0
2021,Real Sociedad,Real Sociedad,563137,Robert Navarro,3.0
2021,Real Sociedad,Real Sociedad,625658,Ander Martín,0.5
2021,Real Sociedad,Real Sociedad,434990,Álex Sola,0.3
2021,Real Sociedad,Real Sociedad,351478,Mikel Oyarzabal,60.0
2021,Real Sociedad,Real Sociedad,349066,Alexander Isak,30.0
2021,Real Sociedad,Real Sociedad,238407,Alexander Sørloth,10.0
2021,Real Sociedad,Real Sociedad,216464,Carlos Fernández,5.0
2021,Real Sociedad,Real Sociedad,711382,Jon Karrikaburu,5.0
2021,Real Sociedad,Real Sociedad,289236,Jon Bautista,1.0
2021,Valencia,Valencia CF,502676,Giorgi Mamardashvili,10.0
2021,Valencia,Valencia CF,146227,Jasper Cillessen,3.0
2021,Valencia,Valencia CF,227805,Jaume Doménech,2.0
2021,Valencia,Valencia CF,398131,Cristian Rivero,0.2
2021,Valencia,Valencia CF,353032,Omar Alderete,10.0
2021,Valencia,Valencia CF,149498,Gabriel Paulista,7.0
2021,Valencia,Valencia CF,346289,Mouctar Diakhaby,7.0
2021,Valencia,Valencia CF,298583,Eray Cömert,1.5
2021,Valencia,Valencia CF,163086,Cristiano Piccini,1.2
2021,Valencia,Valencia CF,646750,Cristhian Mosquera,1.0
2021,Valencia,Valencia CF,221322,José Gayà,40.0
2021,Valencia,Valencia CF,623024,Jesús Vázquez,5.0
2021,Valencia,Valencia CF,320271,Toni Lato,1.5
2021,Valencia,Valencia CF,367466,Thierry Correia,8.0
2021,Valencia,Valencia CF,170472,Dimitri Foulquier,4.0
2021,Valencia,Valencia CF,589459,Joseda Menargues,0.2
2021,Valencia,Valencia CF,495629,Hugo Guillamón,20.0
2021,Valencia,Valencia CF,417575,Uros Racic,7.0
2021,Valencia,Valencia CF,372246,Carlos Soler,50.0
2021,Valencia,Valencia CF,503991,Yunus Musah,15.0
2021,Valencia,Valencia CF,617074,Ilaix Moriba,9.0
2021,Valencia,Valencia CF,63463,Daniel Wass,6.0
2021,Valencia,Valencia CF,569375,Koba Koindredi,1.0
2021,Valencia,Valencia CF,699771,Pedro Alemañ,0.1
2021,Valencia,Valencia CF,225122,Gonçalo Guedes,40.0
2021,Valencia,Valencia CF,537382,Bryan Gil,18.0
2021,Valencia,Valencia CF,98322,Denis Cheryshev,2.5
2021,Valencia,Valencia CF,328914,Álex Blanco,0.7
2021,Valencia,Valencia CF,173900,Hélder Costa,5.0
2021,Valencia,Valencia CF,263860,Jason Remeseiro,2.5
2021,Valencia,Valencia CF,707279,Hugo González,0.2
2021,Valencia,Valencia CF,527350,Manu Vallejo,3.0
2021,Valencia,Valencia CF,396894,Maxi Gómez,12.0
2021,Valencia,Valencia CF,573775,Hugo Duro,10.0
2021,Valencia,Valencia CF,481084,Marcos André,5.0
2021,Valencia,Valencia CF,85383,Rubén Sobrino,2.0
2021,Real Betis,Real Betis Balompié,234811,Rui Silva,15.0
2021,Real Betis,Real Betis Balompié,101118,Joel Robles,1.5
2021,Real Betis,Real Betis Balompié,40423,Claudio Bravo,1.0
2021,Real Betis,Real Betis Balompié,566666,Dani Rebollo,0.1
2021,Real Betis,Real Betis Balompié,401624,Edgar González,6.0
2021,Real Betis,Real Betis Balompié,99922,Marc Bartra,6.0
2021,Real Betis,Real Betis Balompié,113133,Germán Pezzella,5.0
2021,Real Betis,Real Betis Balompié,27374,Sidnei,2.0
2021,Real Betis,Real Betis Balompié,62920,Víctor Ruiz,1.5
2021,Real Betis,Real Betis Balompié,531824,Kike Hermoso,0.2
2021,Real Betis,Real Betis Balompié,193098,Álex Moreno,18.0
2021,Real Betis,Real Betis Balompié,341227,Juan Miranda,5.0
2021,Real Betis,Real Betis Balompié,388512,Marc Baró,0.2
2021,Real Betis,Real Betis Balompié,630998,José Calderón,0.2
2021,Real Betis,Real Betis Balompié,191217,Héctor Bellerín,20.0
2021,Real Betis,Real Betis Balompié,135492,Youssouf Sabaly,3.0
2021,Real Betis,Real Betis Balompié,68645,Martín Montoya,1.5
2021,Real Betis,Real Betis Balompié,711638,Fran Delgado,0.4
2021,Real Betis,Real Betis Balompié,342385,Guido Rodríguez,25.0
2021,Real Betis,Real Betis Balompié,100131,William Carvalho,16.0
2021,Real Betis,Real Betis Balompié,429901,Paul Akouokou,4.0
2021,Real Betis,Real Betis Balompié,20506,Andrés Guardado,1.5
2021,Real Betis,Real Betis Balompié,263856,Víctor Camarasa,1.0
2021,Real Betis,Real Betis Balompié,718580,Antonio Marchena,0.1
2021,Real Betis,Real Betis Balompié,203496,Nabil Fekir,40.0
2021,Real Betis,Real Betis Balompié,66106,Sergio Canales,20.0
2021,Real Betis,Real Betis Balompié,395694,Yassin Fekir,0.3
2021,Real Betis,Real Betis Balompié,126737,Juanmi,15.0
2021,Real Betis,Real Betis Balompié,141834,Cristian Tello,5.0
2021,Real Betis,Real Betis Balompié,630995,Rodri Sánchez,4.0
2021,Real Betis,Real Betis Balompié,378139,Aitor Ruibal,3.0
2021,Real Betis,Real Betis Balompié,371174,Diego Lainez,2.5
2021,Real Betis,Real Betis Balompié,505675,Rober González,2.0
2021,Real Betis,Real Betis Balompié,7663,Joaquín,1.5
2021,Real Betis,Real Betis Balompié,278359,Borja Iglesias,15.0
2021,Real Betis,Real Betis Balompié,122155,Willian José,12.0
2021,Real Betis,Real Betis Balompié,354741,Loren Morón,4.0
2021,Real Betis,Real Betis Balompié,631002,Raúl García,0.5
2021,Athletic Club,Athletic Bilbao,262396,Unai Simón,25.0
2021,Athletic Club,Athletic Bilbao,625014,Julen Agirrezabala,5.0
2021,Athletic Club,Athletic Bilbao,379548,Jokin Ezkieta,0.3
2021,Athletic Club,Athletic Bilbao,480958,Ander Iru,0.1
2021,Athletic Club,Athletic Bilbao,158863,Iñigo Martínez,25.0
2021,Athletic Club,Athletic Bilbao,255488,Yeray Álvarez,13.0
2021,Athletic Club,Athletic Bilbao,524000,Dani Vivian,12.0
2021,Athletic Club,Athletic Bilbao,338285,Unai Núñez,9.0
2021,Athletic Club,Athletic Bilbao,591916,Aitor Paredes,0.2
2021,Athletic Club,Athletic Bilbao,61812,Yuri Berchiche,3.0
2021,Athletic Club,Athletic Bilbao,85258,Mikel Balenziaga,1.2
2021,Athletic Club,Athletic Bilbao,255501,Iñigo Lekue,3.0
2021,Athletic Club,Athletic Bilbao,197545,Ander Capa,2.5
2021,Athletic Club,Athletic Bilbao,96718,Óscar de Marcos,1.8
2021,Athletic Club,Athletic Bilbao,527838,Álex Petxarroman,1.0
2021,Athletic Club,Athletic Bilbao,300168,Mikel Vesga,3.0
2021,Athletic Club,Athletic Bilbao,178425,Dani García,3.0
2021,Athletic Club,Athletic Bilbao,447052,Peru Nolaskoain,1.5
2021,Athletic Club,Athletic Bilbao,610083,Unai Vencedor,20.0
2021,Athletic Club,Athletic Bilbao,524010,Oier Zarraga,3.5
2021,Athletic Club,Athletic Bilbao,571020,Oihan Sancet,15.0
2021,Athletic Club,Athletic Bilbao,34601,Raúl García,2.5
2021,Athletic Club,Athletic Bilbao,54235,Iker Muniain,16.0
2021,Athletic Club,Athletic Bilbao,338425,Álex Berenguer,12.0
2021,Athletic Club,Athletic Bilbao,709187,Nico Williams,12.0
2021,Athletic Club,Athletic Bilbao,455349,Jon Morcillo,4.0
2021,Athletic Club,Athletic Bilbao,668183,Nico Serrano,2.5
2021,Athletic Club,Athletic Bilbao,834755,Luis Bilbao,0.25
2021,Athletic Club,Athletic Bilbao,255508,Iñaki Williams,25.0
2021,Athletic Club,Athletic Bilbao,626960,Juan Artola,0.7
2021,Athletic Club,Athletic Bilbao,251897,Asier Villalibre,3.0
2021,Getafe,Getafe CF,226012,David Soria,8.0
2021,Getafe,Getafe CF,246335,Rubén Yáñez,1.5
2021,Getafe,Getafe CF,341713,Diego Conde,0.3
2021,Getafe,Getafe CF,221150,Dakonam Djené,10.0
2021,Getafe,Getafe CF,494880,Jorge Cuenca,8.0
2021,Getafe,Getafe CF,302991,Erick Cabaco,1.8
2021,Getafe,Getafe CF,143029,Stefan Mitrovic,1.8
2021,Getafe,Getafe CF,70245,Ignasi Miquel,1.2
2021,Getafe,Getafe CF,248330,Chema Rodríguez,0.8
2021,Getafe,Getafe CF,577486,Gastón Álvarez,0.5
2021,Getafe,Getafe CF,284857,Marc Cucurella,28.0
2021,Getafe,Getafe CF,376514,Mathías Olivera,15.0
2021,Getafe,Getafe CF,189453,Jonathan Silva,1.8
2021,Getafe,Getafe CF,809639,Emmanuel Koffi,0.2
2021,Getafe,Getafe CF,390688,Juan Iglesias,1.5
2021,Getafe,Getafe CF,76746,Damián Suárez,1.5
2021,Getafe,Getafe CF,111508,Allan Nyom,1.0
2021,Getafe,Getafe CF,357162,Florentino,5.0
2021,Getafe,Getafe CF,137616,Okay Yokuşlu,3.0
2021,Getafe,Getafe CF,638589,Ángel Algobia,0.1
2021,Getafe,Getafe CF,290249,Mauro Arambarri,15.0
2021,Getafe,Getafe CF,273152,Nemanja Maksimovic,14.0
2021,Getafe,Getafe CF,284854,Carles Aleñá,9.0
2021,Getafe,Getafe CF,398163,Gonzalo Villar,5.0
2021,Getafe,Getafe CF,158795,David Timor,1.0
2021,Getafe,Getafe CF,841121,John Patrick,1.0
2021,Getafe,Getafe CF,319160,Jakub Jankto,4.0
2021,Getafe,Getafe CF,284884,Óscar Rodríguez,9.0
2021,Getafe,Getafe CF,732096,Santi García,0.05
2021,Getafe,Getafe CF,67082,Vitolo,1.5
2021,Getafe,Getafe CF,251106,Enes Ünal,25.0
2021,Getafe,Getafe CF,573775,Hugo Duro,10.0
2021,Getafe,Getafe CF,298976,Borja Mayoral,9.0
2021,Getafe,Getafe CF,546047,José Juan Macías,7.0
2021,Getafe,Getafe CF,199369,Sandro Ramírez,3.5
2021,Getafe,Getafe CF,227961,Jaime Mata,3.0
2021,Getafe,Getafe CF,399780,Darío Poveda,0.6
2021,Getafe,Getafe CF,715650,Mamor Niang,0.025
2021,RCD Espanyol Barcelona,RCD Espanyol Barcelona,34370,Diego López,0.5
2021,RCD Espanyol Barcelona,RCD Espanyol Barcelona,561613,Joan García,0.4
2021,RCD Espanyol Barcelona,RCD Espanyol Barcelona,8176,Oier Olazábal,0.3
2021,RCD Espanyol Barcelona,RCD Espanyol Barcelona,102423,Leandro Cabrera,4.0
2021,RCD Espanyol Barcelona,RCD Espanyol Barcelona,92947,Sergi Gómez,3.0
2021,RCD Espanyol Barcelona,RCD Espanyol Barcelona,357884,Fernando Calero,1.8
2021,RCD Espanyol Barcelona,RCD Espanyol Barcelona,129444,David López,1.8
2021,RCD Espanyol Barcelona,RCD Espanyol Barcelona,495600,Álvaro García,0.2
2021,RCD Espanyol Barcelona,RCD Espanyol Barcelona,548187,Alejandro Pérez,0.2
2021,RCD Espanyol Barcelona,RCD Espanyol Barcelona,705810,Lluís Recasens,0.15
2021,RCD Espanyol Barcelona,RCD Espanyol Barcelona,501418,Adrià Pedrosa,9.0
2021,RCD Espanyol Barcelona,RCD Espanyol Barcelona,67090,Dídac Vilà,0.6
2021,RCD Espanyol Barcelona,RCD Espanyol Barcelona,544106,Óscar Gil,3.0
2021,RCD Espanyol Barcelona,RCD Espanyol Barcelona,495601,Víctor Gómez,2.5
2021,RCD Espanyol Barcelona,RCD Espanyol Barcelona,399775,Miguel Llambrich,0.8
2021,RCD Espanyol Barcelona,RCD Espanyol Barcelona,705813,Rubén Sánchez,0.25
2021,RCD Espanyol Barcelona,RCD Espanyol Barcelona,142021,Sergi Darder,14.0
2021,RCD Espanyol Barcelona,RCD Espanyol Barcelona,378293,Yangel Herrera,14.0
2021,RCD Espanyol Barcelona,RCD Espanyol Barcelona,335225,Manu Morlanes,5.0
2021,RCD Espanyol Barcelona,RCD Espanyol Barcelona,182581,Tonny Vilhena,5.0
2021,RCD Espanyol Barcelona,RCD Espanyol Barcelona,295622,Keidi Bare,4.0
2021,RCD Espanyol Barcelona,RCD Espanyol Barcelona,42920,Fran Mérida,0.9
2021,RCD Espanyol Barcelona,RCD Espanyol Barcelona,646746,Roger Martínez,0.3
2021,RCD Espanyol Barcelona,RCD Espanyol Barcelona,628496,Dani Villahermosa,0.25
2021,RCD Espanyol Barcelona,RCD Espanyol Barcelona,705815,Gori Gracia,0.15
2021,RCD Espanyol Barcelona,RCD Espanyol Barcelona,570421,Nico Melamed,7.5
2021,RCD Espanyol Barcelona,RCD Espanyol Barcelona,448344,Óscar Melendo,3.0
2021,RCD Espanyol Barcelona,RCD Espanyol Barcelona,408471,Javi Puado,8.0
2021,RCD Espanyol Barcelona,RCD Espanyol Barcelona,162074,Álvaro Vadillo,0.8
2021,RCD Espanyol Barcelona,RCD Espanyol Barcelona,288318,Adrián Embarba,4.0
2021,RCD Espanyol Barcelona,RCD Espanyol Barcelona,140436,Lei Wu,2.5
2021,RCD Espanyol Barcelona,RCD Espanyol Barcelona,88490,Aleix Vidal,2.0
2021,RCD Espanyol Barcelona,RCD Espanyol Barcelona,628498,Jofre Carreras,0.1
2021,RCD Espanyol Barcelona,RCD Espanyol Barcelona,162038,Raúl de Tomás,25.0
2021,RCD Espanyol Barcelona,RCD Espanyol Barcelona,354741,Loren Morón,4.0
2021,RCD Espanyol Barcelona,RCD Espanyol Barcelona,311489,Landry Dimata,2.2
2021,RCD Espanyol Barcelona,RCD Espanyol Barcelona,705808,Max Svensson,0.4
2021,Celta Vigo,Celta de Vigo,199321,Rubén Blanco,3.0
2021,Celta Vigo,Celta de Vigo,144128,Matías Dituro,1.0
2021,Celta Vigo,Celta de Vigo,448835,Gaizka Campos,0.15
2021,Celta Vigo,Celta de Vigo,581640,Coke Carrillo,0.1
2021,Celta Vigo,Celta de Vigo,358250,Joseph Aidoo,7.0
2021,Celta Vigo,Celta de Vigo,64134,Néstor Araújo,4.0
2021,Celta Vigo,Celta de Vigo,131102,Jeison Murillo,3.5
2021,Celta Vigo,Celta de Vigo,609361,José Fontán,1.0
2021,Celta Vigo,Celta de Vigo,636093,Carlos Domínguez,1.0
2021,Celta Vigo,Celta de Vigo,740253,Javi Castro,0.2
2021,Celta Vigo,Celta de Vigo,448628,Javi Galán,12.0
2021,Celta Vigo,Celta de Vigo,461619,Fernando Medrano,0.15
2021,Celta Vigo,Celta de Vigo,119905,Hugo Mallo,4.0
2021,Celta Vigo,Celta de Vigo,221315,Kevin Vázquez,2.0
2021,Celta Vigo,Celta de Vigo,540676,Thomas Carrique,0.4
2021,Celta Vigo,Celta de Vigo,277137,Renato Tapia,10.0
2021,Celta Vigo,Celta de Vigo,137616,Okay Yokuşlu,3.0
2021,Celta Vigo,Celta de Vigo,423444,Fran Beltrán,15.0
2021,Celta Vigo,Celta de Vigo,334042,Orbelín Pineda,4.0
2021,Celta Vigo,Celta de Vigo,282694,Augusto Solari,2.5
2021,Celta Vigo,Celta de Vigo,309110,Brais Méndez,18.0
2021,Celta Vigo,Celta de Vigo,165007,Denis Suárez,10.0
2021,Celta Vigo,Celta de Vigo,699704,Gabri Veiga,1.5
2021,Celta Vigo,Celta de Vigo,523977,Miguel Baeza,1.0
2021,Celta Vigo,Celta de Vigo,341110,Franco Cervi,5.0
2021,Celta Vigo,Celta de Vigo,70934,Nolito,1.2
2021,Celta Vigo,Celta de Vigo,357628,Alfon González,0.3
2021,Celta Vigo,Celta de Vigo,72047,Iago Aspas,7.0
2021,Celta Vigo,Celta de Vigo,186399,Thiago Galhardo,2.0
2021,Osasuna,CA Osasuna,248738,Sergio Herrera,8.0
2021,Osasuna,CA Osasuna,298613,Juan Pérez,0.6
2021,Osasuna,CA Osasuna,341266,Darío Ramos,0.2
2021,Osasuna,CA Osasuna,634116,Yoel Ramírez,0.05
2021,Osasuna,CA Osasuna,298589,David García,20.0
2021,Osasuna,CA Osasuna,197122,Unai García,1.5
2021,Osasuna,CA Osasuna,82503,Aridane Hernández,1.5
2021,Osasuna,CA Osasuna,69660,Jonás Ramalho,0.8
2021,Osasuna,CA Osasuna,783429,Unai Dufur,0.3
2021,Osasuna,CA Osasuna,618809,Manu Sánchez,10.0
2021,Osasuna,CA Osasuna,169497,Juan Cruz,2.0
2021,Osasuna,CA Osasuna,87469,Cote,1.5
2021,Osasuna,CA Osasuna,216870,Nacho Vidal,5.0
2021,Osasuna,CA Osasuna,488626,Jesús Areso,0.8
2021,Osasuna,CA Osasuna,213670,Lucas Torró,5.0
2021,Osasuna,CA Osasuna,63040,Oier Sanjurjo,0.5
2021,Osasuna,CA Osasuna,552425,Jon Moncayola,12.0
2021,Osasuna,CA Osasuna,95641,Darko Brasanac,2.0
2021,Osasuna,CA Osasuna,340864,Jaume Grau,0.8
2021,Osasuna,CA Osasuna,71579,Iñigo Pérez,0.6
2021,Osasuna,CA Osasuna,63056,Roberto Torres,3.0
2021,Osasuna,CA Osasuna,471474,Javi Martínez,2.5
2021,Osasuna,CA Osasuna,298983,Javi Ontiveros,1.5
2021,Osasuna,CA Osasuna,213260,Rubén García,8.0
2021,Osasuna,CA Osasuna,298575,Kike Barja,3.0
2021,Osasuna,CA Osasuna,242532,Rober Ibáñez,0.5
2021,Osasuna,CA Osasuna,710679,Iker Benito,0.3
2021,Osasuna,CA Osasuna,366931,Pau Martínez,0.2
2021,Osasuna,CA Osasuna,167721,Chimy Ávila,8.0
2021,Osasuna,CA Osasuna,46413,Ante Budimir,6.0
2021,Osasuna,CA Osasuna,93936,Kike García,1.8
2021,Osasuna,CA Osasuna,514514,Iván Barbero,0.5
2021,Granada,Granada CF,367464,Luís Maximiano,12.0
2021,Granada,Granada CF,284430,Aarón Escandell,1.0
2021,Granada,Granada CF,198638,João Costa,0.2
2021,Granada,Granada CF,632471,Cheikh Sarr,0.1
2021,Granada,Granada CF,713632,Ángel Jiménez,0.1
2021,Granada,Granada CF,257376,Domingos Duarte,8.0
2021,Granada,Granada CF,330684,Luis Abram,6.0
2021,Granada,Granada CF,631222,Raúl Torrente,3.0
2021,Granada,Granada CF,95963,Germán Sánchez,0.8
2021,Granada,Granada CF,500191,Pepe Sánchez,0.3
2021,Granada,Granada CF,562058,Sergio Barcia,0.25
2021,Granada,Granada CF,468700,Neyder Lozano,0.2
2021,Granada,Granada CF,448844,Carlos Neva,4.0
2021,Granada,Granada CF,93935,Sergio Escudero,1.8
2021,Granada,Granada CF,713649,Miguel Ángel Brau,0.1
2021,Granada,Granada CF,170472,Dimitri Foulquier,4.0
2021,Granada,Granada CF,120443,Santiago Arias,4.0
2021,Granada,Granada CF,58330,Víctor Díaz,0.7
2021,Granada,Granada CF,223053,Quini,0.4
2021,Granada,Granada CF,376588,Njegos Petrovic,2.5
2021,Granada,Granada CF,60542,Maxime Gonalons,1.8
2021,Granada,Granada CF,297784,Yan Eteki,1.5
2021,Granada,Granada CF,281989,Luis Milla,5.0
2021,Granada,Granada CF,282727,Monchu,3.0
2021,Granada,Granada CF,59551,Ángel Montoro,1.0
2021,Granada,Granada CF,631221,Isma Ruiz,0.6
2021,Granada,Granada CF,282722,Álex Collado,4.0
2021,Granada,Granada CF,487688,Alberto Soro,2.5
2021,Granada,Granada CF,211251,Darwin Machís,6.0
2021,Granada,Granada CF,315289,Myrto Uzuni,3.0
2021,Granada,Granada CF,713644,Bryan Zaragoza,0.2
2021,Granada,Granada CF,262365,Antonio Puertas,4.5
2021,Granada,Granada CF,67548,Rubén Rochina,2.5
2021,Granada,Granada CF,413262,Dani Raba,0.9
2021,Granada,Granada CF,424784,Luis Suárez,9.0
2021,Granada,Granada CF,611426,Matías Arezo,6.0
2021,Granada,Granada CF,57825,Jorge Molina,1.5
2021,Granada,Granada CF,119235,Carlos Bacca,1.0
2021,Granada,Granada CF,596884,Adrián Butzke,0.3
2021,Levante,Levante UD,118997,Aitor Fernández,2.5
2021,Levante,Levante UD,397676,Dani Cárdenas,1.5
2021,Levante,Levante UD,299715,Koke Vegas,0.3
2021,Levante,Levante UD,611202,Pablo Picón,0.15
2021,Levante,Levante UD,617059,Pablo Campos,0.15
2021,Levante,Levante UD,939445,Álex Primo,0.1
2021,Levante,Levante UD,257851,Rúben Vezo,4.0
2021,Levante,Levante UD,88590,Shkodran Mustafi,2.0
2021,Levante,Levante UD,387129,Róber Pier,1.5
2021,Levante,Levante UD,54935,Martín Cáceres,0.9
2021,Levante,Levante UD,175323,Óscar Duarte,0.8
2021,Levante,Levante UD,844637,Marc Pubill,0.8
2021,Levante,Levante UD,158791,Sergio Postigo,0.7
2021,Levante,Levante UD,627277,José Manuel,0.15
2021,Levante,Levante UD,627276,Antonio Leal,0.1
2021,Levante,Levante UD,373916,Marcelo Saracchi,2.5
2021,Levante,Levante UD,193784,Carlos Clerc,2.0
2021,Levante,Levante UD,282700,Enric Franquesa,0.8
2021,Levante,Levante UD,349856,Son,1.0
2021,Levante,Levante UD,71905,Coke,0.6
2021,Levante,Levante UD,718177,Joseda Álvarez,0.05
2021,Levante,Levante UD,328480,Pepelu,3.0
2021,Levante,Levante UD,205569,Mickaël Malsa,3.0
2021,Levante,Levante UD,168959,Nemanja Radoja,2.0
2021,Levante,Levante UD,151470,Nikola Vukcevic,1.0
2021,Levante,Levante UD,120095,José Campaña,6.0
2021,Levante,Levante UD,162056,Gonzalo Melero,4.0
2021,Levante,Levante UD,568835,Pablo Martínez,1.5
2021,Levante,Levante UD,611198,Álex Blesa,0.3
2021,Levante,Levante UD,856156,Carlos Benítez,0.1
2021,Levante,Levante UD,228917,Jorge Miramón,1.8
2021,Levante,Levante UD,245014,Enis Bardhi,8.0
2021,Levante,Levante UD,638235,Álex Cantero,1.0
2021,Levante,Levante UD,172142,Hernâni,0.7
2021,Levante,Levante UD,455181,Jorge de Frutos,10.0
2021,Levante,Levante UD,212391,Roger Martí,5.0
2021,Levante,Levante UD,252677,José Luis Morales,4.0
2021,Levante,Levante UD,422460,Dani Gómez,2.5
2021,Levante,Levante UD,34870,Roberto Soldado,1.0
2021,Levante,Levante UD,668041,Omar Faraj,0.1
2021,Mallorca,RCD Mallorca,207302,Sergio Rico,4.0
2021,Mallorca,RCD Mallorca,316884,Dominik Greif,2.0
2021,Mallorca,RCD Mallorca,562742,Leo Román,0.3
2021,Mallorca,RCD Mallorca,29051,Manolo Reina,0.2
2021,Mallorca,RCD Mallorca,277384,Martin Valjent,4.0
2021,Mallorca,RCD Mallorca,278296,Antonio Raíllo,2.0
2021,Mallorca,RCD Mallorca,378463,Franco Russo,1.2
2021,Mallorca,RCD Mallorca,237499,Aleksandar Sedlar,0.5
2021,Mallorca,RCD Mallorca,166677,Brian Oliván,2.5
2021,Mallorca,RCD Mallorca,65318,Jaume Costa,1.2
2021,Mallorca,RCD Mallorca,251876,Pablo Maffeo,5.0
2021,Mallorca,RCD Mallorca,350364,Joan Sastre,1.8
2021,Mallorca,RCD Mallorca,339699,Giovanni González,1.5
2021,Mallorca,RCD Mallorca,89297,Rodrigo Battaglia,1.8
2021,Mallorca,RCD Mallorca,442805,Iddrisu Baba,3.5
2021,Mallorca,RCD Mallorca,126751,Iñigo Ruiz de Galarreta,1.8
2021,Mallorca,RCD Mallorca,513031,Antonio Sánchez,1.5
2021,Mallorca,RCD Mallorca,217144,Aleix Febas,1.0
2021,Mallorca,RCD Mallorca,72479,Clément Grenier,1.0
2021,Mallorca,RCD Mallorca,58799,Salva Sevilla,0.3
2021,Mallorca,RCD Mallorca,632501,Thomas Giaquinto,0.15
2021,Mallorca,RCD Mallorca,557149,Kang-in Lee,6.0
2021,Mallorca,RCD Mallorca,139435,Dani Rodríguez,1.2
2021,Mallorca,RCD Mallorca,100722,Lago Júnior,1.2
2021,Mallorca,RCD Mallorca,405398,Takefusa Kubo,7.5
2021,Mallorca,RCD Mallorca,505673,Víctor Mollejo,3.0
2021,Mallorca,RCD Mallorca,339820,Amath Ndiaye,2.0
2021,Mallorca,RCD Mallorca,331498,Jordi Mboula,1.5
2021,Mallorca,RCD Mallorca,256267,Vedat Muriqi,7.0
2021,Mallorca,RCD Mallorca,627294,Fer Niño,3.0
2021,Mallorca,RCD Mallorca,51510,Ángel Rodríguez,2.0
2021,Mallorca,RCD Mallorca,177452,Abdón Prats,1.5
2021,Mallorca,RCD Mallorca,678194,Matthew Hoppe,1.0
2021,Elche,Elche CF,102146,Edgar Badia,3.0
2021,Elche,Elche CF,236734,Axel Werner,0.8
2021,Elche,Elche CF,27486,Kiko Casilla,0.7
2021,Elche,Elche CF,186862,Enzo Roco,2.0
2021,Elche,Elche CF,349836,Diego González,2.0
2021,Elche,Elche CF,203043,Pedro Bigas,1.0
2021,Elche,Elche CF,255892,Josema,0.8
2021,Elche,Elche CF,184779,Gonzalo Verdú,0.7
2021,Elche,Elche CF,622623,Sergio Bono,0.025
2021,Elche,Elche CF,262939,Johan Mojica,5.0
2021,Elche,Elche CF,216240,Lucas Olaza,2.5
2021,Elche,Elche CF,211389,Helibelton Palacios,1.2
2021,Elche,Elche CF,32522,Antonio Barragán,0.6
2021,Elche,Elche CF,142031,Omar Mascarell,4.0
2021,Elche,Elche CF,268670,Gerard Gumbau,3.0
2021,Elche,Elche CF,90451,Iván Marcone,2.0
2021,Elche,Elche CF,330352,Raúl Guti,4.0
2021,Elche,Elche CF,527698,Kike Pérez,1.5
2021,Elche,Elche CF,672953,César Moreno,0.2
2021,Elche,Elche CF,786438,Jony Álamo,0.05
2021,Elche,Elche CF,56067,Pablo Piatti,1.0
2021,Elche,Elche CF,55215,Javier Pastore,0.9
2021,Elche,Elche CF,225593,Pere Milla,3.0
2021,Elche,Elche CF,339816,Tete Morente,3.0
2021,Elche,Elche CF,149231,Fidel,2.0
2021,Elche,Elche CF,277533,Josan,1.0
2021,Elche,Elche CF,334222,Lucas Boyé,15.0
2021,Elche,Elche CF,296783,Ezequiel Ponce,5.0
2021,Elche,Elche CF,92693,Darío Benedetto,3.0
2021,Elche,Elche CF,73185,Lucas Pérez,2.5
2021,Elche,Elche CF,184672,Guido Carrillo,1.5
2021,Cadiz,Cádiz CF,284342,Conan Ledesma,6.0
2021,Cadiz,Cádiz CF,162027,David Gil,0.8
2021,Cadiz,Cádiz CF,513972,Juan Flere,0.1
2021,Cadiz,Cádiz CF,706797,Victor Aznar,0.05
2021,Cadiz,Cádiz CF,252667,Fali,3.0
2021,Cadiz,Cádiz CF,495625,Víctor Chust,2.5
2021,Cadiz,Cádiz CF,247366,Marcos Mauro,1.2
2021,Cadiz,Cádiz CF,155423,Varazdat Haroyan,1.2
2021,Cadiz,Cádiz CF,67089,Juan Cala,0.9
2021,Cadiz,Cádiz CF,62945,Luis Hernández,0.8
2021,Cadiz,Cádiz CF,311044,Alfonso Espino,6.0
2021,Cadiz,Cádiz CF,520947,Santiago Arzamendia,1.8
2021,Cadiz,Cádiz CF,628490,Genar Fornés,0.15
2021,Cadiz,Cádiz CF,254037,Iza Carcelén,1.5
2021,Cadiz,Cádiz CF,281755,Iván Alejo,1.2
2021,Cadiz,Cádiz CF,225015,Carlos Akapo,1.2
2021,Cadiz,Cádiz CF,784719,Raúl Parra,0.3
2021,Cadiz,Cádiz CF,148355,Jens Jønsson,4.0
2021,Cadiz,Cádiz CF,454238,Tomás Alarcón,3.0
2021,Cadiz,Cádiz CF,225462,José Mari,0.4
2021,Cadiz,Cádiz CF,89733,Álex Fernández,6.0
2021,Cadiz,Cádiz CF,247250,Rubén Alcaraz,2.5
2021,Cadiz,Cádiz CF,307519,Fede San Emeterio,1.5
2021,Cadiz,Cádiz CF,882772,Álvaro Bastida,1.0
2021,Cadiz,Cádiz CF,278404,Martín Calderón,0.5
2021,Cadiz,Cádiz CF,241391,Oussama Idrissi,4.0
2021,Cadiz,Cádiz CF,99559,Alberto Perea,1.0
2021,Cadiz,Cádiz CF,246204,Salvi Sánchez,2.0
2021,Cadiz,Cádiz CF,282406,Álvaro Jiménez,0.6
2021,Cadiz,Cádiz CF,412046,Iván Chapela,0.6
2021,Cadiz,Cádiz CF,835794,Pedro Benito,0.3
2021,Cadiz,Cádiz CF,131275,Choco Lozano,4.0
2021,Cadiz,Cádiz CF,73185,Lucas Pérez,2.5
2021,Cadiz,Cádiz CF,85383,Rubén Sobrino,2.0
2021,Cadiz,Cádiz CF,18644,Álvaro Negredo,1.5
2021,Cadiz,Cádiz CF,177065,Florin Andone,1.0
2021,Cadiz,Cádiz CF,542819,Milutin Osmajic,0.7
2021,Rayo Vallecano,Rayo Vallecano,165467,Stole Dimitrievski,3.0
2021,Rayo Vallecano,Rayo Vallecano,283489,Luca Zidane,2.0
2021,Rayo Vallecano,Rayo Vallecano,260740,Iván Arboleda,1.8
2021,Rayo Vallecano,Rayo Vallecano,607780,Miguel Ángel Morro,0.6
2021,Rayo Vallecano,Rayo Vallecano,449796,Alejandro Catena,4.0
2021,Rayo Vallecano,Rayo Vallecano,258475,Nikola Maras,1.2
2021,Rayo Vallecano,Rayo Vallecano,240360,Esteban Saveljich,0.8
2021,Rayo Vallecano,Rayo Vallecano,717957,Jorge Moreno,0.5
2021,Rayo Vallecano,Rayo Vallecano,341264,Fran García,7.5
2021,Rayo Vallecano,Rayo Vallecano,206947,Kévin Rodrigues,1.8
2021,Rayo Vallecano,Rayo Vallecano,85295,Iván Balliu,2.0
2021,Rayo Vallecano,Rayo Vallecano,608531,Mario Hernández,0.8
2021,Rayo Vallecano,Rayo Vallecano,37337,Mario Suárez,0.3
2021,Rayo Vallecano,Rayo Vallecano,380598,Santi Comesaña,4.0
2021,Rayo Vallecano,Rayo Vallecano,192009,Unai López,4.0
2021,Rayo Vallecano,Rayo Vallecano,517753,Óscar Valentín,3.0
2021,Rayo Vallecano,Rayo Vallecano,525578,Pathé Ciss,2.0
2021,Rayo Vallecano,Rayo Vallecano,560483,Randy Nteka,4.0
2021,Rayo Vallecano,Rayo Vallecano,30321,Óscar Trejo,3.0
2021,Rayo Vallecano,Rayo Vallecano,195605,José Pozo,1.2
2021,Rayo Vallecano,Rayo Vallecano,257062,Álvaro García,6.0
2021,Rayo Vallecano,Rayo Vallecano,289272,Martín Merquelanz,1.5
2021,Rayo Vallecano,Rayo Vallecano,153427,Bebé,0.8
2021,Rayo Vallecano,Rayo Vallecano,531277,Andrés Martín,1.2
2021,Rayo Vallecano,Rayo Vallecano,362086,Isi Palazón,3.0
2021,Rayo Vallecano,Rayo Vallecano,256429,Sergi Guardiola,3.0
2021,Rayo Vallecano,Rayo Vallecano,39152,Radamel Falcao,2.0
2021,Rayo Vallecano,Rayo Vallecano,166683,Mamadou Sylla,1.2
2021,Rayo Vallecano,Rayo Vallecano,93747,Yacine Qasmi,0.6
2021,Rayo Vallecano,Rayo Vallecano,607779,Sergio Moreno,0.4
2021,Alaves,Deportivo Alavés,172015,Fernando Pacheco,5.0
2021,Alaves,Deportivo Alavés,298197,Antonio Sivera,1.0
2021,Alaves,Deportivo Alavés,631693,Jesús Owono,0.2
2021,Alaves,Deportivo Alavés,608382,Adrián Rodríguez,0.05
2021,Alaves,Deportivo Alavés,177046,Rubén Duarte,3.0
2021,Alaves,Deportivo Alavés,245893,Matt Miazga,2.0
2021,Alaves,Deportivo Alavés,67080,Víctor Laguardia,2.0
2021,Alaves,Deportivo Alavés,127108,Florian Lejeune,2.0
2021,Alaves,Deportivo Alavés,354697,Tachi,0.8
2021,Alaves,Deportivo Alavés,559979,Abdel Abqar,0.15
2021,Alaves,Deportivo Alavés,568158,Javi López,0.7
2021,Alaves,Deportivo Alavés,249471,Saúl García,0.6
2021,Alaves,Deportivo Alavés,533568,Nahuel Tenaglia,3.0
2021,Alaves,Deportivo Alavés,483573,Martín Aguirregabiria,2.5
2021,Alaves,Deportivo Alavés,184767,Ximo Navarro,1.2
2021,Alaves,Deportivo Alavés,319253,Alexandru Țîrlea,0.1
2021,Alaves,Deportivo Alavés,364237,Mamadou Loum,4.0
2021,Alaves,Deportivo Alavés,266795,Gonzalo Escalante,2.5
2021,Alaves,Deportivo Alavés,242497,Pere Pons,2.5
2021,Alaves,Deportivo Alavés,295065,Toni Moya,1.5
2021,Alaves,Deportivo Alavés,341278,Iván Martín,0.8
2021,Alaves,Deportivo Alavés,139895,Tomás Pina,0.8
2021,Alaves,Deportivo Alavés,483742,Antonio Perera,0.4
2021,Alaves,Deportivo Alavés,634460,Álex Balboa,0.1
2021,Alaves,Deportivo Alavés,277118,Manu García,3.0
2021,Alaves,Deportivo Alavés,278837,Luis Rioja,3.0
2021,Alaves,Deportivo Alavés,676318,Facundo Pellistri,2.5
2021,Alaves,Deportivo Alavés,263860,Jason Remeseiro,2.5
2021,Alaves,Deportivo Alavés,527350,Manu Vallejo,3.0
2021,Alaves,Deportivo Alavés,81999,Joselu,5.0
2021,Alaves,Deportivo Alavés,73185,Lucas Pérez,2.5
2021,Alaves,Deportivo Alavés,480883,Miguel de la Fuente,1.5
2021,Alaves,Deportivo Alavés,495752,Taichi Hara,1.3
2021,Alaves,Deportivo Alavés,166683,Mamadou Sylla,1.2
2021,Alaves,Deportivo Alavés,133794,Edgar Méndez,1.2
2021,Alaves,Deportivo Alavés,98596,John Guidetti,1.0
2021,Alaves,Deportivo Alavés,628472,Marc Tenas,0.5
2021,Alaves,Deportivo Alavés,550492,Giorgi Gagua,0.15
2021,Alaves,Deportivo Alavés,668277,Alan Godoy,0.1
2022,Real Madrid,Real Madrid,108390,Thibaut Courtois,45.0
2022,Real Madrid,Real Madrid,404839,Andriy Lunin,5.0
2022,Real Madrid,Real Madrid,717952,Mario de Luis,0.5
2022,Real Madrid,Real Madrid,623525,Luis López,0.3
2022,Real Madrid,Real Madrid,568154,Lucas Cañizares,0.2
2022,Real Madrid,Real Madrid,401530,Éder Militão,70.0
2022,Real Madrid,Real Madrid,59016,David Alaba,40.0
2022,Real Madrid,Real Madrid,86202,Antonio Rüdiger,32.0
2022,Real Madrid,Real Madrid,58884,Nacho Fernández,6.0
2022,Real Madrid,Real Madrid,251896,Jesús Vallejo,2.0
2022,Real Madrid,Real Madrid,935229,Marvel,1.0
2022,Real Madrid,Real Madrid,291417,Ferland Mendy,25.0
2022,Real Madrid,Real Madrid,138927,Daniel Carvajal,12.0
2022,Real Madrid,Real Madrid,221316,Lucas Vázquez,8.0
2022,Real Madrid,Real Madrid,280730,Álvaro Odriozola,5.0
2022,Real Madrid,Real Madrid,743587,Vinícius Tobias,3.0
2022,Real Madrid,Real Madrid,413112,Aurélien Tchouaméni,85.0
2022,Real Madrid,Real Madrid,16306,Casemiro,40.0
2022,Real Madrid,Real Madrid,948273,Mario Martín,0.25
2022,Real Madrid,Real Madrid,369081,Federico Valverde,100.0
2022,Real Madrid,Real Madrid,640428,Eduardo Camavinga,85.0
2022,Real Madrid,Real Madrid,31909,Toni Kroos,15.0
2022,Real Madrid,Real Madrid,319745,Dani Ceballos,12.0
2022,Real Madrid,Real Madrid,27992,Luka Modrić,10.0
2022,Real Madrid,Real Madrid,623524,Carlos Dotor,0.7
2022,Real Madrid,Real Madrid,296622,Marco Asensio,25.0
2022,Real Madrid,Real Madrid,537762,Sergio Arribas,5.0
2022,Real Madrid,Real Madrid,948294,Nico Paz,2.0
2022,Real Madrid,Real Madrid,371998,Vinicius Junior,150.0
2022,Real Madrid,Real Madrid,50202,Eden Hazard,5.0
2022,Real Madrid,Real Madrid,412363,Rodrygo,100.0
2022,Real Madrid,Real Madrid,18922,Karim Benzema,25.0
2022,Real Madrid,Real Madrid,948275,Álvaro Rodríguez,6.0
2022,Real Madrid,Real Madrid,225020,Mariano Díaz,2.5
2022,Barcelona,FC Barcelona,74857,Marc-André ter Stegen,35.0
2022,Barcelona,FC Barcelona,283170,Iñaki Peña,4.0
2022,Barcelona,FC Barcelona,466783,Arnau Tenas,2.0
2022,Barcelona,FC Barcelona,480267,Ronald Araujo,70.0
2022,Barcelona,FC Barcelona,196948,Andreas Christensen,40.0
2022,Barcelona,FC Barcelona,466794,Eric García,10.0
2022,Barcelona,FC Barcelona,112515,Marcos Alonso,5.0
2022,Barcelona,FC Barcelona,689637,Chadi Riad,0.5
2022,Barcelona,FC Barcelona,636688,Alejandro Balde,50.0
2022,Barcelona,FC Barcelona,69751,Jordi Alba,5.0
2022,Barcelona,FC Barcelona,709957,Álex Valle,0.5
2022,Barcelona,FC Barcelona,411975,Jules Koundé,60.0
2022,Barcelona,FC Barcelona,191217,Héctor Bellerín,8.0
2022,Barcelona,FC Barcelona,65230,Sergio Busquets,5.0
2022,Barcelona,FC Barcelona,466806,Álvaro Sanz,0.7
2022,Barcelona,FC Barcelona,636695,Marc Casadó,0.3
2022,Barcelona,FC Barcelona,683840,Pedri,100.0
2022,Barcelona,FC Barcelona,646740,Gavi,90.0
2022,Barcelona,FC Barcelona,326330,Frenkie de Jong,75.0
2022,Barcelona,FC Barcelona,294808,Franck Kessié,25.0
2022,Barcelona,FC Barcelona,44162,Miralem Pjanić,6.0
2022,Barcelona,FC Barcelona,85370,Sergi Roberto,5.0
2022,Barcelona,FC Barcelona,709966,Aleix Garrido,0.3
2022,Barcelona,FC Barcelona,720038,Pablo Torre,3.0
2022,Barcelona,FC Barcelona,411295,Raphinha,60.0
2022,Barcelona,FC Barcelona,466810,Ansu Fati,35.0
2022,Barcelona,FC Barcelona,913539,Estanis Pedrola,0.5
2022,Barcelona,FC Barcelona,709969,Ilias Akhomach,3.0
2022,Barcelona,FC Barcelona,288230,Ousmane Dembélé,60.0
2022,Barcelona,FC Barcelona,38253,Robert Lewandowski,30.0
2022,Barcelona,FC Barcelona,398184,Ferran Torres,30.0
2022,Barcelona,FC Barcelona,167850,Memphis Depay,14.0
2022,Barcelona,FC Barcelona,58864,Pierre-Emerick Aubameyang,4.0
2022,Atletico Madrid,Atlético de Madrid,121483,Jan Oblak,35.0
2022,Atletico Madrid,Atlético de Madrid,226073,Ivo Grbic,3.5
2022,Atletico Madrid,Atlético de Madrid,618801,Alejandro Iturbe,0.15
2022,Atletico Madrid,Atlético de Madrid,930415,Antonio Gomis,0.15
2022,Atletico Madrid,Atlético de Madrid,250845,José María Giménez,35.0
2022,Atletico Madrid,Atlético de Madrid,281769,Mario Hermoso,20.0
2022,Atletico Madrid,Atlético de Madrid,107010,Stefan Savic,6.0
2022,Atletico Madrid,Atlético de Madrid,156501,Felipe,2.0
2022,Atletico Madrid,Atlético de Madrid,534376,Marco Moreno,0.2
2022,Atletico Madrid,Atlético de Madrid,614988,Ilias Kostis,0.1
2022,Atletico Madrid,Atlético de Madrid,240692,Reinildo Mandava,25.0
2022,Atletico Madrid,Atlético de Madrid,476352,Renan Lodi,20.0
2022,Atletico Madrid,Atlético de Madrid,282429,Sergio Reguilón,10.0
2022,Atletico Madrid,Atlético de Madrid,720532,Diego Bri,0.15
2022,Atletico Madrid,Atlético de Madrid,708388,Adrián Corral,0.05
2022,Atletico Madrid,Atlético de Madrid,282411,Marcos Llorente,35.0
2022,Atletico Madrid,Atlético de Madrid,424042,Nahuel Molina,35.0
2022,Atletico Madrid,Atlético de Madrid,171679,Matt Doherty,5.0
2022,Atletico Madrid,Atlético de Madrid,935456,Sergio Diez,0.2
2022,Atletico Madrid,Atlético de Madrid,127189,Geoffrey Kondogbia,14.0
2022,Atletico Madrid,Atlético de Madrid,35047,Axel Witsel,5.0
2022,Atletico Madrid,Atlético de Madrid,255901,Rodrigo De Paul,40.0
2022,Atletico Madrid,Atlético de Madrid,74229,Koke,16.0
2022,Atletico Madrid,Atlético de Madrid,148928,Saúl Ñíguez,10.0
2022,Atletico Madrid,Atlético de Madrid,775605,Pablo Barrios,5.0
2022,Atletico Madrid,Atlético de Madrid,568149,Alberto Moreno,0.15
2022,Atletico Madrid,Atlético de Madrid,646735,Aitor Gismera,0.15
2022,Atletico Madrid,Atlético de Madrid,205562,Thomas Lemar,22.0
2022,Atletico Madrid,Atlético de Madrid,140776,Yannick Carrasco,25.0
2022,Atletico Madrid,Atlético de Madrid,618813,Carlos Martín,0.5
2022,Atletico Madrid,Atlético de Madrid,462250,João Félix,50.0
2022,Atletico Madrid,Atlético de Madrid,266807,Ángel Correa,30.0
2022,Atletico Madrid,Atlético de Madrid,125781,Antoine Griezmann,25.0
2022,Atletico Madrid,Atlético de Madrid,517894,Matheus Cunha,25.0
2022,Atletico Madrid,Atlético de Madrid,128223,Álvaro Morata,20.0
2022,Atletico Madrid,Atlético de Madrid,167850,Memphis Depay,14.0
2022,Real Sociedad,Real Sociedad,212862,Álex Remiro,25.0
2022,Real Sociedad,Real Sociedad,428948,Andoni Zubiaurre,0.3
2022,Real Sociedad,Real Sociedad,625657,Unai Marrero,0.25
2022,Real Sociedad,Real Sociedad,711367,Egoitz Arana,0.05
2022,Real Sociedad,Real Sociedad,351809,Robin Le Normand,35.0
2022,Real Sociedad,Real Sociedad,355628,Igor Zubeldia,15.0
2022,Real Sociedad,Real Sociedad,229804,Aritz Elustondo,14.0
2022,Real Sociedad,Real Sociedad,580560,Jon Pacheco,6.0
2022,Real Sociedad,Real Sociedad,434602,Aritz Arambarri,0.5
2022,Real Sociedad,Real Sociedad,517842,Aihen Muñoz,6.0
2022,Real Sociedad,Real Sociedad,249513,Diego Rico,3.0
2022,Real Sociedad,Real Sociedad,674501,Jonathan Gómez,0.5
2022,Real Sociedad,Real Sociedad,289255,Andoni Gorosabel,9.0
2022,Real Sociedad,Real Sociedad,423440,Martín Zubimendi,40.0
2022,Real Sociedad,Real Sociedad,59344,Asier Illarramendi,2.0
2022,Real Sociedad,Real Sociedad,625651,Urko González de Zárate,0.7
2022,Real Sociedad,Real Sociedad,338424,Mikel Merino,50.0
2022,Real Sociedad,Real Sociedad,465967,Ander Guevara,2.5
2022,Real Sociedad,Real Sociedad,634431,Beñat Turrientes,2.0
2022,Real Sociedad,Real Sociedad,625660,Jon Ander Olasagasti,1.0
2022,Real Sociedad,Real Sociedad,309110,Brais Méndez,25.0
2022,Real Sociedad,Real Sociedad,35518,David Silva,4.0
2022,Real Sociedad,Real Sociedad,907813,Pablo Marín,1.0
2022,Real Sociedad,Real Sociedad,625655,Jon Magunazelaia,0.7
2022,Real Sociedad,Real Sociedad,616369,Ander Barrenetxea,6.0
2022,Real Sociedad,Real Sociedad,289272,Martín Merquelanz,0.8
2022,Real Sociedad,Real Sociedad,405398,Takefusa Kubo,25.0
2022,Real Sociedad,Real Sociedad,670847,Mohamed-Ali Cho,12.0
2022,Real Sociedad,Real Sociedad,434990,Álex Sola,3.0
2022,Real Sociedad,Real Sociedad,563137,Robert Navarro,3.0
2022,Real Sociedad,Real Sociedad,625658,Ander Martín,0.4
2022,Real Sociedad,Real Sociedad,349066,Alexander Isak,70.0
2022,Real Sociedad,Real Sociedad,351478,Mikel Oyarzabal,40.0
2022,Real Sociedad,Real Sociedad,337715,Umar Sadiq,18.0
2022,Real Sociedad,Real Sociedad,238407,Alexander Sørloth,12.0
2022,Real Sociedad,Real Sociedad,711382,Jon Karrikaburu,5.0
2022,Real Sociedad,Real Sociedad,216464,Carlos Fernández,3.0
2022,Villarreal,Villarreal CF,229604,Gerónimo Rulli,10.0
2022,Villarreal,Villarreal CF,585323,Filip Jørgensen,1.5
2022,Villarreal,Villarreal CF,7825,Pepe Reina,0.7
2022,Villarreal,Villarreal CF,547248,Iker Álvarez,0.5
2022,Villarreal,Villarreal CF,335247,Gianni Cassaro,0.1
2022,Villarreal,Villarreal CF,399776,Pau Torres,45.0
2022,Villarreal,Villarreal CF,480763,Juan Foyth,25.0
2022,Villarreal,Villarreal CF,494880,Jorge Cuenca,5.0
2022,Villarreal,Villarreal CF,80293,Aïssa Mandi,3.0
2022,Villarreal,Villarreal CF,898751,Mamadou Mbacke,2.8
2022,Villarreal,Villarreal CF,15452,Raúl Albiol,2.5
2022,Villarreal,Villarreal CF,341263,Adrián Dela,0.8
2022,Villarreal,Villarreal CF,349599,Pervis Estupiñán,32.0
2022,Villarreal,Villarreal CF,356197,Alfonso Pedraza,15.0
2022,Villarreal,Villarreal CF,262939,Johan Mojica,3.0
2022,Villarreal,Villarreal CF,207917,Alberto Moreno,3.0
2022,Villarreal,Villarreal CF,627282,Dani Tasende,0.7
2022,Villarreal,Villarreal CF,709372,Carlos Romero,0.1
2022,Villarreal,Villarreal CF,76467,Kiko Femenía,2.5
2022,Villarreal,Villarreal CF,545647,Sergio Carreira,1.5
2022,Villarreal,Villarreal CF,63494,Étienne Capoue,3.0
2022,Villarreal,Villarreal CF,74869,Francis Coquelin,3.0
2022,Villarreal,Villarreal CF,59561,Dani Parejo,6.0
2022,Villarreal,Villarreal CF,335225,Manu Morlanes,4.0
2022,Villarreal,Villarreal CF,188854,Manu Trigueros,4.0
2022,Villarreal,Villarreal CF,783396,Ramón Terrats,4.0
2022,Villarreal,Villarreal CF,635347,Alberto del Moral,1.0
2022,Villarreal,Villarreal CF,627287,Carlo García,0.8
2022,Villarreal,Villarreal CF,568156,Antonio Pacheco,0.4
2022,Villarreal,Villarreal CF,668178,Rodri Alonso,0.1
2022,Villarreal,Villarreal CF,348795,Giovani Lo Celso,14.0
2022,Villarreal,Villarreal CF,355861,Arnaut Danjuma,25.0
2022,Villarreal,Villarreal CF,548111,Álex Baena,20.0
2022,Villarreal,Villarreal CF,566965,Diego Collado,1.0
2022,Villarreal,Villarreal CF,568157,Yéremy Pino,40.0
2022,Villarreal,Villarreal CF,401922,Samuel Chukwueze,25.0
2022,Villarreal,Villarreal CF,620164,Haissem Hassan,1.5
2022,Villarreal,Villarreal CF,776890,Nicolas Jackson,30.0
2022,Villarreal,Villarreal CF,177467,Gerard Moreno,20.0
2022,Villarreal,Villarreal CF,627294,Fer Niño,3.0
2022,Villarreal,Villarreal CF,252677,José Luis Morales,3.0
2022,Valencia,Valencia CF,502676,Giorgi Mamardashvili,25.0
2022,Valencia,Valencia CF,227805,Jaume Doménech,1.0
2022,Valencia,Valencia CF,71570,Iago Herrerín,0.5
2022,Valencia,Valencia CF,480966,Emilio Bernad,0.3
2022,Valencia,Valencia CF,398131,Cristian Rivero,0.2
2022,Valencia,Valencia CF,707271,Charlie Pérez,0.025
2022,Valencia,Valencia CF,346289,Mouctar Diakhaby,6.0
2022,Valencia,Valencia CF,615350,Cenk Özkacar,5.0
2022,Valencia,Valencia CF,298583,Eray Cömert,3.5
2022,Valencia,Valencia CF,149498,Gabriel Paulista,2.5
2022,Valencia,Valencia CF,646750,Cristhian Mosquera,1.0
2022,Valencia,Valencia CF,221322,José Gayà,30.0
2022,Valencia,Valencia CF,623024,Jesús Vázquez,3.0
2022,Valencia,Valencia CF,320271,Toni Lato,2.5
2022,Valencia,Valencia CF,367466,Thierry Correia,8.0
2022,Valencia,Valencia CF,170472,Dimitri Foulquier,2.5
2022,Valencia,Valencia CF,668212,Rubén Iranzo,0.2
2022,Valencia,Valencia CF,495629,Hugo Guillamón,14.0
2022,Valencia,Valencia CF,466805,Nico González,10.0
2022,Valencia,Valencia CF,417575,Uros Racic,6.5
2022,Valencia,Valencia CF,372246,Carlos Soler,25.0
2022,Valencia,Valencia CF,503991,Yunus Musah,18.0
2022,Valencia,Valencia CF,617074,Ilaix Moriba,4.0
2022,Valencia,Valencia CF,834764,Javi Guerra,2.0
2022,Valencia,Valencia CF,569375,Koba Koindredi,1.0
2022,Valencia,Valencia CF,504084,Tiago Ribeiro,0.2
2022,Valencia,Valencia CF,941869,Yellu Santiago,0.1
2022,Valencia,Valencia CF,375382,André Almeida,20.0
2022,Valencia,Valencia CF,330659,Justin Kluivert,14.0
2022,Valencia,Valencia CF,694928,Samuel Lino,16.0
2022,Valencia,Valencia CF,195171,Samu Castillejo,6.0
2022,Valencia,Valencia CF,617081,Diego López,1.5
2022,Valencia,Valencia CF,622988,Fran Pérez,0.5
2022,Valencia,Valencia CF,527350,Manu Vallejo,2.4
2022,Valencia,Valencia CF,396894,Maxi Gómez,7.0
2022,Valencia,Valencia CF,573775,Hugo Duro,4.0
2022,Valencia,Valencia CF,48280,Edinson Cavani,3.0
2022,Valencia,Valencia CF,481084,Marcos André,2.5
2022,Valencia,Valencia CF,634105,Alberto Marí,0.8
2022,Valencia,Valencia CF,941867,Mario Domínguez,0.05
2022,Real Betis,Real Betis Balompié,234811,Rui Silva,15.0
2022,Real Betis,Real Betis Balompié,335221,Dani Martín,1.5
2022,Real Betis,Real Betis Balompié,40423,Claudio Bravo,1.0
2022,Real Betis,Real Betis Balompié,551182,Fran Vieites,0.2
2022,Real Betis,Real Betis Balompié,457931,Luiz Felipe,15.0
2022,Real Betis,Real Betis Balompié,401624,Edgar González,9.0
2022,Real Betis,Real Betis Balompié,113133,Germán Pezzella,5.0
2022,Real Betis,Real Betis Balompié,62920,Víctor Ruiz,1.2
2022,Real Betis,Real Betis Balompié,961945,Félix Garreta,0.2
2022,Real Betis,Real Betis Balompié,630989,Ricardo Visus,0.15
2022,Real Betis,Real Betis Balompié,193098,Álex Moreno,15.0
2022,Real Betis,Real Betis Balompié,646402,Abner,7.0
2022,Real Betis,Real Betis Balompié,341227,Juan Miranda,7.0
2022,Real Betis,Real Betis Balompié,135492,Youssouf Sabaly,5.0
2022,Real Betis,Real Betis Balompié,68645,Martín Montoya,1.2
2022,Real Betis,Real Betis Balompié,711638,Fran Delgado,0.35
2022,Real Betis,Real Betis Balompié,342385,Guido Rodríguez,28.0
2022,Real Betis,Real Betis Balompié,100131,William Carvalho,14.0
2022,Real Betis,Real Betis Balompié,429901,Paul Akouokou,3.5
2022,Real Betis,Real Betis Balompié,20506,Andrés Guardado,1.5
2022,Real Betis,Real Betis Balompié,263856,Víctor Camarasa,0.8
2022,Real Betis,Real Betis Balompié,668184,Quique Fernández,0.15
2022,Real Betis,Real Betis Balompié,203496,Nabil Fekir,20.0
2022,Real Betis,Real Betis Balompié,66106,Sergio Canales,15.0
2022,Real Betis,Real Betis Balompié,895331,Dani Pérez,0.3
2022,Real Betis,Real Betis Balompié,126737,Juanmi,12.0
2022,Real Betis,Real Betis Balompié,585700,Juan Cruz,1.5
2022,Real Betis,Real Betis Balompié,461858,José Alonso Lara,0.35
2022,Real Betis,Real Betis Balompié,800175,Luiz Henrique,15.0
2022,Real Betis,Real Betis Balompié,630995,Rodri Sánchez,8.0
2022,Real Betis,Real Betis Balompié,378139,Aitor Ruibal,5.0
2022,Real Betis,Real Betis Balompié,505675,Rober González,2.0
2022,Real Betis,Real Betis Balompié,7663,Joaquín,1.5
2022,Real Betis,Real Betis Balompié,278359,Borja Iglesias,20.0
2022,Real Betis,Real Betis Balompié,122155,Willian José,6.0
2022,Real Betis,Real Betis Balompié,246968,Ayoze Pérez,6.0
2022,Real Betis,Real Betis Balompié,354741,Loren Morón,2.0
2022,Sevilla,Sevilla FC,207834,Yassine Bounou,12.0
2022,Sevilla,Sevilla FC,94308,Marko Dmitrovic,4.0
2022,Sevilla,Sevilla FC,766552,Alberto Flores,0.2
2022,Sevilla,Sevilla FC,767255,Matías Árbol,0.025
2022,Sevilla,Sevilla FC,730581,Loïc Badé,12.0
2022,Sevilla,Sevilla FC,538996,Tanguy Nianzou,7.5
2022,Sevilla,Sevilla FC,439022,Marcão,7.5
2022,Sevilla,Sevilla FC,182579,Karim Rekik,4.0
2022,Sevilla,Sevilla FC,766583,Kike Salas,1.0
2022,Sevilla,Sevilla FC,569876,Xavi Sintes,0.15
2022,Sevilla,Sevilla FC,60410,Marcos Acuña,10.0
2022,Sevilla,Sevilla FC,255755,Alex Telles,7.5
2022,Sevilla,Sevilla FC,711628,Pablo Pérez,0.2
2022,Sevilla,Sevilla FC,767229,Diego Hormigo,0.1
2022,Sevilla,Sevilla FC,402733,Gonzalo Montiel,12.0
2022,Sevilla,Sevilla FC,711625,José Ángel Carmona,4.0
2022,Sevilla,Sevilla FC,74294,Nemanja Gudelj,4.0
2022,Sevilla,Sevilla FC,51174,Fernando,3.0
2022,Sevilla,Sevilla FC,485963,Pape Gueye,10.0
2022,Sevilla,Sevilla FC,263727,Joan Jordán,9.0
2022,Sevilla,Sevilla FC,214775,Óliver Torres,9.0
2022,Sevilla,Sevilla FC,32467,Ivan Rakitic,4.0
2022,Sevilla,Sevilla FC,91849,Thomas Delaney,2.0
2022,Sevilla,Sevilla FC,766723,Manu Bueno,0.3
2022,Sevilla,Sevilla FC,610238,Pedro Ortiz,0.2
2022,Sevilla,Sevilla FC,15956,Jesús Navas,3.0
2022,Sevilla,Sevilla FC,85288,Isco,5.0
2022,Sevilla,Sevilla FC,668179,Carlos Álvarez,0.4
2022,Sevilla,Sevilla FC,536826,Nacho Quintana,0.2
2022,Sevilla,Sevilla FC,537382,Bryan Gil,15.0
2022,Sevilla,Sevilla FC,189441,Lucas Ocampos,12.0
2022,Sevilla,Sevilla FC,20005,Papu Gómez,3.0
2022,Sevilla,Sevilla FC,111630,Erik Lamela,9.0
2022,Sevilla,Sevilla FC,125165,Jesús Corona,8.0
2022,Sevilla,Sevilla FC,177847,Adnan Januzaj,6.0
2022,Sevilla,Sevilla FC,111961,Suso,6.0
2022,Sevilla,Sevilla FC,223725,Munir El Haddadi,3.5
2022,Sevilla,Sevilla FC,433049,Youssef En-Nesyri,20.0
2022,Sevilla,Sevilla FC,361254,Rafa Mir,10.0
2022,Sevilla,Sevilla FC,283196,Kasper Dolberg,7.0
2022,Sevilla,Sevilla FC,628886,Iván Romero,0.8
2022,Athletic Club,Athletic Bilbao,262396,Unai Simón,25.0
2022,Athletic Club,Athletic Bilbao,625014,Julen Agirrezabala,5.0
2022,Athletic Club,Athletic Bilbao,668278,Ibon Ispizua,0.1
2022,Athletic Club,Athletic Bilbao,480958,Ander Iru,0.1
2022,Athletic Club,Athletic Bilbao,255488,Yeray Álvarez,15.0
2022,Athletic Club,Athletic Bilbao,524000,Dani Vivian,14.0
2022,Athletic Club,Athletic Bilbao,158863,Iñigo Martínez,10.0
2022,Athletic Club,Athletic Bilbao,591916,Aitor Paredes,1.0
2022,Athletic Club,Athletic Bilbao,61812,Yuri Berchiche,2.0
2022,Athletic Club,Athletic Bilbao,85258,Mikel Balenziaga,0.5
2022,Athletic Club,Athletic Bilbao,255501,Iñigo Lekue,3.0
2022,Athletic Club,Athletic Bilbao,96718,Óscar de Marcos,1.8
2022,Athletic Club,Athletic Bilbao,197545,Ander Capa,1.8
2022,Athletic Club,Athletic Bilbao,300168,Mikel Vesga,6.0
2022,Athletic Club,Athletic Bilbao,178425,Dani García,2.0
2022,Athletic Club,Athletic Bilbao,447052,Peru Nolaskoain,1.0
2022,Athletic Club,Athletic Bilbao,610083,Unai Vencedor,9.0
2022,Athletic Club,Athletic Bilbao,524010,Oier Zarraga,3.0
2022,Athletic Club,Athletic Bilbao,99343,Ander Herrera,2.5
2022,Athletic Club,Athletic Bilbao,938734,Junior Bita,0.05
2022,Athletic Club,Athletic Bilbao,571020,Oihan Sancet,30.0
2022,Athletic Club,Athletic Bilbao,34601,Raúl García,2.5
2022,Athletic Club,Athletic Bilbao,834752,Unai Gómez,0.1
2022,Athletic Club,Athletic Bilbao,709187,Nico Williams,30.0
2022,Athletic Club,Athletic Bilbao,338425,Álex Berenguer,15.0
2022,Athletic Club,Athletic Bilbao,54235,Iker Muniain,9.0
2022,Athletic Club,Athletic Bilbao,455349,Jon Morcillo,3.0
2022,Athletic Club,Athletic Bilbao,255508,Iñaki Williams,25.0
2022,Athletic Club,Athletic Bilbao,895480,Adu Ares,0.5
2022,Athletic Club,Athletic Bilbao,251897,Asier Villalibre,2.5
2022,Athletic Club,Athletic Bilbao,340205,Gorka Guruzeta,2.0
2022,Osasuna,CA Osasuna,248738,Sergio Herrera,8.0
2022,Osasuna,CA Osasuna,118997,Aitor Fernández,3.0
2022,Osasuna,CA Osasuna,298613,Juan Pérez,0.6
2022,Osasuna,CA Osasuna,341266,Darío Ramos,0.2
2022,Osasuna,CA Osasuna,634117,Pablo Valencia,0.2
2022,Osasuna,CA Osasuna,634116,Yoel Ramírez,0.05
2022,Osasuna,CA Osasuna,298589,David García,20.0
2022,Osasuna,CA Osasuna,197122,Unai García,2.5
2022,Osasuna,CA Osasuna,82503,Aridane Hernández,1.0
2022,Osasuna,CA Osasuna,555500,Jorge Herrando,0.4
2022,Osasuna,CA Osasuna,618809,Manu Sánchez,10.0
2022,Osasuna,CA Osasuna,169497,Juan Cruz,2.5
2022,Osasuna,CA Osasuna,216870,Nacho Vidal,5.0
2022,Osasuna,CA Osasuna,238868,Rubén Peña,2.5
2022,Osasuna,CA Osasuna,634122,Diego Moreno,0.8
2022,Osasuna,CA Osasuna,213670,Lucas Torró,8.0
2022,Osasuna,CA Osasuna,710677,Iker Muñoz,0.5
2022,Osasuna,CA Osasuna,552425,Jon Moncayola,12.0
2022,Osasuna,CA Osasuna,95641,Darko Brasanac,2.0
2022,Osasuna,CA Osasuna,785353,Pablo Ibáñez,1.5
2022,Osasuna,CA Osasuna,634131,Aimar Oroz,15.0
2022,Osasuna,CA Osasuna,175449,Moi Gómez,10.0
2022,Osasuna,CA Osasuna,63056,Roberto Torres,1.2
2022,Osasuna,CA Osasuna,471474,Javi Martínez,1.0
2022,Osasuna,CA Osasuna,724520,Abde Ezzalzouli,15.0
2022,Osasuna,CA Osasuna,213260,Rubén García,6.0
2022,Osasuna,CA Osasuna,298575,Kike Barja,4.0
2022,Osasuna,CA Osasuna,710679,Iker Benito,0.3
2022,Osasuna,CA Osasuna,167721,Chimy Ávila,9.0
2022,Osasuna,CA Osasuna,46413,Ante Budimir,6.0
2022,Osasuna,CA Osasuna,93936,Kike García,1.8
2022,Girona,Girona FC,195488,Paulo Gazzaniga,3.0
2022,Girona,Girona FC,120705,Juan Carlos,0.3
2022,Girona,Girona FC,623526,Toni Fuidias,0.3
2022,Girona,Girona FC,438001,Santiago Bueno,8.0
2022,Girona,Girona FC,129444,David López,2.0
2022,Girona,Girona FC,147462,Alexander Callens,1.8
2022,Girona,Girona FC,64598,Bernardo Espinosa,1.5
2022,Girona,Girona FC,115333,Juanpe,1.5
2022,Girona,Girona FC,787154,Eric Monjonell,0.3
2022,Girona,Girona FC,525299,Miguel Gutiérrez,10.0
2022,Girona,Girona FC,422466,Javi Hernández,2.5
2022,Girona,Girona FC,826224,Arnau Martínez,15.0
2022,Girona,Girona FC,627228,Yan Couto,4.0
2022,Girona,Girona FC,66100,Oriol Romeu,5.0
2022,Girona,Girona FC,785967,Ibrahima Kébé,0.5
2022,Girona,Girona FC,261504,Aleix García,10.0
2022,Girona,Girona FC,378293,Yangel Herrera,5.0
2022,Girona,Girona FC,783396,Ramón Terrats,4.0
2022,Girona,Girona FC,341278,Iván Martín,3.0
2022,Girona,Girona FC,582664,Álex Sala,0.2
2022,Girona,Girona FC,627226,Reinier,2.0
2022,Girona,Girona FC,67808,Borja García,1.0
2022,Girona,Girona FC,131506,Samu Saiz,0.9
2022,Girona,Girona FC,461617,Rodrigo Riquelme,12.0
2022,Girona,Girona FC,337066,Toni Villa,2.5
2022,Girona,Girona FC,921734,Óscar Ureña,0.4
2022,Girona,Girona FC,264372,Viktor Tsygankov,22.0
2022,Girona,Girona FC,331496,Valery Fernández,1.5
2022,Girona,Girona FC,527350,Manu Vallejo,2.4
2022,Girona,Girona FC,522784,Taty Castellanos,15.0
2022,Girona,Girona FC,59323,Cristhian Stuani,2.0
2022,Girona,Girona FC,707572,Pau Víctor,0.3
2022,Celta Vigo,Celta de Vigo,54534,Agustín Marchesín,2.0
2022,Celta Vigo,Celta de Vigo,297194,Iván Villar,2.0
2022,Celta Vigo,Celta de Vigo,531373,Christian Joel,0.5
2022,Celta Vigo,Celta de Vigo,581640,Coke Carrillo,0.1
2022,Celta Vigo,Celta de Vigo,577869,Ruly García,0.05
2022,Celta Vigo,Celta de Vigo,358250,Joseph Aidoo,8.0
2022,Celta Vigo,Celta de Vigo,338285,Unai Núñez,6.0
2022,Celta Vigo,Celta de Vigo,636093,Carlos Domínguez,0.8
2022,Celta Vigo,Celta de Vigo,562058,Sergio Barcia,0.3
2022,Celta Vigo,Celta de Vigo,625882,Javi Domínguez,0.2
2022,Celta Vigo,Celta de Vigo,448628,Javi Galán,12.0
2022,Celta Vigo,Celta de Vigo,461619,Fernando Medrano,0.2
2022,Celta Vigo,Celta de Vigo,933350,Tincho Conde,0.15
2022,Celta Vigo,Celta de Vigo,119905,Hugo Mallo,3.0
2022,Celta Vigo,Celta de Vigo,331505,Óscar Mingueza,2.5
2022,Celta Vigo,Celta de Vigo,221315,Kevin Vázquez,1.0
2022,Celta Vigo,Celta de Vigo,277137,Renato Tapia,6.0
2022,Celta Vigo,Celta de Vigo,423444,Fran Beltrán,15.0
2022,Celta Vigo,Celta de Vigo,315762,Luca de la Torre,3.0
2022,Celta Vigo,Celta de Vigo,892221,Hugo Sotelo,0.15
2022,Celta Vigo,Celta de Vigo,282694,Augusto Solari,1.5
2022,Celta Vigo,Celta de Vigo,699704,Gabri Veiga,30.0
2022,Celta Vigo,Celta de Vigo,284884,Óscar Rodríguez,8.0
2022,Celta Vigo,Celta de Vigo,523977,Miguel Baeza,0.9
2022,Celta Vigo,Celta de Vigo,341110,Franco Cervi,3.0
2022,Celta Vigo,Celta de Vigo,764859,Williot Swedberg,3.0
2022,Celta Vigo,Celta de Vigo,892929,Hugo Álvarez,0.2
2022,Celta Vigo,Celta de Vigo,282810,Carles Pérez,5.0
2022,Celta Vigo,Celta de Vigo,634427,Miguel Rodríguez,1.0
2022,Celta Vigo,Celta de Vigo,429983,Jørgen Strand Larsen,11.0
2022,Celta Vigo,Celta de Vigo,72047,Iago Aspas,6.0
2022,Celta Vigo,Celta de Vigo,109256,Haris Seferovic,4.0
2022,Celta Vigo,Celta de Vigo,181547,Gonçalo Paciência,2.0
2022,Celta Vigo,Celta de Vigo,905997,Pablo Durán,0.25
2022,Getafe,Getafe CF,226012,David Soria,8.0
2022,Getafe,Getafe CF,341713,Diego Conde,0.3
2022,Getafe,Getafe CF,27486,Kiko Casilla,0.3
2022,Getafe,Getafe CF,221150,Dakonam Djené,5.0
2022,Getafe,Getafe CF,577486,Gastón Álvarez,5.0
2022,Getafe,Getafe CF,257376,Domingos Duarte,5.0
2022,Getafe,Getafe CF,353032,Omar Alderete,4.0
2022,Getafe,Getafe CF,143029,Stefan Mitrovic,2.0
2022,Getafe,Getafe CF,268506,Fabrizio Angileri,2.0
2022,Getafe,Getafe CF,241229,Jordan Amavi,2.0
2022,Getafe,Getafe CF,809639,Emmanuel Koffi,0.2
2022,Getafe,Getafe CF,390688,Juan Iglesias,3.5
2022,Getafe,Getafe CF,76746,Damián Suárez,1.0
2022,Getafe,Getafe CF,715635,Alex Rodríguez,0.05
2022,Getafe,Getafe CF,638589,Ángel Algobia,1.5
2022,Getafe,Getafe CF,284854,Carles Aleñá,9.0
2022,Getafe,Getafe CF,290249,Mauro Arambarri,9.0
2022,Getafe,Getafe CF,273152,Nemanja Maksimovic,6.0
2022,Getafe,Getafe CF,281989,Luis Milla,4.0
2022,Getafe,Getafe CF,398163,Gonzalo Villar,2.8
2022,Getafe,Getafe CF,340867,Jaime Seoane,2.5
2022,Getafe,Getafe CF,841121,John Patrick,0.5
2022,Getafe,Getafe CF,732096,Santi García,0.05
2022,Getafe,Getafe CF,99353,Portu,3.5
2022,Getafe,Getafe CF,223725,Munir El Haddadi,3.5
2022,Getafe,Getafe CF,251106,Enes Ünal,25.0
2022,Getafe,Getafe CF,298976,Borja Mayoral,9.0
2022,Getafe,Getafe CF,623521,Juanmi Latasa,3.0
2022,Getafe,Getafe CF,227961,Jaime Mata,1.2
2022,RCD Espanyol Barcelona,RCD Espanyol Barcelona,127181,Benjamin Lecomte,4.0
2022,RCD Espanyol Barcelona,RCD Espanyol Barcelona,172015,Fernando Pacheco,2.5
2022,RCD Espanyol Barcelona,RCD Espanyol Barcelona,453704,Álvaro Ferllo,2.5
2022,RCD Espanyol Barcelona,RCD Espanyol Barcelona,561613,Joan García,0.4
2022,RCD Espanyol Barcelona,RCD Espanyol Barcelona,628487,Ángel Fortuño,0.3
2022,RCD Espanyol Barcelona,RCD Espanyol Barcelona,387687,César Montes,8.0
2022,RCD Espanyol Barcelona,RCD Espanyol Barcelona,102423,Leandro Cabrera,2.5
2022,RCD Espanyol Barcelona,RCD Espanyol Barcelona,357884,Fernando Calero,2.0
2022,RCD Espanyol Barcelona,RCD Espanyol Barcelona,92947,Sergi Gómez,2.0
2022,RCD Espanyol Barcelona,RCD Espanyol Barcelona,945496,Simo Keddari,0.5
2022,RCD Espanyol Barcelona,RCD Espanyol Barcelona,166677,Brian Oliván,6.0
2022,RCD Espanyol Barcelona,RCD Espanyol Barcelona,501418,Adrià Pedrosa,5.0
2022,RCD Espanyol Barcelona,RCD Espanyol Barcelona,410185,Ronaël Pierre-Gabriel,3.5
2022,RCD Espanyol Barcelona,RCD Espanyol Barcelona,544106,Óscar Gil,3.0
2022,RCD Espanyol Barcelona,RCD Espanyol Barcelona,705813,Rubén Sánchez,0.7
2022,RCD Espanyol Barcelona,RCD Espanyol Barcelona,822331,Omar El Hilali,0.5
2022,RCD Espanyol Barcelona,RCD Espanyol Barcelona,663581,Vini Souza,6.0
2022,RCD Espanyol Barcelona,RCD Espanyol Barcelona,142021,Sergi Darder,16.0
2022,RCD Espanyol Barcelona,RCD Espanyol Barcelona,506248,Edu Expósito,4.0
2022,RCD Espanyol Barcelona,RCD Espanyol Barcelona,295622,Keidi Bare,3.0
2022,RCD Espanyol Barcelona,RCD Espanyol Barcelona,557147,José Gragera,2.5
2022,RCD Espanyol Barcelona,RCD Espanyol Barcelona,412045,Pol Lozano,1.5
2022,RCD Espanyol Barcelona,RCD Espanyol Barcelona,646746,Roger Martínez,0.4
2022,RCD Espanyol Barcelona,RCD Espanyol Barcelona,628496,Dani Villahermosa,0.25
2022,RCD Espanyol Barcelona,RCD Espanyol Barcelona,487180,Nabil Touaizi,0.2
2022,RCD Espanyol Barcelona,RCD Espanyol Barcelona,570421,Nico Melamed,6.0
2022,RCD Espanyol Barcelona,RCD Espanyol Barcelona,165007,Denis Suárez,5.0
2022,RCD Espanyol Barcelona,RCD Espanyol Barcelona,408471,Javi Puado,8.0
2022,RCD Espanyol Barcelona,RCD Espanyol Barcelona,282410,José Carlos Lazo,2.5
2022,RCD Espanyol Barcelona,RCD Espanyol Barcelona,632562,Abde Damar,0.15
2022,RCD Espanyol Barcelona,RCD Espanyol Barcelona,628499,Kenneth Soler,0.1
2022,RCD Espanyol Barcelona,RCD Espanyol Barcelona,288318,Adrián Embarba,2.5
2022,RCD Espanyol Barcelona,RCD Espanyol Barcelona,88490,Aleix Vidal,1.5
2022,RCD Espanyol Barcelona,RCD Espanyol Barcelona,745461,Luca Koleosho,1.0
2022,RCD Espanyol Barcelona,RCD Espanyol Barcelona,81999,Joselu,6.0
2022,RCD Espanyol Barcelona,RCD Espanyol Barcelona,95732,Martin Braithwaite,5.0
2022,RCD Espanyol Barcelona,RCD Espanyol Barcelona,422460,Dani Gómez,1.5
2022,Almeria,UD Almería,172015,Fernando Pacheco,2.5
2022,Almeria,UD Almería,81997,Fernando Martínez,2.0
2022,Almeria,UD Almería,59349,Diego Mariño,0.3
2022,Almeria,UD Almería,531274,Diego Fuoli,0.2
2022,Almeria,UD Almería,222805,Srdjan Babic,3.5
2022,Almeria,UD Almería,743589,Kaiky,3.0
2022,Almeria,UD Almería,176140,Rodrigo Ely,3.0
2022,Almeria,UD Almería,333361,Chumi,2.0
2022,Almeria,UD Almería,355627,Sergio Akieme,7.5
2022,Almeria,UD Almería,423443,Álex Centelles,1.5
2022,Almeria,UD Almería,433257,Arvin Appiah,0.5
2022,Almeria,UD Almería,442552,Houboulang Mendes,2.0
2022,Almeria,UD Almería,657430,Samú Costa,5.0
2022,Almeria,UD Almería,89731,Iñigo Eguaras,1.2
2022,Almeria,UD Almería,226261,César de la Hoz,1.2
2022,Almeria,UD Almería,457221,Lucas Robertone,7.0
2022,Almeria,UD Almería,162056,Gonzalo Melero,4.0
2022,Almeria,UD Almería,696506,Gui Guedes,1.2
2022,Almeria,UD Almería,630523,Martin Svidersky,0.5
2022,Almeria,UD Almería,138803,Francisco Portillo,1.5
2022,Almeria,UD Almería,649016,El Bilal Touré,12.0
2022,Almeria,UD Almería,518644,Largie Ramazani,6.0
2022,Almeria,UD Almería,282410,José Carlos Lazo,2.5
2022,Almeria,UD Almería,341272,Álex Pozo,3.0
2022,Almeria,UD Almería,288318,Adrián Embarba,2.5
2022,Almeria,UD Almería,536030,Arnau Puigmal,2.0
2022,Almeria,UD Almería,221899,Léo Baptistão,1.8
2022,Almeria,UD Almería,208116,Curro Sánchez,1.0
2022,Almeria,UD Almería,337715,Umar Sadiq,18.0
2022,Almeria,UD Almería,424784,Luis Suárez,8.0
2022,Almeria,UD Almería,574772,Lázaro,6.0
2022,Almeria,UD Almería,845568,Marko Milovanović,1.0
2022,Almeria,UD Almería,157036,Dyego Sousa,0.8
2022,Mallorca,RCD Mallorca,190263,Predrag Rajković,10.0
2022,Mallorca,RCD Mallorca,316884,Dominik Greif,1.5
2022,Mallorca,RCD Mallorca,562742,Leo Román,0.3
2022,Mallorca,RCD Mallorca,632913,Pere García,0.025
2022,Mallorca,RCD Mallorca,277384,Martin Valjent,4.5
2022,Mallorca,RCD Mallorca,278296,Antonio Raíllo,4.0
2022,Mallorca,RCD Mallorca,520840,José Copete,3.5
2022,Mallorca,RCD Mallorca,322065,Dennis Hadzikadunic,3.0
2022,Mallorca,RCD Mallorca,143559,Matija Nastasić,1.5
2022,Mallorca,RCD Mallorca,378463,Franco Russo,0.8
2022,Mallorca,RCD Mallorca,537760,Benjamín Garay,0.1
2022,Mallorca,RCD Mallorca,632495,Josep Gayá,0.1
2022,Mallorca,RCD Mallorca,170646,Ludwig Augustinsson,2.5
2022,Mallorca,RCD Mallorca,401521,Braian Cufré,1.2
2022,Mallorca,RCD Mallorca,65318,Jaume Costa,1.2
2022,Mallorca,RCD Mallorca,947432,Marcos Fernández,0.025
2022,Mallorca,RCD Mallorca,251876,Pablo Maffeo,8.0
2022,Mallorca,RCD Mallorca,339699,Giovanni González,2.0
2022,Mallorca,RCD Mallorca,89297,Rodrigo Battaglia,1.5
2022,Mallorca,RCD Mallorca,335225,Manu Morlanes,4.0
2022,Mallorca,RCD Mallorca,126751,Iñigo Ruiz de Galarreta,3.0
2022,Mallorca,RCD Mallorca,442805,Iddrisu Baba,3.0
2022,Mallorca,RCD Mallorca,513031,Antonio Sánchez,2.5
2022,Mallorca,RCD Mallorca,72479,Clément Grenier,0.8
2022,Mallorca,RCD Mallorca,632497,Miquel Llabrés,0.1
2022,Mallorca,RCD Mallorca,947439,Luis Montiel,0.025
2022,Mallorca,RCD Mallorca,1056655,Rubén Quintanilla,0.025
2022,Mallorca,RCD Mallorca,557149,Kang-in Lee,22.0
2022,Mallorca,RCD Mallorca,139435,Dani Rodríguez,1.2
2022,Mallorca,RCD Mallorca,573979,Tòfol Montiel,0.15
2022,Mallorca,RCD Mallorca,100722,Lago Júnior,0.9
2022,Mallorca,RCD Mallorca,706138,Javi Llabrés,0.3
2022,Mallorca,RCD Mallorca,339820,Amath Ndiaye,2.0
2022,Mallorca,RCD Mallorca,632498,Miguelito,0.05
2022,Mallorca,RCD Mallorca,256267,Vedat Muriqi,15.0
2022,Mallorca,RCD Mallorca,384060,Tino Kadewere,4.0
2022,Mallorca,RCD Mallorca,177452,Abdón Prats,1.2
2022,Mallorca,RCD Mallorca,51510,Ángel Rodríguez,1.0
2022,Rayo Vallecano,Rayo Vallecano,165467,Stole Dimitrievski,4.0
2022,Rayo Vallecano,Rayo Vallecano,607780,Miguel Ángel Morro,0.6
2022,Rayo Vallecano,Rayo Vallecano,34370,Diego López,0.3
2022,Rayo Vallecano,Rayo Vallecano,449796,Alejandro Catena,8.0
2022,Rayo Vallecano,Rayo Vallecano,127108,Florian Lejeune,4.0
2022,Rayo Vallecano,Rayo Vallecano,451801,Abdul Mumin,1.5
2022,Rayo Vallecano,Rayo Vallecano,240360,Esteban Saveljich,0.5
2022,Rayo Vallecano,Rayo Vallecano,341264,Fran García,12.0
2022,Rayo Vallecano,Rayo Vallecano,596122,Pep Chavarría,1.5
2022,Rayo Vallecano,Rayo Vallecano,85295,Iván Balliu,4.0
2022,Rayo Vallecano,Rayo Vallecano,608531,Mario Hernández,0.6
2022,Rayo Vallecano,Rayo Vallecano,37337,Mario Suárez,0.3
2022,Rayo Vallecano,Rayo Vallecano,380598,Santi Comesaña,7.5
2022,Rayo Vallecano,Rayo Vallecano,517753,Óscar Valentín,5.0
2022,Rayo Vallecano,Rayo Vallecano,192009,Unai López,3.5
2022,Rayo Vallecano,Rayo Vallecano,525578,Pathé Ciss,3.0
2022,Rayo Vallecano,Rayo Vallecano,30321,Óscar Trejo,3.0
2022,Rayo Vallecano,Rayo Vallecano,560483,Randy Nteka,1.8
2022,Rayo Vallecano,Rayo Vallecano,195605,José Pozo,1.0
2022,Rayo Vallecano,Rayo Vallecano,257062,Álvaro García,6.0
2022,Rayo Vallecano,Rayo Vallecano,153427,Bebé,0.8
2022,Rayo Vallecano,Rayo Vallecano,246204,Salvi Sánchez,1.5
2022,Rayo Vallecano,Rayo Vallecano,531277,Andrés Martín,1.0
2022,Rayo Vallecano,Rayo Vallecano,362086,Isi Palazón,12.0
2022,Rayo Vallecano,Rayo Vallecano,505674,Sergio Camello,10.0
2022,Rayo Vallecano,Rayo Vallecano,162038,Raúl de Tomás,8.0
2022,Rayo Vallecano,Rayo Vallecano,39152,Radamel Falcao,2.0
2022,Real Valladolid CF,Real Valladolid CF,65263,Jordi Masip,1.0
2022,Real Valladolid CF,Real Valladolid CF,51710,Sergio Asenjo,1.0
2022,Real Valladolid CF,Real Valladolid CF,710474,Álvaro Aceves,0.2
2022,Real Valladolid CF,Real Valladolid CF,340853,Javi Sánchez,3.0
2022,Real Valladolid CF,Real Valladolid CF,221321,Joaquín Fernández,3.0
2022,Real Valladolid CF,Real Valladolid CF,235412,Jawad El Yamiq,2.0
2022,Real Valladolid CF,Real Valladolid CF,129386,Zouhair Feddal,1.3
2022,Real Valladolid CF,Real Valladolid CF,631055,Alberto Quintana,0.1
2022,Real Valladolid CF,Real Valladolid CF,709999,Víctor Rofino,0.1
2022,Real Valladolid CF,Real Valladolid CF,857832,David Torres,0.05
2022,Real Valladolid CF,Real Valladolid CF,216240,Lucas Olaza,2.5
2022,Real Valladolid CF,Real Valladolid CF,93935,Sergio Escudero,1.5
2022,Real Valladolid CF,Real Valladolid CF,635346,Diego Moreno,0.1
2022,Real Valladolid CF,Real Valladolid CF,946883,Iván Fresneda,15.0
2022,Real Valladolid CF,Real Valladolid CF,358115,Luis Pérez,1.5
2022,Real Valladolid CF,Real Valladolid CF,468309,Lucas Rosa,1.0
2022,Real Valladolid CF,Real Valladolid CF,398808,Martin Hongla,3.0
2022,Real Valladolid CF,Real Valladolid CF,205569,Mickaël Malsa,1.5
2022,Real Valladolid CF,Real Valladolid CF,282727,Monchu,5.0
2022,Real Valladolid CF,Real Valladolid CF,527698,Kike Pérez,4.5
2022,Real Valladolid CF,Real Valladolid CF,449496,Álvaro Aguado,3.0
2022,Real Valladolid CF,Real Valladolid CF,202984,Roque Mesa,2.5
2022,Real Valladolid CF,Real Valladolid CF,213595,Juanjo Narváez,0.8
2022,Real Valladolid CF,Real Valladolid CF,710484,Mario Maroto,0.15
2022,Real Valladolid CF,Real Valladolid CF,377219,Selim Amallah,3.0
2022,Real Valladolid CF,Real Valladolid CF,221309,Óscar Plano,3.0
2022,Real Valladolid CF,Real Valladolid CF,211251,Darwin Machís,3.0
2022,Real Valladolid CF,Real Valladolid CF,337066,Toni Villa,2.5
2022,Real Valladolid CF,Real Valladolid CF,281404,Kenedy,1.5
2022,Real Valladolid CF,Real Valladolid CF,924447,Tunde Akinsola,0.05
2022,Real Valladolid CF,Real Valladolid CF,592735,Gonzalo Plata,5.0
2022,Real Valladolid CF,Real Valladolid CF,327126,Anuar,0.9
2022,Real Valladolid CF,Real Valladolid CF,221311,Iván Sánchez,0.8
2022,Real Valladolid CF,Real Valladolid CF,635881,Manu Pozo,0.3
2022,Real Valladolid CF,Real Valladolid CF,343463,Cyle Larin,8.0
2022,Real Valladolid CF,Real Valladolid CF,247652,Shon Weissman,4.0
2022,Real Valladolid CF,Real Valladolid CF,256429,Sergi Guardiola,2.0
2022,Real Valladolid CF,Real Valladolid CF,145769,Sergio León,2.0
2022,Real Valladolid CF,Real Valladolid CF,337070,Sekou Gassama,0.3
2022,Real Valladolid CF,Real Valladolid CF,716163,Iván Cédric,0.3
2022,Real Valladolid CF,Real Valladolid CF,928726,Roberto Arroyo,0.3
2022,Elche,Elche CF,102146,Edgar Badia,3.0
2022,Elche,Elche CF,236734,Axel Werner,0.8
2022,Elche,Elche CF,66736,Lisandro Magallán,1.8
2022,Elche,Elche CF,186862,Enzo Roco,1.5
2022,Elche,Elche CF,349836,Diego González,1.5
2022,Elche,Elche CF,203043,Pedro Bigas,1.0
2022,Elche,Elche CF,627290,John Donald,1.0
2022,Elche,Elche CF,85475,Federico Fernández,0.7
2022,Elche,Elche CF,184779,Gonzalo Verdú,0.7
2022,Elche,Elche CF,262939,Johan Mojica,3.0
2022,Elche,Elche CF,831161,Lautaro Blanco,2.8
2022,Elche,Elche CF,193784,Carlos Clerc,1.5
2022,Elche,Elche CF,711625,José Ángel Carmona,4.0
2022,Elche,Elche CF,298975,Pol Lirola,2.0
2022,Elche,Elche CF,211389,Helibelton Palacios,1.2
2022,Elche,Elche CF,268670,Gerard Gumbau,3.5
2022,Elche,Elche CF,142031,Omar Mascarell,3.0
2022,Elche,Elche CF,330352,Raúl Guti,2.5
2022,Elche,Elche CF,391719,Domingos Quina,1.8
2022,Elche,Elche CF,336828,Pape Cheikh,0.9
2022,Elche,Elche CF,282722,Álex Collado,3.0
2022,Elche,Elche CF,560483,Randy Nteka,1.8
2022,Elche,Elche CF,55215,Javier Pastore,0.5
2022,Elche,Elche CF,225593,Pere Milla,3.0
2022,Elche,Elche CF,339816,Tete Morente,2.5
2022,Elche,Elche CF,149231,Fidel,1.0
2022,Elche,Elche CF,277533,Josan,1.0
2022,Elche,Elche CF,334222,Lucas Boyé,10.0
2022,Elche,Elche CF,296783,Ezequiel Ponce,2.5
2022,Elche,Elche CF,212391,Roger Martí,2.0
2022,Elche,Elche CF,739315,Nicolás Fernández Mercau,2.0
2022,Cadiz,Cádiz CF,284342,Conan Ledesma,8.0
2022,Cadiz,Cádiz CF,162027,David Gil,0.7
2022,Cadiz,Cádiz CF,706797,Victor Aznar,0.05
2022,Cadiz,Cádiz CF,930096,Nando Almodóvar,0.05
2022,Cadiz,Cádiz CF,252667,Fali,2.5
2022,Cadiz,Cádiz CF,495625,Víctor Chust,2.5
2022,Cadiz,Cádiz CF,286779,Jorge Meré,1.2
2022,Cadiz,Cádiz CF,62945,Luis Hernández,1.0
2022,Cadiz,Cádiz CF,490421,Momo Mbaye,0.7
2022,Cadiz,Cádiz CF,67089,Juan Cala,0.6
2022,Cadiz,Cádiz CF,628494,Carlos García,0.2
2022,Cadiz,Cádiz CF,631099,Lautaro Spatz,0.15
2022,Cadiz,Cádiz CF,311044,Alfonso Espino,3.5
2022,Cadiz,Cádiz CF,520947,Santiago Arzamendia,1.2
2022,Cadiz,Cádiz CF,197135,Joseba Zaldua,2.5
2022,Cadiz,Cádiz CF,254037,Iza Carcelén,1.5
2022,Cadiz,Cádiz CF,281755,Iván Alejo,1.2
2022,Cadiz,Cádiz CF,784719,Raúl Parra,0.3
2022,Cadiz,Cádiz CF,971775,Kikín,0.05
2022,Cadiz,Cádiz CF,495621,Antonio Blanco,2.5
2022,Cadiz,Cádiz CF,454238,Tomás Alarcón,1.5
2022,Cadiz,Cádiz CF,225462,José Mari,0.4
2022,Cadiz,Cádiz CF,158704,Jon Ander Garrido,0.3
2022,Cadiz,Cádiz CF,89733,Álex Fernández,4.0
2022,Cadiz,Cádiz CF,247250,Rubén Alcaraz,2.0
2022,Cadiz,Cádiz CF,266795,Gonzalo Escalante,2.0
2022,Cadiz,Cádiz CF,307519,Fede San Emeterio,2.0
2022,Cadiz,Cádiz CF,564451,Youba Diarra,0.9
2022,Cadiz,Cádiz CF,882772,Álvaro Bastida,0.6
2022,Cadiz,Cádiz CF,961954,Curro Muñoz,0.05
2022,Cadiz,Cádiz CF,979235,Moussa Diakité,0.05
2022,Cadiz,Cádiz CF,598765,Brian Ocampo,2.0
2022,Cadiz,Cádiz CF,255729,Awer Mabil,1.2
2022,Cadiz,Cádiz CF,99559,Alberto Perea,1.0
2022,Cadiz,Cádiz CF,280701,Théo Bongonda,4.0
2022,Cadiz,Cádiz CF,402002,Mamady Diarra,0.3
2022,Cadiz,Cádiz CF,1027993,José Antonio de la Rosa,0.3
2022,Cadiz,Cádiz CF,131275,Choco Lozano,2.5
2022,Cadiz,Cádiz CF,85383,Rubén Sobrino,2.0
2022,Cadiz,Cádiz CF,212391,Roger Martí,2.0
2022,Cadiz,Cádiz CF,256429,Sergi Guardiola,2.0
2022,Cadiz,Cádiz CF,538810,Chris Ramos,1.5
2022,Cadiz,Cádiz CF,18644,Álvaro Negredo,1.0
2022,Cadiz,Cádiz CF,73185,Lucas Pérez,0.8
2022,Cadiz,Cádiz CF,57935,Álvaro Giménez,0.6
2022,Cadiz,Cádiz CF,632872,Francisco Mwepu,0.15
2022,Cadiz,Cádiz CF,1038950,Karl Etta Eyong,0.05
2023,Real Madrid,Real Madrid,108390,Thibaut Courtois,28.0
2023,Real Madrid,Real Madrid,404839,Andriy Lunin,25.0
2023,Real Madrid,Real Madrid,192279,Kepa Arrizabalaga,12.0
2023,Real Madrid,Real Madrid,568154,Lucas Cañizares,0.4
2023,Real Madrid,Real Madrid,717952,Mario de Luis,0.4
2023,Real Madrid,Real Madrid,926850,Diego Piñeiro,0.05
2023,Real Madrid,Real Madrid,401530,Éder Militão,60.0
2023,Real Madrid,Real Madrid,86202,Antonio Rüdiger,25.0
2023,Real Madrid,Real Madrid,59016,David Alaba,20.0
2023,Real Madrid,Real Madrid,58884,Nacho Fernández,3.0
2023,Real Madrid,Real Madrid,652330,Álvaro Carrillo,0.3
2023,Real Madrid,Real Madrid,646745,Edgar Pujol,0.25
2023,Real Madrid,Real Madrid,948278,Jacobo Ramón,0.1
2023,Real Madrid,Real Madrid,291417,Ferland Mendy,22.0
2023,Real Madrid,Real Madrid,341264,Fran García,15.0
2023,Real Madrid,Real Madrid,138927,Daniel Carvajal,12.0
2023,Real Madrid,Real Madrid,221316,Lucas Vázquez,4.0
2023,Real Madrid,Real Madrid,743587,Vinícius Tobias,3.0
2023,Real Madrid,Real Madrid,280730,Álvaro Odriozola,2.5
2023,Real Madrid,Real Madrid,413112,Aurélien Tchouaméni,100.0
2023,Real Madrid,Real Madrid,948273,Mario Martín,0.3
2023,Real Madrid,Real Madrid,369081,Federico Valverde,120.0
2023,Real Madrid,Real Madrid,640428,Eduardo Camavinga,100.0
2023,Real Madrid,Real Madrid,31909,Toni Kroos,10.0
2023,Real Madrid,Real Madrid,27992,Luka Modrić,6.0
2023,Real Madrid,Real Madrid,319745,Dani Ceballos,6.0
2023,Real Madrid,Real Madrid,337917,Théo Zidane,0.3
2023,Real Madrid,Real Madrid,581678,Jude Bellingham,180.0
2023,Real Madrid,Real Madrid,861410,Arda Güler,30.0
2023,Real Madrid,Real Madrid,948294,Nico Paz,10.0
2023,Real Madrid,Real Madrid,371998,Vinicius Junior,180.0
2023,Real Madrid,Real Madrid,412363,Rodrygo,110.0
2023,Real Madrid,Real Madrid,314678,Brahim Díaz,40.0
2023,Real Madrid,Real Madrid,81999,Joselu,5.0
2023,Real Madrid,Real Madrid,948275,Álvaro Rodríguez,3.5
2023,Real Madrid,Real Madrid,935230,Gonzalo García,1.0
2023,Barcelona,FC Barcelona,74857,Marc-André ter Stegen,28.0
2023,Barcelona,FC Barcelona,283170,Iñaki Peña,8.0
2023,Barcelona,FC Barcelona,709955,Ander Astralaga,1.0
2023,Barcelona,FC Barcelona,938144,Diego Kochen,0.1
2023,Barcelona,FC Barcelona,480267,Ronald Araujo,70.0
2023,Barcelona,FC Barcelona,196948,Andreas Christensen,40.0
2023,Barcelona,FC Barcelona,962110,Pau Cubarsí,30.0
2023,Barcelona,FC Barcelona,466794,Eric García,20.0
2023,Barcelona,FC Barcelona,666974,Mikayil Faye,10.0
2023,Barcelona,FC Barcelona,158863,Iñigo Martínez,5.0
2023,Barcelona,FC Barcelona,112515,Marcos Alonso,2.0
2023,Barcelona,FC Barcelona,636688,Alejandro Balde,40.0
2023,Barcelona,FC Barcelona,411975,Jules Koundé,45.0
2023,Barcelona,FC Barcelona,182712,João Cancelo,25.0
2023,Barcelona,FC Barcelona,937955,Héctor Fort,10.0
2023,Barcelona,FC Barcelona,636695,Marc Casadó,2.5
2023,Barcelona,FC Barcelona,66100,Oriol Romeu,2.0
2023,Barcelona,FC Barcelona,937956,Pau Prim,0.5
2023,Barcelona,FC Barcelona,646740,Gavi,90.0
2023,Barcelona,FC Barcelona,683840,Pedri,80.0
2023,Barcelona,FC Barcelona,326330,Frenkie de Jong,70.0
2023,Barcelona,FC Barcelona,53622,İlkay Gündoğan,15.0
2023,Barcelona,FC Barcelona,85370,Sergi Roberto,2.5
2023,Barcelona,FC Barcelona,970633,Unai Hernández,0.8
2023,Barcelona,FC Barcelona,709966,Aleix Garrido,0.5
2023,Barcelona,FC Barcelona,636703,Fermín López,30.0
2023,Barcelona,FC Barcelona,411295,Raphinha,50.0
2023,Barcelona,FC Barcelona,466810,Ansu Fati,25.0
2023,Barcelona,FC Barcelona,724520,Abde Ezzalzouli,9.0
2023,Barcelona,FC Barcelona,646739,Ángel Alarcón,0.3
2023,Barcelona,FC Barcelona,937958,Lamine Yamal,90.0
2023,Barcelona,FC Barcelona,462250,João Félix,30.0
2023,Barcelona,FC Barcelona,398184,Ferran Torres,30.0
2023,Barcelona,FC Barcelona,943837,Vitor Roque,30.0
2023,Barcelona,FC Barcelona,38253,Robert Lewandowski,15.0
2023,Barcelona,FC Barcelona,938158,Marc Guiu,7.5
2023,Barcelona,FC Barcelona,707572,Pau Víctor,1.5
2023,Real Sociedad,Real Sociedad,212862,Álex Remiro,25.0
2023,Real Sociedad,Real Sociedad,561702,Gaizka Ayesa,0.3
2023,Real Sociedad,Real Sociedad,625657,Unai Marrero,0.3
2023,Real Sociedad,Real Sociedad,668313,Aitor Fraga,0.2
2023,Real Sociedad,Real Sociedad,351809,Robin Le Normand,40.0
2023,Real Sociedad,Real Sociedad,355628,Igor Zubeldia,22.0
2023,Real Sociedad,Real Sociedad,580560,Jon Pacheco,15.0
2023,Real Sociedad,Real Sociedad,229804,Aritz Elustondo,5.0
2023,Real Sociedad,Real Sociedad,1018938,Jon Martín,2.0
2023,Real Sociedad,Real Sociedad,300716,Kieran Tierney,12.0
2023,Real Sociedad,Real Sociedad,517842,Aihen Muñoz,8.0
2023,Real Sociedad,Real Sociedad,448628,Javi Galán,7.0
2023,Real Sociedad,Real Sociedad,249513,Diego Rico,1.5
2023,Real Sociedad,Real Sociedad,297070,Hamari Traoré,6.0
2023,Real Sociedad,Real Sociedad,661145,Jon Aramburu,2.5
2023,Real Sociedad,Real Sociedad,280730,Álvaro Odriozola,2.5
2023,Real Sociedad,Real Sociedad,711377,Alberto Dadie,0.25
2023,Real Sociedad,Real Sociedad,1055860,Iñaki Rupérez,0.15
2023,Real Sociedad,Real Sociedad,423440,Martín Zubimendi,50.0
2023,Real Sociedad,Real Sociedad,625651,Urko González de Zárate,1.2
2023,Real Sociedad,Real Sociedad,338424,Mikel Merino,50.0
2023,Real Sociedad,Real Sociedad,634431,Beñat Turrientes,20.0
2023,Real Sociedad,Real Sociedad,625660,Jon Ander Olasagasti,1.2
2023,Real Sociedad,Real Sociedad,309110,Brais Méndez,40.0
2023,Real Sociedad,Real Sociedad,555143,Arsen Zakharyan,18.0
2023,Real Sociedad,Real Sociedad,907813,Pablo Marín,1.5
2023,Real Sociedad,Real Sociedad,625655,Jon Magunazelaia,1.0
2023,Real Sociedad,Real Sociedad,616369,Ander Barrenetxea,20.0
2023,Real Sociedad,Real Sociedad,188888,Sheraldo Becker,10.0
2023,Real Sociedad,Real Sociedad,289272,Martín Merquelanz,0.6
2023,Real Sociedad,Real Sociedad,405398,Takefusa Kubo,50.0
2023,Real Sociedad,Real Sociedad,670847,Mohamed-Ali Cho,10.0
2023,Real Sociedad,Real Sociedad,563137,Robert Navarro,6.0
2023,Real Sociedad,Real Sociedad,434990,Álex Sola,4.0
2023,Real Sociedad,Real Sociedad,351478,Mikel Oyarzabal,45.0
2023,Real Sociedad,Real Sociedad,337715,Umar Sadiq,10.0
2023,Real Sociedad,Real Sociedad,198008,André Silva,6.0
2023,Real Sociedad,Real Sociedad,711382,Jon Karrikaburu,2.5
2023,Real Sociedad,Real Sociedad,216464,Carlos Fernández,1.5
2023,Real Sociedad,Real Sociedad,581113,Bryan Fiabema,0.3
2023,Atletico Madrid,Atlético de Madrid,121483,Jan Oblak,28.0
2023,Atletico Madrid,Atlético de Madrid,226073,Ivo Grbic,3.5
2023,Atletico Madrid,Atlético de Madrid,525438,Horațiu Moldovan,2.5
2023,Atletico Madrid,Atlético de Madrid,930415,Antonio Gomis,0.15
2023,Atletico Madrid,Atlético de Madrid,973314,Sergio Mestre,0.05
2023,Atletico Madrid,Atlético de Madrid,281769,Mario Hermoso,25.0
2023,Atletico Madrid,Atlético de Madrid,250845,José María Giménez,22.0
2023,Atletico Madrid,Atlético de Madrid,320141,Çağlar Söyüncü,10.0
2023,Atletico Madrid,Atlético de Madrid,107010,Stefan Savic,2.5
2023,Atletico Madrid,Atlético de Madrid,57500,César Azpilicueta,2.0
2023,Atletico Madrid,Atlético de Madrid,149498,Gabriel Paulista,2.0
2023,Atletico Madrid,Atlético de Madrid,534376,Marco Moreno,0.4
2023,Atletico Madrid,Atlético de Madrid,614988,Ilias Kostis,0.3
2023,Atletico Madrid,Atlético de Madrid,240692,Reinildo Mandava,9.0
2023,Atletico Madrid,Atlético de Madrid,448628,Javi Galán,7.0
2023,Atletico Madrid,Atlético de Madrid,282411,Marcos Llorente,30.0
2023,Atletico Madrid,Atlético de Madrid,424042,Nahuel Molina,28.0
2023,Atletico Madrid,Atlético de Madrid,741253,Javier Boñar,0.5
2023,Atletico Madrid,Atlético de Madrid,926694,Arthur Vermeeren,25.0
2023,Atletico Madrid,Atlético de Madrid,35047,Axel Witsel,3.5
2023,Atletico Madrid,Atlético de Madrid,255901,Rodrigo De Paul,30.0
2023,Atletico Madrid,Atlético de Madrid,775605,Pablo Barrios,25.0
2023,Atletico Madrid,Atlético de Madrid,74229,Koke,12.0
2023,Atletico Madrid,Atlético de Madrid,148928,Saúl Ñíguez,7.5
2023,Atletico Madrid,Atlético de Madrid,646735,Aitor Gismera,0.25
2023,Atletico Madrid,Atlético de Madrid,205562,Thomas Lemar,10.0
2023,Atletico Madrid,Atlético de Madrid,606570,Sergio Guerrero,0.2
2023,Atletico Madrid,Atlético de Madrid,633111,Álex Calatrava,0.2
2023,Atletico Madrid,Atlético de Madrid,694928,Samuel Lino,30.0
2023,Atletico Madrid,Atlético de Madrid,461617,Rodrigo Riquelme,25.0
2023,Atletico Madrid,Atlético de Madrid,140776,Yannick Carrasco,14.0
2023,Atletico Madrid,Atlético de Madrid,612496,Marcos Paulo,2.0
2023,Atletico Madrid,Atlético de Madrid,935457,Salim El Jebari,1.0
2023,Atletico Madrid,Atlético de Madrid,67082,Vitolo,0.1
2023,Atletico Madrid,Atlético de Madrid,462250,João Félix,30.0
2023,Atletico Madrid,Atlético de Madrid,125781,Antoine Griezmann,25.0
2023,Atletico Madrid,Atlético de Madrid,266807,Ángel Correa,18.0
2023,Atletico Madrid,Atlético de Madrid,128223,Álvaro Morata,16.0
2023,Atletico Madrid,Atlético de Madrid,167850,Memphis Depay,10.0
2023,Atletico Madrid,Atlético de Madrid,926849,Adrián Niño,0.5
2023,Atletico Madrid,Atlético de Madrid,860062,Abde Raihani,0.3
2023,Girona,Girona FC,195488,Paulo Gazzaniga,4.0
2023,Girona,Girona FC,623526,Toni Fuidias,0.3
2023,Girona,Girona FC,120705,Juan Carlos,0.2
2023,Girona,Girona FC,466794,Eric García,20.0
2023,Girona,Girona FC,438001,Santiago Bueno,8.0
2023,Girona,Girona FC,12282,Daley Blind,3.0
2023,Girona,Girona FC,129444,David López,2.5
2023,Girona,Girona FC,115333,Juanpe,1.0
2023,Girona,Girona FC,64598,Bernardo Espinosa,0.55
2023,Girona,Girona FC,787154,Eric Monjonell,0.2
2023,Girona,Girona FC,525299,Miguel Gutiérrez,25.0
2023,Girona,Girona FC,627228,Yan Couto,25.0
2023,Girona,Girona FC,826224,Arnau Martínez,10.0
2023,Girona,Girona FC,785967,Ibrahima Kébé,0.5
2023,Girona,Girona FC,261504,Aleix García,25.0
2023,Girona,Girona FC,378293,Yangel Herrera,25.0
2023,Girona,Girona FC,341278,Iván Martín,15.0
2023,Girona,Girona FC,742521,Jhon Solís,3.0
2023,Girona,Girona FC,720038,Pablo Torre,3.0
2023,Girona,Girona FC,67808,Borja García,0.8
2023,Girona,Girona FC,743591,Savinho,50.0
2023,Girona,Girona FC,337066,Toni Villa,1.5
2023,Girona,Girona FC,264372,Viktor Tsygankov,30.0
2023,Girona,Girona FC,99353,Portu,3.5
2023,Girona,Girona FC,331496,Valery Fernández,2.5
2023,Girona,Girona FC,527350,Manu Vallejo,1.5
2023,Girona,Girona FC,343537,Artem Dovbyk,35.0
2023,Girona,Girona FC,59323,Cristhian Stuani,1.8
2023,Girona,Girona FC,964264,Carles Garrido,0.05
2023,Athletic Club,Athletic Bilbao,262396,Unai Simón,30.0
2023,Athletic Club,Athletic Bilbao,625014,Julen Agirrezabala,5.0
2023,Athletic Club,Athletic Bilbao,834483,Álex Padilla,0.2
2023,Athletic Club,Athletic Bilbao,524000,Dani Vivian,25.0
2023,Athletic Club,Athletic Bilbao,591916,Aitor Paredes,22.0
2023,Athletic Club,Athletic Bilbao,255488,Yeray Álvarez,8.0
2023,Athletic Club,Athletic Bilbao,834485,Unai Egiluz,0.1
2023,Athletic Club,Athletic Bilbao,61812,Yuri Berchiche,1.8
2023,Athletic Club,Athletic Bilbao,626954,Imanol García de Albéniz,1.2
2023,Athletic Club,Athletic Bilbao,255501,Iñigo Lekue,3.0
2023,Athletic Club,Athletic Bilbao,96718,Óscar de Marcos,1.5
2023,Athletic Club,Athletic Bilbao,834487,Hugo Rincón,0.25
2023,Athletic Club,Athletic Bilbao,300168,Mikel Vesga,4.0
2023,Athletic Club,Athletic Bilbao,178425,Dani García,1.8
2023,Athletic Club,Athletic Bilbao,447052,Peru Nolaskoain,1.0
2023,Athletic Club,Athletic Bilbao,625047,Beñat Prados,15.0
2023,Athletic Club,Athletic Bilbao,126751,Iñigo Ruiz de Galarreta,5.0
2023,Athletic Club,Athletic Bilbao,99343,Ander Herrera,2.0
2023,Athletic Club,Athletic Bilbao,938729,Mikel Jauregizar,0.8
2023,Athletic Club,Athletic Bilbao,571020,Oihan Sancet,35.0
2023,Athletic Club,Athletic Bilbao,834752,Unai Gómez,6.0
2023,Athletic Club,Athletic Bilbao,34601,Raúl García,1.5
2023,Athletic Club,Athletic Bilbao,709187,Nico Williams,60.0
2023,Athletic Club,Athletic Bilbao,338425,Álex Berenguer,12.0
2023,Athletic Club,Athletic Bilbao,54235,Iker Muniain,5.0
2023,Athletic Club,Athletic Bilbao,255508,Iñaki Williams,25.0
2023,Athletic Club,Athletic Bilbao,895480,Adu Ares,2.0
2023,Athletic Club,Athletic Bilbao,1056971,Aingeru Olabarrieta,0.5
2023,Athletic Club,Athletic Bilbao,340205,Gorka Guruzeta,18.0
2023,Athletic Club,Athletic Bilbao,251897,Asier Villalibre,2.5
2023,Athletic Club,Athletic Bilbao,711394,Javi Martón,0.5
2023,Villarreal,Villarreal CF,585323,Filip Jørgensen,20.0
2023,Villarreal,Villarreal CF,547248,Iker Álvarez,0.8
2023,Villarreal,Villarreal CF,7825,Pepe Reina,0.6
2023,Villarreal,Villarreal CF,480763,Juan Foyth,15.0
2023,Villarreal,Villarreal CF,323167,Matteo Gabbia,8.0
2023,Villarreal,Villarreal CF,716276,Yerson Mosquera,6.0
2023,Villarreal,Villarreal CF,494880,Jorge Cuenca,6.0
2023,Villarreal,Villarreal CF,286384,Eric Bailly,3.0
2023,Villarreal,Villarreal CF,797572,Stefan Lekovic,1.8
2023,Villarreal,Villarreal CF,80293,Aïssa Mandi,1.8
2023,Villarreal,Villarreal CF,15452,Raúl Albiol,1.5
2023,Villarreal,Villarreal CF,886047,Antonio Espigares,0.5
2023,Villarreal,Villarreal CF,635344,Abraham del Moral,0.1
2023,Villarreal,Villarreal CF,356197,Alfonso Pedraza,5.0
2023,Villarreal,Villarreal CF,207917,Alberto Moreno,1.8
2023,Villarreal,Villarreal CF,709372,Carlos Romero,1.5
2023,Villarreal,Villarreal CF,466807,Adrià Altimira,2.0
2023,Villarreal,Villarreal CF,76467,Kiko Femenía,1.4
2023,Villarreal,Villarreal CF,63494,Étienne Capoue,1.5
2023,Villarreal,Villarreal CF,74869,Francis Coquelin,1.5
2023,Villarreal,Villarreal CF,380598,Santi Comesaña,6.0
2023,Villarreal,Villarreal CF,783396,Ramón Terrats,4.0
2023,Villarreal,Villarreal CF,59561,Dani Parejo,2.5
2023,Villarreal,Villarreal CF,188854,Manu Trigueros,1.5
2023,Villarreal,Villarreal CF,945709,Dani Requena,0.4
2023,Villarreal,Villarreal CF,165007,Denis Suárez,1.5
2023,Villarreal,Villarreal CF,548111,Álex Baena,40.0
2023,Villarreal,Villarreal CF,225122,Gonçalo Guedes,15.0
2023,Villarreal,Villarreal CF,566965,Diego Collado,0.8
2023,Villarreal,Villarreal CF,568157,Yéremy Pino,30.0
2023,Villarreal,Villarreal CF,709969,Ilias Akhomach,15.0
2023,Villarreal,Villarreal CF,131996,Bertrand Traoré,9.0
2023,Villarreal,Villarreal CF,238407,Alexander Sørloth,25.0
2023,Villarreal,Villarreal CF,177467,Gerard Moreno,10.0
2023,Villarreal,Villarreal CF,426192,Ben Brereton Díaz,8.0
2023,Villarreal,Villarreal CF,709380,Álex Forés,1.5
2023,Villarreal,Villarreal CF,252677,José Luis Morales,1.5
2023,Villarreal,Villarreal CF,669511,Jorge Pascual,1.0
2023,Valencia,Valencia CF,502676,Giorgi Mamardashvili,35.0
2023,Valencia,Valencia CF,227805,Jaume Doménech,0.8
2023,Valencia,Valencia CF,398131,Cristian Rivero,0.2
2023,Valencia,Valencia CF,646750,Cristhian Mosquera,30.0
2023,Valencia,Valencia CF,895334,Yarek Gasiorowski,15.0
2023,Valencia,Valencia CF,615350,Cenk Özkacar,4.0
2023,Valencia,Valencia CF,346289,Mouctar Diakhaby,2.0
2023,Valencia,Valencia CF,149498,Gabriel Paulista,2.0
2023,Valencia,Valencia CF,707274,César Tárrega,1.5
2023,Valencia,Valencia CF,221322,José Gayà,25.0
2023,Valencia,Valencia CF,623024,Jesús Vázquez,3.0
2023,Valencia,Valencia CF,367466,Thierry Correia,6.0
2023,Valencia,Valencia CF,170472,Dimitri Foulquier,2.5
2023,Valencia,Valencia CF,668212,Rubén Iranzo,0.3
2023,Valencia,Valencia CF,328480,Pepelu,22.0
2023,Valencia,Valencia CF,495629,Hugo Guillamón,8.0
2023,Valencia,Valencia CF,834764,Javi Guerra,20.0
2023,Valencia,Valencia CF,980242,Ali Fadal,0.1
2023,Valencia,Valencia CF,646743,Javi Navarro,0.025
2023,Valencia,Valencia CF,375382,André Almeida,15.0
2023,Valencia,Valencia CF,377219,Selim Amallah,1.5
2023,Valencia,Valencia CF,622992,Pablo Gozálbez,0.8
2023,Valencia,Valencia CF,251845,Sergi Canós,2.5
2023,Valencia,Valencia CF,636119,Marco Camus,0.3
2023,Valencia,Valencia CF,941883,Martín Tejón,0.1
2023,Valencia,Valencia CF,617081,Diego López,14.0
2023,Valencia,Valencia CF,622988,Fran Pérez,8.0
2023,Valencia,Valencia CF,710004,Peter Federico,3.0
2023,Valencia,Valencia CF,1009766,David Otorbi,0.5
2023,Valencia,Valencia CF,707279,Hugo González,0.3
2023,Valencia,Valencia CF,573775,Hugo Duro,16.0
2023,Valencia,Valencia CF,221958,Roman Yaremchuk,3.5
2023,Valencia,Valencia CF,634105,Alberto Marí,1.5
2023,Valencia,Valencia CF,941867,Mario Domínguez,0.2
2023,Valencia,Valencia CF,1000135,Joselu Pérez,0.1
2023,Sevilla,Sevilla FC,207834,Yassine Bounou,9.0
2023,Sevilla,Sevilla FC,73517,Ørjan Nyland,1.4
2023,Sevilla,Sevilla FC,94308,Marko Dmitrovic,0.9
2023,Sevilla,Sevilla FC,766552,Alberto Flores,0.3
2023,Sevilla,Sevilla FC,767255,Matías Árbol,0.1
2023,Sevilla,Sevilla FC,730581,Loïc Badé,14.0
2023,Sevilla,Sevilla FC,766583,Kike Salas,10.0
2023,Sevilla,Sevilla FC,439022,Marcão,4.0
2023,Sevilla,Sevilla FC,660735,Federico Gattoni,3.5
2023,Sevilla,Sevilla FC,538996,Tanguy Nianzou,3.0
2023,Sevilla,Sevilla FC,25557,Sergio Ramos,2.5
2023,Sevilla,Sevilla FC,569876,Xavi Sintes,0.2
2023,Sevilla,Sevilla FC,501418,Adrià Pedrosa,6.0
2023,Sevilla,Sevilla FC,60410,Marcos Acuña,4.0
2023,Sevilla,Sevilla FC,767229,Diego Hormigo,0.2
2023,Sevilla,Sevilla FC,1032280,Oso,0.2
2023,Sevilla,Sevilla FC,676042,Juanlu Sánchez,15.0
2023,Sevilla,Sevilla FC,402733,Gonzalo Montiel,10.0
2023,Sevilla,Sevilla FC,711626,Darío Benavides,0.15
2023,Sevilla,Sevilla FC,344605,Boubakary Soumaré,14.0
2023,Sevilla,Sevilla FC,569384,Lucien Agoumé,6.0
2023,Sevilla,Sevilla FC,74294,Nemanja Gudelj,3.5
2023,Sevilla,Sevilla FC,51174,Fernando,2.0
2023,Sevilla,Sevilla FC,212723,Djibril Sow,9.0
2023,Sevilla,Sevilla FC,214775,Óliver Torres,6.0
2023,Sevilla,Sevilla FC,263727,Joan Jordán,3.5
2023,Sevilla,Sevilla FC,32467,Ivan Rakitic,3.5
2023,Sevilla,Sevilla FC,766723,Manu Bueno,0.3
2023,Sevilla,Sevilla FC,718581,Lulo Dasilva,0.15
2023,Sevilla,Sevilla FC,15956,Jesús Navas,2.5
2023,Sevilla,Sevilla FC,607224,Hannibal,9.0
2023,Sevilla,Sevilla FC,743387,Stanis Idumbo,0.8
2023,Sevilla,Sevilla FC,628926,Miguel Capitas,0.2
2023,Sevilla,Sevilla FC,189441,Lucas Ocampos,9.0
2023,Sevilla,Sevilla FC,916014,Isra Domínguez,0.15
2023,Sevilla,Sevilla FC,303259,Dodi Lukébakio,12.0
2023,Sevilla,Sevilla FC,111961,Suso,4.0
2023,Sevilla,Sevilla FC,125165,Jesús Corona,3.5
2023,Sevilla,Sevilla FC,111630,Erik Lamela,2.0
2023,Sevilla,Sevilla FC,177847,Adnan Januzaj,2.0
2023,Sevilla,Sevilla FC,433049,Youssef En-Nesyri,20.0
2023,Sevilla,Sevilla FC,687609,Isaac Romero,18.0
2023,Sevilla,Sevilla FC,888493,Alejo Veliz,9.0
2023,Sevilla,Sevilla FC,361254,Rafa Mir,2.5
2023,Sevilla,Sevilla FC,225020,Mariano Díaz,1.5
2023,Sevilla,Sevilla FC,934420,Ibra Sow,0.2
2023,Real Betis,Real Betis Balompié,234811,Rui Silva,8.0
2023,Real Betis,Real Betis Balompié,40423,Claudio Bravo,0.8
2023,Real Betis,Real Betis Balompié,551182,Fran Vieites,0.5
2023,Real Betis,Real Betis Balompié,567504,Guilherme Fernandes,0.15
2023,Real Betis,Real Betis Balompié,1061277,Germán García,0.025
2023,Real Betis,Real Betis Balompié,689637,Chadi Riad,15.0
2023,Real Betis,Real Betis Balompié,457931,Luiz Felipe,13.0
2023,Real Betis,Real Betis Balompié,113133,Germán Pezzella,3.0
2023,Real Betis,Real Betis Balompié,1034853,Nobel Mendy,1.0
2023,Real Betis,Real Betis Balompié,99922,Marc Bartra,1.0
2023,Real Betis,Real Betis Balompié,34322,Sokratis Papastathopoulos,0.7
2023,Real Betis,Real Betis Balompié,630989,Ricardo Visus,0.15
2023,Real Betis,Real Betis Balompié,341227,Juan Miranda,9.0
2023,Real Betis,Real Betis Balompié,646402,Abner,7.0
2023,Real Betis,Real Betis Balompié,971774,Xavi Pleguezuelo,0.1
2023,Real Betis,Real Betis Balompié,191217,Héctor Bellerín,4.0
2023,Real Betis,Real Betis Balompié,135492,Youssouf Sabaly,2.5
2023,Real Betis,Real Betis Balompié,1054909,Pablo Busto,0.5
2023,Real Betis,Real Betis Balompié,342385,Guido Rodríguez,20.0
2023,Real Betis,Real Betis Balompié,336869,Marc Roca,9.0
2023,Real Betis,Real Betis Balompié,100131,William Carvalho,3.0
2023,Real Betis,Real Betis Balompié,429901,Paul Akouokou,1.5
2023,Real Betis,Real Betis Balompié,689505,Johnny Cardoso,25.0
2023,Real Betis,Real Betis Balompié,357885,Pablo Fornals,14.0
2023,Real Betis,Real Betis Balompié,466801,Sergi Altimira,2.5
2023,Real Betis,Real Betis Balompié,20506,Andrés Guardado,1.0
2023,Real Betis,Real Betis Balompié,961944,Ginés Sorroche,0.3
2023,Real Betis,Real Betis Balompié,668184,Quique Fernández,0.15
2023,Real Betis,Real Betis Balompié,203496,Nabil Fekir,10.0
2023,Real Betis,Real Betis Balompié,85288,Isco,8.0
2023,Real Betis,Real Betis Balompié,895331,Dani Pérez,0.5
2023,Real Betis,Real Betis Balompié,1061282,Assane Diao,12.0
2023,Real Betis,Real Betis Balompié,724520,Abde Ezzalzouli,9.0
2023,Real Betis,Real Betis Balompié,585700,Juan Cruz,1.5
2023,Real Betis,Real Betis Balompié,800175,Luiz Henrique,12.0
2023,Real Betis,Real Betis Balompié,378139,Aitor Ruibal,3.5
2023,Real Betis,Real Betis Balompié,630995,Rodri Sánchez,3.0
2023,Real Betis,Real Betis Balompié,246968,Ayoze Pérez,7.0
2023,Real Betis,Real Betis Balompié,278359,Borja Iglesias,5.0
2023,Real Betis,Real Betis Balompié,122155,Willian José,5.0
2023,Real Betis,Real Betis Balompié,167721,Chimy Ávila,3.0
2023,Real Betis,Real Betis Balompié,127048,Cédric Bakambu,2.5
2023,Celta Vigo,Celta de Vigo,297194,Iván Villar,1.2
2023,Celta Vigo,Celta de Vigo,54534,Agustín Marchesín,0.8
2023,Celta Vigo,Celta de Vigo,64399,Vicente Guaita,0.8
2023,Celta Vigo,Celta de Vigo,581640,Coke Carrillo,0.2
2023,Celta Vigo,Celta de Vigo,646741,César Fernández,0.2
2023,Celta Vigo,Celta de Vigo,577869,Ruly García,0.15
2023,Celta Vigo,Celta de Vigo,338285,Unai Núñez,7.0
2023,Celta Vigo,Celta de Vigo,258987,Carl Starfelt,6.0
2023,Celta Vigo,Celta de Vigo,358250,Joseph Aidoo,4.0
2023,Celta Vigo,Celta de Vigo,636093,Carlos Domínguez,3.0
2023,Celta Vigo,Celta de Vigo,1076815,Javi Rodríguez,0.25
2023,Celta Vigo,Celta de Vigo,939374,Yoel Lago,0.2
2023,Celta Vigo,Celta de Vigo,625882,Javi Domínguez,0.15
2023,Celta Vigo,Celta de Vigo,618809,Manu Sánchez,8.0
2023,Celta Vigo,Celta de Vigo,271455,Mihailo Ristic,1.0
2023,Celta Vigo,Celta de Vigo,586736,Joel López,0.2
2023,Celta Vigo,Celta de Vigo,331505,Óscar Mingueza,8.0
2023,Celta Vigo,Celta de Vigo,162029,Javier Manquillo,1.8
2023,Celta Vigo,Celta de Vigo,221315,Kevin Vázquez,0.8
2023,Celta Vigo,Celta de Vigo,652331,Javi Rueda,0.25
2023,Celta Vigo,Celta de Vigo,277137,Renato Tapia,5.0
2023,Celta Vigo,Celta de Vigo,366948,Jailson,1.5
2023,Celta Vigo,Celta de Vigo,715628,Damián Rodríguez,0.5
2023,Celta Vigo,Celta de Vigo,423444,Fran Beltrán,6.0
2023,Celta Vigo,Celta de Vigo,315762,Luca de la Torre,3.0
2023,Celta Vigo,Celta de Vigo,892221,Hugo Sotelo,2.5
2023,Celta Vigo,Celta de Vigo,623524,Carlos Dotor,2.0
2023,Celta Vigo,Celta de Vigo,699704,Gabri Veiga,25.0
2023,Celta Vigo,Celta de Vigo,292818,Jonathan Bamba,9.0
2023,Celta Vigo,Celta de Vigo,764859,Williot Swedberg,5.0
2023,Celta Vigo,Celta de Vigo,892929,Hugo Álvarez,1.5
2023,Celta Vigo,Celta de Vigo,341110,Franco Cervi,1.5
2023,Celta Vigo,Celta de Vigo,872184,Tadeo Allende,4.0
2023,Celta Vigo,Celta de Vigo,282810,Carles Pérez,2.5
2023,Celta Vigo,Celta de Vigo,634427,Miguel Rodríguez,0.8
2023,Celta Vigo,Celta de Vigo,429983,Jørgen Strand Larsen,25.0
2023,Celta Vigo,Celta de Vigo,523318,Anastasios Douvikas,6.0
2023,Celta Vigo,Celta de Vigo,72047,Iago Aspas,3.0
2023,Celta Vigo,Celta de Vigo,181547,Gonçalo Paciência,1.5
2023,Granada,Granada CF,275218,Augusto Batalla,5.0
2023,Granada,Granada CF,290346,André Ferreira,0.8
2023,Granada,Granada CF,129374,Marc Martínez,0.3
2023,Granada,Granada CF,412042,Adri López,0.2
2023,Granada,Granada CF,54217,Raúl Fernández,0.2
2023,Granada,Granada CF,605528,Pol Tristán,0.1
2023,Granada,Granada CF,552912,Bruno Méndez,5.0
2023,Granada,Granada CF,631222,Raúl Torrente,3.0
2023,Granada,Granada CF,345449,Kamil Piątkowski,2.5
2023,Granada,Granada CF,583510,Miguel Rubio,1.5
2023,Granada,Granada CF,70245,Ignasi Miquel,1.2
2023,Granada,Granada CF,251896,Jesús Vallejo,1.0
2023,Granada,Granada CF,707276,Miki Bosch,0.1
2023,Granada,Granada CF,811778,Álvaro Carreras,7.0
2023,Granada,Granada CF,357072,Faitout Maouassa,4.0
2023,Granada,Granada CF,448844,Carlos Neva,2.5
2023,Granada,Granada CF,713649,Miguel Ángel Brau,0.15
2023,Granada,Granada CF,388545,Ricard Sánchez,2.5
2023,Granada,Granada CF,257388,Wilson Manafá,1.3
2023,Granada,Granada CF,58330,Víctor Díaz,0.4
2023,Granada,Granada CF,268670,Gerard Gumbau,3.0
2023,Granada,Granada CF,398808,Martin Hongla,2.5
2023,Granada,Granada CF,376588,Njegos Petrovic,2.5
2023,Granada,Granada CF,398163,Gonzalo Villar,3.0
2023,Granada,Granada CF,394694,Sergio Ruiz,2.0
2023,Granada,Granada CF,944124,Lass Sangaré,0.15
2023,Granada,Granada CF,448344,Óscar Melendo,2.0
2023,Granada,Granada CF,487688,Alberto Soro,0.7
2023,Granada,Granada CF,833340,Mario González,0.15
2023,Granada,Granada CF,713644,Bryan Zaragoza,12.0
2023,Granada,Granada CF,315289,Myrto Uzuni,8.0
2023,Granada,Granada CF,289167,Kamil Jóźwiak,2.0
2023,Granada,Granada CF,99559,Alberto Perea,0.45
2023,Granada,Granada CF,1064103,Sergio Rodelas,0.2
2023,Granada,Granada CF,676318,Facundo Pellistri,8.0
2023,Granada,Granada CF,262365,Antonio Puertas,2.0
2023,Granada,Granada CF,568535,Theo Corbeanu,1.5
2023,Granada,Granada CF,61253,José Callejón,0.8
2023,Granada,Granada CF,821820,Pablo Sáenz,0.15
2023,Granada,Granada CF,991268,Samu Aghehowa,35.0
2023,Granada,Granada CF,334222,Lucas Boyé,7.0
2023,Granada,Granada CF,611426,Matías Arezo,7.0
2023,Granada,Granada CF,247652,Shon Weissman,1.7
2023,Granada,Granada CF,237125,Famara Diédhiou,0.5
2023,Granada,Granada CF,1056096,Eghosa Bello,0.05
2023,Getafe,Getafe CF,226012,David Soria,5.0
2023,Getafe,Getafe CF,438682,Daniel Fuzato,0.9
2023,Getafe,Getafe CF,1135452,Jorge Benito,0.025
2023,Getafe,Getafe CF,577486,Gastón Álvarez,15.0
2023,Getafe,Getafe CF,353032,Omar Alderete,5.0
2023,Getafe,Getafe CF,221150,Dakonam Djené,2.5
2023,Getafe,Getafe CF,257376,Domingos Duarte,2.0
2023,Getafe,Getafe CF,143029,Stefan Mitrovic,1.3
2023,Getafe,Getafe CF,908621,Nabil Aberdin,0.1
2023,Getafe,Getafe CF,623025,Sergio Gimeno,0.05
2023,Getafe,Getafe CF,249513,Diego Rico,1.5
2023,Getafe,Getafe CF,268506,Fabrizio Angileri,1.0
2023,Getafe,Getafe CF,537763,Jordi Martín,0.6
2023,Getafe,Getafe CF,1000136,Gorka Rivera,0.1
2023,Getafe,Getafe CF,1158757,Alejandro Herranz,0.025
2023,Getafe,Getafe CF,711625,José Ángel Carmona,3.5
2023,Getafe,Getafe CF,390688,Juan Iglesias,2.5
2023,Getafe,Getafe CF,76746,Damián Suárez,0.65
2023,Getafe,Getafe CF,273152,Nemanja Maksimovic,6.0
2023,Getafe,Getafe CF,290249,Mauro Arambarri,5.0
2023,Getafe,Getafe CF,281989,Luis Milla,3.5
2023,Getafe,Getafe CF,284854,Carles Aleñá,3.0
2023,Getafe,Getafe CF,617074,Ilaix Moriba,3.0
2023,Getafe,Getafe CF,941869,Yellu Santiago,1.0
2023,Getafe,Getafe CF,841121,John Patrick,0.2
2023,Getafe,Getafe CF,737138,Facu Esnáider,0.1
2023,Getafe,Getafe CF,284884,Óscar Rodríguez,2.5
2023,Getafe,Getafe CF,732096,Santi García,0.2
2023,Getafe,Getafe CF,891091,Diego López,0.1
2023,Getafe,Getafe CF,1041934,Jeremy Jorge,0.2
2023,Getafe,Getafe CF,1184137,Yassin Tallal,0.05
2023,Getafe,Getafe CF,532826,Mason Greenwood,25.0
2023,Getafe,Getafe CF,99353,Portu,3.5
2023,Getafe,Getafe CF,251106,Enes Ünal,18.0
2023,Getafe,Getafe CF,298976,Borja Mayoral,15.0
2023,Getafe,Getafe CF,623521,Juanmi Latasa,2.8
2023,Getafe,Getafe CF,131275,Choco Lozano,1.2
2023,Getafe,Getafe CF,227961,Jaime Mata,0.9
2023,Alaves,Deportivo Alavés,298197,Antonio Sivera,6.0
2023,Alaves,Deportivo Alavés,631693,Jesús Owono,1.0
2023,Alaves,Deportivo Alavés,608382,Adrián Rodríguez,0.15
2023,Alaves,Deportivo Alavés,895316,Gaizka García,0.1
2023,Alaves,Deportivo Alavés,559979,Abdel Abqar,7.5
2023,Alaves,Deportivo Alavés,662261,Rafa Marín,7.5
2023,Alaves,Deportivo Alavés,177046,Rubén Duarte,3.0
2023,Alaves,Deportivo Alavés,258475,Nikola Maras,1.2
2023,Alaves,Deportivo Alavés,237499,Aleksandar Sedlar,0.4
2023,Alaves,Deportivo Alavés,1064403,Álvaro García,0.15
2023,Alaves,Deportivo Alavés,568158,Javi López,7.5
2023,Alaves,Deportivo Alavés,591957,Victor Parada,0.2
2023,Alaves,Deportivo Alavés,892217,Eneko Ortiz,0.15
2023,Alaves,Deportivo Alavés,289255,Andoni Gorosabel,5.0
2023,Alaves,Deportivo Alavés,533568,Nahuel Tenaglia,2.0
2023,Alaves,Deportivo Alavés,1064391,Egoitz Muñoz,0.2
2023,Alaves,Deportivo Alavés,718177,Joseda Álvarez,0.1
2023,Alaves,Deportivo Alavés,495621,Antonio Blanco,7.5
2023,Alaves,Deportivo Alavés,431190,Carlos Protesoni,1.5
2023,Alaves,Deportivo Alavés,646734,Tomás Mendes,0.2
2023,Alaves,Deportivo Alavés,465967,Ander Guevara,5.0
2023,Alaves,Deportivo Alavés,289257,Jon Guridi,4.0
2023,Alaves,Deportivo Alavés,1054931,Selu Diallo,0.2
2023,Alaves,Deportivo Alavés,282076,Ianis Hagi,2.0
2023,Alaves,Deportivo Alavés,1064402,Ander Sánchez,0.1
2023,Alaves,Deportivo Alavés,718034,Abde Rebbach,0.8
2023,Alaves,Deportivo Alavés,867611,José de León,0.2
2023,Alaves,Deportivo Alavés,434990,Álex Sola,4.0
2023,Alaves,Deportivo Alavés,278837,Luis Rioja,4.0
2023,Alaves,Deportivo Alavés,540536,Carlos Vicente,4.0
2023,Alaves,Deportivo Alavés,742201,Giuliano Simeone,3.0
2023,Alaves,Deportivo Alavés,572271,Xeber Alkain,1.5
2023,Alaves,Deportivo Alavés,718029,Unai Ropero,0.5
2023,Alaves,Deportivo Alavés,991268,Samu Aghehowa,35.0
2023,Alaves,Deportivo Alavés,480883,Miguel de la Fuente,2.5
2023,Alaves,Deportivo Alavés,711382,Jon Karrikaburu,2.5
2023,Alaves,Deportivo Alavés,166683,Mamadou Sylla,1.5
2023,Alaves,Deportivo Alavés,93936,Kike García,1.0
2023,Alaves,Deportivo Alavés,1064871,Joaquín Panichelli,0.3
2023,Alaves,Deportivo Alavés,550492,Giorgi Gagua,0.25
2023,Las Palmas,UD Las Palmas,417913,Álvaro Valles,12.0
2023,Las Palmas,UD Las Palmas,284430,Aarón Escandell,1.0
2023,Las Palmas,UD Las Palmas,617060,Mika Mármol,15.0
2023,Las Palmas,UD Las Palmas,588426,Saúl Coco,8.0
2023,Las Palmas,UD Las Palmas,510396,Álex Suárez,1.2
2023,Las Palmas,UD Las Palmas,1146029,Juanma Herzog,1.0
2023,Las Palmas,UD Las Palmas,390823,Eric Curbelo,0.8
2023,Las Palmas,UD Las Palmas,678406,Sergi Cardona,6.0
2023,Las Palmas,UD Las Palmas,215099,Daley Sinkgraven,1.0
2023,Las Palmas,UD Las Palmas,513970,Julián Araujo,8.0
2023,Las Palmas,UD Las Palmas,603940,Marvin Park,2.0
2023,Las Palmas,UD Las Palmas,230222,Álvaro Lemos,0.7
2023,Las Palmas,UD Las Palmas,668547,Máximo Perrone,9.0
2023,Las Palmas,UD Las Palmas,581781,Enzo Loiodice,4.0
2023,Las Palmas,UD Las Palmas,282421,Javi Muñoz,3.0
2023,Las Palmas,UD Las Palmas,120095,José Campaña,1.5
2023,Las Palmas,UD Las Palmas,203516,Nuke Mfulu,0.7
2023,Las Palmas,UD Las Palmas,531062,Fabio González,0.5
2023,Las Palmas,UD Las Palmas,566574,Kirian Rodríguez,12.0
2023,Las Palmas,UD Las Palmas,153238,Jonathan Viera,1.0
2023,Las Palmas,UD Las Palmas,733576,Alberto Moleiro,15.0
2023,Las Palmas,UD Las Palmas,282672,Benito Ramírez,0.6
2023,Las Palmas,UD Las Palmas,223725,Munir El Haddadi,2.5
2023,Las Palmas,UD Las Palmas,534379,Pejiño,1.2
2023,Las Palmas,UD Las Palmas,199369,Sandro Ramírez,1.5
2023,Las Palmas,UD Las Palmas,355689,Sory Kaba,1.5
2023,Las Palmas,UD Las Palmas,443222,Marc Cardona,1.4
2023,Las Palmas,UD Las Palmas,237617,Cristian Herrera,0.3
2023,Osasuna,CA Osasuna,248738,Sergio Herrera,6.0
2023,Osasuna,CA Osasuna,118997,Aitor Fernández,1.8
2023,Osasuna,CA Osasuna,634117,Pablo Valencia,0.2
2023,Osasuna,CA Osasuna,890817,Dimitrios Stamatakis,0.2
2023,Osasuna,CA Osasuna,298589,David García,10.0
2023,Osasuna,CA Osasuna,555500,Jorge Herrando,6.0
2023,Osasuna,CA Osasuna,449796,Alejandro Catena,4.0
2023,Osasuna,CA Osasuna,197122,Unai García,1.2
2023,Osasuna,CA Osasuna,717957,Jorge Moreno,0.5
2023,Osasuna,CA Osasuna,169497,Juan Cruz,2.2
2023,Osasuna,CA Osasuna,262939,Johan Mojica,2.2
2023,Osasuna,CA Osasuna,488626,Jesús Areso,7.5
2023,Osasuna,CA Osasuna,238868,Rubén Peña,2.2
2023,Osasuna,CA Osasuna,216870,Nacho Vidal,2.0
2023,Osasuna,CA Osasuna,1065442,Iñigo Arguibide,0.15
2023,Osasuna,CA Osasuna,710677,Iker Muñoz,5.0
2023,Osasuna,CA Osasuna,213670,Lucas Torró,4.0
2023,Osasuna,CA Osasuna,552425,Jon Moncayola,7.0
2023,Osasuna,CA Osasuna,785353,Pablo Ibáñez,2.5
2023,Osasuna,CA Osasuna,95641,Darko Brasanac,1.4
2023,Osasuna,CA Osasuna,1038512,Asier Osambela,0.5
2023,Osasuna,CA Osasuna,634131,Aimar Oroz,15.0
2023,Osasuna,CA Osasuna,175449,Moi Gómez,3.5
2023,Osasuna,CA Osasuna,471474,Javi Martínez,1.2
2023,Osasuna,CA Osasuna,634125,Xabi Huarte,0.2
2023,Osasuna,CA Osasuna,364603,José Manuel Arnáiz,2.0
2023,Osasuna,CA Osasuna,213260,Rubén García,2.5
2023,Osasuna,CA Osasuna,298575,Kike Barja,2.0
2023,Osasuna,CA Osasuna,46413,Ante Budimir,5.0
2023,Osasuna,CA Osasuna,631002,Raúl García,4.0
2023,Osasuna,CA Osasuna,167721,Chimy Ávila,3.0
2023,Osasuna,CA Osasuna,705808,Max Svensson,0.4
2023,Almeria,UD Almería,367464,Luís Maximiano,5.0
2023,Almeria,UD Almería,81997,Fernando Martínez,0.7
2023,Almeria,UD Almería,59349,Diego Mariño,0.3
2023,Almeria,UD Almería,222805,Srdjan Babic,4.0
2023,Almeria,UD Almería,844637,Marc Pubill,4.0
2023,Almeria,UD Almería,401624,Edgar González,3.0
2023,Almeria,UD Almería,387687,César Montes,3.0
2023,Almeria,UD Almería,743589,Kaiky,2.0
2023,Almeria,UD Almería,333361,Chumi,2.0
2023,Almeria,UD Almería,339501,Aleksandar Radovanovic,0.9
2023,Almeria,UD Almería,355627,Sergio Akieme,7.0
2023,Almeria,UD Almería,631472,Bruno Langa,1.5
2023,Almeria,UD Almería,423443,Álex Centelles,1.2
2023,Almeria,UD Almería,433257,Arvin Appiah,0.4
2023,Almeria,UD Almería,442552,Houboulang Mendes,0.7
2023,Almeria,UD Almería,649033,Dion Lopy,10.0
2023,Almeria,UD Almería,457221,Lucas Robertone,7.0
2023,Almeria,UD Almería,442805,Iddrisu Baba,2.2
2023,Almeria,UD Almería,162056,Gonzalo Melero,1.8
2023,Almeria,UD Almería,1064121,Marcos Peña,1.0
2023,Almeria,UD Almería,696506,Gui Guedes,0.9
2023,Almeria,UD Almería,630523,Martin Svidersky,0.3
2023,Almeria,UD Almería,537762,Sergio Arribas,10.0
2023,Almeria,UD Almería,153238,Jonathan Viera,1.0
2023,Almeria,UD Almería,518644,Largie Ramazani,5.0
2023,Almeria,UD Almería,769063,Luka Romero,5.0
2023,Almeria,UD Almería,341272,Álex Pozo,2.0
2023,Almeria,UD Almería,536030,Arnau Puigmal,1.8
2023,Almeria,UD Almería,288318,Adrián Embarba,1.8
2023,Almeria,UD Almería,221899,Léo Baptistão,1.5
2023,Almeria,UD Almería,424784,Luis Suárez,3.5
2023,Almeria,UD Almería,574772,Lázaro,3.5
2023,Almeria,UD Almería,490223,Ibrahima Koné,2.5
2023,Almeria,UD Almería,131275,Choco Lozano,1.2
2023,Almeria,UD Almería,845568,Marko Milovanović,0.9
2023,Almeria,UD Almería,1013774,Marciano Sanca,0.8
2023,Mallorca,RCD Mallorca,190263,Predrag Rajković,10.0
2023,Mallorca,RCD Mallorca,316884,Dominik Greif,2.5
2023,Mallorca,RCD Mallorca,27493,Iván Cuéllar,0.1
2023,Mallorca,RCD Mallorca,632913,Pere García,0.05
2023,Mallorca,RCD Mallorca,277384,Martin Valjent,6.0
2023,Mallorca,RCD Mallorca,520840,José Copete,2.8
2023,Mallorca,RCD Mallorca,400131,Siebe Van der Heyden,2.0
2023,Mallorca,RCD Mallorca,278296,Antonio Raíllo,2.0
2023,Mallorca,RCD Mallorca,143559,Matija Nastasić,1.5
2023,Mallorca,RCD Mallorca,947431,David López,0.1
2023,Mallorca,RCD Mallorca,320271,Toni Lato,3.5
2023,Mallorca,RCD Mallorca,65318,Jaume Costa,0.9
2023,Mallorca,RCD Mallorca,947432,Marcos Fernández,0.05
2023,Mallorca,RCD Mallorca,251876,Pablo Maffeo,5.0
2023,Mallorca,RCD Mallorca,339699,Giovanni González,3.0
2023,Mallorca,RCD Mallorca,216870,Nacho Vidal,2.0
2023,Mallorca,RCD Mallorca,657430,Samú Costa,10.0
2023,Mallorca,RCD Mallorca,142031,Omar Mascarell,1.0
2023,Mallorca,RCD Mallorca,142021,Sergi Darder,6.0
2023,Mallorca,RCD Mallorca,335225,Manu Morlanes,2.5
2023,Mallorca,RCD Mallorca,513031,Antonio Sánchez,2.5
2023,Mallorca,RCD Mallorca,1056655,Rubén Quintanilla,0.05
2023,Mallorca,RCD Mallorca,139435,Dani Rodríguez,1.0
2023,Mallorca,RCD Mallorca,245078,Nemanja Radonjic,2.8
2023,Mallorca,RCD Mallorca,706138,Javi Llabrés,0.7
2023,Mallorca,RCD Mallorca,339820,Amath Ndiaye,1.5
2023,Mallorca,RCD Mallorca,857830,Daniel Luna,0.3
2023,Mallorca,RCD Mallorca,632498,Miguelito,0.05
2023,Mallorca,RCD Mallorca,256267,Vedat Muriqi,12.0
2023,Mallorca,RCD Mallorca,343463,Cyle Larin,4.0
2023,Mallorca,RCD Mallorca,177452,Abdón Prats,1.8
2023,Rayo Vallecano,Rayo Vallecano,165467,Stole Dimitrievski,4.0
2023,Rayo Vallecano,Rayo Vallecano,397676,Dani Cárdenas,1.8
2023,Rayo Vallecano,Rayo Vallecano,607780,Miguel Ángel Morro,0.6
2023,Rayo Vallecano,Rayo Vallecano,127108,Florian Lejeune,3.0
2023,Rayo Vallecano,Rayo Vallecano,451801,Abdul Mumin,2.5
2023,Rayo Vallecano,Rayo Vallecano,82503,Aridane Hernández,0.8
2023,Rayo Vallecano,Rayo Vallecano,717957,Jorge Moreno,0.5
2023,Rayo Vallecano,Rayo Vallecano,638588,Martín Pascual,0.3
2023,Rayo Vallecano,Rayo Vallecano,311044,Alfonso Espino,2.4
2023,Rayo Vallecano,Rayo Vallecano,596122,Pep Chavarría,2.0
2023,Rayo Vallecano,Rayo Vallecano,85295,Iván Balliu,2.0
2023,Rayo Vallecano,Rayo Vallecano,527966,Andrei Rațiu,1.4
2023,Rayo Vallecano,Rayo Vallecano,498529,Miguel Crespo,4.0
2023,Rayo Vallecano,Rayo Vallecano,517753,Óscar Valentín,4.0
2023,Rayo Vallecano,Rayo Vallecano,527698,Kike Pérez,3.0
2023,Rayo Vallecano,Rayo Vallecano,192009,Unai López,3.0
2023,Rayo Vallecano,Rayo Vallecano,525578,Pathé Ciss,2.5
2023,Rayo Vallecano,Rayo Vallecano,560483,Randy Nteka,1.5
2023,Rayo Vallecano,Rayo Vallecano,195605,José Pozo,1.0
2023,Rayo Vallecano,Rayo Vallecano,30321,Óscar Trejo,1.0
2023,Rayo Vallecano,Rayo Vallecano,257062,Álvaro García,3.0
2023,Rayo Vallecano,Rayo Vallecano,153427,Bebé,0.6
2023,Rayo Vallecano,Rayo Vallecano,1045767,Pablo Muñoz,0.05
2023,Rayo Vallecano,Rayo Vallecano,455181,Jorge de Frutos,4.0
2023,Rayo Vallecano,Rayo Vallecano,246204,Salvi Sánchez,1.2
2023,Rayo Vallecano,Rayo Vallecano,362086,Isi Palazón,8.0
2023,Rayo Vallecano,Rayo Vallecano,505674,Sergio Camello,3.0
2023,Rayo Vallecano,Rayo Vallecano,162038,Raúl de Tomás,2.0
2023,Rayo Vallecano,Rayo Vallecano,39152,Radamel Falcao,0.8
2023,Cadiz,Cádiz CF,284342,Conan Ledesma,5.0
2023,Cadiz,Cádiz CF,162027,David Gil,0.7
2023,Cadiz,Cádiz CF,706797,Victor Aznar,0.1
2023,Cadiz,Cádiz CF,930096,Nando Almodóvar,0.05
2023,Cadiz,Cádiz CF,252667,Fali,2.0
2023,Cadiz,Cádiz CF,495625,Víctor Chust,2.0
2023,Cadiz,Cádiz CF,585068,Aiham Ousou,1.8
2023,Cadiz,Cádiz CF,286779,Jorge Meré,1.0
2023,Cadiz,Cádiz CF,62945,Luis Hernández,0.5
2023,Cadiz,Cádiz CF,490421,Momo Mbaye,0.4
2023,Cadiz,Cádiz CF,1178748,Álex Morata,0.15
2023,Cadiz,Cádiz CF,834737,Adri Miranda,0.1
2023,Cadiz,Cádiz CF,946276,Adrián Salguero,0.1
2023,Cadiz,Cádiz CF,422466,Javi Hernández,2.5
2023,Cadiz,Cádiz CF,927768,Lucas Pires,2.0
2023,Cadiz,Cádiz CF,1032447,Julio Cabrera,0.15
2023,Cadiz,Cádiz CF,281755,Iván Alejo,1.5
2023,Cadiz,Cádiz CF,254037,Iza Carcelén,1.5
2023,Cadiz,Cádiz CF,197135,Joseba Zaldua,0.9
2023,Cadiz,Cádiz CF,315604,Diadié Samassékou,2.0
2023,Cadiz,Cádiz CF,225462,José Mari,0.2
2023,Cadiz,Cádiz CF,277635,Rominigue Kouamé,2.0
2023,Cadiz,Cádiz CF,247250,Rubén Alcaraz,1.5
2023,Cadiz,Cádiz CF,89733,Álex Fernández,1.5
2023,Cadiz,Cádiz CF,266795,Gonzalo Escalante,1.5
2023,Cadiz,Cádiz CF,307519,Fede San Emeterio,1.5
2023,Cadiz,Cádiz CF,882772,Álvaro Bastida,0.3
2023,Cadiz,Cádiz CF,278404,Martín Calderón,0.2
2023,Cadiz,Cádiz CF,979235,Moussa Diakité,0.15
2023,Cadiz,Cádiz CF,126737,Juanmi,6.0
2023,Cadiz,Cádiz CF,211251,Darwin Machís,2.0
2023,Cadiz,Cádiz CF,598765,Brian Ocampo,0.9
2023,Cadiz,Cádiz CF,563137,Robert Navarro,6.0
2023,Cadiz,Cádiz CF,1027993,José Antonio de la Rosa,0.3
2023,Cadiz,Cádiz CF,1054922,Nico Njalla,0.15
2023,Cadiz,Cádiz CF,538810,Chris Ramos,4.0
2023,Cadiz,Cádiz CF,542819,Milutin Osmajic,2.0
2023,Cadiz,Cádiz CF,396894,Maxi Gómez,2.0
2023,Cadiz,Cádiz CF,85383,Rubén Sobrino,1.4
2023,Cadiz,Cádiz CF,212391,Roger Martí,1.2
2023,Cadiz,Cádiz CF,256429,Sergi Guardiola,0.8
2023,Cadiz,Cádiz CF,1038950,Karl Etta Eyong,0.3
2023,Cadiz,Cádiz CF,18644,Álvaro Negredo,0.3
2023,Cadiz,Cádiz CF,1230202,Borja Vázquez,0.05
2024,Real Madrid,Real Madrid,108390,Thibaut Courtois,20.0
2024,Real Madrid,Real Madrid,404839,Andriy Lunin,18.0
2024,Real Madrid,Real Madrid,1055220,Fran González,0.4
2024,Real Madrid,Real Madrid,890290,Dean Huijsen,60.0
2024,Real Madrid,Real Madrid,935245,Raúl Asencio,40.0
2024,Real Madrid,Real Madrid,401530,Éder Militão,30.0
2024,Real Madrid,Real Madrid,86202,Antonio Rüdiger,20.0
2024,Real Madrid,Real Madrid,59016,David Alaba,6.0
2024,Real Madrid,Real Madrid,251896,Jesús Vallejo,1.0
2024,Real Madrid,Real Madrid,341264,Fran García,18.0
2024,Real Madrid,Real Madrid,291417,Ferland Mendy,14.0
2024,Real Madrid,Real Madrid,314353,Trent Alexander-Arnold,75.0
2024,Real Madrid,Real Madrid,138927,Daniel Carvajal,8.0
2024,Real Madrid,Real Madrid,221316,Lucas Vázquez,3.0
2024,Real Madrid,Real Madrid,935281,David Jiménez,0.4
2024,Real Madrid,Real Madrid,413112,Aurélien Tchouaméni,75.0
2024,Real Madrid,Real Madrid,948273,Mario Martín,1.5
2024,Real Madrid,Real Madrid,369081,Federico Valverde,130.0
2024,Real Madrid,Real Madrid,640428,Eduardo Camavinga,60.0
2024,Real Madrid,Real Madrid,319745,Dani Ceballos,10.0
2024,Real Madrid,Real Madrid,27992,Luka Modrić,4.0
2024,Real Madrid,Real Madrid,581678,Jude Bellingham,180.0
2024,Real Madrid,Real Madrid,861410,Arda Güler,45.0
2024,Real Madrid,Real Madrid,371998,Vinicius Junior,170.0
2024,Real Madrid,Real Madrid,412363,Rodrygo,90.0
2024,Real Madrid,Real Madrid,314678,Brahim Díaz,40.0
2024,Real Madrid,Real Madrid,342229,Kylian Mbappé,180.0
2024,Real Madrid,Real Madrid,971570,Endrick,35.0
2024,Real Madrid,Real Madrid,935230,Gonzalo García,8.0
2024,Barcelona,FC Barcelona,74857,Marc-André ter Stegen,12.0
2024,Barcelona,FC Barcelona,283170,Iñaki Peña,8.0
2024,Barcelona,FC Barcelona,44058,Wojciech Szczesny,1.0
2024,Barcelona,FC Barcelona,938145,Áron Yaakobishvili,0.3
2024,Barcelona,FC Barcelona,962110,Pau Cubarsí,80.0
2024,Barcelona,FC Barcelona,480267,Ronald Araujo,35.0
2024,Barcelona,FC Barcelona,466794,Eric García,18.0
2024,Barcelona,FC Barcelona,196948,Andreas Christensen,12.0
2024,Barcelona,FC Barcelona,705395,Gerard Martín,12.0
2024,Barcelona,FC Barcelona,158863,Iñigo Martínez,5.0
2024,Barcelona,FC Barcelona,924610,Álvaro Cortés,0.15
2024,Barcelona,FC Barcelona,636688,Alejandro Balde,60.0
2024,Barcelona,FC Barcelona,411975,Jules Koundé,65.0
2024,Barcelona,FC Barcelona,937955,Héctor Fort,10.0
2024,Barcelona,FC Barcelona,636695,Marc Casadó,30.0
2024,Barcelona,FC Barcelona,1018920,Marc Bernal,5.0
2024,Barcelona,FC Barcelona,683840,Pedri,140.0
2024,Barcelona,FC Barcelona,646740,Gavi,60.0
2024,Barcelona,FC Barcelona,326330,Frenkie de Jong,45.0
2024,Barcelona,FC Barcelona,293385,Dani Olmo,60.0
2024,Barcelona,FC Barcelona,636703,Fermín López,50.0
2024,Barcelona,FC Barcelona,720038,Pablo Torre,6.0
2024,Barcelona,FC Barcelona,1066206,Toni Fernández,3.0
2024,Barcelona,FC Barcelona,411295,Raphinha,90.0
2024,Barcelona,FC Barcelona,466810,Ansu Fati,5.0
2024,Barcelona,FC Barcelona,937958,Lamine Yamal,200.0
2024,Barcelona,FC Barcelona,398184,Ferran Torres,40.0
2024,Barcelona,FC Barcelona,38253,Robert Lewandowski,12.0
2024,Barcelona,FC Barcelona,707572,Pau Víctor,4.0
2024,Atletico Madrid,Atlético de Madrid,121483,Jan Oblak,20.0
2024,Atletico Madrid,Atlético de Madrid,242359,Juan Musso,3.5
2024,Atletico Madrid,Atlético de Madrid,525438,Horațiu Moldovan,2.2
2024,Atletico Madrid,Atlético de Madrid,351809,Robin Le Normand,40.0
2024,Atletico Madrid,Atlético de Madrid,250845,José María Giménez,20.0
2024,Atletico Madrid,Atlético de Madrid,182904,Clément Lenglet,7.5
2024,Atletico Madrid,Atlético de Madrid,57500,César Azpilicueta,1.5
2024,Atletico Madrid,Atlético de Madrid,240692,Reinildo Mandava,5.0
2024,Atletico Madrid,Atlético de Madrid,448628,Javi Galán,4.0
2024,Atletico Madrid,Atlético de Madrid,282411,Marcos Llorente,25.0
2024,Atletico Madrid,Atlético de Madrid,424042,Nahuel Molina,20.0
2024,Atletico Madrid,Atlético de Madrid,953901,Santiago Mouriño,3.0
2024,Atletico Madrid,Atlético de Madrid,926694,Arthur Vermeeren,22.0
2024,Atletico Madrid,Atlético de Madrid,35047,Axel Witsel,2.0
2024,Atletico Madrid,Atlético de Madrid,775605,Pablo Barrios,55.0
2024,Atletico Madrid,Atlético de Madrid,488362,Conor Gallagher,40.0
2024,Atletico Madrid,Atlético de Madrid,255901,Rodrigo De Paul,25.0
2024,Atletico Madrid,Atlético de Madrid,74229,Koke,8.0
2024,Atletico Madrid,Atlético de Madrid,205562,Thomas Lemar,5.0
2024,Atletico Madrid,Atlético de Madrid,694928,Samuel Lino,22.0
2024,Atletico Madrid,Atlético de Madrid,461617,Rodrigo Riquelme,12.0
2024,Atletico Madrid,Atlético de Madrid,618813,Carlos Martín,2.8
2024,Atletico Madrid,Atlético de Madrid,548188,Germán Valera,1.5
2024,Atletico Madrid,Atlético de Madrid,612496,Marcos Paulo,0.45
2024,Atletico Madrid,Atlético de Madrid,742201,Giuliano Simeone,35.0
2024,Atletico Madrid,Atlético de Madrid,505673,Víctor Mollejo,0.3
2024,Atletico Madrid,Atlético de Madrid,125781,Antoine Griezmann,18.0
2024,Atletico Madrid,Atlético de Madrid,266807,Ángel Correa,10.0
2024,Atletico Madrid,Atlético de Madrid,576024,Julián Alvarez,100.0
2024,Atletico Madrid,Atlético de Madrid,238407,Alexander Sørloth,25.0
2024,Atletico Madrid,Atlético de Madrid,566036,Borja Garcés,0.3
2024,Athletic Club,Athletic Bilbao,262396,Unai Simón,28.0
2024,Athletic Club,Athletic Bilbao,625014,Julen Agirrezabala,15.0
2024,Athletic Club,Athletic Bilbao,834483,Álex Padilla,3.0
2024,Athletic Club,Athletic Bilbao,524000,Dani Vivian,40.0
2024,Athletic Club,Athletic Bilbao,591916,Aitor Paredes,22.0
2024,Athletic Club,Athletic Bilbao,255488,Yeray Álvarez,7.0
2024,Athletic Club,Athletic Bilbao,338285,Unai Núñez,3.0
2024,Athletic Club,Athletic Bilbao,834485,Unai Egiluz,0.6
2024,Athletic Club,Athletic Bilbao,710671,Adama Boiro,2.5
2024,Athletic Club,Athletic Bilbao,61812,Yuri Berchiche,1.4
2024,Athletic Club,Athletic Bilbao,289255,Andoni Gorosabel,5.0
2024,Athletic Club,Athletic Bilbao,255501,Iñigo Lekue,2.0
2024,Athletic Club,Athletic Bilbao,96718,Óscar de Marcos,1.5
2024,Athletic Club,Athletic Bilbao,300168,Mikel Vesga,2.5
2024,Athletic Club,Athletic Bilbao,938729,Mikel Jauregizar,30.0
2024,Athletic Club,Athletic Bilbao,625047,Beñat Prados,18.0
2024,Athletic Club,Athletic Bilbao,126751,Iñigo Ruiz de Galarreta,3.0
2024,Athletic Club,Athletic Bilbao,834491,Alejandro Rego,0.3
2024,Athletic Club,Athletic Bilbao,571020,Oihan Sancet,60.0
2024,Athletic Club,Athletic Bilbao,834752,Unai Gómez,6.0
2024,Athletic Club,Athletic Bilbao,1056966,Peio Canales,1.0
2024,Athletic Club,Athletic Bilbao,709187,Nico Williams,70.0
2024,Athletic Club,Athletic Bilbao,338425,Álex Berenguer,9.0
2024,Athletic Club,Athletic Bilbao,671649,Álvaro Djaló,5.0
2024,Athletic Club,Athletic Bilbao,668183,Nico Serrano,1.2
2024,Athletic Club,Athletic Bilbao,255508,Iñaki Williams,15.0
2024,Athletic Club,Athletic Bilbao,1054934,Maroan Sannadi,10.0
2024,Athletic Club,Athletic Bilbao,340205,Gorka Guruzeta,9.0
2024,Real Sociedad,Real Sociedad,212862,Álex Remiro,18.0
2024,Real Sociedad,Real Sociedad,625657,Unai Marrero,0.6
2024,Real Sociedad,Real Sociedad,361914,Nayef Aguerd,18.0
2024,Real Sociedad,Real Sociedad,355628,Igor Zubeldia,12.0
2024,Real Sociedad,Real Sociedad,1018938,Jon Martín,8.0
2024,Real Sociedad,Real Sociedad,580560,Jon Pacheco,6.0
2024,Real Sociedad,Real Sociedad,229804,Aritz Elustondo,3.0
2024,Real Sociedad,Real Sociedad,366930,Sergio Gómez,20.0
2024,Real Sociedad,Real Sociedad,568158,Javi López,7.5
2024,Real Sociedad,Real Sociedad,517842,Aihen Muñoz,4.0
2024,Real Sociedad,Real Sociedad,661145,Jon Aramburu,15.0
2024,Real Sociedad,Real Sociedad,297070,Hamari Traoré,2.0
2024,Real Sociedad,Real Sociedad,280730,Álvaro Odriozola,1.0
2024,Real Sociedad,Real Sociedad,1055860,Iñaki Rupérez,0.3
2024,Real Sociedad,Real Sociedad,423440,Martín Zubimendi,60.0
2024,Real Sociedad,Real Sociedad,502722,Luka Sucic,15.0
2024,Real Sociedad,Real Sociedad,634431,Beñat Turrientes,10.0
2024,Real Sociedad,Real Sociedad,625660,Jon Ander Olasagasti,4.0
2024,Real Sociedad,Real Sociedad,309110,Brais Méndez,22.0
2024,Real Sociedad,Real Sociedad,555143,Arsen Zakharyan,9.0
2024,Real Sociedad,Real Sociedad,907813,Pablo Marín,8.0
2024,Real Sociedad,Real Sociedad,709215,Mikel Goti,0.4
2024,Real Sociedad,Real Sociedad,616369,Ander Barrenetxea,15.0
2024,Real Sociedad,Real Sociedad,188888,Sheraldo Becker,2.5
2024,Real Sociedad,Real Sociedad,962145,Arkaitz Mariezkurrena,0.7
2024,Real Sociedad,Real Sociedad,405398,Takefusa Kubo,30.0
2024,Real Sociedad,Real Sociedad,351478,Mikel Oyarzabal,25.0
2024,Real Sociedad,Real Sociedad,660438,Orri Óskarsson,15.0
2024,Villarreal,Villarreal CF,712107,Luiz Júnior,10.0
2024,Villarreal,Villarreal CF,341713,Diego Conde,7.5
2024,Villarreal,Villarreal CF,484988,Logan Costa,18.0
2024,Villarreal,Villarreal CF,480763,Juan Foyth,15.0
2024,Villarreal,Villarreal CF,780630,Willy Kambwala,4.0
2024,Villarreal,Villarreal CF,1061336,Pau Navarro,3.0
2024,Villarreal,Villarreal CF,286384,Eric Bailly,2.0
2024,Villarreal,Villarreal CF,15452,Raúl Albiol,1.0
2024,Villarreal,Villarreal CF,678406,Sergi Cardona,10.0
2024,Villarreal,Villarreal CF,356197,Alfonso Pedraza,2.5
2024,Villarreal,Villarreal CF,76467,Kiko Femenía,0.9
2024,Villarreal,Villarreal CF,485963,Pape Gueye,15.0
2024,Villarreal,Villarreal CF,380598,Santi Comesaña,8.0
2024,Villarreal,Villarreal CF,59561,Dani Parejo,1.5
2024,Villarreal,Villarreal CF,165007,Denis Suárez,1.2
2024,Villarreal,Villarreal CF,548111,Álex Baena,55.0
2024,Villarreal,Villarreal CF,568157,Yéremy Pino,30.0
2024,Villarreal,Villarreal CF,709969,Ilias Akhomach,15.0
2024,Villarreal,Villarreal CF,638793,Tajon Buchanan,6.0
2024,Villarreal,Villarreal CF,343052,Nicolas Pépé,6.0
2024,Villarreal,Villarreal CF,937941,Thierno Barry,20.0
2024,Villarreal,Villarreal CF,246968,Ayoze Pérez,10.0
2024,Villarreal,Villarreal CF,177467,Gerard Moreno,4.0
2024,Real Betis,Real Betis Balompié,551182,Fran Vieites,2.0
2024,Real Betis,Real Betis Balompié,71271,Adrián San Miguel,0.5
2024,Real Betis,Real Betis Balompié,735568,Natan,9.0
2024,Real Betis,Real Betis Balompié,246291,Diego Llorente,6.0
2024,Real Betis,Real Betis Balompié,99922,Marc Bartra,1.0
2024,Real Betis,Real Betis Balompié,318523,Romain Perraud,5.0
2024,Real Betis,Real Betis Balompié,86784,Ricardo Rodríguez,2.0
2024,Real Betis,Real Betis Balompié,933908,Ángel Ortiz,2.5
2024,Real Betis,Real Betis Balompié,191217,Héctor Bellerín,2.0
2024,Real Betis,Real Betis Balompié,135492,Youssouf Sabaly,1.8
2024,Real Betis,Real Betis Balompié,336869,Marc Roca,6.0
2024,Real Betis,Real Betis Balompié,100131,William Carvalho,1.5
2024,Real Betis,Real Betis Balompié,689505,Johnny Cardoso,25.0
2024,Real Betis,Real Betis Balompié,466801,Sergi Altimira,15.0
2024,Real Betis,Real Betis Balompié,357885,Pablo Fornals,6.0
2024,Real Betis,Real Betis Balompié,1061283,Mateo Flores,1.0
2024,Real Betis,Real Betis Balompié,348795,Giovani Lo Celso,15.0
2024,Real Betis,Real Betis Balompié,85288,Isco,6.0
2024,Real Betis,Real Betis Balompié,1190411,Jesús Rodríguez,30.0
2024,Real Betis,Real Betis Balompié,724520,Abde Ezzalzouli,12.0
2024,Real Betis,Real Betis Balompié,602105,Antony,35.0
2024,Real Betis,Real Betis Balompié,961087,Pablo García,5.0
2024,Real Betis,Real Betis Balompié,378139,Aitor Ruibal,3.5
2024,Real Betis,Real Betis Balompié,632741,Iker Losada,1.5
2024,Real Betis,Real Betis Balompié,459463,Cucho Hernández,18.0
2024,Real Betis,Real Betis Balompié,167721,Chimy Ávila,2.0
2024,Real Betis,Real Betis Balompié,127048,Cédric Bakambu,1.5
2024,Valencia,Valencia CF,502676,Giorgi Mamardashvili,30.0
2024,Valencia,Valencia CF,165467,Stole Dimitrievski,2.5
2024,Valencia,Valencia CF,227805,Jaume Doménech,0.4
2024,Valencia,Valencia CF,646750,Cristhian Mosquera,30.0
2024,Valencia,Valencia CF,707274,César Tárrega,10.0
2024,Valencia,Valencia CF,895334,Yarek Gasiorowski,7.5
2024,Valencia,Valencia CF,346289,Mouctar Diakhaby,2.0
2024,Valencia,Valencia CF,834463,Iker Córdoba,0.1
2024,Valencia,Valencia CF,221322,José Gayà,9.0
2024,Valencia,Valencia CF,623024,Jesús Vázquez,3.0
2024,Valencia,Valencia CF,471690,Max Aarons,6.0
2024,Valencia,Valencia CF,367466,Thierry Correia,3.0
2024,Valencia,Valencia CF,170472,Dimitri Foulquier,1.5
2024,Valencia,Valencia CF,671915,Enzo Barrenechea,10.0
2024,Valencia,Valencia CF,328480,Pepelu,9.0
2024,Valencia,Valencia CF,495629,Hugo Guillamón,2.5
2024,Valencia,Valencia CF,834764,Javi Guerra,25.0
2024,Valencia,Valencia CF,375382,André Almeida,10.0
2024,Valencia,Valencia CF,610335,Iván Jaime,5.0
2024,Valencia,Valencia CF,251845,Sergi Canós,1.0
2024,Valencia,Valencia CF,941883,Martín Tejón,0.5
2024,Valencia,Valencia CF,617081,Diego López,15.0
2024,Valencia,Valencia CF,622988,Fran Pérez,3.0
2024,Valencia,Valencia CF,278837,Luis Rioja,2.0
2024,Valencia,Valencia CF,573775,Hugo Duro,14.0
2024,Valencia,Valencia CF,337715,Umar Sadiq,5.0
2024,Valencia,Valencia CF,634105,Alberto Marí,1.0
2024,Valencia,Valencia CF,361254,Rafa Mir,0.8
2024,Sevilla,Sevilla FC,453704,Álvaro Ferllo,2.0
2024,Sevilla,Sevilla FC,73517,Ørjan Nyland,0.9
2024,Sevilla,Sevilla FC,730581,Loïc Badé,25.0
2024,Sevilla,Sevilla FC,766583,Kike Salas,8.0
2024,Sevilla,Sevilla FC,439022,Marcão,2.0
2024,Sevilla,Sevilla FC,538996,Tanguy Nianzou,1.5
2024,Sevilla,Sevilla FC,882710,Ramón Martínez,1.0
2024,Sevilla,Sevilla FC,719999,Andrés Castrín,0.25
2024,Sevilla,Sevilla FC,501418,Adrià Pedrosa,7.0
2024,Sevilla,Sevilla FC,1032280,Oso,0.2
2024,Sevilla,Sevilla FC,711625,José Ángel Carmona,12.0
2024,Sevilla,Sevilla FC,676042,Juanlu Sánchez,12.0
2024,Sevilla,Sevilla FC,569384,Lucien Agoumé,8.0
2024,Sevilla,Sevilla FC,74294,Nemanja Gudelj,3.0
2024,Sevilla,Sevilla FC,381967,Albert Sambi Lokonga,8.0
2024,Sevilla,Sevilla FC,212723,Djibril Sow,7.5
2024,Sevilla,Sevilla FC,148928,Saúl Ñíguez,3.0
2024,Sevilla,Sevilla FC,766723,Manu Bueno,1.5
2024,Sevilla,Sevilla FC,743387,Stanis Idumbo,2.5
2024,Sevilla,Sevilla FC,345886,Rubén Vargas,7.0
2024,Sevilla,Sevilla FC,500067,Chidera Ejuke,4.0
2024,Sevilla,Sevilla FC,303259,Dodi Lukébakio,20.0
2024,Sevilla,Sevilla FC,111961,Suso,1.5
2024,Sevilla,Sevilla FC,639733,Peque Fernández,3.5
2024,Sevilla,Sevilla FC,687609,Isaac Romero,6.0
2024,Sevilla,Sevilla FC,607034,Akor Adams,5.0
2024,Sevilla,Sevilla FC,1305792,Álvaro García Pascual,1.0
2024,Girona,Girona FC,195488,Paulo Gazzaniga,2.5
2024,Girona,Girona FC,1169436,Vladyslav Krapyvtsov,0.2
2024,Girona,Girona FC,120705,Juan Carlos,0.1
2024,Girona,Girona FC,345911,Ladislav Krejci,12.0
2024,Girona,Girona FC,632896,Alejandro Francés,2.0
2024,Girona,Girona FC,12282,Daley Blind,1.5
2024,Girona,Girona FC,129444,David López,1.0
2024,Girona,Girona FC,115333,Juanpe,0.6
2024,Girona,Girona FC,525299,Miguel Gutiérrez,20.0
2024,Girona,Girona FC,826224,Arnau Martínez,10.0
2024,Girona,Girona FC,66100,Oriol Romeu,1.2
2024,Girona,Girona FC,378293,Yangel Herrera,15.0
2024,Girona,Girona FC,341278,Iván Martín,6.0
2024,Girona,Girona FC,288255,Donny van de Beek,5.0
2024,Girona,Girona FC,362842,Arthur Melo,5.0
2024,Girona,Girona FC,742521,Jhon Solís,2.5
2024,Girona,Girona FC,646698,Gabriel Misehouy,1.0
2024,Girona,Girona FC,537382,Bryan Gil,15.0
2024,Girona,Girona FC,355861,Arnaut Danjuma,4.0
2024,Girona,Girona FC,1108203,Min-su Kim,0.3
2024,Girona,Girona FC,264372,Viktor Tsygankov,18.0
2024,Girona,Girona FC,857818,Yáser Asprilla,15.0
2024,Girona,Girona FC,99353,Portu,1.8
2024,Girona,Girona FC,340376,Abel Ruiz,4.0
2024,Girona,Girona FC,476219,Bojan Miovski,2.5
2024,Girona,Girona FC,59323,Cristhian Stuani,1.0
2024,RCD Espanyol Barcelona,RCD Espanyol Barcelona,561613,Joan García,25.0
2024,RCD Espanyol Barcelona,RCD Espanyol Barcelona,172015,Fernando Pacheco,0.8
2024,RCD Espanyol Barcelona,RCD Espanyol Barcelona,628487,Ángel Fortuño,0.3
2024,RCD Espanyol Barcelona,RCD Espanyol Barcelona,371371,Marash Kumbulla,7.5
2024,RCD Espanyol Barcelona,RCD Espanyol Barcelona,357884,Fernando Calero,1.5
2024,RCD Espanyol Barcelona,RCD Espanyol Barcelona,102423,Leandro Cabrera,1.0
2024,RCD Espanyol Barcelona,RCD Espanyol Barcelona,92947,Sergi Gómez,0.6
2024,RCD Espanyol Barcelona,RCD Espanyol Barcelona,629511,Pablo Ramón,0.1
2024,RCD Espanyol Barcelona,RCD Espanyol Barcelona,709372,Carlos Romero,5.0
2024,RCD Espanyol Barcelona,RCD Espanyol Barcelona,166677,Brian Oliván,1.8
2024,RCD Espanyol Barcelona,RCD Espanyol Barcelona,1204959,Roger Hinojo,0.05
2024,RCD Espanyol Barcelona,RCD Espanyol Barcelona,822331,Omar El Hilali,15.0
2024,RCD Espanyol Barcelona,RCD Espanyol Barcelona,290273,Álvaro Tejero,1.8
2024,RCD Espanyol Barcelona,RCD Espanyol Barcelona,625651,Urko González de Zárate,5.0
2024,RCD Espanyol Barcelona,RCD Espanyol Barcelona,337333,Alex Král,6.0
2024,RCD Espanyol Barcelona,RCD Espanyol Barcelona,412045,Pol Lozano,5.0
2024,RCD Espanyol Barcelona,RCD Espanyol Barcelona,506248,Edu Expósito,3.0
2024,RCD Espanyol Barcelona,RCD Espanyol Barcelona,557147,José Gragera,2.0
2024,RCD Espanyol Barcelona,RCD Espanyol Barcelona,449496,Álvaro Aguado,1.8
2024,RCD Espanyol Barcelona,RCD Espanyol Barcelona,904712,Justin Smith,0.3
2024,RCD Espanyol Barcelona,RCD Espanyol Barcelona,1178721,Rafel Bauzà,0.2
2024,RCD Espanyol Barcelona,RCD Espanyol Barcelona,408471,Javi Puado,10.0
2024,RCD Espanyol Barcelona,RCD Espanyol Barcelona,225593,Pere Milla,1.2
2024,RCD Espanyol Barcelona,RCD Espanyol Barcelona,628498,Jofre Carreras,3.0
2024,RCD Espanyol Barcelona,RCD Espanyol Barcelona,834744,Antoniu Roca,1.8
2024,RCD Espanyol Barcelona,RCD Espanyol Barcelona,720518,Roberto Fernández,6.0
2024,RCD Espanyol Barcelona,RCD Espanyol Barcelona,888493,Alejo Veliz,2.5
2024,RCD Espanyol Barcelona,RCD Espanyol Barcelona,521407,Walid Cheddira,2.5
2024,RCD Espanyol Barcelona,RCD Espanyol Barcelona,869458,Omar Sadik,0.5
2024,Celta Vigo,Celta de Vigo,297194,Iván Villar,0.9
2024,Celta Vigo,Celta de Vigo,64399,Vicente Guaita,0.7
2024,Celta Vigo,Celta de Vigo,1076815,Javi Rodríguez,15.0
2024,Celta Vigo,Celta de Vigo,258987,Carl Starfelt,6.0
2024,Celta Vigo,Celta de Vigo,636093,Carlos Domínguez,3.0
2024,Celta Vigo,Celta de Vigo,112515,Marcos Alonso,1.5
2024,Celta Vigo,Celta de Vigo,939374,Yoel Lago,1.0
2024,Celta Vigo,Celta de Vigo,271455,Mihailo Ristic,0.9
2024,Celta Vigo,Celta de Vigo,331505,Óscar Mingueza,20.0
2024,Celta Vigo,Celta de Vigo,545647,Sergio Carreira,4.0
2024,Celta Vigo,Celta de Vigo,162029,Javier Manquillo,1.0
2024,Celta Vigo,Celta de Vigo,715628,Damián Rodríguez,3.0
2024,Celta Vigo,Celta de Vigo,366948,Jailson,1.0
2024,Celta Vigo,Celta de Vigo,423444,Fran Beltrán,8.0
2024,Celta Vigo,Celta de Vigo,617074,Ilaix Moriba,6.0
2024,Celta Vigo,Celta de Vigo,892221,Hugo Sotelo,4.0
2024,Celta Vigo,Celta de Vigo,892932,Miguel Román,0.4
2024,Celta Vigo,Celta de Vigo,1064471,Fer López,5.0
2024,Celta Vigo,Celta de Vigo,892929,Hugo Álvarez,7.5
2024,Celta Vigo,Celta de Vigo,357628,Alfon González,5.0
2024,Celta Vigo,Celta de Vigo,764859,Williot Swedberg,5.0
2024,Celta Vigo,Celta de Vigo,341110,Franco Cervi,0.8
2024,Celta Vigo,Celta de Vigo,960571,Jones El-Abdellaoui,1.5
2024,Celta Vigo,Celta de Vigo,632741,Iker Losada,1.5
2024,Celta Vigo,Celta de Vigo,905997,Pablo Durán,3.5
2024,Celta Vigo,Celta de Vigo,278359,Borja Iglesias,3.0
2024,Celta Vigo,Celta de Vigo,72047,Iago Aspas,2.0
2024,Osasuna,CA Osasuna,248738,Sergio Herrera,3.0
2024,Osasuna,CA Osasuna,118997,Aitor Fernández,0.7
2024,Osasuna,CA Osasuna,541555,Enzo Boyomo,20.0
2024,Osasuna,CA Osasuna,555500,Jorge Herrando,4.0
2024,Osasuna,CA Osasuna,449796,Alejandro Catena,3.0
2024,Osasuna,CA Osasuna,197122,Unai García,0.8
2024,Osasuna,CA Osasuna,658115,Abel Bretones,4.0
2024,Osasuna,CA Osasuna,169497,Juan Cruz,1.5
2024,Osasuna,CA Osasuna,488626,Jesús Areso,12.0
2024,Osasuna,CA Osasuna,238868,Rubén Peña,1.2
2024,Osasuna,CA Osasuna,1065442,Iñigo Arguibide,0.2
2024,Osasuna,CA Osasuna,213670,Lucas Torró,3.0
2024,Osasuna,CA Osasuna,710677,Iker Muñoz,3.0
2024,Osasuna,CA Osasuna,552425,Jon Moncayola,7.0
2024,Osasuna,CA Osasuna,785353,Pablo Ibáñez,2.0
2024,Osasuna,CA Osasuna,1038512,Asier Osambela,0.5
2024,Osasuna,CA Osasuna,634131,Aimar Oroz,15.0
2024,Osasuna,CA Osasuna,175449,Moi Gómez,2.0
2024,Osasuna,CA Osasuna,713644,Bryan Zaragoza,12.0
2024,Osasuna,CA Osasuna,364603,José Manuel Arnáiz,1.5
2024,Osasuna,CA Osasuna,213260,Rubén García,2.0
2024,Osasuna,CA Osasuna,710679,Iker Benito,1.5
2024,Osasuna,CA Osasuna,298575,Kike Barja,1.5
2024,Osasuna,CA Osasuna,46413,Ante Budimir,5.0
2024,Osasuna,CA Osasuna,631002,Raúl García,3.0
2024,Las Palmas,UD Las Palmas,357770,Dinko Horkas,1.2
2024,Las Palmas,UD Las Palmas,146227,Jasper Cillessen,0.8
2024,Las Palmas,UD Las Palmas,617060,Mika Mármol,10.0
2024,Las Palmas,UD Las Palmas,255906,Scott McKenna,4.0
2024,Las Palmas,UD Las Palmas,1146029,Juanma Herzog,2.5
2024,Las Palmas,UD Las Palmas,494236,Andy Pelmard,2.0
2024,Las Palmas,UD Las Palmas,510396,Álex Suárez,1.0
2024,Las Palmas,UD Las Palmas,243760,Álex Muñoz,1.0
2024,Las Palmas,UD Las Palmas,438971,Viti Rozada,2.0
2024,Las Palmas,UD Las Palmas,603940,Marvin Park,1.2
2024,Las Palmas,UD Las Palmas,1271065,Valentín Pezzolesi,0.1
2024,Las Palmas,UD Las Palmas,864799,Stefan Bajcetic,9.0
2024,Las Palmas,UD Las Palmas,282421,Javi Muñoz,2.0
2024,Las Palmas,UD Las Palmas,581781,Enzo Loiodice,1.2
2024,Las Palmas,UD Las Palmas,120095,José Campaña,0.9
2024,Las Palmas,UD Las Palmas,1210422,Aboubacar Bassinga,0.1
2024,Las Palmas,UD Las Palmas,566574,Kirian Rodríguez,1.0
2024,Las Palmas,UD Las Palmas,733576,Alberto Moleiro,25.0
2024,Las Palmas,UD Las Palmas,282672,Benito Ramírez,0.7
2024,Las Palmas,UD Las Palmas,511021,Manu Fuster,1.5
2024,Las Palmas,UD Las Palmas,177847,Adnan Januzaj,1.2
2024,Las Palmas,UD Las Palmas,505653,Fábio Silva,20.0
2024,Las Palmas,UD Las Palmas,298477,Oli McBurnie,2.5
2024,Las Palmas,UD Las Palmas,199369,Sandro Ramírez,2.5
2024,Las Palmas,UD Las Palmas,443222,Marc Cardona,0.8
2024,Las Palmas,UD Las Palmas,227961,Jaime Mata,0.4
2024,Getafe,Getafe CF,226012,David Soria,3.0
2024,Getafe,Getafe CF,339079,Jiri Letacek,2.0
2024,Getafe,Getafe CF,353032,Omar Alderete,8.0
2024,Getafe,Getafe CF,221150,Dakonam Djené,1.8
2024,Getafe,Getafe CF,461843,Juan Berrocal,1.5
2024,Getafe,Getafe CF,257376,Domingos Duarte,0.8
2024,Getafe,Getafe CF,126719,Juan Bernat,2.0
2024,Getafe,Getafe CF,249513,Diego Rico,1.2
2024,Getafe,Getafe CF,390688,Juan Iglesias,3.5
2024,Getafe,Getafe CF,111508,Allan Nyom,0.3
2024,Getafe,Getafe CF,1164331,Ismael Bekhoucha,0.3
2024,Getafe,Getafe CF,290249,Mauro Arambarri,12.0
2024,Getafe,Getafe CF,783396,Ramón Terrats,4.0
2024,Getafe,Getafe CF,281989,Luis Milla,3.5
2024,Getafe,Getafe CF,941869,Yellu Santiago,0.9
2024,Getafe,Getafe CF,1255616,Alberto Risco,0.2
2024,Getafe,Getafe CF,1033005,Coba da Costa,3.0
2024,Getafe,Getafe CF,126737,Juanmi,2.0
2024,Getafe,Getafe CF,434990,Álex Sola,2.5
2024,Getafe,Getafe CF,282810,Carles Pérez,2.0
2024,Getafe,Getafe CF,710004,Peter Federico,1.2
2024,Getafe,Getafe CF,1124005,Christantus Uche,15.0
2024,Getafe,Getafe CF,298976,Borja Mayoral,7.5
2024,Getafe,Getafe CF,948275,Álvaro Rodríguez,2.5
2024,Getafe,Getafe CF,672803,Bertuğ Yıldırım,2.0
2024,Mallorca,RCD Mallorca,316884,Dominik Greif,6.0
2024,Mallorca,RCD Mallorca,562742,Leo Román,5.0
2024,Mallorca,RCD Mallorca,27493,Iván Cuéllar,0.1
2024,Mallorca,RCD Mallorca,277384,Martin Valjent,6.0
2024,Mallorca,RCD Mallorca,520840,José Copete,3.0
2024,Mallorca,RCD Mallorca,278296,Antonio Raíllo,1.8
2024,Mallorca,RCD Mallorca,947431,David López,0.5
2024,Mallorca,RCD Mallorca,262939,Johan Mojica,2.0
2024,Mallorca,RCD Mallorca,320271,Toni Lato,1.8
2024,Mallorca,RCD Mallorca,251876,Pablo Maffeo,5.0
2024,Mallorca,RCD Mallorca,388513,Mateu Morey,0.8
2024,Mallorca,RCD Mallorca,657430,Samú Costa,15.0
2024,Mallorca,RCD Mallorca,142031,Omar Mascarell,0.9
2024,Mallorca,RCD Mallorca,142021,Sergi Darder,4.0
2024,Mallorca,RCD Mallorca,335225,Manu Morlanes,2.5
2024,Mallorca,RCD Mallorca,513031,Antonio Sánchez,2.5
2024,Mallorca,RCD Mallorca,1063574,Jan Salas,0.1
2024,Mallorca,RCD Mallorca,139435,Dani Rodríguez,0.8
2024,Mallorca,RCD Mallorca,695454,Chiquinho,2.0
2024,Mallorca,RCD Mallorca,563137,Robert Navarro,6.0
2024,Mallorca,RCD Mallorca,245744,Takuma Asano,2.5
2024,Mallorca,RCD Mallorca,331496,Valery Fernández,2.0
2024,Mallorca,RCD Mallorca,857830,Daniel Luna,0.5
2024,Mallorca,RCD Mallorca,256267,Vedat Muriqi,5.0
2024,Mallorca,RCD Mallorca,343463,Cyle Larin,3.5
2024,Mallorca,RCD Mallorca,177452,Abdón Prats,1.2
2024,Mallorca,RCD Mallorca,1296876,Marc Domènech,1.0
2024,Alaves,Deportivo Alavés,298197,Antonio Sivera,6.0
2024,Alaves,Deportivo Alavés,631693,Jesús Owono,0.9
2024,Alaves,Deportivo Alavés,608382,Adrián Rodríguez,0.2
2024,Alaves,Deportivo Alavés,559979,Abdel Abqar,7.5
2024,Alaves,Deportivo Alavés,533354,Facundo Garcés,2.0
2024,Alaves,Deportivo Alavés,694509,Moussa Diarra,1.8
2024,Alaves,Deportivo Alavés,895458,Adrián Pica,1.2
2024,Alaves,Deportivo Alavés,237499,Aleksandar Sedlar,0.3
2024,Alaves,Deportivo Alavés,618809,Manu Sánchez,6.0
2024,Alaves,Deportivo Alavés,953901,Santiago Mouriño,3.0
2024,Alaves,Deportivo Alavés,533568,Nahuel Tenaglia,3.0
2024,Alaves,Deportivo Alavés,668276,Hugo Novoa,1.5
2024,Alaves,Deportivo Alavés,495621,Antonio Blanco,10.0
2024,Alaves,Deportivo Alavés,431190,Carlos Protesoni,1.2
2024,Alaves,Deportivo Alavés,465967,Ander Guevara,3.5
2024,Alaves,Deportivo Alavés,289257,Jon Guridi,3.0
2024,Alaves,Deportivo Alavés,284854,Carles Aleñá,2.5
2024,Alaves,Deportivo Alavés,263727,Joan Jordán,2.5
2024,Alaves,Deportivo Alavés,401571,Tomás Conechny,1.8
2024,Alaves,Deportivo Alavés,718034,Abde Rebbach,0.7
2024,Alaves,Deportivo Alavés,540536,Carlos Vicente,10.0
2024,Alaves,Deportivo Alavés,302371,Toni Martínez,2.5
2024,Alaves,Deportivo Alavés,251897,Asier Villalibre,1.2
2024,Alaves,Deportivo Alavés,93936,Kike García,0.9
2024,Alaves,Deportivo Alavés,1063553,Pau Cabanes,0.8
2024,Rayo Vallecano,Rayo Vallecano,275218,Augusto Batalla,6.0
2024,Rayo Vallecano,Rayo Vallecano,397676,Dani Cárdenas,1.8
2024,Rayo Vallecano,Rayo Vallecano,451801,Abdul Mumin,5.0
2024,Rayo Vallecano,Rayo Vallecano,127108,Florian Lejeune,2.5
2024,Rayo Vallecano,Rayo Vallecano,692208,Pelayo Fernández,0.5
2024,Rayo Vallecano,Rayo Vallecano,82503,Aridane Hernández,0.3
2024,Rayo Vallecano,Rayo Vallecano,596122,Pep Chavarría,5.0
2024,Rayo Vallecano,Rayo Vallecano,311044,Alfonso Espino,1.2
2024,Rayo Vallecano,Rayo Vallecano,527966,Andrei Rațiu,12.0
2024,Rayo Vallecano,Rayo Vallecano,85295,Iván Balliu,1.4
2024,Rayo Vallecano,Rayo Vallecano,268670,Gerard Gumbau,1.5
2024,Rayo Vallecano,Rayo Vallecano,363057,Pedro Díaz,3.0
2024,Rayo Vallecano,Rayo Vallecano,192009,Unai López,2.5
2024,Rayo Vallecano,Rayo Vallecano,517753,Óscar Valentín,2.5
2024,Rayo Vallecano,Rayo Vallecano,525578,Pathé Ciss,2.0
2024,Rayo Vallecano,Rayo Vallecano,560483,Randy Nteka,1.5
2024,Rayo Vallecano,Rayo Vallecano,343273,Joni Montiel,0.8
2024,Rayo Vallecano,Rayo Vallecano,30321,Óscar Trejo,0.5
2024,Rayo Vallecano,Rayo Vallecano,257062,Álvaro García,2.0
2024,Rayo Vallecano,Rayo Vallecano,455181,Jorge de Frutos,4.0
2024,Rayo Vallecano,Rayo Vallecano,288318,Adrián Embarba,1.2
2024,Rayo Vallecano,Rayo Vallecano,362086,Isi Palazón,3.5
2024,Rayo Vallecano,Rayo Vallecano,505674,Sergio Camello,3.0
2024,Rayo Vallecano,Rayo Vallecano,162038,Raúl de Tomás,0.7
2024,Rayo Vallecano,Rayo Vallecano,256429,Sergi Guardiola,0.5
2024,Rayo Vallecano,Rayo Vallecano,707359,Etienne Eto'o,0.2
2024,Real Valladolid CF,Real Valladolid CF,493513,Karl Hein,3.0
2024,Real Valladolid CF,Real Valladolid CF,290346,André Ferreira,0.7
2024,Real Valladolid CF,Real Valladolid CF,710474,Álvaro Aceves,0.4
2024,Real Valladolid CF,Real Valladolid CF,298583,Eray Cömert,2.0
2024,Real Valladolid CF,Real Valladolid CF,857832,David Torres,1.5
2024,Real Valladolid CF,Real Valladolid CF,340853,Javi Sánchez,1.5
2024,Real Valladolid CF,Real Valladolid CF,615350,Cenk Özkacar,1.2
2024,Real Valladolid CF,Real Valladolid CF,358250,Joseph Aidoo,1.2
2024,Real Valladolid CF,Real Valladolid CF,204072,Henrique Silva,0.5
2024,Real Valladolid CF,Real Valladolid CF,392881,Antonio Candela,1.8
2024,Real Valladolid CF,Real Valladolid CF,358115,Luis Pérez,1.4
2024,Real Valladolid CF,Real Valladolid CF,195736,Florian Grillitsch,2.0
2024,Real Valladolid CF,Real Valladolid CF,388125,Stanko Juric,1.2
2024,Real Valladolid CF,Real Valladolid CF,633056,Tamás Nikitscher,1.0
2024,Real Valladolid CF,Real Valladolid CF,658269,Víctor Meseguer,1.5
2024,Real Valladolid CF,Real Valladolid CF,1367276,Ibrahim Alani,0.5
2024,Real Valladolid CF,Real Valladolid CF,377219,Selim Amallah,1.6
2024,Real Valladolid CF,Real Valladolid CF,926763,Chuki,1.5
2024,Real Valladolid CF,Real Valladolid CF,624942,Raúl Moro,7.5
2024,Real Valladolid CF,Real Valladolid CF,587520,Stipe Biuk,2.5
2024,Real Valladolid CF,Real Valladolid CF,211251,Darwin Machís,0.6
2024,Real Valladolid CF,Real Valladolid CF,339820,Amath Ndiaye,0.9
2024,Real Valladolid CF,Real Valladolid CF,327126,Anuar,0.9
2024,Real Valladolid CF,Real Valladolid CF,221311,Iván Sánchez,0.6
2024,Real Valladolid CF,Real Valladolid CF,709971,Xavi Moreno,0.25
2024,Real Valladolid CF,Real Valladolid CF,623521,Juanmi Latasa,2.0
2024,Real Valladolid CF,Real Valladolid CF,166683,Mamadou Sylla,1.2
2024,Real Valladolid CF,Real Valladolid CF,481084,Marcos André,1.0
2024,Real Valladolid CF,Real Valladolid CF,1176519,Adrián Arnu,0.5
2024,CD Leganés,CD Leganés,251892,Juan Soriano,1.0
2024,CD Leganés,CD Leganés,94308,Marko Dmitrovic,0.8
2024,CD Leganés,CD Leganés,340339,Jorge Sáenz,1.5
2024,CD Leganés,CD Leganés,308989,Sergio González,0.8
2024,CD Leganés,CD Leganés,143559,Matija Nastasić,0.8
2024,CD Leganés,CD Leganés,715679,Lalo Aguilar,0.3
2024,CD Leganés,CD Leganés,422466,Javi Hernández,2.5
2024,CD Leganés,CD Leganés,282700,Enric Franquesa,1.5
2024,CD Leganés,CD Leganés,39125,Borna Barisic,0.8
2024,CD Leganés,CD Leganés,441170,Valentin Rosier,3.0
2024,CD Leganés,CD Leganés,466807,Adrià Altimira,1.5
2024,CD Leganés,CD Leganés,469669,Yvan Neyou,3.0
2024,CD Leganés,CD Leganés,277137,Renato Tapia,2.0
2024,CD Leganés,CD Leganés,401583,Julián Chicco,0.5
2024,CD Leganés,CD Leganés,1054429,Carlos Guirao,0.3
2024,CD Leganés,CD Leganés,543537,Seydouba Cissé,3.0
2024,CD Leganés,CD Leganés,95641,Darko Brasanac,0.5
2024,CD Leganés,CD Leganés,284884,Óscar Rodríguez,2.0
2024,CD Leganés,CD Leganés,569866,Roberto López,1.0
2024,CD Leganés,CD Leganés,585700,Juan Cruz,5.0
2024,CD Leganés,CD Leganés,535959,Duk,1.0
2024,CD Leganés,CD Leganés,223725,Munir El Haddadi,1.5
2024,CD Leganés,CD Leganés,1390649,Yan Diomande,1.5
2024,CD Leganés,CD Leganés,715683,Naim García,0.3
2024,CD Leganés,CD Leganés,413262,Dani Raba,2.5
2024,CD Leganés,CD Leganés,480883,Miguel de la Fuente,2.0
2024,CD Leganés,CD Leganés,852727,Diego García,1.5
2025,Real Madrid,Real Madrid,108390,Thibaut Courtois,15.0
2025,Real Madrid,Real Madrid,404839,Andriy Lunin,12.0
2025,Real Madrid,Real Madrid,1055220,Fran González,3.0
2025,Real Madrid,Real Madrid,890290,Dean Huijsen,60.0
2025,Real Madrid,Real Madrid,401530,Éder Militão,20.0
2025,Real Madrid,Real Madrid,935245,Raúl Asencio,20.0
2025,Real Madrid,Real Madrid,86202,Antonio Rüdiger,6.0
2025,Real Madrid,Real Madrid,59016,David Alaba,3.0
2025,Real Madrid,Real Madrid,811778,Álvaro Carreras,50.0
2025,Real Madrid,Real Madrid,341264,Fran García,10.0
2025,Real Madrid,Real Madrid,291417,Ferland Mendy,4.0
2025,Real Madrid,Real Madrid,314353,Trent Alexander-Arnold,60.0
2025,Real Madrid,Real Madrid,935281,David Jiménez,5.0
2025,Real Madrid,Real Madrid,138927,Daniel Carvajal,4.0
2025,Real Madrid,Real Madrid,413112,Aurélien Tchouaméni,70.0
2025,Real Madrid,Real Madrid,369081,Federico Valverde,90.0
2025,Real Madrid,Real Madrid,640428,Eduardo Camavinga,50.0
2025,Real Madrid,Real Madrid,1375227,Thiago Pitarch,20.0
2025,Real Madrid,Real Madrid,1186235,Jorge Cestero,7.5
2025,Real Madrid,Real Madrid,319745,Dani Ceballos,7.0
2025,Real Madrid,Real Madrid,646824,Manuel Ángel,5.0
2025,Real Madrid,Real Madrid,581678,Jude Bellingham,130.0
2025,Real Madrid,Real Madrid,861410,Arda Güler,90.0
2025,Real Madrid,Real Madrid,948272,César Palacios,7.5
2025,Real Madrid,Real Madrid,371998,Vinicius Junior,140.0
2025,Real Madrid,Real Madrid,412363,Rodrygo,45.0
2025,Real Madrid,Real Madrid,1057316,Franco Mastantuono,45.0
2025,Real Madrid,Real Madrid,314678,Brahim Díaz,35.0
2025,Real Madrid,Real Madrid,342229,Kylian Mbappé,180.0
2025,Real Madrid,Real Madrid,971570,Endrick,40.0
2025,Real Madrid,Real Madrid,935230,Gonzalo García,30.0
2025,Barcelona,FC Barcelona,561613,Joan García,45.0
2025,Barcelona,FC Barcelona,74857,Marc-André ter Stegen,3.0
2025,Barcelona,FC Barcelona,938144,Diego Kochen,1.5
2025,Barcelona,FC Barcelona,44058,Wojciech Szczesny,0.8
2025,Barcelona,FC Barcelona,962110,Pau Cubarsí,80.0
2025,Barcelona,FC Barcelona,466794,Eric García,40.0
2025,Barcelona,FC Barcelona,705395,Gerard Martín,35.0
2025,Barcelona,FC Barcelona,480267,Ronald Araujo,20.0
2025,Barcelona,FC Barcelona,196948,Andreas Christensen,8.0
2025,Barcelona,FC Barcelona,924610,Álvaro Cortés,4.0
2025,Barcelona,FC Barcelona,636688,Alejandro Balde,50.0
2025,Barcelona,FC Barcelona,1009765,Jofre Torrents,1.0
2025,Barcelona,FC Barcelona,411975,Jules Koundé,60.0
2025,Barcelona,FC Barcelona,182712,João Cancelo,8.0
2025,Barcelona,FC Barcelona,1018912,Xavi Espart,5.0
2025,Barcelona,FC Barcelona,1018920,Marc Bernal,30.0
2025,Barcelona,FC Barcelona,636695,Marc Casadó,18.0
2025,Barcelona,FC Barcelona,938156,Tommy Marqués,3.0
2025,Barcelona,FC Barcelona,683840,Pedri,150.0
2025,Barcelona,FC Barcelona,326330,Frenkie de Jong,35.0
2025,Barcelona,FC Barcelona,646740,Gavi,30.0
2025,Barcelona,FC Barcelona,636703,Fermín López,100.0
2025,Barcelona,FC Barcelona,293385,Dani Olmo,60.0
2025,Barcelona,FC Barcelona,1066206,Toni Fernández,3.0
2025,Barcelona,FC Barcelona,411295,Raphinha,70.0
2025,Barcelona,FC Barcelona,258923,Marcus Rashford,40.0
2025,Barcelona,FC Barcelona,937958,Lamine Yamal,200.0
2025,Barcelona,FC Barcelona,792331,Roony Bardghji,15.0
2025,Barcelona,FC Barcelona,398184,Ferran Torres,50.0
2025,Barcelona,FC Barcelona,38253,Robert Lewandowski,7.0
2025,Atletico Madrid,Atlético de Madrid,121483,Jan Oblak,15.0
2025,Atletico Madrid,Atlético de Madrid,242359,Juan Musso,3.0
2025,Atletico Madrid,Atlético de Madrid,404418,Dávid Hancko,35.0
2025,Atletico Madrid,Atlético de Madrid,844637,Marc Pubill,35.0
2025,Atletico Madrid,Atlético de Madrid,351809,Robin Le Normand,20.0
2025,Atletico Madrid,Atlético de Madrid,250845,José María Giménez,9.0
2025,Atletico Madrid,Atlético de Madrid,182904,Clément Lenglet,4.0
2025,Atletico Madrid,Atlético de Madrid,616631,Matteo Ruggeri,28.0
2025,Atletico Madrid,Atlético de Madrid,945753,Julio Díaz,1.5
2025,Atletico Madrid,Atlético de Madrid,282411,Marcos Llorente,20.0
2025,Atletico Madrid,Atlético de Madrid,424042,Nahuel Molina,15.0
2025,Atletico Madrid,Atlético de Madrid,775605,Pablo Barrios,55.0
2025,Atletico Madrid,Atlético de Madrid,961297,Rodrigo Mendoza,20.0
2025,Atletico Madrid,Atlético de Madrid,689505,Johnny Cardoso,20.0
2025,Atletico Madrid,Atlético de Madrid,889435,Obed Vargas,10.0
2025,Atletico Madrid,Atlético de Madrid,74229,Koke,5.0
2025,Atletico Madrid,Atlético de Madrid,548111,Álex Baena,40.0
2025,Atletico Madrid,Atlético de Madrid,406040,Ademola Lookman,40.0
2025,Atletico Madrid,Atlético de Madrid,486031,Nico González,22.0
2025,Atletico Madrid,Atlético de Madrid,576028,Thiago Almada,15.0
2025,Atletico Madrid,Atlético de Madrid,618813,Carlos Martín,1.5
2025,Atletico Madrid,Atlético de Madrid,742201,Giuliano Simeone,40.0
2025,Atletico Madrid,Atlético de Madrid,125781,Antoine Griezmann,8.0
2025,Atletico Madrid,Atlético de Madrid,576024,Julián Alvarez,100.0
2025,Atletico Madrid,Atlético de Madrid,238407,Alexander Sørloth,18.0
2025,Villarreal,Villarreal CF,712107,Luiz Júnior,12.0
2025,Villarreal,Villarreal CF,466783,Arnau Tenas,4.0
2025,Villarreal,Villarreal CF,341713,Diego Conde,3.0
2025,Villarreal,Villarreal CF,805714,Renato Veiga,25.0
2025,Villarreal,Villarreal CF,484988,Logan Costa,15.0
2025,Villarreal,Villarreal CF,1061336,Pau Navarro,15.0
2025,Villarreal,Villarreal CF,662261,Rafa Marín,12.0
2025,Villarreal,Villarreal CF,480763,Juan Foyth,8.0
2025,Villarreal,Villarreal CF,780630,Willy Kambwala,3.0
2025,Villarreal,Villarreal CF,678406,Sergi Cardona,9.0
2025,Villarreal,Villarreal CF,356197,Alfonso Pedraza,2.5
2025,Villarreal,Villarreal CF,953901,Santiago Mouriño,20.0
2025,Villarreal,Villarreal CF,985806,Alex Freeman,3.5
2025,Villarreal,Villarreal CF,230784,Thomas Partey,2.0
2025,Villarreal,Villarreal CF,485963,Pape Gueye,40.0
2025,Villarreal,Villarreal CF,380598,Santi Comesaña,8.0
2025,Villarreal,Villarreal CF,1453066,Carlos Macià,3.0
2025,Villarreal,Villarreal CF,59561,Dani Parejo,1.0
2025,Villarreal,Villarreal CF,733576,Alberto Moleiro,50.0
2025,Villarreal,Villarreal CF,357628,Alfon González,3.0
2025,Villarreal,Villarreal CF,709969,Ilias Akhomach,12.0
2025,Villarreal,Villarreal CF,638793,Tajon Buchanan,12.0
2025,Villarreal,Villarreal CF,343052,Nicolas Pépé,6.0
2025,Villarreal,Villarreal CF,729814,Georges Mikautadze,30.0
2025,Villarreal,Villarreal CF,972465,Tani Oluwaseyi,7.0
2025,Villarreal,Villarreal CF,246968,Ayoze Pérez,5.0
2025,Villarreal,Villarreal CF,177467,Gerard Moreno,2.5
2025,Villarreal,Villarreal CF,1331450,Hugo López,1.0
2025,Real Sociedad,Real Sociedad,212862,Álex Remiro,9.0
2025,Real Sociedad,Real Sociedad,625657,Unai Marrero,1.0
2025,Real Sociedad,Real Sociedad,1018938,Jon Martín,25.0
2025,Real Sociedad,Real Sociedad,355628,Igor Zubeldia,6.0
2025,Real Sociedad,Real Sociedad,580560,Jon Pacheco,5.0
2025,Real Sociedad,Real Sociedad,238266,Duje Caleta-Car,2.8
2025,Real Sociedad,Real Sociedad,915258,Kazunari Kita,2.0
2025,Real Sociedad,Real Sociedad,229804,Aritz Elustondo,1.5
2025,Real Sociedad,Real Sociedad,366930,Sergio Gómez,15.0
2025,Real Sociedad,Real Sociedad,517842,Aihen Muñoz,2.5
2025,Real Sociedad,Real Sociedad,661145,Jon Aramburu,15.0
2025,Real Sociedad,Real Sociedad,280730,Álvaro Odriozola,0.8
2025,Real Sociedad,Real Sociedad,1055860,Iñaki Rupérez,0.2
2025,Real Sociedad,Real Sociedad,711374,Jon Gorrotxategi,25.0
2025,Real Sociedad,Real Sociedad,634431,Beñat Turrientes,10.0
2025,Real Sociedad,Real Sociedad,502722,Luka Sucic,10.0
2025,Real Sociedad,Real Sociedad,372246,Carlos Soler,7.0
2025,Real Sociedad,Real Sociedad,378293,Yangel Herrera,6.0
2025,Real Sociedad,Real Sociedad,555143,Arsen Zakharyan,9.0
2025,Real Sociedad,Real Sociedad,309110,Brais Méndez,8.0
2025,Real Sociedad,Real Sociedad,907813,Pablo Marín,7.0
2025,Real Sociedad,Real Sociedad,709215,Mikel Goti,1.0
2025,Real Sociedad,Real Sociedad,616369,Ander Barrenetxea,18.0
2025,Real Sociedad,Real Sociedad,225122,Gonçalo Guedes,6.0
2025,Real Sociedad,Real Sociedad,1007378,Wesley,4.0
2025,Real Sociedad,Real Sociedad,405398,Takefusa Kubo,20.0
2025,Real Sociedad,Real Sociedad,351478,Mikel Oyarzabal,25.0
2025,Real Sociedad,Real Sociedad,660438,Orri Óskarsson,20.0
2025,Real Sociedad,Real Sociedad,711382,Jon Karrikaburu,1.8
2025,Real Betis,Real Betis Balompié,417913,Álvaro Valles,7.0
2025,Real Betis,Real Betis Balompié,286415,Pau López,2.5
2025,Real Betis,Real Betis Balompié,71271,Adrián San Miguel,0.3
2025,Real Betis,Real Betis Balompié,735568,Natan,25.0
2025,Real Betis,Real Betis Balompié,985383,Valentín Gómez,12.0
2025,Real Betis,Real Betis Balompié,246291,Diego Llorente,2.5
2025,Real Betis,Real Betis Balompié,99922,Marc Bartra,0.9
2025,Real Betis,Real Betis Balompié,374139,Junior Firpo,3.5
2025,Real Betis,Real Betis Balompié,86784,Ricardo Rodríguez,1.4
2025,Real Betis,Real Betis Balompié,933908,Ángel Ortiz,4.0
2025,Real Betis,Real Betis Balompié,191217,Héctor Bellerín,2.4
2025,Real Betis,Real Betis Balompié,287579,Sofyan Amrabat,10.0
2025,Real Betis,Real Betis Balompié,336869,Marc Roca,4.0
2025,Real Betis,Real Betis Balompié,466801,Sergi Altimira,20.0
2025,Real Betis,Real Betis Balompié,907559,Nelson Deossa,9.0
2025,Real Betis,Real Betis Balompié,357885,Pablo Fornals,8.0
2025,Real Betis,Real Betis Balompié,261503,Álvaro Fidalgo,6.0
2025,Real Betis,Real Betis Balompié,348795,Giovani Lo Celso,8.0
2025,Real Betis,Real Betis Balompié,85288,Isco,3.5
2025,Real Betis,Real Betis Balompié,724520,Abde Ezzalzouli,40.0
2025,Real Betis,Real Betis Balompié,461617,Rodrigo Riquelme,4.0
2025,Real Betis,Real Betis Balompié,602105,Antony,40.0
2025,Real Betis,Real Betis Balompié,961087,Pablo García,8.0
2025,Real Betis,Real Betis Balompié,378139,Aitor Ruibal,4.0
2025,Real Betis,Real Betis Balompié,632741,Iker Losada,1.8
2025,Real Betis,Real Betis Balompié,459463,Cucho Hernández,18.0
2025,Real Betis,Real Betis Balompié,167721,Chimy Ávila,1.2
2025,Real Betis,Real Betis Balompié,127048,Cédric Bakambu,1.2
2025,Athletic Club,Athletic Bilbao,262396,Unai Simón,22.0
2025,Athletic Club,Athletic Bilbao,834483,Álex Padilla,3.0
2025,Athletic Club,Athletic Bilbao,524000,Dani Vivian,20.0
2025,Athletic Club,Athletic Bilbao,176553,Aymeric Laporte,8.0
2025,Athletic Club,Athletic Bilbao,591916,Aitor Paredes,7.5
2025,Athletic Club,Athletic Bilbao,255488,Yeray Álvarez,0.9
2025,Athletic Club,Athletic Bilbao,834485,Unai Egiluz,0.4
2025,Athletic Club,Athletic Bilbao,710671,Adama Boiro,2.5
2025,Athletic Club,Athletic Bilbao,61812,Yuri Berchiche,1.0
2025,Athletic Club,Athletic Bilbao,488626,Jesús Areso,5.0
2025,Athletic Club,Athletic Bilbao,289255,Andoni Gorosabel,3.0
2025,Athletic Club,Athletic Bilbao,255501,Iñigo Lekue,1.0
2025,Athletic Club,Athletic Bilbao,300168,Mikel Vesga,1.2
2025,Athletic Club,Athletic Bilbao,938729,Mikel Jauregizar,30.0
2025,Athletic Club,Athletic Bilbao,625047,Beñat Prados,15.0
2025,Athletic Club,Athletic Bilbao,834491,Alejandro Rego,5.0
2025,Athletic Club,Athletic Bilbao,1312698,Selton Sánchez,2.8
2025,Athletic Club,Athletic Bilbao,126751,Iñigo Ruiz de Galarreta,2.0
2025,Athletic Club,Athletic Bilbao,610083,Unai Vencedor,1.6
2025,Athletic Club,Athletic Bilbao,571020,Oihan Sancet,25.0
2025,Athletic Club,Athletic Bilbao,834752,Unai Gómez,5.0
2025,Athletic Club,Athletic Bilbao,709187,Nico Williams,40.0
2025,Athletic Club,Athletic Bilbao,338425,Álex Berenguer,4.0
2025,Athletic Club,Athletic Bilbao,668183,Nico Serrano,1.5
2025,Athletic Club,Athletic Bilbao,255508,Iñaki Williams,8.0
2025,Athletic Club,Athletic Bilbao,563137,Robert Navarro,6.0
2025,Athletic Club,Athletic Bilbao,340205,Gorka Guruzeta,5.0
2025,Athletic Club,Athletic Bilbao,1054934,Maroan Sannadi,3.0
2025,Athletic Club,Athletic Bilbao,610622,Urko Izeta,1.4
2025,Celta Vigo,Celta de Vigo,303657,Ionuț Radu,9.0
2025,Celta Vigo,Celta de Vigo,297194,Iván Villar,0.9
2025,Celta Vigo,Celta de Vigo,541621,Marc Vidal,0.3
2025,Celta Vigo,Celta de Vigo,1076815,Javi Rodríguez,18.0
2025,Celta Vigo,Celta de Vigo,258987,Carl Starfelt,4.5
2025,Celta Vigo,Celta de Vigo,939374,Yoel Lago,4.0
2025,Celta Vigo,Celta de Vigo,636093,Carlos Domínguez,2.0
2025,Celta Vigo,Celta de Vigo,638124,Manu Fernández,1.5
2025,Celta Vigo,Celta de Vigo,112515,Marcos Alonso,1.2
2025,Celta Vigo,Celta de Vigo,358250,Joseph Aidoo,1.0
2025,Celta Vigo,Celta de Vigo,271455,Mihailo Ristic,0.8
2025,Celta Vigo,Celta de Vigo,331505,Óscar Mingueza,18.0
2025,Celta Vigo,Celta de Vigo,545647,Sergio Carreira,12.0
2025,Celta Vigo,Celta de Vigo,652331,Javi Rueda,6.0
2025,Celta Vigo,Celta de Vigo,626953,Álvaro Núñez,4.0
2025,Celta Vigo,Celta de Vigo,715628,Damián Rodríguez,2.0
2025,Celta Vigo,Celta de Vigo,617074,Ilaix Moriba,15.0
2025,Celta Vigo,Celta de Vigo,892932,Miguel Román,15.0
2025,Celta Vigo,Celta de Vigo,892221,Hugo Sotelo,5.0
2025,Celta Vigo,Celta de Vigo,143812,Matías Vecino,1.0
2025,Celta Vigo,Celta de Vigo,1064471,Fer López,16.0
2025,Celta Vigo,Celta de Vigo,764859,Williot Swedberg,20.0
2025,Celta Vigo,Celta de Vigo,892929,Hugo Álvarez,8.0
2025,Celta Vigo,Celta de Vigo,341110,Franco Cervi,0.6
2025,Celta Vigo,Celta de Vigo,599231,Ferran Jutglà,10.0
2025,Celta Vigo,Celta de Vigo,960571,Jones El-Abdellaoui,8.0
2025,Celta Vigo,Celta de Vigo,905997,Pablo Durán,4.0
2025,Celta Vigo,Celta de Vigo,278359,Borja Iglesias,2.8
2025,Celta Vigo,Celta de Vigo,72047,Iago Aspas,1.6
2025,Girona,Girona FC,74857,Marc-André ter Stegen,3.0
2025,Girona,Girona FC,195488,Paulo Gazzaniga,1.8
2025,Girona,Girona FC,199321,Rubén Blanco,0.7
2025,Girona,Girona FC,1169436,Vladyslav Krapyvtsov,0.3
2025,Girona,Girona FC,120705,Juan Carlos,0.1
2025,Girona,Girona FC,1005575,Vitor Reis,30.0
2025,Girona,Girona FC,632896,Alejandro Francés,3.0
2025,Girona,Girona FC,12282,Daley Blind,1.2
2025,Girona,Girona FC,129444,David López,0.6
2025,Girona,Girona FC,193098,Álex Moreno,3.0
2025,Girona,Girona FC,826224,Arnau Martínez,10.0
2025,Girona,Girona FC,834487,Hugo Rincón,3.5
2025,Girona,Girona FC,35047,Axel Witsel,1.2
2025,Girona,Girona FC,593482,Azzedine Ounahi,10.0
2025,Girona,Girona FC,341278,Iván Martín,5.0
2025,Girona,Girona FC,423444,Fran Beltrán,4.0
2025,Girona,Girona FC,288255,Donny van de Beek,1.8
2025,Girona,Girona FC,974251,Lass Kourouma,0.5
2025,Girona,Girona FC,994536,Claudio Echeverri,15.0
2025,Girona,Girona FC,205562,Thomas Lemar,1.8
2025,Girona,Girona FC,537382,Bryan Gil,8.0
2025,Girona,Girona FC,895326,Joel Roca,6.0
2025,Girona,Girona FC,264372,Viktor Tsygankov,15.0
2025,Girona,Girona FC,857818,Yáser Asprilla,14.0
2025,Girona,Girona FC,99353,Portu,1.2
2025,Girona,Girona FC,631821,Vladyslav Vanat,15.0
2025,Girona,Girona FC,340376,Abel Ruiz,2.0
2025,Girona,Girona FC,891923,Dawda Camara,1.0
2025,Girona,Girona FC,59323,Cristhian Stuani,0.7
2025,Sevilla,Sevilla FC,124419,Odysseas Vlachodimos,3.0
2025,Sevilla,Sevilla FC,73517,Ørjan Nyland,0.8
2025,Sevilla,Sevilla FC,766583,Kike Salas,14.0
2025,Sevilla,Sevilla FC,719999,Andrés Castrín,6.0
2025,Sevilla,Sevilla FC,439022,Marcão,2.5
2025,Sevilla,Sevilla FC,155025,Fábio Cardoso,1.5
2025,Sevilla,Sevilla FC,538996,Tanguy Nianzou,1.2
2025,Sevilla,Sevilla FC,57500,César Azpilicueta,1.0
2025,Sevilla,Sevilla FC,660735,Federico Gattoni,0.8
2025,Sevilla,Sevilla FC,1032280,Oso,10.0
2025,Sevilla,Sevilla FC,385105,Gabriel Suazo,6.0
2025,Sevilla,Sevilla FC,501418,Adrià Pedrosa,2.8
2025,Sevilla,Sevilla FC,711625,José Ángel Carmona,12.0
2025,Sevilla,Sevilla FC,676042,Juanlu Sánchez,10.0
2025,Sevilla,Sevilla FC,569384,Lucien Agoumé,15.0
2025,Sevilla,Sevilla FC,395234,Batista Mendy,7.5
2025,Sevilla,Sevilla FC,74294,Nemanja Gudelj,2.0
2025,Sevilla,Sevilla FC,212723,Djibril Sow,7.5
2025,Sevilla,Sevilla FC,766723,Manu Bueno,1.5
2025,Sevilla,Sevilla FC,263727,Joan Jordán,1.0
2025,Sevilla,Sevilla FC,345886,Rubén Vargas,12.0
2025,Sevilla,Sevilla FC,500067,Chidera Ejuke,4.0
2025,Sevilla,Sevilla FC,357628,Alfon González,3.0
2025,Sevilla,Sevilla FC,177847,Adnan Januzaj,1.0
2025,Sevilla,Sevilla FC,1064105,Miguel Sierra,0.3
2025,Sevilla,Sevilla FC,639733,Peque Fernández,3.0
2025,Sevilla,Sevilla FC,40433,Alexis Sánchez,1.2
2025,Sevilla,Sevilla FC,607034,Akor Adams,15.0
2025,Sevilla,Sevilla FC,687609,Isaac Romero,5.0
2025,Sevilla,Sevilla FC,217115,Neal Maupay,4.0
2025,Valencia,Valencia CF,625014,Julen Agirrezabala,9.0
2025,Valencia,Valencia CF,165467,Stole Dimitrievski,2.0
2025,Valencia,Valencia CF,398131,Cristian Rivero,0.1
2025,Valencia,Valencia CF,707274,César Tárrega,9.0
2025,Valencia,Valencia CF,520840,José Copete,5.0
2025,Valencia,Valencia CF,338285,Unai Núñez,3.5
2025,Valencia,Valencia CF,298583,Eray Cömert,2.5
2025,Valencia,Valencia CF,346289,Mouctar Diakhaby,1.5
2025,Valencia,Valencia CF,221322,José Gayà,4.0
2025,Valencia,Valencia CF,623024,Jesús Vázquez,4.0
2025,Valencia,Valencia CF,367466,Thierry Correia,2.5
2025,Valencia,Valencia CF,268642,Renzo Saravia,1.4
2025,Valencia,Valencia CF,170472,Dimitri Foulquier,0.9
2025,Valencia,Valencia CF,328480,Pepelu,8.0
2025,Valencia,Valencia CF,342385,Guido Rodríguez,4.0
2025,Valencia,Valencia CF,285323,Baptiste Santamaria,2.5
2025,Valencia,Valencia CF,834764,Javi Guerra,25.0
2025,Valencia,Valencia CF,394236,Filip Ugrinic,6.0
2025,Valencia,Valencia CF,375382,André Almeida,6.0
2025,Valencia,Valencia CF,518644,Largie Ramazani,8.0
2025,Valencia,Valencia CF,355861,Arnaut Danjuma,3.0
2025,Valencia,Valencia CF,617081,Diego López,9.0
2025,Valencia,Valencia CF,278837,Luis Rioja,1.8
2025,Valencia,Valencia CF,413262,Dani Raba,1.2
2025,Valencia,Valencia CF,573775,Hugo Duro,12.0
2025,Valencia,Valencia CF,628366,Lucas Beltrán,8.0
2025,Valencia,Valencia CF,337715,Umar Sadiq,4.0
2025,RCD Espanyol Barcelona,RCD Espanyol Barcelona,94308,Marko Dmitrovic,0.7
2025,RCD Espanyol Barcelona,RCD Espanyol Barcelona,628487,Ángel Fortuño,0.3
2025,RCD Espanyol Barcelona,RCD Espanyol Barcelona,605528,Pol Tristán,0.05
2025,RCD Espanyol Barcelona,RCD Espanyol Barcelona,692070,Clemens Riedel,4.0
2025,RCD Espanyol Barcelona,RCD Espanyol Barcelona,357884,Fernando Calero,2.0
2025,RCD Espanyol Barcelona,RCD Espanyol Barcelona,583510,Miguel Rubio,1.5
2025,RCD Espanyol Barcelona,RCD Espanyol Barcelona,629511,Pablo Ramón,1.4
2025,RCD Espanyol Barcelona,RCD Espanyol Barcelona,102423,Leandro Cabrera,0.9
2025,RCD Espanyol Barcelona,RCD Espanyol Barcelona,709372,Carlos Romero,25.0
2025,RCD Espanyol Barcelona,RCD Espanyol Barcelona,819590,José Salinas,2.0
2025,RCD Espanyol Barcelona,RCD Espanyol Barcelona,1204959,Roger Hinojo,1.0
2025,RCD Espanyol Barcelona,RCD Espanyol Barcelona,822331,Omar El Hilali,15.0
2025,RCD Espanyol Barcelona,RCD Espanyol Barcelona,705813,Rubén Sánchez,1.8
2025,RCD Espanyol Barcelona,RCD Espanyol Barcelona,625651,Urko González de Zárate,12.0
2025,RCD Espanyol Barcelona,RCD Espanyol Barcelona,243879,Charles Pickel,2.5
2025,RCD Espanyol Barcelona,RCD Espanyol Barcelona,412045,Pol Lozano,6.0
2025,RCD Espanyol Barcelona,RCD Espanyol Barcelona,506248,Edu Expósito,5.0
2025,RCD Espanyol Barcelona,RCD Espanyol Barcelona,783396,Ramón Terrats,3.0
2025,RCD Espanyol Barcelona,RCD Espanyol Barcelona,1178721,Rafel Bauzà,1.2
2025,RCD Espanyol Barcelona,RCD Espanyol Barcelona,946279,Javi Hernández,1.5
2025,RCD Espanyol Barcelona,RCD Espanyol Barcelona,408471,Javi Puado,7.5
2025,RCD Espanyol Barcelona,RCD Espanyol Barcelona,225593,Pere Milla,1.0
2025,RCD Espanyol Barcelona,RCD Espanyol Barcelona,647435,Tyrhys Dolan,10.0
2025,RCD Espanyol Barcelona,RCD Espanyol Barcelona,358032,Cyril Ngonge,7.0
2025,RCD Espanyol Barcelona,RCD Espanyol Barcelona,628498,Jofre Carreras,3.0
2025,RCD Espanyol Barcelona,RCD Espanyol Barcelona,834744,Antoniu Roca,1.8
2025,RCD Espanyol Barcelona,RCD Espanyol Barcelona,720518,Roberto Fernández,10.0
2025,RCD Espanyol Barcelona,RCD Espanyol Barcelona,93936,Kike García,0.7
2025,Levante,Levante UD,128969,Mathew Ryan,1.8
2025,Levante,Levante UD,617059,Pablo Campos,1.5
2025,Levante,Levante UD,1144700,Matías Moreno,6.0
2025,Levante,Levante UD,861981,Alan Matturro,4.0
2025,Levante,Levante UD,341263,Adrián Dela,4.0
2025,Levante,Levante UD,1063333,Jorge Cabello,0.9
2025,Levante,Levante UD,255495,Unai Elgezabal,0.5
2025,Levante,Levante UD,618809,Manu Sánchez,6.0
2025,Levante,Levante UD,505493,Diego Pampín,1.0
2025,Levante,Levante UD,129674,Jeremy Toljan,2.0
2025,Levante,Levante UD,1371830,Nacho Pérez,0.3
2025,Levante,Levante UD,707230,Ugo Raghouber,3.0
2025,Levante,Levante UD,526050,Kervin Arriaga,2.0
2025,Levante,Levante UD,293388,Oriol Rey,1.8
2025,Levante,Levante UD,568835,Pablo Martínez,3.0
2025,Levante,Levante UD,625660,Jon Ander Olasagasti,2.5
2025,Levante,Levante UD,610083,Unai Vencedor,1.6
2025,Levante,Levante UD,668179,Carlos Álvarez,15.0
2025,Levante,Levante UD,557057,Roger Brugué,2.0
2025,Levante,Levante UD,1232057,Paco Cortés,1.5
2025,Levante,Levante UD,1063340,Kareem Tunde,2.0
2025,Levante,Levante UD,590690,Víctor García,1.5
2025,Levante,Levante UD,921345,Tay Abed,1.0
2025,Levante,Levante UD,632741,Iker Losada,1.8
2025,Levante,Levante UD,1063338,Carlos Espí,20.0
2025,Levante,Levante UD,1038950,Karl Etta Eyong,15.0
2025,Levante,Levante UD,628886,Iván Romero,8.0
2025,Levante,Levante UD,252677,José Luis Morales,0.2
2025,Rayo Vallecano,Rayo Vallecano,275218,Augusto Batalla,6.0
2025,Rayo Vallecano,Rayo Vallecano,397676,Dani Cárdenas,1.8
2025,Rayo Vallecano,Rayo Vallecano,1034853,Nobel Mendy,7.5
2025,Rayo Vallecano,Rayo Vallecano,451801,Abdul Mumin,3.0
2025,Rayo Vallecano,Rayo Vallecano,457931,Luiz Felipe,2.0
2025,Rayo Vallecano,Rayo Vallecano,765467,Jozhua Vertrouwd,2.0
2025,Rayo Vallecano,Rayo Vallecano,127108,Florian Lejeune,1.8
2025,Rayo Vallecano,Rayo Vallecano,692208,Pelayo Fernández,0.5
2025,Rayo Vallecano,Rayo Vallecano,596122,Pep Chavarría,10.0
2025,Rayo Vallecano,Rayo Vallecano,311044,Alfonso Espino,0.9
2025,Rayo Vallecano,Rayo Vallecano,527966,Andrei Rațiu,18.0
2025,Rayo Vallecano,Rayo Vallecano,85295,Iván Balliu,1.0
2025,Rayo Vallecano,Rayo Vallecano,268670,Gerard Gumbau,1.2
2025,Rayo Vallecano,Rayo Vallecano,363057,Pedro Díaz,3.0
2025,Rayo Vallecano,Rayo Vallecano,192009,Unai López,2.5
2025,Rayo Vallecano,Rayo Vallecano,517753,Óscar Valentín,2.0
2025,Rayo Vallecano,Rayo Vallecano,525578,Pathé Ciss,1.8
2025,Rayo Vallecano,Rayo Vallecano,1384911,Samu Becerra,0.3
2025,Rayo Vallecano,Rayo Vallecano,560483,Randy Nteka,1.0
2025,Rayo Vallecano,Rayo Vallecano,30321,Óscar Trejo,0.3
2025,Rayo Vallecano,Rayo Vallecano,618813,Carlos Martín,1.5
2025,Rayo Vallecano,Rayo Vallecano,257062,Álvaro García,1.5
2025,Rayo Vallecano,Rayo Vallecano,709969,Ilias Akhomach,12.0
2025,Rayo Vallecano,Rayo Vallecano,455181,Jorge de Frutos,12.0
2025,Rayo Vallecano,Rayo Vallecano,622988,Fran Pérez,2.5
2025,Rayo Vallecano,Rayo Vallecano,362086,Isi Palazón,2.8
2025,Rayo Vallecano,Rayo Vallecano,560417,Alemão,4.0
2025,Rayo Vallecano,Rayo Vallecano,505674,Sergio Camello,3.0
2025,Elche,Elche CF,283170,Iñaki Peña,4.0
2025,Elche,Elche CF,618801,Alejandro Iturbe,1.4
2025,Elche,Elche CF,144128,Matías Dituro,0.1
2025,Elche,Elche CF,452483,David Affengruber,20.0
2025,Elche,Elche CF,495625,Víctor Chust,3.5
2025,Elche,Elche CF,412829,Léo Pétrot,1.5
2025,Elche,Elche CF,627290,John Donald,1.0
2025,Elche,Elche CF,435493,Bambo Diaby,0.8
2025,Elche,Elche CF,203043,Pedro Bigas,0.3
2025,Elche,Elche CF,501418,Adrià Pedrosa,2.8
2025,Elche,Elche CF,937955,Héctor Fort,12.0
2025,Elche,Elche CF,962125,Buba Sangaré,4.5
2025,Elche,Elche CF,531404,Marc Aguado,3.5
2025,Elche,Elche CF,909758,Federico Redondo,2.5
2025,Elche,Elche CF,217144,Aleix Febas,5.0
2025,Elche,Elche CF,549027,Martim Neto,4.0
2025,Elche,Elche CF,398163,Gonzalo Villar,1.8
2025,Elche,Elche CF,548188,Germán Valera,6.0
2025,Elche,Elche CF,912392,Lucas Cepeda,2.5
2025,Elche,Elche CF,339816,Tete Morente,1.8
2025,Elche,Elche CF,706947,Yago Santiago,1.0
2025,Elche,Elche CF,342048,Grady Diangana,2.0
2025,Elche,Elche CF,277533,Josan,0.1
2025,Elche,Elche CF,1064506,Adam Boayar,0.8
2025,Elche,Elche CF,1064538,Ali Houary,0.3
2025,Elche,Elche CF,948275,Álvaro Rodríguez,10.0
2025,Elche,Elche CF,361254,Rafa Mir,4.0
2025,Elche,Elche CF,198008,André Silva,3.0
2025,Osasuna,CA Osasuna,248738,Sergio Herrera,2.8
2025,Osasuna,CA Osasuna,118997,Aitor Fernández,0.5
2025,Osasuna,CA Osasuna,541555,Enzo Boyomo,15.0
2025,Osasuna,CA Osasuna,555500,Jorge Herrando,3.5
2025,Osasuna,CA Osasuna,449796,Alejandro Catena,2.6
2025,Osasuna,CA Osasuna,658115,Abel Bretones,3.5
2025,Osasuna,CA Osasuna,448628,Javi Galán,1.8
2025,Osasuna,CA Osasuna,169497,Juan Cruz,1.0
2025,Osasuna,CA Osasuna,441170,Valentin Rosier,3.0
2025,Osasuna,CA Osasuna,1065442,Iñigo Arguibide,0.8
2025,Osasuna,CA Osasuna,213670,Lucas Torró,2.5
2025,Osasuna,CA Osasuna,710677,Iker Muñoz,2.0
2025,Osasuna,CA Osasuna,552425,Jon Moncayola,7.0
2025,Osasuna,CA Osasuna,1038512,Asier Osambela,1.0
2025,Osasuna,CA Osasuna,634131,Aimar Oroz,7.5
2025,Osasuna,CA Osasuna,175449,Moi Gómez,1.5
2025,Osasuna,CA Osasuna,935231,Víctor Muñoz,30.0
2025,Osasuna,CA Osasuna,624942,Raúl Moro,3.5
2025,Osasuna,CA Osasuna,213260,Rubén García,1.6
2025,Osasuna,CA Osasuna,298575,Kike Barja,1.5
2025,Osasuna,CA Osasuna,710679,Iker Benito,1.4
2025,Osasuna,CA Osasuna,631002,Raúl García,3.0
2025,Osasuna,CA Osasuna,46413,Ante Budimir,2.8
2025,Getafe,Getafe CF,226012,David Soria,2.8
2025,Getafe,Getafe CF,339079,Jiri Letacek,2.0
2025,Getafe,Getafe CF,559979,Abdel Abqar,3.5
2025,Getafe,Getafe CF,741142,Zaid Romero,2.5
2025,Getafe,Getafe CF,898352,Sebastián Boselli,1.5
2025,Getafe,Getafe CF,221150,Dakonam Djené,1.4
2025,Getafe,Getafe CF,257376,Domingos Duarte,0.8
2025,Getafe,Getafe CF,249513,Diego Rico,1.0
2025,Getafe,Getafe CF,1268764,Davinchi,1.0
2025,Getafe,Getafe CF,390688,Juan Iglesias,5.0
2025,Getafe,Getafe CF,76467,Kiko Femenía,0.7
2025,Getafe,Getafe CF,1164331,Ismael Bekhoucha,0.3
2025,Getafe,Getafe CF,111508,Allan Nyom,0.1
2025,Getafe,Getafe CF,948273,Mario Martín,10.0
2025,Getafe,Getafe CF,469669,Yvan Neyou,2.0
2025,Getafe,Getafe CF,290249,Mauro Arambarri,8.0
2025,Getafe,Getafe CF,281989,Luis Milla,3.5
2025,Getafe,Getafe CF,282421,Javi Muñoz,1.2
2025,Getafe,Getafe CF,419648,Veljko Birmancevic,3.5
2025,Getafe,Getafe CF,1061122,Adrián Liso,3.0
2025,Getafe,Getafe CF,126737,Juanmi,1.0
2025,Getafe,Getafe CF,696764,Abu Kamara,2.5
2025,Getafe,Getafe CF,560705,Álex Sancris,1.5
2025,Getafe,Getafe CF,1124005,Christantus Uche,12.0
2025,Getafe,Getafe CF,640109,Martín Satriano,10.0
2025,Getafe,Getafe CF,298976,Borja Mayoral,6.0
2025,Getafe,Getafe CF,844516,Luis Vázquez,2.5
2025,Mallorca,RCD Mallorca,562742,Leo Román,6.0
2025,Mallorca,RCD Mallorca,490606,Lucas Bergström,1.4
2025,Mallorca,RCD Mallorca,27493,Iván Cuéllar,0.1
2025,Mallorca,RCD Mallorca,371371,Marash Kumbulla,3.0
2025,Mallorca,RCD Mallorca,277384,Martin Valjent,3.0
2025,Mallorca,RCD Mallorca,947431,David López,1.2
2025,Mallorca,RCD Mallorca,278296,Antonio Raíllo,1.0
2025,Mallorca,RCD Mallorca,262939,Johan Mojica,1.5
2025,Mallorca,RCD Mallorca,320271,Toni Lato,1.4
2025,Mallorca,RCD Mallorca,251876,Pablo Maffeo,3.0
2025,Mallorca,RCD Mallorca,388513,Mateu Morey,1.4
2025,Mallorca,RCD Mallorca,657430,Samú Costa,15.0
2025,Mallorca,RCD Mallorca,142031,Omar Mascarell,0.7
2025,Mallorca,RCD Mallorca,142021,Sergi Darder,3.0
2025,Mallorca,RCD Mallorca,335225,Manu Morlanes,2.4
2025,Mallorca,RCD Mallorca,513031,Antonio Sánchez,2.0
2025,Mallorca,RCD Mallorca,1063574,Jan Salas,0.5
2025,Mallorca,RCD Mallorca,720038,Pablo Torre,5.0
2025,Mallorca,RCD Mallorca,1301775,Jan Virgili,15.0
2025,Mallorca,RCD Mallorca,706138,Javi Llabrés,0.8
2025,Mallorca,RCD Mallorca,666547,Zito Luvumbo,3.0
2025,Mallorca,RCD Mallorca,245744,Takuma Asano,1.5
2025,Mallorca,RCD Mallorca,1101641,Justin Kalumba,0.8
2025,Mallorca,RCD Mallorca,857830,Daniel Luna,0.6
2025,Mallorca,RCD Mallorca,256267,Vedat Muriqi,4.5
2025,Mallorca,RCD Mallorca,834742,Mateo Joseph,3.5
2025,Mallorca,RCD Mallorca,1296876,Marc Domènech,1.0
2025,Mallorca,RCD Mallorca,177452,Abdón Prats,0.8
2025,Alaves,Deportivo Alavés,298197,Antonio Sivera,6.0
2025,Alaves,Deportivo Alavés,54217,Raúl Fernández,0.1
2025,Alaves,Deportivo Alavés,580560,Jon Pacheco,5.0
2025,Alaves,Deportivo Alavés,694509,Moussa Diarra,2.0
2025,Alaves,Deportivo Alavés,581326,Ville Koski,1.5
2025,Alaves,Deportivo Alavés,258475,Nikola Maras,0.6
2025,Alaves,Deportivo Alavés,741289,Youssef Enríquez,4.0
2025,Alaves,Deportivo Alavés,591957,Victor Parada,4.0
2025,Alaves,Deportivo Alavés,533568,Nahuel Tenaglia,3.0
2025,Alaves,Deportivo Alavés,175446,Jonny Otto,2.2
2025,Alaves,Deportivo Alavés,495621,Antonio Blanco,10.0
2025,Alaves,Deportivo Alavés,431190,Carlos Protesoni,1.0
2025,Alaves,Deportivo Alavés,785353,Pablo Ibáñez,4.0
2025,Alaves,Deportivo Alavés,284854,Carles Aleñá,3.0
2025,Alaves,Deportivo Alavés,465967,Ander Guevara,2.5
2025,Alaves,Deportivo Alavés,289257,Jon Guridi,1.8
2025,Alaves,Deportivo Alavés,798114,Calebe,1.8
2025,Alaves,Deportivo Alavés,165007,Denis Suárez,1.0
2025,Alaves,Deportivo Alavés,718034,Abde Rebbach,2.5
2025,Alaves,Deportivo Alavés,1124136,Ángel Pérez,3.0
2025,Alaves,Deportivo Alavés,302371,Toni Martínez,7.5
2025,Alaves,Deportivo Alavés,334222,Lucas Boyé,5.0
2025,Alaves,Deportivo Alavés,620696,Ibrahim Diabate,1.5
2025,Alaves,Deportivo Alavés,935232,Aitor Mañas,0.6
2025,Alaves,Deportivo Alavés,225020,Mariano Díaz,0.3
2025,Real Oviedo,Real Oviedo,284430,Aarón Escandell,3.0
2025,Real Oviedo,Real Oviedo,525438,Horațiu Moldovan,1.8
2025,Real Oviedo,Real Oviedo,854158,Miguel Narváez,0.2
2025,Real Oviedo,Real Oviedo,498237,David Carmo,5.0
2025,Real Oviedo,Real Oviedo,286384,Eric Bailly,1.2
2025,Real Oviedo,Real Oviedo,276111,David Costas,1.2
2025,Real Oviedo,Real Oviedo,326416,Dani Calvo,0.9
2025,Real Oviedo,Real Oviedo,568158,Javi López,5.0
2025,Real Oviedo,Real Oviedo,929899,Rahim Alhassane,1.5
2025,Real Oviedo,Real Oviedo,216870,Nacho Vidal,1.2
2025,Real Oviedo,Real Oviedo,349884,Lucas Ahijado,0.6
2025,Real Oviedo,Real Oviedo,462070,Nicolás Fonseca,3.0
2025,Real Oviedo,Real Oviedo,395122,Santiago Colombatto,2.5
2025,Real Oviedo,Real Oviedo,168157,Leander Dendoncker,1.8
2025,Real Oviedo,Real Oviedo,603696,Alberto Reina,2.0
2025,Real Oviedo,Real Oviedo,538006,Kwasi Sibo,1.4
2025,Real Oviedo,Real Oviedo,15799,Santi Cazorla,0.2
2025,Real Oviedo,Real Oviedo,429790,Luka Ilic,1.4
2025,Real Oviedo,Real Oviedo,1081496,Pablo Agudín,1.0
2025,Real Oviedo,Real Oviedo,719737,Álex Cardero,0.4
2025,Real Oviedo,Real Oviedo,1127730,Thiago Fernández,4.5
2025,Real Oviedo,Real Oviedo,593412,Ilyas Chaira,4.0
2025,Real Oviedo,Real Oviedo,804708,Brandon Dominguès,0.5
2025,Real Oviedo,Real Oviedo,337284,Ovie Ejaria,0.4
2025,Real Oviedo,Real Oviedo,620164,Haissem Hassan,3.5
2025,Real Oviedo,Real Oviedo,578419,Federico Viñas,4.0
2025,Real Oviedo,Real Oviedo,743951,Thiago Borbas,3.5
2025,Real Oviedo,Real Oviedo,709380,Álex Forés,0.7
