season,team,player_id,player_name,age,minutes
2018,Barcelona,283170,Iñaki Peña,19,
2018,Barcelona,74857,Marc-André ter Stegen,26,4410.0
2018,Barcelona,379548,Jokin Ezkieta,21,
2018,Barcelona,146227,Jasper Cillessen,29,990.0
2018,Barcelona,605184,Jean-Clair Todibo,18,158.0
2018,Barcelona,341227,Juan Miranda,18,316.0
2018,Barcelona,494880,Jorge Cuenca,18,61.0
2018,Barcelona,231572,Nélson Semedo,24,2887.0
2018,Barcelona,182904,Clément Lenglet,23,3654.0
2018,Barcelona,333361,Chumi,19,238.0
2018,Barcelona,131102,Jeison Murillo,26,292.0
2018,Barcelona,331508,Guillem Jaime,19,
2018,Barcelona,364240,Moussa Wagué,19,225.0
2018,Barcelona,18944,Gerard Piqué,31,4680.0
2018,Barcelona,69751,Jordi Alba,29,4512.0
2018,Barcelona,126540,Samuel Umtiti,24,1269.0
2018,Barcelona,15904,Thomas Vermaelen,32,770.0
2018,Barcelona,331511,Riqui Puig,18,192.0
2018,Barcelona,362842,Arthur Melo,21,2478.0
2018,Barcelona,284854,Carles Aleñá,20,1079.0
2018,Barcelona,80444,Philippe Coutinho,26,3349.0
2018,Barcelona,282722,Álex Collado,19,84.0
2018,Barcelona,85370,Sergi Roberto,26,3218.0
2018,Barcelona,165007,Denis Suárez,24,261.0
2018,Barcelona,181112,Sergi Samper,23,33.0
2018,Barcelona,282721,Uri Busquets,19,55.0
2018,Barcelona,37666,Arturo Vidal,31,2746.0
2018,Barcelona,32467,Ivan Rakitic,30,4238.0
2018,Barcelona,65230,Sergio Busquets,29,4335.0
2018,Barcelona,129473,Rafinha,25,349.0
2018,Barcelona,16922,Kevin-Prince Boateng,31,303.0
2018,Barcelona,288230,Ousmane Dembélé,21,2506.0
2018,Barcelona,323704,Malcom,21,1068.0
2018,Barcelona,28003,Lionel Messi,31,4024.0
2018,Barcelona,340376,Abel Ruiz,18,21.0
2018,Barcelona,282810,Carles Pérez,20,17.0
2018,Barcelona,44352,Luis Suárez,31,4132.0
2018,Barcelona,223725,Munir El Haddadi,22,393.0
2018,Barcelona,126716,Paco Alcácer,24,
2018,Atletico Madrid,121483,Jan Oblak,25,4170.0
2018,Atletico Madrid,44062,Antonio Adán,31,450.0
2018,Atletico Madrid,396341,Álex dos Santos,19,
2018,Atletico Madrid,281963,Lucas Hernández,22,1773.0
2018,Atletico Madrid,491693,Nehuén Pérez,18,
2018,Atletico Madrid,250845,José María Giménez,23,2323.0
2018,Atletico Madrid,618809,Manu Sánchez,17,
2018,Atletico Madrid,120443,Santiago Arias,26,2478.0
2018,Atletico Madrid,396333,Javi Montero,19,702.0
2018,Atletico Madrid,396324,Carlos Isaac,20,90.0
2018,Atletico Madrid,354697,Tachi,20,
2018,Atletico Madrid,107010,Stefan Savic,27,1783.0
2018,Atletico Madrid,54928,Diego Godín,32,3347.0
2018,Atletico Madrid,21725,Filipe Luís,32,2441.0
2018,Atletico Madrid,16635,Juanfran Torres,33,2336.0
2018,Atletico Madrid,461618,Andrés Solano,20,45.0
2018,Atletico Madrid,357565,Rodri,22,3680.0
2018,Atletico Madrid,74229,Koke,26,3512.0
2018,Atletico Madrid,230784,Thomas Partey,25,2724.0
2018,Atletico Madrid,205562,Thomas Lemar,22,2612.0
2018,Atletico Madrid,148928,Saúl Ñíguez,23,3913.0
2018,Atletico Madrid,295065,Toni Moya,20,135.0
2018,Atletico Madrid,461629,Gustavo Assunção,18,
2018,Atletico Madrid,242299,Roberto Olabe,22,
2018,Atletico Madrid,442802,Cristian Rodríguez,22,
2018,Atletico Madrid,396327,Mikel Carro,19,
2018,Atletico Madrid,125781,Antoine Griezmann,27,4070.0
2018,Atletico Madrid,266807,Ángel Correa,23,2593.0
2018,Atletico Madrid,128223,Álvaro Morata,25,1212.0
2018,Atletico Madrid,505674,Sergio Camello,17,45.0
2018,Atletico Madrid,257448,Gelson Martins,23,455.0
2018,Atletico Madrid,396334,Joaquín Muñoz,19,1.0
2018,Atletico Madrid,505673,Víctor Mollejo,17,62.0
2018,Atletico Madrid,36371,Nikola Kalinić,30,1090.0
2018,Atletico Madrid,44779,Diego Costa,29,1530.0
2018,Atletico Madrid,67082,Vitolo,28,1088.0
2018,Atletico Madrid,566036,Borja Garcés,18,19.0
2018,Real Madrid,108390,Thibaut Courtois,26,3150.0
2018,Real Madrid,404839,Andriy Lunin,19,
2018,Real Madrid,283489,Luca Zidane,20,90.0
2018,Real Madrid,79422,Keylor Navas,31,1920.0
2018,Real Madrid,27486,Kiko Casilla,31,
2018,Real Madrid,282411,Marcos Llorente,23,1179.0
2018,Real Madrid,341264,Fran García,18,45.0
2018,Real Madrid,138927,Daniel Carvajal,26,3142.0
2018,Real Madrid,341263,Adrián Dela,19,
2018,Real Madrid,282429,Sergio Reguilón,21,1796.0
2018,Real Madrid,58884,Nacho Fernández,28,2494.0
2018,Real Madrid,221316,Lucas Vázquez,27,2655.0
2018,Real Madrid,251896,Jesús Vallejo,21,492.0
2018,Real Madrid,25557,Sergio Ramos,32,3663.0
2018,Real Madrid,280730,Álvaro Odriozola,22,1856.0
2018,Real Madrid,340853,Javi Sánchez,21,346.0
2018,Real Madrid,164770,Raphaël Varane,25,3775.0
2018,Real Madrid,44501,Marcelo,30,2858.0
2018,Real Madrid,369081,Federico Valverde,19,1120.0
2018,Real Madrid,296622,Marco Asensio,22,2379.0
2018,Real Madrid,319745,Dani Ceballos,21,1928.0
2018,Real Madrid,16306,Casemiro,26,3263.0
2018,Real Madrid,261503,Álvaro Fidalgo,21,12.0
2018,Real Madrid,27992,Luka Modrić,32,3571.0
2018,Real Madrid,85288,Isco,26,1739.0
2018,Real Madrid,340864,Jaume Grau,21,
2018,Real Madrid,340867,Jaime Seoane,21,
2018,Real Madrid,458466,Franchu,20,
2018,Real Madrid,31909,Toni Kroos,28,3431.0
2018,Real Madrid,371998,Vinicius Junior,17,1742.0
2018,Real Madrid,314678,Brahim Díaz,18,394.0
2018,Real Madrid,298976,Borja Mayoral,21,19.0
2018,Real Madrid,18922,Karim Benzema,30,4305.0
2018,Real Madrid,339707,Cristo,20,81.0
2018,Real Madrid,225020,Mariano Díaz,24,602.0
2018,Real Madrid,39381,Gareth Bale,28,2621.0
2018,Valencia,111819,Neto,28,4230.0
2018,Valencia,398131,Cristian Rivero,20,
2018,Valencia,227805,Jaume Doménech,27,1260.0
2018,Valencia,221322,José Gayà,23,4398.0
2018,Valencia,346289,Mouctar Diakhaby,21,2843.0
2018,Valencia,320271,Toni Lato,20,1041.0
2018,Valencia,423443,Álex Centelles,18,
2018,Valencia,257851,Rúben Vezo,24,742.0
2018,Valencia,149498,Gabriel Paulista,27,4020.0
2018,Valencia,131102,Jeison Murillo,26,270.0
2018,Valencia,61546,Facundo Roncaglia,31,931.0
2018,Valencia,163086,Cristiano Piccini,25,2891.0
2018,Valencia,35939,Ezequiel Garay,31,3009.0
2018,Valencia,557149,Kang-in Lee,17,501.0
2018,Valencia,372246,Carlos Soler,21,3840.0
2018,Valencia,127189,Geoffrey Kondogbia,25,1987.0
2018,Valencia,417575,Uros Racic,20,69.0
2018,Valencia,495629,Hugo Guillamón,18,
2018,Valencia,59561,Dani Parejo,29,4697.0
2018,Valencia,74869,Francis Coquelin,27,2816.0
2018,Valencia,63463,Daniel Wass,29,3742.0
2018,Valencia,398184,Ferran Torres,18,1751.0
2018,Valencia,225122,Gonçalo Guedes,21,2471.0
2018,Valencia,284883,Fran Navarro,20,
2018,Valencia,131505,Rodrigo,27,3781.0
2018,Valencia,179184,Michy Batshuayi,24,1045.0
2018,Valencia,336731,Nacho Gil,22,
2018,Valencia,98322,Denis Cheryshev,27,2229.0
2018,Valencia,85383,Rubén Sobrino,26,419.0
2018,Valencia,328914,Álex Blanco,19,21.0
2018,Valencia,320259,Sito Pascual,21,
2018,Valencia,27389,Kévin Gameiro,31,2658.0
2018,Valencia,255653,Santi Mina,22,2707.0
2018,Sevilla,251892,Juan Soriano,20,945.0
2018,Sevilla,207302,Sergio Rico,24,90.0
2018,Sevilla,396107,Javi Díaz,21,90.0
2018,Sevilla,64000,Tomáš Vaclík,29,4395.0
2018,Sevilla,469737,Lucho García,20,
2018,Sevilla,346766,Guilherme Arana,21,1592.0
2018,Sevilla,263361,Maximilian Wöber,20,582.0
2018,Sevilla,461866,Javi Vázquez,17,90.0
2018,Sevilla,461843,Juan Berrocal,19,215.0
2018,Sevilla,92947,Sergi Gómez,26,4132.0
2018,Sevilla,93935,Sergio Escudero,28,2302.0
2018,Sevilla,45319,Gabriel Mercado,31,2723.0
2018,Sevilla,102744,Sébastien Corchia,27,123.0
2018,Sevilla,48859,Simon Kjaer,29,3035.0
2018,Sevilla,37712,Daniel Carriço,29,3304.0
2018,Sevilla,41281,Nicolás Pareja,34,180.0
2018,Sevilla,378954,Joris Gnagnon,21,1255.0
2018,Sevilla,74230,Pablo Sarabia,26,3738.0
2018,Sevilla,76163,Franco Vázquez,29,3504.0
2018,Sevilla,205503,Ibrahim Amadou,25,1739.0
2018,Sevilla,12249,Éver Banega,30,4075.0
2018,Sevilla,67920,Ganso,28,16.0
2018,Sevilla,317482,Marko Rog,22,477.0
2018,Sevilla,396145,Pepe Mena,20,13.0
2018,Sevilla,202984,Roque Mesa,29,3012.0
2018,Sevilla,60542,Maxime Gonalons,29,768.0
2018,Sevilla,15956,Jesús Navas,32,3585.0
2018,Sevilla,268949,Borja Lasso,24,90.0
2018,Sevilla,537382,Bryan Gil,17,184.0
2018,Sevilla,198008,André Silva,22,2845.0
2018,Sevilla,223725,Munir El Haddadi,22,1333.0
2018,Sevilla,119228,Luis Muriel,27,811.0
2018,Sevilla,534379,Pejiño,21,170.0
2018,Sevilla,146854,Wissam Ben Yedder,27,4028.0
2018,Sevilla,376486,Marc Gual,22,
2018,Sevilla,70934,Nolito,31,963.0
2018,Sevilla,88490,Aleix Vidal,28,1299.0
2018,Sevilla,182381,Quincy Promes,26,2870.0
2018,Real Sociedad,229604,Gerónimo Rulli,26,2610.0
2018,Real Sociedad,428948,Andoni Zubiaurre,21,
2018,Real Sociedad,26065,Miguel Ángel Moyá,34,1170.0
2018,Real Sociedad,339808,Theo Hernández,20,2336.0
2018,Real Sociedad,351809,Robin Le Normand,21,528.0
2018,Real Sociedad,355628,Igor Zubeldia,21,2860.0
2018,Real Sociedad,289255,Andoni Gorosabel,21,454.0
2018,Real Sociedad,246291,Diego Llorente,24,1932.0
2018,Real Sociedad,517842,Aihen Muñoz,20,954.0
2018,Real Sociedad,229804,Aritz Elustondo,24,2362.0
2018,Real Sociedad,206947,Kévin Rodrigues,24,484.0
2018,Real Sociedad,197135,Joseba Zaldua,26,2411.0
2018,Real Sociedad,51046,Héctor Moreno,30,2205.0
2018,Real Sociedad,142419,Raúl Navas,30,1311.0
2018,Real Sociedad,423440,Martín Zubimendi,19,6.0
2018,Real Sociedad,338424,Mikel Merino,22,2202.0
2018,Real Sociedad,465967,Ander Guevara,20,90.0
2018,Real Sociedad,569866,Roberto López,18,28.0
2018,Real Sociedad,59344,Asier Illarramendi,28,2017.0
2018,Real Sociedad,99352,Rubén Pardo,25,1447.0
2018,Real Sociedad,289286,Luca Sangalli,23,1098.0
2018,Real Sociedad,59375,David Zurutuza,31,1411.0
2018,Real Sociedad,351478,Mikel Oyarzabal,21,3500.0
2018,Real Sociedad,616369,Ander Barrenetxea,16,400.0
2018,Real Sociedad,594926,Naïs Djouahra,18,
2018,Real Sociedad,434990,Álex Sola,19,90.0
2018,Real Sociedad,289236,Jon Bautista,22,665.0
2018,Real Sociedad,122155,Willian José,26,2584.0
2018,Real Sociedad,126737,Juanmi,25,1725.0
2018,Real Sociedad,177847,Adnan Januzaj,23,1475.0
2018,Real Sociedad,199369,Sandro Ramírez,22,1158.0
2018,Real Sociedad,289272,Martín Merquelanz,23,5.0
2018,Real Sociedad,563335,Zourdine Thior,20,
2018,Real Betis,286415,Pau López,23,3150.0
2018,Real Betis,101118,Joel Robles,28,1740.0
2018,Real Betis,476344,Emerson Royal,19,318.0
2018,Real Betis,374139,Junior Firpo,21,2314.0
2018,Real Betis,80293,Aïssa Mandi,26,4260.0
2018,Real Betis,99922,Marc Bartra,27,3961.0
2018,Real Betis,401624,Edgar González,21,90.0
2018,Real Betis,521455,Julio Alonso,19,
2018,Real Betis,370691,Francis Guerrero,22,2240.0
2018,Real Betis,129386,Zouhair Feddal,28,2171.0
2018,Real Betis,27374,Sidnei,28,2667.0
2018,Real Betis,32522,Antonio Barragán,31,1671.0
2018,Real Betis,261498,Diego Altamirano,21,
2018,Real Betis,348795,Giovani Lo Celso,22,3488.0
2018,Real Betis,66106,Sergio Canales,27,3814.0
2018,Real Betis,100131,William Carvalho,26,3508.0
2018,Real Betis,429901,Paul Akouokou,20,
2018,Real Betis,77826,Ryad Boudebouz,28,626.0
2018,Real Betis,95641,Darko Brasanac,26,
2018,Real Betis,256120,Wilfrid Kaptoum,21,1059.0
2018,Real Betis,36350,Javi García,31,1175.0
2018,Real Betis,20506,Andrés Guardado,31,3133.0
2018,Real Betis,566667,Jaime Garijo,19,
2018,Real Betis,371174,Diego Lainez,18,494.0
2018,Real Betis,354741,Loren Morón,24,2694.0
2018,Real Betis,234523,Antonio Sanabria,22,1383.0
2018,Real Betis,505675,Rober González,17,11.0
2018,Real Betis,134936,Jesé,25,972.0
2018,Real Betis,98249,Takashi Inui,30,745.0
2018,Real Betis,145769,Sergio León,29,1156.0
2018,Real Betis,141834,Cristian Tello,26,2413.0
2018,Real Betis,7663,Joaquín,36,2552.0
2018,Real Betis,548618,Adrián Tellado,19,
2018,Real Betis,521462,José Manuel Irizo,20,
2018,Athletic Club,262396,Unai Simón,21,990.0
2018,Athletic Club,212862,Álex Remiro,23,
2018,Athletic Club,71570,Iago Herrerín,30,2790.0
2018,Athletic Club,338286,Hodei Oleaga,21,
2018,Athletic Club,524000,Dani Vivian,18,
2018,Athletic Club,158863,Iñigo Martínez,27,3084.0
2018,Athletic Club,338285,Unai Núñez,21,1244.0
2018,Athletic Club,61812,Yuri Berchiche,28,3301.0
2018,Athletic Club,255488,Yeray Álvarez,23,2794.0
2018,Athletic Club,262117,Cristian Ganea,26,67.0
2018,Athletic Club,255501,Iñigo Lekue,25,210.0
2018,Athletic Club,96718,Óscar de Marcos,29,2652.0
2018,Athletic Club,197545,Ander Capa,26,1796.0
2018,Athletic Club,85258,Mikel Balenziaga,30,700.0
2018,Athletic Club,192009,Unai López,22,391.0
2018,Athletic Club,447052,Peru Nolaskoain,19,642.0
2018,Athletic Club,178425,Dani García,28,2623.0
2018,Athletic Club,52469,Mikel San José,29,1993.0
2018,Athletic Club,40888,Beñat Etxebarria,31,2193.0
2018,Athletic Club,71571,Ander Iturraspe,29,262.0
2018,Athletic Club,51474,Mikel Rico,33,242.0
2018,Athletic Club,34601,Raúl García,31,2469.0
2018,Athletic Club,255508,Iñaki Williams,24,3179.0
2018,Athletic Club,335216,Iñigo Vicente,20,
2018,Athletic Club,340205,Gorka Guruzeta,21,304.0
2018,Athletic Club,251848,Iñigo Córdoba,21,1486.0
2018,Athletic Club,197126,Kenan Kodro,24,151.0
2018,Athletic Club,192736,Sabin Merino,26,
2018,Athletic Club,54235,Iker Muniain,25,2545.0
2018,Athletic Club,54245,Markel Susaeta,30,1631.0
2018,Athletic Club,127837,Ibai Gómez,28,668.0
2018,Athletic Club,29124,Aritz Aduriz,37,1118.0
2018,Celta Vigo,297194,Iván Villar,20,
2018,Celta Vigo,199321,Rubén Blanco,22,2340.0
2018,Celta Vigo,45912,Sergio Álvarez,31,1260.0
2018,Celta Vigo,216240,Lucas Olaza,23,898.0
2018,Celta Vigo,273000,Júnior Alonso,25,714.0
2018,Celta Vigo,276111,David Costas,23,1263.0
2018,Celta Vigo,253765,Wesley Hoedt,24,893.0
2018,Celta Vigo,64134,Néstor Araújo,26,2772.0
2018,Celta Vigo,221315,Kevin Vázquez,25,398.0
2018,Celta Vigo,181619,Robert Mazan,24,180.0
2018,Celta Vigo,30677,Gustavo Cabral,32,1988.0
2018,Celta Vigo,164055,David Juncà,24,1758.0
2018,Celta Vigo,61546,Facundo Roncaglia,31,1161.0
2018,Celta Vigo,119905,Hugo Mallo,27,3094.0
2018,Celta Vigo,192735,Stanislav Lobotka,23,2567.0
2018,Celta Vigo,319859,Mathias Jensen,22,235.0
2018,Celta Vigo,309110,Brais Méndez,21,2396.0
2018,Celta Vigo,423444,Fran Beltrán,19,1620.0
2018,Celta Vigo,232271,Sofiane Boufal,24,2099.0
2018,Celta Vigo,137616,Okay Yokuşlu,24,2349.0
2018,Celta Vigo,167798,Andrew Hjulsager,23,509.0
2018,Celta Vigo,168959,Nemanja Radoja,25,
2018,Celta Vigo,77826,Ryad Boudebouz,28,723.0
2018,Celta Vigo,207924,Jozabed Sánchez,27,1191.0
2018,Celta Vigo,396894,Maxi Gómez,21,2997.0
2018,Celta Vigo,249303,Dennis Eckert Ayensa,21,255.0
2018,Celta Vigo,72047,Iago Aspas,30,2372.0
2018,Celta Vigo,252641,Pione Sisto,23,970.0
2018,Celta Vigo,283223,Emre Mor,20,469.0
2018,Celta Vigo,463332,Emmanuel Apeh,21,12.0
2018,Villarreal,57522,Andrés Fernández,31,1980.0
2018,Villarreal,51710,Sergio Asenjo,29,2880.0
2018,Villarreal,30749,Mariano Barbosa,33,
2018,Villarreal,527966,Andrei Rațiu,20,90.0
2018,Villarreal,356197,Alfonso Pedraza,22,2864.0
2018,Villarreal,354742,Pepe Castaño,19,90.0
2018,Villarreal,204102,Xavi Quintillà,21,808.0
2018,Villarreal,399775,Miguel Llambrich,22,1047.0
2018,Villarreal,11111,Ramiro Funes Mori,27,3537.0
2018,Villarreal,73250,Mario Gaspar,27,3401.0
2018,Villarreal,183647,Álvaro González,28,3686.0
2018,Villarreal,62920,Víctor Ruiz,29,2966.0
2018,Villarreal,65318,Jaume Costa,30,2202.0
2018,Villarreal,5856,Daniele Bonera,37,726.0
2018,Villarreal,58576,Miguel Layún,30,1030.0
2018,Villarreal,357885,Pablo Fornals,22,3441.0
2018,Villarreal,341278,Iván Martín,19,7.0
2018,Villarreal,335225,Manu Morlanes,19,1018.0
2018,Villarreal,466298,Santiago Cáseres,21,2306.0
2018,Villarreal,65467,Vicente Iborra,30,1957.0
2018,Villarreal,188854,Manu Trigueros,26,2205.0
2018,Villarreal,56134,Javi Fuego,34,657.0
2018,Villarreal,15799,Santi Cazorla,33,3117.0
2018,Villarreal,40428,Manuel Iturra,34,163.0
2018,Villarreal,44412,Bruno Soriano,34,
2018,Villarreal,401922,Samuel Chukwueze,19,2412.0
2018,Villarreal,251106,Enes Ünal,21,
2018,Villarreal,177467,Gerard Moreno,26,3091.0
2018,Villarreal,315110,Karl Toko Ekambi,25,2753.0
2018,Villarreal,413262,Dani Raba,22,760.0
2018,Villarreal,119235,Carlos Bacca,31,1890.0
2018,Villarreal,82048,Nicola Sansone,26,354.0
2018,RCD Espanyol Barcelona,37403,Roberto,32,570.0
2018,RCD Espanyol Barcelona,34370,Diego López,36,3420.0
2018,RCD Espanyol Barcelona,281769,Mario Hermoso,23,3106.0
2018,RCD Espanyol Barcelona,501418,Adrià Pedrosa,20,1078.0
2018,RCD Espanyol Barcelona,423166,Pipa,20,
2018,RCD Espanyol Barcelona,129444,David López,28,2079.0
2018,RCD Espanyol Barcelona,262391,Lluís López,21,771.0
2018,RCD Espanyol Barcelona,175323,Óscar Duarte,29,837.0
2018,RCD Espanyol Barcelona,356196,Iago Indias,22,
2018,RCD Espanyol Barcelona,49500,Roberto Rosales,29,2230.0
2018,RCD Espanyol Barcelona,148666,Naldo,29,1516.0
2018,RCD Espanyol Barcelona,67090,Dídac Vilà,29,2490.0
2018,RCD Espanyol Barcelona,72310,Javi López,32,2159.0
2018,RCD Espanyol Barcelona,336869,Marc Roca,21,3499.0
2018,RCD Espanyol Barcelona,142021,Sergi Darder,24,3125.0
2018,RCD Espanyol Barcelona,359210,Alfa Semedo,20,42.0
2018,RCD Espanyol Barcelona,448344,Óscar Melendo,20,2351.0
2018,RCD Espanyol Barcelona,313113,Álex López,21,385.0
2018,RCD Espanyol Barcelona,63290,Víctor Sánchez,30,1467.0
2018,RCD Espanyol Barcelona,56067,Pablo Piatti,29,1239.0
2018,RCD Espanyol Barcelona,44065,Esteban Granero,30,2138.0
2018,RCD Espanyol Barcelona,408471,Javi Puado,20,595.0
2018,RCD Espanyol Barcelona,278359,Borja Iglesias,25,3499.0
2018,RCD Espanyol Barcelona,394285,Víctor Campuzano,21,
2018,RCD Espanyol Barcelona,221899,Léo Baptistão,25,1561.0
2018,RCD Espanyol Barcelona,140436,Lei Wu,26,1065.0
2018,RCD Espanyol Barcelona,379530,Carlos Doncel,21,
2018,RCD Espanyol Barcelona,7922,Sergio García,35,1547.0
2018,RCD Espanyol Barcelona,93795,Facundo Ferreyra,27,204.0
2018,RCD Espanyol Barcelona,73636,Hernán Pérez,29,892.0
2018,Getafe,226012,David Soria,25,3330.0
2018,Getafe,246335,Rubén Yáñez,24,
2018,Getafe,95736,Leandro Chichizola,28,630.0
2018,Getafe,376514,Mathías Olivera,20,1011.0
2018,Getafe,583510,Miguel Rubio,20,
2018,Getafe,221150,Dakonam Djené,26,3256.0
2018,Getafe,102423,Leandro Cabrera,27,3127.0
2018,Getafe,170472,Dimitri Foulquier,25,2094.0
2018,Getafe,281755,Iván Alejo,23,333.0
2018,Getafe,70245,Ignasi Miquel,25,587.0
2018,Getafe,76746,Damián Suárez,30,3709.0
2018,Getafe,44699,Antunes,31,2357.0
2018,Getafe,188838,Bruno González,28,2158.0
2018,Getafe,290249,Mauro Arambarri,22,2900.0
2018,Getafe,273152,Nemanja Maksimovic,23,3526.0
2018,Getafe,129693,Gaku Shibasaki,26,500.0
2018,Getafe,138803,Francisco Portillo,28,2343.0
2018,Getafe,188157,Sebastián Cristóforo,24,787.0
2018,Getafe,131506,Samu Saiz,27,471.0
2018,Getafe,51426,Markel Bergara,32,53.0
2018,Getafe,17396,Mathieu Flamini,34,642.0
2018,Getafe,573775,Hugo Duro,18,561.0
2018,Getafe,339820,Amath Ndiaye,21,1010.0
2018,Getafe,227961,Jaime Mata,29,2717.0
2018,Getafe,242532,Rober Ibáñez,25,333.0
2018,Getafe,51510,Ángel Rodríguez,31,2096.0
2018,Getafe,256429,Sergi Guardiola,27,166.0
2018,Getafe,57825,Jorge Molina,36,2783.0
2018,Leganes,404839,Andriy Lunin,19,544.0
2018,Leganes,238032,Andrés Prieto,24,
2018,Leganes,27493,Iván Cuéllar,34,3236.0
2018,Leganes,71835,Jon Ander Serantes,28,
2018,Leganes,282435,David Tejero,22,
2018,Leganes,131090,Diego Reyes,25,319.0
2018,Leganes,189453,Jonathan Silva,24,2850.0
2018,Leganes,427683,Josua Mejías,20,
2018,Leganes,131708,Kenneth Omeruo,24,2704.0
2018,Leganes,245048,Vasyl Kravets,20,559.0
2018,Leganes,111508,Allan Nyom,30,1806.0
2018,Leganes,75127,Ezequiel Muñoz,27,210.0
2018,Leganes,64411,Juanfran Moreno,29,1723.0
2018,Leganes,139434,Raúl Carnero,29,470.0
2018,Leganes,156808,Unai Bustinza,26,2279.0
2018,Leganes,203617,Rodri Tarín,21,1609.0
2018,Leganes,52403,Dimitrios Siovas,29,3233.0
2018,Leganes,284884,Óscar Rodríguez,20,2540.0
2018,Leganes,300168,Mikel Vesga,25,2181.0
2018,Leganes,268670,Gerard Gumbau,23,1485.0
2018,Leganes,571079,Facundo García,18,
2018,Leganes,162079,Fede Vico,23,
2018,Leganes,113045,Rubén Pérez,29,2565.0
2018,Leganes,150948,Recio,27,1468.0
2018,Leganes,156814,Javi Eraso,28,907.0
2018,Leganes,433049,Youssef En-Nesyri,21,2219.0
2018,Leganes,95732,Martin Braithwaite,27,1588.0
2018,Leganes,364603,José Manuel Arnáiz,23,147.0
2018,Leganes,111621,Dani Ojeda,23,191.0
2018,Leganes,178107,Michael Santos,25,552.0
2018,Leganes,457782,Owusu Kwabena,21,
2018,Leganes,184672,Guido Carrillo,27,2011.0
2018,Leganes,456938,Javi Avilés,20,8.0
2018,Leganes,192736,Sabin Merino,26,549.0
2018,Leganes,193938,Diego Rolán,25,373.0
2018,Leganes,37917,Nabil El Zhar,31,1182.0
2018,Leganes,171165,Mamadou Koné,26,
2018,Leganes,217728,Alexander Szymanowski,29,10.0
2018,Alaves,298197,Antonio Sivera,21,450.0
2018,Alaves,172015,Fernando Pacheco,26,3150.0
2018,Alaves,524937,Álex Domínguez,19,
2018,Alaves,177046,Rubén Duarte,22,2776.0
2018,Alaves,249730,Guillermo Maripán,24,2188.0
2018,Alaves,295414,Adrián Marín,21,373.0
2018,Alaves,355335,Adrián Diéguez,22,180.0
2018,Alaves,176140,Rodrigo Ely,24,431.0
2018,Alaves,483573,Martín Aguirregabiria,22,2124.0
2018,Alaves,184767,Ximo Navarro,28,2533.0
2018,Alaves,263627,Carlos Vigaray,23,826.0
2018,Alaves,67080,Víctor Laguardia,28,3240.0
2018,Alaves,483742,Antonio Perera,21,
2018,Alaves,95641,Darko Brasanac,26,1767.0
2018,Alaves,93142,Dani Torres,28,161.0
2018,Alaves,139895,Tomás Pina,30,2344.0
2018,Alaves,76273,Manu García,32,2415.0
2018,Alaves,45639,Mubarak Wakaso,27,1664.0
2018,Alaves,284727,Jonathan Calleri,24,2915.0
2018,Alaves,85324,Borja Bastón,25,1616.0
2018,Alaves,188651,Patrick Twumasi,24,202.0
2018,Alaves,85383,Rubén Sobrino,26,1124.0
2018,Alaves,328914,Álex Blanco,19,14.0
2018,Alaves,98249,Takashi Inui,30,837.0
2018,Alaves,193938,Diego Rolán,25,293.0
2018,Alaves,98596,John Guidetti,26,759.0
2018,Alaves,127837,Ibai Gómez,28,1468.0
2018,Alaves,246277,Burgui,24,730.0
2018,Alaves,228761,Jony,26,2993.0
2018,Levante,118997,Aitor Fernández,27,1800.0
2018,Levante,299715,Koke Vegas,22,90.0
2018,Levante,8176,Oier Olazábal,28,1890.0
2018,Levante,336168,Shaq Moore,21,
2018,Levante,387129,Róber Pier,23,3125.0
2018,Levante,478426,Genís Montolio,21,
2018,Levante,257851,Rúben Vezo,24,1340.0
2018,Levante,302991,Erick Cabaco,23,1909.0
2018,Levante,158791,Sergio Postigo,29,1611.0
2018,Levante,248330,Chema Rodríguez,26,1410.0
2018,Levante,126516,Antonio Luna,27,1439.0
2018,Levante,125931,Toño García,28,1767.0
2018,Levante,71905,Coke,31,2085.0
2018,Levante,25412,Pedro López,34,553.0
2018,Levante,328480,Pepelu,19,
2018,Levante,245014,Enis Bardhi,22,2937.0
2018,Levante,120095,José Campaña,25,3391.0
2018,Levante,385084,Fran Manzanara,21,155.0
2018,Levante,337781,Arturo Molina,21,
2018,Levante,129679,Cheick Doukouré,25,441.0
2018,Levante,125783,Sanjin Prcic,24,894.0
2018,Levante,151470,Nikola Vukcevic,26,740.0
2018,Levante,274862,Moses Simon,22,1122.0
2018,Levante,298976,Borja Mayoral,21,1946.0
2018,Levante,263860,Jason Remeseiro,23,2413.0
2018,Levante,332612,Emmanuel Boateng,22,912.0
2018,Levante,212391,Roger Martí,27,1892.0
2018,Levante,252677,José Luis Morales,30,3225.0
2018,Levante,208890,Samu García,27,74.0
2018,Levante,67548,Rubén Rochina,27,1901.0
2018,Levante,254290,Raphael Dwamena,22,423.0
2018,Girona,207834,Yassine Bounou,27,2862.0
2018,Girona,223720,José Aurelio Suárez,22,
2018,Girona,378947,Marc Vito,22,
2018,Girona,7874,Gorka Iraizoz,37,1098.0
2018,Girona,553875,Pedro Porro,18,2392.0
2018,Girona,262939,Johan Mojica,25,19.0
2018,Girona,342218,Yhoan Andzouana,21,159.0
2018,Girona,337946,Jairo Izquierdo,24,
2018,Girona,115333,Juanpe,27,2994.0
2018,Girona,74228,Marc Muniesa,26,1808.0
2018,Girona,69660,Jonás Ramalho,25,2070.0
2018,Girona,51663,Pedro Alcalá,29,2183.0
2018,Girona,64598,Bernardo Espinosa,28,3147.0
2018,Girona,132921,Aday Benítez,30,647.0
2018,Girona,139434,Raúl Carnero,29,1034.0
2018,Girona,66099,Carles Planas,27,419.0
2018,Girona,261504,Aleix García,21,1935.0
2018,Girona,447661,Douglas Luiz,20,1958.0
2018,Girona,282689,Seung-ho Paik,21,224.0
2018,Girona,242497,Pere Pons,25,2877.0
2018,Girona,158795,David Timor,28,164.0
2018,Girona,293383,Èric Montes,20,5.0
2018,Girona,255284,Álex Granell,29,2746.0
2018,Girona,67808,Borja García,27,2755.0
2018,Girona,225452,Patrick Roberts,21,641.0
2018,Girona,99353,Portu,26,2958.0
2018,Girona,59323,Cristhian Stuani,31,2872.0
2018,Girona,131275,Choco Lozano,25,1180.0
2018,Girona,331496,Valery Fernández,18,1275.0
2018,Girona,353959,Kévin Soni,20,168.0
2018,Girona,533110,Álex Pachón,17,22.0
2018,Girona,243715,Sebas Coris,25,
2018,Girona,75287,Seydou Doumbia,30,867.0
2018,Eibar,94308,Marko Dmitrovic,26,2160.0
2018,Eibar,58115,Yoel Rodríguez,29,
2018,Eibar,23338,Asier Riesgo,34,1440.0
2018,Eibar,288371,Markel Areitio,21,
2018,Eibar,284857,Marc Cucurella,19,2536.0
2018,Eibar,238868,Rubén Peña,26,2734.0
2018,Eibar,139336,Paulo Oliveira,26,2297.0
2018,Eibar,203043,Pedro Bigas,28,764.0
2018,Eibar,255904,Kaiser,22,
2018,Eibar,71548,Anaitz Arbilla,31,2123.0
2018,Eibar,26066,Iván Ramis,33,1718.0
2018,Eibar,87469,Cote,28,3080.0
2018,Eibar,263727,Joan Jordán,23,3014.0
2018,Eibar,266795,Gonzalo Escalante,25,1781.0
2018,Eibar,138935,Sergio Álvarez,26,1244.0
2018,Eibar,398738,Miguel Marí,21,67.0
2018,Eibar,286849,Jordi Calavera,22,9.0
2018,Eibar,75446,Pablo de Blasis,30,1562.0
2018,Eibar,39907,Pape Diop,32,2402.0
2018,Eibar,225593,Pere Milla,25,480.0
2018,Eibar,93936,Kike García,28,1383.0
2018,Eibar,634105,Alberto Marí,16,
2018,Eibar,443222,Marc Cardona,22,778.0
2018,Eibar,81988,Sergi Enrich,28,2594.0
2018,Eibar,153427,Bebé,27,62.0
2018,Eibar,142027,Pablo Hervías,25,316.0
2018,Eibar,60890,Fabián Orellana,32,2738.0
2018,Eibar,154059,Charles,34,1852.0
2018,Eibar,51587,Pedro León,31,426.0
2018,Rayo Vallecano,165467,Stole Dimitrievski,24,1980.0
2018,Rayo Vallecano,607780,Miguel Ángel Morro,17,
2018,Rayo Vallecano,58497,Alberto García,33,1620.0
2018,Rayo Vallecano,355627,Sergio Akieme,20,360.0
2018,Rayo Vallecano,193098,Álex Moreno,25,3139.0
2018,Rayo Vallecano,449796,Alejandro Catena,23,177.0
2018,Rayo Vallecano,85289,Jordi Amat,26,2764.0
2018,Rayo Vallecano,638588,Martín Pascual,18,
2018,Rayo Vallecano,189458,Emiliano Velázquez,24,1455.0
2018,Rayo Vallecano,281773,José León,23,
2018,Rayo Vallecano,103890,Luis Advíncula,28,2482.0
2018,Rayo Vallecano,106837,Abdoulaye Ba,27,2202.0
2018,Rayo Vallecano,128295,Tito,32,1184.0
2018,Rayo Vallecano,70898,Chechu Dorado,35,270.0
2018,Rayo Vallecano,128488,Alejandro Gálvez,29,1426.0
2018,Rayo Vallecano,603621,Luis Meseguer,18,
2018,Rayo Vallecano,380598,Santi Comesaña,21,2032.0
2018,Rayo Vallecano,253839,Álvaro Medrán,24,1238.0
2018,Rayo Vallecano,638589,Ángel Algobia,19,
2018,Rayo Vallecano,195605,José Pozo,22,1749.0
2018,Rayo Vallecano,262689,Uche Agbo,22,373.0
2018,Rayo Vallecano,47647,Gorka Elustondo,31,285.0
2018,Rayo Vallecano,30321,Óscar Trejo,30,1856.0
2018,Rayo Vallecano,74297,Gaël Kakuta,27,723.0
2018,Rayo Vallecano,130756,Giannelli Imbula,25,1919.0
2018,Rayo Vallecano,37337,Mario Suárez,31,1029.0
2018,Rayo Vallecano,629020,Manu Navarro,17,
2018,Rayo Vallecano,257062,Álvaro García,25,1877.0
2018,Rayo Vallecano,288318,Adrián Embarba,26,2291.0
2018,Rayo Vallecano,162038,Raúl de Tomás,23,2849.0
2018,Rayo Vallecano,607779,Sergio Moreno,19,31.0
2018,Rayo Vallecano,153427,Bebé,27,1430.0
2018,Rayo Vallecano,178187,Álex Alegría,25,312.0
2018,Rayo Vallecano,182963,Lass Bangoura,26,16.0
2018,Rayo Vallecano,46215,Javi Guerra,36,231.0
2018,Rayo Vallecano,59783,Franco Di Santo,29,169.0
2018,Real Valladolid CF,268946,José Antonio Caro,24,
2018,Real Valladolid CF,363541,Samu Pérez,21,
2018,Real Valladolid CF,58115,Yoel Rodríguez,29,630.0
2018,Real Valladolid CF,65263,Jordi Masip,29,3150.0
2018,Real Valladolid CF,563963,Mohammed Salisu,19,180.0
2018,Real Valladolid CF,357884,Fernando Calero,22,3130.0
2018,Real Valladolid CF,221321,Joaquín Fernández,22,1196.0
2018,Real Valladolid CF,379714,Roberto Corral,20,
2018,Real Valladolid CF,260230,Moi Delgado,24,540.0
2018,Real Valladolid CF,127554,Nacho Martínez,29,3240.0
2018,Real Valladolid CF,71204,Javi Moyano,32,2196.0
2018,Real Valladolid CF,230895,Alberto Guitián,27,28.0
2018,Real Valladolid CF,501126,Javi Aparicio,18,83.0
2018,Real Valladolid CF,51667,Kiko Olivas,29,3102.0
2018,Real Valladolid CF,62144,Antoñito,30,2035.0
2018,Real Valladolid CF,311696,Kuki Zalazar,20,74.0
2018,Real Valladolid CF,282371,Ivi López,24,180.0
2018,Real Valladolid CF,321629,Moctar El Hacen,20,2.0
2018,Real Valladolid CF,247250,Rubén Alcaraz,27,3069.0
2018,Real Valladolid CF,307519,Fede San Emeterio,21,
2018,Real Valladolid CF,221309,Óscar Plano,27,2899.0
2018,Real Valladolid CF,199330,Antonio Cotán,22,13.0
2018,Real Valladolid CF,531305,Pablo Muñoz,18,
2018,Real Valladolid CF,207922,Luismi Sánchez,26,180.0
2018,Real Valladolid CF,7512,Borja Fernández,37,1109.0
2018,Real Valladolid CF,65331,Míchel Herrero,29,2553.0
2018,Real Valladolid CF,251106,Enes Ünal,21,2175.0
2018,Real Valladolid CF,538810,Chris Ramos,21,64.0
2018,Real Valladolid CF,480883,Miguel de la Fuente,18,101.0
2018,Real Valladolid CF,294894,Leo Suárez,22,715.0
2018,Real Valladolid CF,256361,Daniele Verde,22,895.0
2018,Real Valladolid CF,327126,Anuar,23,1443.0
2018,Real Valladolid CF,404688,Waldo Rubio,22,493.0
2018,Real Valladolid CF,337066,Toni Villa,23,1774.0
2018,Real Valladolid CF,288453,Antonio Domínguez,25,
2018,Real Valladolid CF,591375,Stiven Plaza,19,36.0
2018,Real Valladolid CF,142027,Pablo Hervías,25,160.0
2018,Real Valladolid CF,46415,Duje Cop,28,927.0
2018,Real Valladolid CF,66112,Keko Gontán,26,1703.0
2018,Real Valladolid CF,355629,David Mayoral,21,
2018,Real Valladolid CF,256429,Sergi Guardiola,27,1516.0
2018,SD Huesca,256567,Aleksandar Jovanovic,25,1080.0
2018,SD Huesca,236734,Axel Werner,22,720.0
2018,SD Huesca,229798,Ander Bardají,23,
2018,SD Huesca,290275,Antonio Valera,21,
2018,SD Huesca,58341,Javi Varas,35,
2018,SD Huesca,35541,Roberto Santamaría,33,1800.0
2018,SD Huesca,448628,Javi Galán,23,1440.0
2018,SD Huesca,355335,Adrián Diéguez,22,749.0
2018,SD Huesca,67546,Jorge Pulido,27,2849.0
2018,SD Huesca,171362,Pablo Insua,24,959.0
2018,SD Huesca,197602,Rúben Semedo,24,881.0
2018,SD Huesca,225015,Carlos Akapo,25,1114.0
2018,SD Huesca,639142,Nacho Uche,18,
2018,SD Huesca,60289,Rajko Brezancic,28,203.0
2018,SD Huesca,71559,Xabi Etxeita,30,2768.0
2018,SD Huesca,73180,Martín Mantovani,33,699.0
2018,SD Huesca,561614,Javier Almerge,17,62.0
2018,SD Huesca,56777,Luisinho,33,509.0
2018,SD Huesca,378293,Yangel Herrera,20,1158.0
2018,SD Huesca,175449,Moi Gómez,24,3062.0
2018,SD Huesca,162056,Gonzalo Melero,24,1436.0
2018,SD Huesca,256680,Juanpi,24,672.0
2018,SD Huesca,374077,Christian Rivera,20,1784.0
2018,SD Huesca,228917,Jorge Miramón,29,2569.0
2018,SD Huesca,223073,Eugeni,23,
2018,SD Huesca,8108,Lluis Sastre,32,279.0
2018,SD Huesca,67823,Damián Musto,31,1733.0
2018,SD Huesca,382773,Jonathan Rubio Toro,21,
2018,SD Huesca,391045,Javito López,19,
2018,SD Huesca,75820,Juan Aguilera,32,482.0
2018,SD Huesca,26148,Juanjo Camacho,37,62.0
2018,SD Huesca,459463,Cucho Hernández,19,2152.0
2018,SD Huesca,167721,Chimy Ávila,24,2166.0
2018,SD Huesca,531829,Dani Escriche,20,
2018,SD Huesca,98512,Serdar Gürler,26,651.0
2018,SD Huesca,114060,Enric Gallego,31,1541.0
2018,SD Huesca,210143,Álex Gallar,26,1000.0
2018,SD Huesca,124560,Samuele Longo,26,739.0
2018,SD Huesca,71918,David Ferreiro,30,2277.0
2019,Barcelona,283170,Iñaki Peña,20,
2019,Barcelona,466783,Arnau Tenas,18,
2019,Barcelona,74857,Marc-André ter Stegen,27,4140.0
2019,Barcelona,111819,Neto,29,450.0
2019,Barcelona,605184,Jean-Clair Todibo,19,167.0
2019,Barcelona,480267,Ronald Araujo,20,236.0
2019,Barcelona,331505,Óscar Mingueza,20,
2019,Barcelona,494880,Jorge Cuenca,19,
2019,Barcelona,231572,Nélson Semedo,25,2994.0
2019,Barcelona,182904,Clément Lenglet,24,3419.0
2019,Barcelona,355627,Sergio Akieme,21,
2019,Barcelona,374139,Junior Firpo,22,1397.0
2019,Barcelona,333361,Chumi,20,
2019,Barcelona,364240,Moussa Wagué,20,181.0
2019,Barcelona,282726,Dani Morer,21,
2019,Barcelona,18944,Gerard Piqué,32,3986.0
2019,Barcelona,69751,Jordi Alba,30,2823.0
2019,Barcelona,126540,Samuel Umtiti,25,1320.0
2019,Barcelona,326330,Frenkie de Jong,22,3226.0
2019,Barcelona,331511,Riqui Puig,19,578.0
2019,Barcelona,282727,Monchu,19,6.0
2019,Barcelona,362842,Arthur Melo,22,1541.0
2019,Barcelona,284854,Carles Aleñá,21,260.0
2019,Barcelona,490884,Ludovit Reis,19,
2019,Barcelona,282722,Álex Collado,20,5.0
2019,Barcelona,85370,Sergi Roberto,27,3021.0
2019,Barcelona,388548,Jandro Orellana,18,
2019,Barcelona,37666,Arturo Vidal,32,2246.0
2019,Barcelona,32467,Ivan Rakitic,31,2114.0
2019,Barcelona,65230,Sergio Busquets,30,3265.0
2019,Barcelona,129473,Rafinha,26,187.0
2019,Barcelona,288230,Ousmane Dembélé,22,494.0
2019,Barcelona,28003,Lionel Messi,32,3811.0
2019,Barcelona,466810,Ansu Fati,16,1378.0
2019,Barcelona,125781,Antoine Griezmann,28,3503.0
2019,Barcelona,340376,Abel Ruiz,19,
2019,Barcelona,282810,Carles Pérez,21,617.0
2019,Barcelona,308278,Rey Manaj,22,
2019,Barcelona,44352,Luis Suárez,32,2659.0
2019,Barcelona,95732,Martin Braithwaite,28,403.0
2019,Barcelona,466809,Konrad de la Fuente,17,
2019,Barcelona,388519,Kike Saverio,20,
2019,Real Madrid,108390,Thibaut Courtois,27,3856.0
2019,Real Madrid,120629,Alphonse Areola,26,765.0
2019,Real Madrid,79422,Keylor Navas,32,
2019,Real Madrid,549069,Diego Altube,19,
2019,Real Madrid,623525,Luis López,18,
2019,Real Madrid,525299,Miguel Gutiérrez,17,
2019,Real Madrid,401530,Éder Militão,21,1469.0
2019,Real Madrid,138927,Daniel Carvajal,27,3753.0
2019,Real Madrid,291417,Ferland Mendy,24,2405.0
2019,Real Madrid,341263,Adrián Dela,20,
2019,Real Madrid,422466,Javi Hernández,21,
2019,Real Madrid,58884,Nacho Fernández,29,689.0
2019,Real Madrid,221316,Lucas Vázquez,28,1032.0
2019,Real Madrid,25557,Sergio Ramos,33,3829.0
2019,Real Madrid,280730,Álvaro Odriozola,23,434.0
2019,Real Madrid,164770,Raphaël Varane,26,3843.0
2019,Real Madrid,44501,Marcelo,31,1855.0
2019,Real Madrid,369081,Federico Valverde,20,2714.0
2019,Real Madrid,296622,Marco Asensio,23,370.0
2019,Real Madrid,16306,Casemiro,27,4081.0
2019,Real Madrid,27992,Luka Modrić,33,2632.0
2019,Real Madrid,85288,Isco,27,1618.0
2019,Real Madrid,627226,Reinier,17,
2019,Real Madrid,88103,James Rodríguez,27,728.0
2019,Real Madrid,31909,Toni Kroos,29,3569.0
2019,Real Madrid,371998,Vinicius Junior,18,1818.0
2019,Real Madrid,412363,Rodrygo,18,1428.0
2019,Real Madrid,314678,Brahim Díaz,19,207.0
2019,Real Madrid,257462,Luka Jović,21,825.0
2019,Real Madrid,18922,Karim Benzema,31,3981.0
2019,Real Madrid,225020,Mariano Díaz,25,86.0
2019,Real Madrid,50202,Eden Hazard,28,1545.0
2019,Real Madrid,39381,Gareth Bale,29,1262.0
2019,Atletico Madrid,121483,Jan Oblak,26,4446.0
2019,Atletico Madrid,44062,Antonio Adán,32,144.0
2019,Atletico Madrid,396341,Álex dos Santos,20,
2019,Atletico Madrid,282411,Marcos Llorente,24,1720.0
2019,Atletico Madrid,476352,Renan Lodi,21,3317.0
2019,Atletico Madrid,250845,José María Giménez,24,2151.0
2019,Atletico Madrid,281769,Mario Hermoso,24,1691.0
2019,Atletico Madrid,618809,Manu Sánchez,18,446.0
2019,Atletico Madrid,388545,Ricard Sánchez,19,
2019,Atletico Madrid,95810,Kieran Trippier,28,2731.0
2019,Atletico Madrid,120443,Santiago Arias,27,1396.0
2019,Atletico Madrid,107010,Stefan Savic,28,2483.0
2019,Atletico Madrid,495600,Álvaro García,19,
2019,Atletico Madrid,156501,Felipe,30,3091.0
2019,Atletico Madrid,76061,Sime Vrsaljko,27,484.0
2019,Atletico Madrid,74229,Koke,27,3527.0
2019,Atletico Madrid,230784,Thomas Partey,26,3573.0
2019,Atletico Madrid,205562,Thomas Lemar,23,1147.0
2019,Atletico Madrid,148928,Saúl Ñíguez,24,4246.0
2019,Atletico Madrid,295065,Toni Moya,21,3.0
2019,Atletico Madrid,122043,Héctor Herrera,29,1530.0
2019,Atletico Madrid,396340,Óscar Clemente,20,3.0
2019,Atletico Madrid,462250,João Félix,19,2483.0
2019,Atletico Madrid,266807,Ángel Correa,24,2820.0
2019,Atletico Madrid,128223,Álvaro Morata,26,2804.0
2019,Atletico Madrid,548188,Germán Valera,17,3.0
2019,Atletico Madrid,140776,Yannick Carrasco,25,718.0
2019,Atletico Madrid,461617,Rodrigo Riquelme,19,30.0
2019,Atletico Madrid,505674,Sergio Camello,18,45.0
2019,Atletico Madrid,399780,Darío Poveda,22,7.0
2019,Atletico Madrid,274347,Ivan Saponjic,21,64.0
2019,Atletico Madrid,44779,Diego Costa,30,1809.0
2019,Atletico Madrid,67082,Vitolo,29,1486.0
2019,Valencia,146227,Jasper Cillessen,30,2637.0
2019,Valencia,398131,Cristian Rivero,21,
2019,Valencia,227805,Jaume Doménech,28,1893.0
2019,Valencia,221322,José Gayà,24,2666.0
2019,Valencia,367466,Thierry Correia,20,490.0
2019,Valencia,346289,Mouctar Diakhaby,22,2052.0
2019,Valencia,149498,Gabriel Paulista,28,3643.0
2019,Valencia,282724,Adrián Guerrero,21,127.0
2019,Valencia,602156,Guillem Molina,19,
2019,Valencia,65318,Jaume Costa,31,1890.0
2019,Valencia,90681,Eliaquim Mangala,28,855.0
2019,Valencia,163086,Cristiano Piccini,26,75.0
2019,Valencia,35939,Ezequiel Garay,32,1891.0
2019,Valencia,130365,Alessandro Florenzi,28,768.0
2019,Valencia,251860,Javi Jiménez,22,
2019,Valencia,557149,Kang-in Lee,18,695.0
2019,Valencia,372246,Carlos Soler,22,2856.0
2019,Valencia,127189,Geoffrey Kondogbia,26,2351.0
2019,Valencia,569375,Koba Koindredi,17,
2019,Valencia,495629,Hugo Guillamón,19,495.0
2019,Valencia,59561,Dani Parejo,30,4140.0
2019,Valencia,74869,Francis Coquelin,28,2582.0
2019,Valencia,622992,Pablo Gozálbez,18,
2019,Valencia,63463,Daniel Wass,30,3632.0
2019,Valencia,599263,Vicente Esquerdo,20,97.0
2019,Valencia,398184,Ferran Torres,19,3107.0
2019,Valencia,225122,Gonçalo Guedes,22,1489.0
2019,Valencia,131505,Rodrigo,28,2506.0
2019,Valencia,396894,Maxi Gómez,22,2824.0
2019,Valencia,98322,Denis Cheryshev,28,1206.0
2019,Valencia,85383,Rubén Sobrino,27,197.0
2019,Valencia,527350,Manu Vallejo,22,484.0
2019,Valencia,27389,Kévin Gameiro,32,2087.0
2019,Real Sociedad,212862,Álex Remiro,24,2880.0
2019,Real Sociedad,561702,Gaizka Ayesa,18,
2019,Real Sociedad,428948,Andoni Zubiaurre,22,
2019,Real Sociedad,26065,Miguel Ángel Moyá,35,1260.0
2019,Real Sociedad,351809,Robin Le Normand,22,3109.0
2019,Real Sociedad,355628,Igor Zubeldia,22,3290.0
2019,Real Sociedad,580560,Jon Pacheco,18,78.0
2019,Real Sociedad,289255,Andoni Gorosabel,22,1163.0
2019,Real Sociedad,246291,Diego Llorente,25,2418.0
2019,Real Sociedad,517842,Aihen Muñoz,21,1328.0
2019,Real Sociedad,524925,Modibo Sagnan,20,90.0
2019,Real Sociedad,229804,Aritz Elustondo,25,1764.0
2019,Real Sociedad,206947,Kévin Rodrigues,25,6.0
2019,Real Sociedad,434602,Aritz Arambarri,21,
2019,Real Sociedad,197135,Joseba Zaldua,27,2822.0
2019,Real Sociedad,43003,Nacho Monreal,33,2783.0
2019,Real Sociedad,423440,Martín Zubimendi,20,661.0
2019,Real Sociedad,316264,Martin Ødegaard,20,2934.0
2019,Real Sociedad,338424,Mikel Merino,23,3706.0
2019,Real Sociedad,465967,Ander Guevara,21,1221.0
2019,Real Sociedad,569866,Roberto López,19,49.0
2019,Real Sociedad,59344,Asier Illarramendi,29,217.0
2019,Real Sociedad,99352,Rubén Pardo,26,90.0
2019,Real Sociedad,289286,Luca Sangalli,24,561.0
2019,Real Sociedad,35518,David Silva,33,85.0
2019,Real Sociedad,59375,David Zurutuza,32,155.0
2019,Real Sociedad,349066,Alexander Isak,19,2064.0
2019,Real Sociedad,351478,Mikel Oyarzabal,22,3673.0
2019,Real Sociedad,616369,Ander Barrenetxea,17,817.0
2019,Real Sociedad,594926,Naïs Djouahra,19,27.0
2019,Real Sociedad,289236,Jon Bautista,23,
2019,Real Sociedad,216464,Carlos Fernández,23,2.0
2019,Real Sociedad,99353,Portu,27,2648.0
2019,Real Sociedad,122155,Willian José,27,2162.0
2019,Real Sociedad,625654,Julen Lobete,18,
2019,Real Sociedad,177847,Adnan Januzaj,24,1443.0
2019,Sevilla,207834,Yassine Bounou,28,1575.0
2019,Sevilla,207302,Sergio Rico,25,
2019,Sevilla,396107,Javi Díaz,22,
2019,Sevilla,64000,Tomáš Vaclík,30,3285.0
2019,Sevilla,537367,Alfonso Pastor,18,
2019,Sevilla,411975,Jules Koundé,20,3252.0
2019,Sevilla,676042,Juanlu Sánchez,15,
2019,Sevilla,329145,Diego Carlos,26,3961.0
2019,Sevilla,282429,Sergio Reguilón,22,3055.0
2019,Sevilla,92947,Sergi Gómez,27,1419.0
2019,Sevilla,711628,Pablo Pérez,17,
2019,Sevilla,387321,Felipe Chacartegui,21,
2019,Sevilla,93935,Sergio Escudero,29,1668.0
2019,Sevilla,37712,Daniel Carriço,30,940.0
2019,Sevilla,214775,Óliver Torres,24,2277.0
2019,Sevilla,74294,Nemanja Gudelj,27,2217.0
2019,Sevilla,263727,Joan Jordán,24,3245.0
2019,Sevilla,76163,Franco Vázquez,30,1546.0
2019,Sevilla,12249,Éver Banega,31,3057.0
2019,Sevilla,396109,Genaro Rodríguez,21,90.0
2019,Sevilla,396145,Pepe Mena,21,44.0
2019,Sevilla,15956,Jesús Navas,33,4150.0
2019,Sevilla,51174,Fernando,31,3316.0
2019,Sevilla,433049,Youssef En-Nesyri,22,1112.0
2019,Sevilla,537382,Bryan Gil,18,263.0
2019,Sevilla,189441,Lucas Ocampos,24,3576.0
2019,Sevilla,223725,Munir El Haddadi,23,1757.0
2019,Sevilla,341272,Álex Pozo,20,664.0
2019,Sevilla,174694,Rony Lopes,23,609.0
2019,Sevilla,145866,Munas Dabbur,27,446.0
2019,Sevilla,111961,Suso,25,1257.0
2019,Sevilla,72522,Luuk de Jong,28,2705.0
2019,Sevilla,50935,Chicharito,31,795.0
2019,Sevilla,461858,José Alonso Lara,19,
2019,Sevilla,70934,Nolito,32,1217.0
2019,Real Betis,335221,Dani Martín,20,740.0
2019,Real Betis,251877,Carlos Marín,22,
2019,Real Betis,101118,Joel Robles,29,2978.0
2019,Real Betis,566666,Dani Rebollo,19,
2019,Real Betis,476344,Emerson Royal,20,2960.0
2019,Real Betis,193098,Álex Moreno,26,2477.0
2019,Real Betis,356197,Alfonso Pedraza,23,1350.0
2019,Real Betis,80293,Aïssa Mandi,27,2668.0
2019,Real Betis,99922,Marc Bartra,28,2781.0
2019,Real Betis,401624,Edgar González,22,897.0
2019,Real Betis,630989,Ricardo Visus,18,
2019,Real Betis,370691,Francis Guerrero,23,90.0
2019,Real Betis,129386,Zouhair Feddal,29,1554.0
2019,Real Betis,27374,Sidnei,29,1222.0
2019,Real Betis,32522,Antonio Barragán,32,819.0
2019,Real Betis,284890,José Luis Trápaga,21,
2019,Real Betis,203496,Nabil Fekir,25,2769.0
2019,Real Betis,342385,Guido Rodríguez,25,1010.0
2019,Real Betis,66106,Sergio Canales,28,3257.0
2019,Real Betis,284854,Carles Aleñá,21,940.0
2019,Real Betis,100131,William Carvalho,27,894.0
2019,Real Betis,531413,Ale Meléndez,20,19.0
2019,Real Betis,784429,Jorge Jiménez,20,
2019,Real Betis,582717,David Ramos,21,
2019,Real Betis,630990,Ismael Gutiérrez,18,154.0
2019,Real Betis,256120,Wilfrid Kaptoum,22,281.0
2019,Real Betis,36350,Javi García,32,464.0
2019,Real Betis,20506,Andrés Guardado,32,2134.0
2019,Real Betis,633169,Nil Garrido,18,
2019,Real Betis,371174,Diego Lainez,19,572.0
2019,Real Betis,631002,Raúl García,18,16.0
2019,Real Betis,278359,Borja Iglesias,26,2067.0
2019,Real Betis,630995,Rodri Sánchez,19,
2019,Real Betis,354741,Loren Morón,25,2202.0
2019,Real Betis,126737,Juanmi,26,263.0
2019,Real Betis,578878,Ángel Baena,18,
2019,Real Betis,141834,Cristian Tello,27,994.0
2019,Real Betis,7663,Joaquín,37,2138.0
2019,Athletic Club,262396,Unai Simón,22,3352.0
2019,Athletic Club,379548,Jokin Ezkieta,22,115.0
2019,Athletic Club,480958,Ander Iru,20,
2019,Athletic Club,71570,Iago Herrerín,31,726.0
2019,Athletic Club,524000,Dani Vivian,19,
2019,Athletic Club,488626,Jesús Areso,19,
2019,Athletic Club,158863,Iñigo Martínez,28,3750.0
2019,Athletic Club,439465,Gaizka Larrazabal,21,326.0
2019,Athletic Club,338285,Unai Núñez,22,2054.0
2019,Athletic Club,61812,Yuri Berchiche,29,3467.0
2019,Athletic Club,255488,Yeray Álvarez,24,3381.0
2019,Athletic Club,295082,Jon Sillero,21,
2019,Athletic Club,255501,Iñigo Lekue,26,935.0
2019,Athletic Club,96718,Óscar de Marcos,30,630.0
2019,Athletic Club,197545,Ander Capa,27,3340.0
2019,Athletic Club,85258,Mikel Balenziaga,31,728.0
2019,Athletic Club,571020,Oihan Sancet,19,766.0
2019,Athletic Club,192009,Unai López,23,1976.0
2019,Athletic Club,610083,Unai Vencedor,18,142.0
2019,Athletic Club,300168,Mikel Vesga,26,1772.0
2019,Athletic Club,178425,Dani García,29,3487.0
2019,Athletic Club,52469,Mikel San José,30,466.0
2019,Athletic Club,40888,Beñat Etxebarria,32,620.0
2019,Athletic Club,34601,Raúl García,32,3584.0
2019,Athletic Club,255508,Iñaki Williams,25,3629.0
2019,Athletic Club,338425,Álex Berenguer,23,76.0
2019,Athletic Club,251897,Asier Villalibre,21,733.0
2019,Athletic Club,251848,Iñigo Córdoba,22,1526.0
2019,Athletic Club,197126,Kenan Kodro,25,368.0
2019,Athletic Club,54235,Iker Muniain,26,2963.0
2019,Athletic Club,127837,Ibai Gómez,29,871.0
2019,Athletic Club,29124,Aritz Aduriz,38,241.0
2019,Villarreal,57522,Andrés Fernández,32,840.0
2019,Villarreal,51710,Sergio Asenjo,30,3060.0
2019,Villarreal,30749,Mariano Barbosa,34,
2019,Villarreal,399776,Pau Torres,22,3092.0
2019,Villarreal,527966,Andrei Rațiu,21,
2019,Villarreal,207917,Alberto Moreno,26,1594.0
2019,Villarreal,15452,Raúl Albiol,33,3448.0
2019,Villarreal,238868,Rubén Peña,27,2220.0
2019,Villarreal,236956,Soufiane Chakla,25,225.0
2019,Villarreal,527964,Miguel Leal,22,90.0
2019,Villarreal,204102,Xavi Quintillà,22,1853.0
2019,Villarreal,11111,Ramiro Funes Mori,28,932.0
2019,Villarreal,73250,Mario Gaspar,28,2219.0
2019,Villarreal,354361,Frank Anguissa,23,2833.0
2019,Villarreal,341278,Iván Martín,20,
2019,Villarreal,335225,Manu Morlanes,20,573.0
2019,Villarreal,175449,Moi Gómez,25,2598.0
2019,Villarreal,341277,Sergio Lozano,20,63.0
2019,Villarreal,466298,Santiago Cáseres,22,
2019,Villarreal,15799,Santi Cazorla,34,2815.0
2019,Villarreal,65467,Vicente Iborra,31,2810.0
2019,Villarreal,188854,Manu Trigueros,27,1681.0
2019,Villarreal,44412,Bruno Soriano,35,265.0
2019,Villarreal,222571,Ramiro Guerra,22,
2019,Villarreal,548111,Álex Baena,17,41.0
2019,Villarreal,401922,Samuel Chukwueze,20,2240.0
2019,Villarreal,177467,Gerard Moreno,27,2917.0
2019,Villarreal,627294,Fer Niño,18,126.0
2019,Villarreal,315110,Karl Toko Ekambi,26,1059.0
2019,Villarreal,294894,Leo Suárez,23,90.0
2019,Villarreal,298983,Javi Ontiveros,21,1245.0
2019,Villarreal,119235,Carlos Bacca,32,1042.0
2019,Villarreal,126716,Paco Alcácer,25,956.0
2019,Getafe,226012,David Soria,26,3780.0
2019,Getafe,333323,Filip Manojlovic,23,
2019,Getafe,95736,Leandro Chichizola,29,630.0
2019,Getafe,282409,Marcos Lavín,22,
2019,Getafe,284857,Marc Cucurella,20,3749.0
2019,Getafe,376514,Mathías Olivera,21,2320.0
2019,Getafe,221150,Dakonam Djené,27,3780.0
2019,Getafe,102423,Leandro Cabrera,28,1786.0
2019,Getafe,600151,Florent Poulolo,22,91.0
2019,Getafe,302991,Erick Cabaco,24,268.0
2019,Getafe,111508,Allan Nyom,31,3245.0
2019,Getafe,248330,Chema Rodríguez,27,308.0
2019,Getafe,76746,Damián Suárez,31,2958.0
2019,Getafe,44699,Antunes,32,183.0
2019,Getafe,188838,Bruno González,29,644.0
2019,Getafe,139434,Raúl Carnero,30,651.0
2019,Getafe,71559,Xabi Etxeita,31,1897.0
2019,Getafe,290249,Mauro Arambarri,23,3567.0
2019,Getafe,273152,Nemanja Maksimovic,24,3500.0
2019,Getafe,174344,Fayçal Fajr,30,931.0
2019,Getafe,409106,Peter Etebo,23,595.0
2019,Getafe,138803,Francisco Portillo,29,834.0
2019,Getafe,158795,David Timor,29,1414.0
2019,Getafe,51426,Markel Bergara,33,70.0
2019,Getafe,573775,Hugo Duro,19,535.0
2019,Getafe,263860,Jason Remeseiro,24,1413.0
2019,Getafe,281404,Kenedy,23,950.0
2019,Getafe,339820,Amath Ndiaye,22,60.0
2019,Getafe,243541,Deyverson,28,331.0
2019,Getafe,227961,Jaime Mata,30,3267.0
2019,Getafe,114060,Enric Gallego,32,413.0
2019,Getafe,51510,Ángel Rodríguez,32,1915.0
2019,Getafe,57825,Jorge Molina,37,2279.0
2019,Celta Vigo,374055,Dragan Rosic,22,
2019,Celta Vigo,551182,Fran Vieites,20,
2019,Celta Vigo,297194,Iván Villar,21,279.0
2019,Celta Vigo,199321,Rubén Blanco,23,3051.0
2019,Celta Vigo,45912,Sergio Álvarez,32,390.0
2019,Celta Vigo,636092,Iago Domínguez,17,
2019,Celta Vigo,545647,Sergio Carreira,18,37.0
2019,Celta Vigo,216240,Lucas Olaza,24,3250.0
2019,Celta Vigo,609361,José Fontán,19,105.0
2019,Celta Vigo,276111,David Costas,24,515.0
2019,Celta Vigo,358250,Joseph Aidoo,23,2620.0
2019,Celta Vigo,340339,Jorge Sáenz,22,543.0
2019,Celta Vigo,131102,Jeison Murillo,27,1529.0
2019,Celta Vigo,64134,Néstor Araújo,27,3092.0
2019,Celta Vigo,221315,Kevin Vázquez,26,1567.0
2019,Celta Vigo,164055,David Juncà,25,259.0
2019,Celta Vigo,119905,Hugo Mallo,28,2123.0
2019,Celta Vigo,192735,Stanislav Lobotka,24,1390.0
2019,Celta Vigo,309110,Brais Méndez,22,1640.0
2019,Celta Vigo,423444,Fran Beltrán,20,2011.0
2019,Celta Vigo,137616,Okay Yokuşlu,25,1980.0
2019,Celta Vigo,165007,Denis Suárez,25,1793.0
2019,Celta Vigo,129473,Rafinha,26,2157.0
2019,Celta Vigo,238486,Filip Bradaric,27,712.0
2019,Celta Vigo,336828,Pape Cheikh,21,844.0
2019,Celta Vigo,632741,Iker Losada,17,38.0
2019,Celta Vigo,72047,Iago Aspas,31,3323.0
2019,Celta Vigo,259930,Gabriel Fernández,25,765.0
2019,Celta Vigo,340870,Jacobo González,22,83.0
2019,Celta Vigo,252641,Pione Sisto,24,1012.0
2019,Celta Vigo,372051,Sergio Bermejo,21,94.0
2019,Celta Vigo,50355,Fedor Smolov,29,752.0
2019,Celta Vigo,349873,Juan Hernández,24,303.0
2019,Celta Vigo,70934,Nolito,32,321.0
2019,Celta Vigo,255653,Santi Mina,23,2121.0
2019,RCD Espanyol Barcelona,412042,Adri López,20,
2019,RCD Espanyol Barcelona,238032,Andrés Prieto,25,540.0
2019,RCD Espanyol Barcelona,34370,Diego López,37,4223.0
2019,RCD Espanyol Barcelona,8176,Oier Olazábal,29,180.0
2019,RCD Espanyol Barcelona,495601,Víctor Gómez,19,1458.0
2019,RCD Espanyol Barcelona,501418,Adrià Pedrosa,21,1900.0
2019,RCD Espanyol Barcelona,357884,Fernando Calero,23,1853.0
2019,RCD Espanyol Barcelona,102423,Leandro Cabrera,28,1530.0
2019,RCD Espanyol Barcelona,423166,Pipa,21,912.0
2019,RCD Espanyol Barcelona,129444,David López,29,2695.0
2019,RCD Espanyol Barcelona,262391,Lluís López,22,1289.0
2019,RCD Espanyol Barcelona,148666,Naldo,30,2051.0
2019,RCD Espanyol Barcelona,412542,Ricard Pujol,21,1.0
2019,RCD Espanyol Barcelona,72310,Javi López,33,2376.0
2019,RCD Espanyol Barcelona,67090,Dídac Vilà,30,3341.0
2019,RCD Espanyol Barcelona,102744,Sébastien Corchia,28,630.0
2019,RCD Espanyol Barcelona,64598,Bernardo Espinosa,29,2756.0
2019,RCD Espanyol Barcelona,503851,Roman Tugarinov,19,
2019,RCD Espanyol Barcelona,412045,Pol Lozano,19,747.0
2019,RCD Espanyol Barcelona,336869,Marc Roca,22,3635.0
2019,RCD Espanyol Barcelona,142021,Sergi Darder,25,3070.0
2019,RCD Espanyol Barcelona,570421,Nico Melamed,18,214.0
2019,RCD Espanyol Barcelona,628496,Dani Villahermosa,18,
2019,RCD Espanyol Barcelona,448344,Óscar Melendo,21,1963.0
2019,RCD Espanyol Barcelona,44065,Esteban Granero,31,1249.0
2019,RCD Espanyol Barcelona,56067,Pablo Piatti,30,229.0
2019,RCD Espanyol Barcelona,63290,Víctor Sánchez,31,2242.0
2019,RCD Espanyol Barcelona,71571,Ander Iturraspe,30,981.0
2019,RCD Espanyol Barcelona,599231,Ferran Jutglà,20,
2019,RCD Espanyol Barcelona,408471,Javi Puado,21,125.0
2019,RCD Espanyol Barcelona,376211,Matías Vargas,22,1819.0
2019,RCD Espanyol Barcelona,278359,Borja Iglesias,26,245.0
2019,RCD Espanyol Barcelona,284727,Jonathan Calleri,25,2063.0
2019,RCD Espanyol Barcelona,394285,Víctor Campuzano,22,1312.0
2019,RCD Espanyol Barcelona,288318,Adrián Embarba,27,1380.0
2019,RCD Espanyol Barcelona,162038,Raúl de Tomás,24,1104.0
2019,RCD Espanyol Barcelona,140436,Lei Wu,27,2674.0
2019,RCD Espanyol Barcelona,353959,Kévin Soni,21,3.0
2019,RCD Espanyol Barcelona,93795,Facundo Ferreyra,28,1377.0
2019,RCD Espanyol Barcelona,449844,Mohamed Ezzarfani,21,45.0
2019,Leganes,251892,Juan Soriano,21,1290.0
2019,Leganes,27493,Iván Cuéllar,35,2520.0
2019,Leganes,610408,André Grandi,22,
2019,Leganes,497225,Pablo Lombo,20,
2019,Leganes,358143,Chidozie Awaziem,22,2293.0
2019,Leganes,206947,Kévin Rodrigues,25,1968.0
2019,Leganes,189453,Jonathan Silva,25,3025.0
2019,Leganes,131708,Kenneth Omeruo,25,1878.0
2019,Leganes,245048,Vasyl Kravets,21,105.0
2019,Leganes,335245,Marc Navarro,23,243.0
2019,Leganes,49500,Roberto Rosales,30,2174.0
2019,Leganes,523968,Mario del Campo,20,
2019,Leganes,156808,Unai Bustinza,27,2870.0
2019,Leganes,203617,Rodri Tarín,22,1341.0
2019,Leganes,52403,Dimitrios Siovas,30,2012.0
2019,Leganes,727136,Ivi López,20,
2019,Leganes,284884,Óscar Rodríguez,21,2047.0
2019,Leganes,593480,Aymane Mourid,19,65.0
2019,Leganes,205503,Ibrahim Amadou,26,772.0
2019,Leganes,309980,Federico Varela,23,59.0
2019,Leganes,374077,Christian Rivera,21,489.0
2019,Leganes,202984,Roque Mesa,30,2075.0
2019,Leganes,113045,Rubén Pérez,30,2376.0
2019,Leganes,425544,Iván Amores,22,
2019,Leganes,150948,Recio,28,1602.0
2019,Leganes,156814,Javi Eraso,29,1140.0
2019,Leganes,433049,Youssef En-Nesyri,22,1454.0
2019,Leganes,537382,Bryan Gil,18,561.0
2019,Leganes,378139,Aitor Ruibal,23,1601.0
2019,Leganes,95732,Martin Braithwaite,28,2130.0
2019,Leganes,364603,José Manuel Arnáiz,24,485.0
2019,Leganes,184672,Guido Carrillo,28,1509.0
2019,Leganes,789328,Manu Garrido,18,116.0
2019,Leganes,614195,Dani Plomer,20,34.0
2019,Leganes,263183,Roger Assalé,25,524.0
2019,Leganes,456938,Javi Avilés,21,196.0
2019,Leganes,192736,Sabin Merino,27,139.0
2019,Leganes,137704,Miguel Ángel Guerrero,28,793.0
2019,Leganes,217728,Alexander Szymanowski,30,
2019,Alaves,298197,Antonio Sivera,22,360.0
2019,Alaves,172015,Fernando Pacheco,27,2359.0
2019,Alaves,37403,Roberto,33,789.0
2019,Alaves,582718,Aritz Castro,21,
2019,Alaves,568158,Javi López,17,90.0
2019,Alaves,177046,Rubén Duarte,23,2664.0
2019,Alaves,249730,Guillermo Maripán,25,90.0
2019,Alaves,295414,Adrián Marín,22,941.0
2019,Alaves,66736,Lisandro Magallán,25,1287.0
2019,Alaves,176140,Rodrigo Ely,25,2127.0
2019,Alaves,354697,Tachi,21,269.0
2019,Alaves,483573,Martín Aguirregabiria,23,2188.0
2019,Alaves,184767,Ximo Navarro,29,1906.0
2019,Alaves,67080,Víctor Laguardia,29,2706.0
2019,Alaves,351746,Rafa Navarro,25,
2019,Alaves,282421,Javi Muñoz,24,53.0
2019,Alaves,242497,Pere Pons,26,1159.0
2019,Alaves,615636,Abdallahi Mahmoud,19,150.0
2019,Alaves,263856,Víctor Camarasa,25,1299.0
2019,Alaves,630990,Ismael Gutiérrez,18,
2019,Alaves,93142,Dani Torres,29,
2019,Alaves,375710,Jeando Fuchs,21,
2019,Alaves,139895,Tomás Pina,31,1351.0
2019,Alaves,46110,Ljubomir Fejsa,30,795.0
2019,Alaves,76273,Manu García,33,1968.0
2019,Alaves,45639,Mubarak Wakaso,28,1378.0
2019,Alaves,634461,Borja Sainz,18,634.0
2019,Alaves,341317,Oliver Burke,22,1439.0
2019,Alaves,81999,Joselu,29,2876.0
2019,Alaves,425028,José Luis Rodríguez,21,21.0
2019,Alaves,278837,Luis Rioja,25,1702.0
2019,Alaves,261502,Paulino de la Fuente,22,73.0
2019,Alaves,73185,Lucas Pérez,30,2500.0
2019,Alaves,133794,Edgar Méndez,29,866.0
2019,Alaves,98596,John Guidetti,27,151.0
2019,Alaves,246277,Burgui,25,47.0
2019,Alaves,88490,Aleix Vidal,29,2176.0
2019,Levante,397676,Dani Cárdenas,22,
2019,Levante,118997,Aitor Fernández,28,3429.0
2019,Levante,299715,Koke Vegas,23,180.0
2019,Levante,8176,Oier Olazábal,29,112.0
2019,Levante,387129,Róber Pier,24,189.0
2019,Levante,257851,Rúben Vezo,25,2700.0
2019,Levante,361238,Rubén García,20,
2019,Levante,175323,Óscar Duarte,30,574.0
2019,Levante,302991,Erick Cabaco,24,920.0
2019,Levante,193784,Carlos Clerc,27,2101.0
2019,Levante,396115,Eliseo Falcón,22,284.0
2019,Levante,158791,Sergio Postigo,30,2376.0
2019,Levante,203778,Iván López,25,
2019,Levante,125931,Toño García,29,1635.0
2019,Levante,188838,Bruno González,29,455.0
2019,Levante,71905,Coke,32,1289.0
2019,Levante,536152,Gonzalo Pereira,22,102.0
2019,Levante,405564,Giorgi Kochorashvili,20,2.0
2019,Levante,568835,Pablo Martínez,21,160.0
2019,Levante,245014,Enis Bardhi,23,2184.0
2019,Levante,162056,Gonzalo Melero,25,1366.0
2019,Levante,168959,Nemanja Radoja,26,2084.0
2019,Levante,120095,José Campaña,26,3391.0
2019,Levante,228917,Jorge Miramón,30,2429.0
2019,Levante,611198,Álex Blesa,17,1.0
2019,Levante,151470,Nikola Vukcevic,27,1708.0
2019,Levante,298976,Borja Mayoral,22,2249.0
2019,Levante,212391,Roger Martí,28,2306.0
2019,Levante,252677,José Luis Morales,31,2786.0
2019,Levante,445631,Joan Monterde,21,8.0
2019,Levante,145769,Sergio León,30,889.0
2019,Levante,172142,Hernâni,27,887.0
2019,Levante,67548,Rubén Rochina,28,1964.0
2019,Real Valladolid CF,404839,Andriy Lunin,20,210.0
2019,Real Valladolid CF,268946,José Antonio Caro,25,297.0
2019,Real Valladolid CF,363541,Samu Pérez,22,25.0
2019,Real Valladolid CF,65263,Jordi Masip,30,3188.0
2019,Real Valladolid CF,553875,Pedro Porro,19,926.0
2019,Real Valladolid CF,563963,Mohammed Salisu,20,2846.0
2019,Real Valladolid CF,340853,Javi Sánchez,22,586.0
2019,Real Valladolid CF,165873,Federico Barba,25,450.0
2019,Real Valladolid CF,373683,Diego Alende,21,90.0
2019,Real Valladolid CF,221321,Joaquín Fernández,23,1780.0
2019,Real Valladolid CF,379714,Roberto Corral,21,210.0
2019,Real Valladolid CF,127554,Nacho Martínez,30,1984.0
2019,Real Valladolid CF,71204,Javi Moyano,33,2276.0
2019,Real Valladolid CF,51667,Kiko Olivas,30,2942.0
2019,Real Valladolid CF,139434,Raúl Carnero,30,1014.0
2019,Real Valladolid CF,62144,Antoñito,31,1073.0
2019,Real Valladolid CF,527698,Kike Pérez,22,230.0
2019,Real Valladolid CF,351892,Matheus Fernandes,21,166.0
2019,Real Valladolid CF,449496,Álvaro Aguado,23,129.0
2019,Real Valladolid CF,321629,Moctar El Hacen,21,166.0
2019,Real Valladolid CF,247250,Rubén Alcaraz,28,2016.0
2019,Real Valladolid CF,307519,Fede San Emeterio,22,1897.0
2019,Real Valladolid CF,221309,Óscar Plano,28,2655.0
2019,Real Valladolid CF,207922,Luismi Sánchez,27,90.0
2019,Real Valladolid CF,18900,Hatem Ben Arfa,32,158.0
2019,Real Valladolid CF,65331,Míchel Herrero,30,2309.0
2019,Real Valladolid CF,455181,Jorge de Frutos,22,164.0
2019,Real Valladolid CF,251106,Enes Ünal,22,2504.0
2019,Real Valladolid CF,480883,Miguel de la Fuente,19,296.0
2019,Real Valladolid CF,590690,Víctor García,21,88.0
2019,Real Valladolid CF,327126,Anuar,24,271.0
2019,Real Valladolid CF,199369,Sandro Ramírez,23,1473.0
2019,Real Valladolid CF,404688,Waldo Rubio,23,1136.0
2019,Real Valladolid CF,337066,Toni Villa,24,1432.0
2019,Real Valladolid CF,591375,Stiven Plaza,20,
2019,Real Valladolid CF,142027,Pablo Hervías,26,1142.0
2019,Real Valladolid CF,256429,Sergi Guardiola,28,2716.0
2019,Mallorca,408288,Jesús Ruiz,22,
2019,Mallorca,242301,Miquel Parera,23,90.0
2019,Mallorca,632913,Pere García,17,
2019,Mallorca,29051,Manolo Reina,34,3240.0
2019,Mallorca,45882,Fabri,31,360.0
2019,Mallorca,646747,Rafa Obrador,15,3.0
2019,Mallorca,277384,Martin Valjent,23,3275.0
2019,Mallorca,224884,Abdul Rahman Baba,24,199.0
2019,Mallorca,278296,Antonio Raíllo,27,2959.0
2019,Mallorca,350364,Joan Sastre,22,1490.0
2019,Mallorca,187530,Leonardo Koutris,23,93.0
2019,Mallorca,237499,Aleksandar Sedlar,27,993.0
2019,Mallorca,442816,Fran Gámez,27,1906.0
2019,Mallorca,344393,Lumor Agbenyenu,22,1899.0
2019,Mallorca,70946,Xisco Campos,37,649.0
2019,Mallorca,784717,Fran González,20,
2019,Mallorca,217144,Aleix Febas,23,1960.0
2019,Mallorca,442805,Iddrisu Baba,23,3095.0
2019,Mallorca,81796,Sung-yueng Ki,30,9.0
2019,Mallorca,139435,Dani Rodríguez,31,3056.0
2019,Mallorca,161267,Josep Señé,27,255.0
2019,Mallorca,72319,Marc Pedraza,32,235.0
2019,Mallorca,58799,Salva Sevilla,35,2636.0
2019,Mallorca,405398,Takefusa Kubo,18,2398.0
2019,Mallorca,459463,Cucho Hernández,20,1575.0
2019,Mallorca,769063,Luka Romero,14,7.0
2019,Mallorca,46413,Ante Budimir,27,2872.0
2019,Mallorca,341272,Álex Pozo,20,1588.0
2019,Mallorca,177452,Abdón Prats,26,383.0
2019,Mallorca,142920,Aleksandar Trajkovski,26,490.0
2019,Mallorca,100722,Lago Júnior,28,2191.0
2019,Mallorca,118732,Pablo Chavarría,31,320.0
2019,Mallorca,76032,Aridai Cabrera,30,110.0
2019,Mallorca,178187,Álex Alegría,26,158.0
2019,Mallorca,79893,Yannis Salibur,28,78.0
2019,Osasuna,248738,Sergio Herrera,26,1655.0
2019,Osasuna,548635,Iñaki Álvarez,22,90.0
2019,Osasuna,298613,Juan Pérez,22,480.0
2019,Osasuna,8184,Rubén Martínez,35,1583.0
2019,Osasuna,349599,Pervis Estupiñán,21,3278.0
2019,Osasuna,298589,David García,25,2792.0
2019,Osasuna,320271,Toni Lato,21,473.0
2019,Osasuna,216870,Nacho Vidal,24,2568.0
2019,Osasuna,197122,Unai García,27,926.0
2019,Osasuna,82503,Aridane Hernández,30,2790.0
2019,Osasuna,62913,Lillo Castellano,30,195.0
2019,Osasuna,61546,Facundo Roncaglia,32,1580.0
2019,Osasuna,142419,Raúl Navas,31,800.0
2019,Osasuna,458586,Endika Irigoyen,22,8.0
2019,Osasuna,311440,Gorka Zabarte,20,64.0
2019,Osasuna,634131,Aimar Oroz,17,10.0
2019,Osasuna,552425,Jon Moncayola,21,1873.0
2019,Osasuna,471474,Javi Martínez,19,17.0
2019,Osasuna,374082,Antonio Otegui,21,
2019,Osasuna,396328,Luis Perea,21,19.0
2019,Osasuna,95641,Darko Brasanac,27,2402.0
2019,Osasuna,63040,Oier Sanjurjo,33,2330.0
2019,Osasuna,42920,Fran Mérida,29,1350.0
2019,Osasuna,63056,Roberto Torres,30,2848.0
2019,Osasuna,71579,Iñigo Pérez,31,1440.0
2019,Osasuna,213260,Rubén García,25,2271.0
2019,Osasuna,298575,Kike Barja,22,345.0
2019,Osasuna,167721,Chimy Ávila,25,1664.0
2019,Osasuna,251680,Brandon Thomas,24,498.0
2019,Osasuna,514514,Iván Barbero,20,82.0
2019,Osasuna,364603,José Manuel Arnáiz,24,791.0
2019,Osasuna,443222,Marc Cardona,23,956.0
2019,Osasuna,114060,Enric Gallego,32,880.0
2019,Osasuna,242532,Rober Ibáñez,26,795.0
2019,Osasuna,85500,Juan Villar,31,446.0
2019,Osasuna,45383,Adrián López,31,1512.0
2019,Osasuna,520757,José Hualde,21,
2019,Granada,234811,Rui Silva,25,3330.0
2019,Granada,284430,Aarón Escandell,23,780.0
2019,Granada,198638,João Costa,23,
2019,Granada,288376,Unai Etxebarria,22,
2019,Granada,448844,Carlos Neva,23,2475.0
2019,Granada,251896,Jesús Vallejo,22,886.0
2019,Granada,170472,Dimitri Foulquier,26,1625.0
2019,Granada,257376,Domingos Duarte,24,3351.0
2019,Granada,500191,Pepe Sánchez,19,90.0
2019,Granada,251880,Antonio Montoro,22,1.0
2019,Granada,223053,Quini,29,698.0
2019,Granada,186891,Álex Martínez,28,434.0
2019,Granada,311287,José Antonio Martínez,26,1474.0
2019,Granada,95963,Germán Sánchez,32,2805.0
2019,Granada,74641,İsmail Köybaşı,29,355.0
2019,Granada,58330,Víctor Díaz,31,3125.0
2019,Granada,468700,Neyder Lozano,25,
2019,Granada,378293,Yangel Herrera,21,2832.0
2019,Granada,631221,Isma Ruiz,18,45.0
2019,Granada,297784,Yan Eteki,21,1805.0
2019,Granada,162079,Fede Vico,24,904.0
2019,Granada,631223,Antonio Aranda,18,45.0
2019,Granada,60542,Maxime Gonalons,30,2012.0
2019,Granada,131667,Ramon Azeez,26,1675.0
2019,Granada,59551,Ángel Montoro,31,976.0
2019,Granada,329723,Gil Dias,22,370.0
2019,Granada,216464,Carlos Fernández,23,2706.0
2019,Granada,262365,Antonio Puertas,27,3102.0
2019,Granada,610336,Antoñín,19,181.0
2019,Granada,211251,Darwin Machís,26,2489.0
2019,Granada,251888,Mario Rodríguez,22,91.0
2019,Granada,73782,Adrián Ramos,33,312.0
2019,Granada,162074,Álvaro Vadillo,24,1492.0
2019,Granada,34870,Roberto Soldado,34,2815.0
2019,Eibar,94308,Marko Dmitrovic,27,3150.0
2019,Eibar,58115,Yoel Rodríguez,30,540.0
2019,Eibar,290273,Álvaro Tejero,22,1520.0
2019,Eibar,198006,Rafa Soares,24,438.0
2019,Eibar,684253,Sergio Cubero,19,113.0
2019,Eibar,139336,Paulo Oliveira,27,2270.0
2019,Eibar,203043,Pedro Bigas,29,1824.0
2019,Eibar,783429,Unai Dufur,20,
2019,Eibar,71548,Anaitz Arbilla,32,2007.0
2019,Eibar,337922,Esteban Burgos,27,1205.0
2019,Eibar,223890,Rober Correa,26,1161.0
2019,Eibar,26066,Iván Ramis,34,458.0
2019,Eibar,87469,Cote,29,2361.0
2019,Eibar,728695,Ekhi Bravo,21,270.0
2019,Eibar,506248,Edu Expósito,22,2429.0
2019,Eibar,480955,Miguel Atienza,20,50.0
2019,Eibar,266795,Gonzalo Escalante,26,1718.0
2019,Eibar,138935,Sergio Álvarez,27,1329.0
2019,Eibar,398738,Miguel Marí,22,247.0
2019,Eibar,188157,Sebastián Cristóforo,25,964.0
2019,Eibar,75446,Pablo de Blasis,31,1861.0
2019,Eibar,39907,Pape Diop,33,2261.0
2019,Eibar,93936,Kike García,29,1774.0
2019,Eibar,98249,Takashi Inui,31,1965.0
2019,Eibar,81988,Sergi Enrich,29,1902.0
2019,Eibar,79352,Quique González,29,708.0
2019,Eibar,60890,Fabián Orellana,33,2578.0
2019,Eibar,154059,Charles,35,1564.0
2019,Eibar,51587,Pedro León,32,1934.0
2020,Barcelona,283170,Iñaki Peña,21,
2020,Barcelona,466783,Arnau Tenas,19,
2020,Barcelona,74857,Marc-André ter Stegen,28,3900.0
2020,Barcelona,111819,Neto,30,1110.0
2020,Barcelona,480267,Ronald Araujo,21,2233.0
2020,Barcelona,361104,Sergiño Dest,19,2745.0
2020,Barcelona,331505,Óscar Mingueza,21,2797.0
2020,Barcelona,688593,Santiago Ramos Mingo,18,
2020,Barcelona,182904,Clément Lenglet,25,3698.0
2020,Barcelona,374139,Junior Firpo,23,865.0
2020,Barcelona,18944,Gerard Piqué,33,1923.0
2020,Barcelona,69751,Jordi Alba,31,4200.0
2020,Barcelona,126540,Samuel Umtiti,26,836.0
2020,Barcelona,683840,Pedri,17,3529.0
2020,Barcelona,412669,Francisco Trincão,20,1318.0
2020,Barcelona,326330,Frenkie de Jong,23,4494.0
2020,Barcelona,617074,Ilaix Moriba,17,673.0
2020,Barcelona,331511,Riqui Puig,20,583.0
2020,Barcelona,284854,Carles Aleñá,22,170.0
2020,Barcelona,80444,Philippe Coutinho,28,792.0
2020,Barcelona,282722,Álex Collado,21,
2020,Barcelona,85370,Sergi Roberto,28,1200.0
2020,Barcelona,351892,Matheus Fernandes,22,17.0
2020,Barcelona,65230,Sergio Busquets,31,3520.0
2020,Barcelona,44162,Miralem Pjanić,30,1297.0
2020,Barcelona,129473,Rafinha,27,
2020,Barcelona,288230,Ousmane Dembélé,23,2704.0
2020,Barcelona,28003,Lionel Messi,33,4193.0
2020,Barcelona,466810,Ansu Fati,17,596.0
2020,Barcelona,125781,Antoine Griezmann,29,3906.0
2020,Barcelona,95732,Martin Braithwaite,29,1719.0
2020,Barcelona,466809,Konrad de la Fuente,18,36.0
2020,Real Madrid,108390,Thibaut Courtois,28,4590.0
2020,Real Madrid,404839,Andriy Lunin,21,120.0
2020,Real Madrid,568154,Lucas Cañizares,18,
2020,Real Madrid,549069,Diego Altube,20,
2020,Real Madrid,623525,Luis López,19,
2020,Real Madrid,525299,Miguel Gutiérrez,18,317.0
2020,Real Madrid,401530,Éder Militão,22,1730.0
2020,Real Madrid,138927,Daniel Carvajal,28,1119.0
2020,Real Madrid,291417,Ferland Mendy,25,3260.0
2020,Real Madrid,495625,Víctor Chust,20,215.0
2020,Real Madrid,58884,Nacho Fernández,30,2765.0
2020,Real Madrid,221316,Lucas Vázquez,29,2780.0
2020,Real Madrid,629511,Pablo Ramón,19,
2020,Real Madrid,603940,Marvin Park,19,132.0
2020,Real Madrid,25557,Sergio Ramos,34,1790.0
2020,Real Madrid,280730,Álvaro Odriozola,24,959.0
2020,Real Madrid,537759,Sergio Santos,19,
2020,Real Madrid,164770,Raphaël Varane,27,3571.0
2020,Real Madrid,44501,Marcelo,32,1339.0
2020,Real Madrid,369081,Federico Valverde,21,1963.0
2020,Real Madrid,316264,Martin Ødegaard,21,367.0
2020,Real Madrid,537762,Sergio Arribas,18,158.0
2020,Real Madrid,296622,Marco Asensio,24,2620.0
2020,Real Madrid,495621,Antonio Blanco,19,220.0
2020,Real Madrid,16306,Casemiro,28,3941.0
2020,Real Madrid,27992,Luka Modrić,34,3721.0
2020,Real Madrid,85288,Isco,28,1093.0
2020,Real Madrid,31909,Toni Kroos,30,3193.0
2020,Real Madrid,371998,Vinicius Junior,19,2722.0
2020,Real Madrid,412363,Rodrygo,19,1299.0
2020,Real Madrid,573775,Hugo Duro,20,67.0
2020,Real Madrid,257462,Luka Jović,22,210.0
2020,Real Madrid,298976,Borja Mayoral,23,23.0
2020,Real Madrid,18922,Karim Benzema,32,3885.0
2020,Real Madrid,652332,Óscar Aranda,18,
2020,Real Madrid,225020,Mariano Díaz,26,681.0
2020,Real Madrid,50202,Eden Hazard,29,896.0
2020,Atletico Madrid,121483,Jan Oblak,27,4140.0
2020,Atletico Madrid,226073,Ivo Grbic,24,90.0
2020,Atletico Madrid,396337,Miguel San Román,22,90.0
2020,Atletico Madrid,282411,Marcos Llorente,25,3619.0
2020,Atletico Madrid,491693,Nehuén Pérez,20,
2020,Atletico Madrid,476352,Renan Lodi,22,1681.0
2020,Atletico Madrid,250845,José María Giménez,25,2115.0
2020,Atletico Madrid,281769,Mario Hermoso,25,3020.0
2020,Atletico Madrid,618809,Manu Sánchez,19,49.0
2020,Atletico Madrid,446106,Juan Manuel Sanabria,20,7.0
2020,Atletico Madrid,388545,Ricard Sánchez,20,166.0
2020,Atletico Madrid,95810,Kieran Trippier,29,3086.0
2020,Atletico Madrid,107010,Stefan Savic,29,3745.0
2020,Atletico Madrid,495600,Álvaro García,20,
2020,Atletico Madrid,708388,Adrián Corral,17,
2020,Atletico Madrid,156501,Felipe,31,2615.0
2020,Atletico Madrid,76061,Sime Vrsaljko,28,535.0
2020,Atletico Madrid,318077,Lucas Torreira,24,724.0
2020,Atletico Madrid,74229,Koke,28,3689.0
2020,Atletico Madrid,568148,Mario Soriano,18,16.0
2020,Atletico Madrid,127189,Geoffrey Kondogbia,27,774.0
2020,Atletico Madrid,230784,Thomas Partey,27,199.0
2020,Atletico Madrid,205562,Thomas Lemar,24,1627.0
2020,Atletico Madrid,148928,Saúl Ñíguez,25,2674.0
2020,Atletico Madrid,295065,Toni Moya,22,
2020,Atletico Madrid,122043,Héctor Herrera,30,979.0
2020,Atletico Madrid,408472,Josep Calavera,20,
2020,Atletico Madrid,536823,Óscar Castro,19,
2020,Atletico Madrid,462250,João Félix,20,2353.0
2020,Atletico Madrid,266807,Ángel Correa,25,3065.0
2020,Atletico Madrid,229004,Moussa Dembélé,23,142.0
2020,Atletico Madrid,548188,Germán Valera,18,
2020,Atletico Madrid,140776,Yannick Carrasco,26,2574.0
2020,Atletico Madrid,505674,Sergio Camello,19,31.0
2020,Atletico Madrid,44352,Luis Suárez,33,2983.0
2020,Atletico Madrid,505673,Víctor Mollejo,19,
2020,Atletico Madrid,274347,Ivan Saponjic,22,47.0
2020,Atletico Madrid,44779,Diego Costa,31,204.0
2020,Atletico Madrid,67082,Vitolo,30,454.0
2020,Sevilla,207834,Yassine Bounou,29,4110.0
2020,Sevilla,396107,Javi Díaz,23,
2020,Sevilla,64000,Tomáš Vaclík,31,750.0
2020,Sevilla,537367,Alfonso Pastor,19,90.0
2020,Sevilla,537369,Adrián González,20,
2020,Sevilla,411975,Jules Koundé,21,4123.0
2020,Sevilla,676042,Juanlu Sánchez,16,
2020,Sevilla,329145,Diego Carlos,27,4050.0
2020,Sevilla,461866,Javi Vázquez,19,
2020,Sevilla,60410,Marcos Acuña,28,2829.0
2020,Sevilla,182579,Karim Rekik,25,1317.0
2020,Sevilla,92947,Sergi Gómez,28,1311.0
2020,Sevilla,711628,Pablo Pérez,18,
2020,Sevilla,93935,Sergio Escudero,30,942.0
2020,Sevilla,378954,Joris Gnagnon,23,29.0
2020,Sevilla,398435,Kike Ríos,20,
2020,Sevilla,668179,Carlos Álvarez,16,
2020,Sevilla,214775,Óliver Torres,25,2108.0
2020,Sevilla,74294,Nemanja Gudelj,28,1930.0
2020,Sevilla,284884,Óscar Rodríguez,22,1009.0
2020,Sevilla,263727,Joan Jordán,25,3340.0
2020,Sevilla,76163,Franco Vázquez,31,344.0
2020,Sevilla,32467,Ivan Rakitic,32,3092.0
2020,Sevilla,15956,Jesús Navas,34,3552.0
2020,Sevilla,51174,Fernando,32,3524.0
2020,Sevilla,433049,Youssef En-Nesyri,23,3004.0
2020,Sevilla,537382,Bryan Gil,19,13.0
2020,Sevilla,628886,Iván Romero,19,
2020,Sevilla,241391,Oussama Idrissi,24,455.0
2020,Sevilla,189441,Lucas Ocampos,25,3402.0
2020,Sevilla,223725,Munir El Haddadi,24,1458.0
2020,Sevilla,341272,Álex Pozo,21,
2020,Sevilla,216464,Carlos Fernández,24,198.0
2020,Sevilla,111961,Suso,26,2877.0
2020,Sevilla,72522,Luuk de Jong,29,2157.0
2020,Sevilla,20005,Papu Gómez,32,1176.0
2020,Sevilla,587562,Antonio Zarzana,18,9.0
2020,Sevilla,88490,Aleix Vidal,30,1117.0
2020,Real Sociedad,212862,Álex Remiro,25,4380.0
2020,Real Sociedad,625657,Unai Marrero,18,
2020,Real Sociedad,561702,Gaizka Ayesa,19,
2020,Real Sociedad,428948,Andoni Zubiaurre,23,
2020,Real Sociedad,26065,Miguel Ángel Moyá,36,90.0
2020,Real Sociedad,351809,Robin Le Normand,23,3628.0
2020,Real Sociedad,355628,Igor Zubeldia,23,2516.0
2020,Real Sociedad,580560,Jon Pacheco,19,31.0
2020,Real Sociedad,289255,Andoni Gorosabel,23,2863.0
2020,Real Sociedad,246291,Diego Llorente,26,90.0
2020,Real Sociedad,517842,Aihen Muñoz,22,1402.0
2020,Real Sociedad,524925,Modibo Sagnan,21,979.0
2020,Real Sociedad,229804,Aritz Elustondo,26,2314.0
2020,Real Sociedad,434602,Aritz Arambarri,22,25.0
2020,Real Sociedad,517845,Jérémy Blasco,21,
2020,Real Sociedad,197135,Joseba Zaldua,28,1032.0
2020,Real Sociedad,43003,Nacho Monreal,34,2940.0
2020,Real Sociedad,423440,Martín Zubimendi,21,2512.0
2020,Real Sociedad,338424,Mikel Merino,24,3094.0
2020,Real Sociedad,625651,Urko González de Zárate,19,46.0
2020,Real Sociedad,634431,Beñat Turrientes,18,
2020,Real Sociedad,465967,Ander Guevara,22,2538.0
2020,Real Sociedad,289257,Jon Guridi,25,1028.0
2020,Real Sociedad,569866,Roberto López,20,592.0
2020,Real Sociedad,59344,Asier Illarramendi,30,509.0
2020,Real Sociedad,289286,Luca Sangalli,25,
2020,Real Sociedad,35518,David Silva,34,1840.0
2020,Real Sociedad,349066,Alexander Isak,20,2980.0
2020,Real Sociedad,351478,Mikel Oyarzabal,23,3192.0
2020,Real Sociedad,616369,Ander Barrenetxea,18,1593.0
2020,Real Sociedad,563137,Robert Navarro,18,35.0
2020,Real Sociedad,289236,Jon Bautista,24,464.0
2020,Real Sociedad,99353,Portu,28,2812.0
2020,Real Sociedad,122155,Willian José,28,1005.0
2020,Real Sociedad,216464,Carlos Fernández,24,424.0
2020,Real Sociedad,625654,Julen Lobete,19,
2020,Real Sociedad,177847,Adnan Januzaj,25,1466.0
2020,Real Sociedad,289272,Martín Merquelanz,25,715.0
2020,Villarreal,585323,Filip Jørgensen,18,
2020,Villarreal,229604,Gerónimo Rulli,28,1860.0
2020,Villarreal,547248,Iker Álvarez,18,
2020,Villarreal,51710,Sergio Asenjo,31,3330.0
2020,Villarreal,399776,Pau Torres,23,3975.0
2020,Villarreal,527966,Andrei Rațiu,22,
2020,Villarreal,349599,Pervis Estupiñán,22,1698.0
2020,Villarreal,480763,Juan Foyth,22,2450.0
2020,Villarreal,356197,Alfonso Pedraza,24,3285.0
2020,Villarreal,207917,Alberto Moreno,27,238.0
2020,Villarreal,15452,Raúl Albiol,34,4259.0
2020,Villarreal,238868,Rubén Peña,28,1796.0
2020,Villarreal,236956,Soufiane Chakla,26,192.0
2020,Villarreal,631098,Lanchi,19,
2020,Villarreal,11111,Ramiro Funes Mori,29,1493.0
2020,Villarreal,73250,Mario Gaspar,29,2069.0
2020,Villarreal,65318,Jaume Costa,32,940.0
2020,Villarreal,175449,Moi Gómez,26,2924.0
2020,Villarreal,341277,Sergio Lozano,21,
2020,Villarreal,59561,Dani Parejo,31,4289.0
2020,Villarreal,627287,Carlo García,19,12.0
2020,Villarreal,74869,Francis Coquelin,29,1447.0
2020,Villarreal,65467,Vicente Iborra,32,1227.0
2020,Villarreal,188854,Manu Trigueros,28,3860.0
2020,Villarreal,63494,Étienne Capoue,31,2106.0
2020,Villarreal,548111,Álex Baena,18,799.0
2020,Villarreal,568157,Yéremy Pino,17,1407.0
2020,Villarreal,405398,Takefusa Kubo,19,688.0
2020,Villarreal,401922,Samuel Chukwueze,21,2195.0
2020,Villarreal,177467,Gerard Moreno,28,3592.0
2020,Villarreal,627294,Fer Niño,19,959.0
2020,Villarreal,413262,Dani Raba,24,309.0
2020,Villarreal,298983,Javi Ontiveros,22,
2020,Villarreal,412041,Álex Millán,20,13.0
2020,Villarreal,119235,Carlos Bacca,33,1444.0
2020,Villarreal,126716,Paco Alcácer,26,2197.0
2020,Valencia,146227,Jasper Cillessen,31,900.0
2020,Valencia,398131,Cristian Rivero,22,390.0
2020,Valencia,227805,Jaume Doménech,29,2520.0
2020,Valencia,288376,Unai Etxebarria,23,
2020,Valencia,221322,José Gayà,25,2864.0
2020,Valencia,623024,Jesús Vázquez,17,85.0
2020,Valencia,367466,Thierry Correia,21,2440.0
2020,Valencia,346289,Mouctar Diakhaby,23,2109.0
2020,Valencia,320271,Toni Lato,22,983.0
2020,Valencia,294321,Ferro,23,181.0
2020,Valencia,423443,Álex Centelles,20,
2020,Valencia,149498,Gabriel Paulista,29,2770.0
2020,Valencia,409273,Kevin Sibille,21,90.0
2020,Valencia,602156,Guillem Molina,20,247.0
2020,Valencia,90681,Eliaquim Mangala,29,620.0
2020,Valencia,163086,Cristiano Piccini,27,64.0
2020,Valencia,557149,Kang-in Lee,19,1432.0
2020,Valencia,503991,Yunus Musah,17,1645.0
2020,Valencia,372246,Carlos Soler,23,2798.0
2020,Valencia,127189,Geoffrey Kondogbia,27,440.0
2020,Valencia,417575,Uros Racic,22,2462.0
2020,Valencia,569375,Koba Koindredi,18,327.0
2020,Valencia,495629,Hugo Guillamón,20,2149.0
2020,Valencia,563812,Christian Oliva,24,192.0
2020,Valencia,63463,Daniel Wass,31,3083.0
2020,Valencia,599263,Vicente Esquerdo,21,369.0
2020,Valencia,225122,Gonçalo Guedes,23,2502.0
2020,Valencia,265078,Patrick Cutrone,22,108.0
2020,Valencia,396894,Maxi Gómez,23,2700.0
2020,Valencia,263860,Jason Remeseiro,25,617.0
2020,Valencia,85383,Rubén Sobrino,28,435.0
2020,Valencia,328914,Álex Blanco,21,762.0
2020,Valencia,98322,Denis Cheryshev,29,1176.0
2020,Valencia,527350,Manu Vallejo,23,1227.0
2020,Valencia,27389,Kévin Gameiro,33,1068.0
2020,Real Betis,335221,Dani Martín,21,
2020,Real Betis,251877,Carlos Marín,23,
2020,Real Betis,101118,Joel Robles,30,2040.0
2020,Real Betis,566666,Dani Rebollo,20,
2020,Real Betis,40423,Claudio Bravo,37,1890.0
2020,Real Betis,341227,Juan Miranda,20,1936.0
2020,Real Betis,476344,Emerson Royal,21,3182.0
2020,Real Betis,193098,Álex Moreno,27,1996.0
2020,Real Betis,80293,Aïssa Mandi,28,2813.0
2020,Real Betis,99922,Marc Bartra,29,1695.0
2020,Real Betis,630998,José Calderón,20,
2020,Real Betis,711638,Fran Delgado,18,17.0
2020,Real Betis,630984,Geovanni Barba,19,
2020,Real Betis,68645,Martín Montoya,29,554.0
2020,Real Betis,62920,Víctor Ruiz,31,2520.0
2020,Real Betis,27374,Sidnei,30,962.0
2020,Real Betis,203496,Nabil Fekir,26,2863.0
2020,Real Betis,342385,Guido Rodríguez,26,3095.0
2020,Real Betis,66106,Sergio Canales,29,2789.0
2020,Real Betis,100131,William Carvalho,28,1401.0
2020,Real Betis,429901,Paul Akouokou,22,643.0
2020,Real Betis,263856,Víctor Camarasa,26,
2020,Real Betis,20506,Andrés Guardado,33,1489.0
2020,Real Betis,395694,Yassin Fekir,23,
2020,Real Betis,371174,Diego Lainez,20,1144.0
2020,Real Betis,378139,Aitor Ruibal,24,1685.0
2020,Real Betis,278359,Borja Iglesias,27,1616.0
2020,Real Betis,630995,Rodri Sánchez,20,816.0
2020,Real Betis,354741,Loren Morón,26,1030.0
2020,Real Betis,234523,Antonio Sanabria,24,1153.0
2020,Real Betis,126737,Juanmi,27,863.0
2020,Real Betis,141834,Cristian Tello,28,1390.0
2020,Real Betis,7663,Joaquín,38,1450.0
2020,Athletic Club,262396,Unai Simón,23,3960.0
2020,Athletic Club,379548,Jokin Ezkieta,23,270.0
2020,Athletic Club,71570,Iago Herrerín,32,
2020,Athletic Club,591916,Aitor Paredes,20,
2020,Athletic Club,158863,Iñigo Martínez,29,3005.0
2020,Athletic Club,338285,Unai Núñez,23,2545.0
2020,Athletic Club,61812,Yuri Berchiche,30,2140.0
2020,Athletic Club,255488,Yeray Álvarez,25,2646.0
2020,Athletic Club,255501,Iñigo Lekue,27,996.0
2020,Athletic Club,96718,Óscar de Marcos,31,2133.0
2020,Athletic Club,197545,Ander Capa,28,2397.0
2020,Athletic Club,85258,Mikel Balenziaga,32,2023.0
2020,Athletic Club,571020,Oihan Sancet,20,1122.0
2020,Athletic Club,625047,Beñat Prados,19,
2020,Athletic Club,192009,Unai López,24,1740.0
2020,Athletic Club,610083,Unai Vencedor,19,2026.0
2020,Athletic Club,524010,Oier Zarraga,21,97.0
2020,Athletic Club,300168,Mikel Vesga,27,2227.0
2020,Athletic Club,447052,Peru Nolaskoain,21,
2020,Athletic Club,178425,Dani García,30,2409.0
2020,Athletic Club,34601,Raúl García,33,2391.0
2020,Athletic Club,447053,Julen Bernaola,21,
2020,Athletic Club,709187,Nico Williams,17,55.0
2020,Athletic Club,255508,Iñaki Williams,26,2961.0
2020,Athletic Club,335216,Iñigo Vicente,22,49.0
2020,Athletic Club,338425,Álex Berenguer,24,2809.0
2020,Athletic Club,455349,Jon Morcillo,21,1519.0
2020,Athletic Club,251897,Asier Villalibre,22,1901.0
2020,Athletic Club,251848,Iñigo Córdoba,23,94.0
2020,Athletic Club,197126,Kenan Kodro,26,41.0
2020,Athletic Club,127837,Ibai Gómez,30,419.0
2020,Athletic Club,54235,Iker Muniain,27,2489.0
2020,Getafe,226012,David Soria,27,2610.0
2020,Getafe,246335,Rubén Yáñez,26,990.0
2020,Getafe,284857,Marc Cucurella,21,3325.0
2020,Getafe,376514,Mathías Olivera,22,2650.0
2020,Getafe,390688,Juan Iglesias,21,784.0
2020,Getafe,221150,Dakonam Djené,28,3029.0
2020,Getafe,236956,Soufiane Chakla,26,896.0
2020,Getafe,583508,David Alba,21,45.0
2020,Getafe,302991,Erick Cabaco,25,1373.0
2020,Getafe,111508,Allan Nyom,32,2423.0
2020,Getafe,385396,Ryan Nolan,21,
2020,Getafe,809639,Emmanuel Koffi,18,45.0
2020,Getafe,248330,Chema Rodríguez,28,737.0
2020,Getafe,76746,Damián Suárez,32,2439.0
2020,Getafe,71559,Xabi Etxeita,32,971.0
2020,Getafe,290249,Mauro Arambarri,24,3035.0
2020,Getafe,273152,Nemanja Maksimovic,25,2746.0
2020,Getafe,284854,Carles Aleñá,22,1368.0
2020,Getafe,841121,John Patrick,16,194.0
2020,Getafe,648812,Sabit Abdulai,21,148.0
2020,Getafe,371003,Ante Palaversa,20,111.0
2020,Getafe,138803,Francisco Portillo,30,545.0
2020,Getafe,158795,David Timor,30,1452.0
2020,Getafe,405398,Takefusa Kubo,19,802.0
2020,Getafe,459463,Cucho Hernández,21,1474.0
2020,Getafe,251106,Enes Ünal,23,1345.0
2020,Getafe,355336,Josete Miranda,21,23.0
2020,Getafe,505673,Víctor Mollejo,19,72.0
2020,Getafe,399780,Darío Poveda,23,4.0
2020,Getafe,148396,Abdoulay Diaby,29,121.0
2020,Getafe,227961,Jaime Mata,31,2142.0
2020,Getafe,51510,Ángel Rodríguez,33,1485.0
2020,Getafe,715650,Mamor Niang,18,75.0
2020,Celta Vigo,378482,Patrick Sequeira,21,
2020,Celta Vigo,297194,Iván Villar,22,1959.0
2020,Celta Vigo,199321,Rubén Blanco,24,1639.0
2020,Celta Vigo,577869,Ruly García,20,
2020,Celta Vigo,495627,Álvaro Fernández,20,
2020,Celta Vigo,45912,Sergio Álvarez,33,
2020,Celta Vigo,636092,Iago Domínguez,18,
2020,Celta Vigo,545647,Sergio Carreira,19,439.0
2020,Celta Vigo,251878,Aarón Martín,23,1632.0
2020,Celta Vigo,216240,Lucas Olaza,25,1617.0
2020,Celta Vigo,636093,Carlos Domínguez,19,360.0
2020,Celta Vigo,609361,José Fontán,20,829.0
2020,Celta Vigo,276111,David Costas,25,
2020,Celta Vigo,358250,Joseph Aidoo,24,1463.0
2020,Celta Vigo,505493,Diego Pampín,20,
2020,Celta Vigo,715622,Gael Alonso,17,
2020,Celta Vigo,340339,Jorge Sáenz,23,
2020,Celta Vigo,131102,Jeison Murillo,28,2792.0
2020,Celta Vigo,64134,Néstor Araújo,28,2426.0
2020,Celta Vigo,221315,Kevin Vázquez,27,560.0
2020,Celta Vigo,164055,David Juncà,26,
2020,Celta Vigo,119905,Hugo Mallo,29,2625.0
2020,Celta Vigo,699704,Gabri Veiga,18,117.0
2020,Celta Vigo,309110,Brais Méndez,23,2776.0
2020,Celta Vigo,429309,Jordan Holsgrove,20,151.0
2020,Celta Vigo,892221,Hugo Sotelo,16,1.0
2020,Celta Vigo,423444,Fran Beltrán,21,1524.0
2020,Celta Vigo,277137,Renato Tapia,24,2817.0
2020,Celta Vigo,137616,Okay Yokuşlu,26,616.0
2020,Celta Vigo,165007,Denis Suárez,26,2937.0
2020,Celta Vigo,523977,Miguel Baeza,20,623.0
2020,Celta Vigo,282694,Augusto Solari,28,478.0
2020,Celta Vigo,634427,Miguel Rodríguez,17,27.0
2020,Celta Vigo,357628,Alfon González,21,59.0
2020,Celta Vigo,72047,Iago Aspas,32,2899.0
2020,Celta Vigo,561745,Lautaro de León,19,155.0
2020,Celta Vigo,283223,Emre Mor,22,624.0
2020,Celta Vigo,162074,Álvaro Vadillo,25,
2020,Celta Vigo,70934,Nolito,33,2672.0
2020,Celta Vigo,93795,Facundo Ferreyra,29,293.0
2020,Celta Vigo,255653,Santi Mina,24,2448.0
2020,Granada,234811,Rui Silva,26,4140.0
2020,Granada,284430,Aarón Escandell,24,1050.0
2020,Granada,198638,João Costa,24,
2020,Granada,713632,Ángel Jiménez,18,90.0
2020,Granada,833884,Rafa Romero,16,
2020,Granada,575472,Arnau Fàbrega,20,
2020,Granada,491693,Nehuén Pérez,20,1448.0
2020,Granada,631222,Raúl Torrente,18,
2020,Granada,295414,Adrián Marín,23,263.0
2020,Granada,562058,Sergio Barcia,19,101.0
2020,Granada,448844,Carlos Neva,24,3055.0
2020,Granada,251896,Jesús Vallejo,23,2401.0
2020,Granada,170472,Dimitri Foulquier,27,3540.0
2020,Granada,257376,Domingos Duarte,25,3314.0
2020,Granada,500191,Pepe Sánchez,20,651.0
2020,Granada,223053,Quini,30,1360.0
2020,Granada,95963,Germán Sánchez,33,3938.0
2020,Granada,58330,Víctor Díaz,32,1578.0
2020,Granada,468700,Neyder Lozano,26,
2020,Granada,358981,Kingsley Fobi,21,45.0
2020,Granada,378293,Yangel Herrera,22,3359.0
2020,Granada,281989,Luis Milla,25,1891.0
2020,Granada,631221,Isma Ruiz,19,147.0
2020,Granada,391719,Domingos Quina,20,346.0
2020,Granada,487688,Alberto Soro,21,1096.0
2020,Granada,297784,Yan Eteki,22,2104.0
2020,Granada,413459,Eris Abedini,21,
2020,Granada,162079,Fede Vico,25,1076.0
2020,Granada,631223,Antonio Aranda,19,64.0
2020,Granada,696883,Juan Brunet,22,24.0
2020,Granada,60542,Maxime Gonalons,31,2546.0
2020,Granada,131667,Ramon Azeez,27,260.0
2020,Granada,59551,Ángel Montoro,32,2343.0
2020,Granada,284872,Álvaro Bravo,22,14.0
2020,Granada,636229,Carlos León,17,
2020,Granada,424784,Luis Suárez,22,2127.0
2020,Granada,281404,Kenedy,24,2521.0
2020,Granada,262365,Antonio Puertas,28,3340.0
2020,Granada,610336,Antoñín,20,
2020,Granada,211251,Darwin Machís,27,2909.0
2020,Granada,614195,Dani Plomer,21,45.0
2020,Granada,34870,Roberto Soldado,35,2194.0
2020,Granada,57825,Jorge Molina,38,2675.0
2020,Granada,462380,Echu Rodríguez,22,
2020,Levante,397676,Dani Cárdenas,23,1230.0
2020,Levante,617059,Pablo Campos,18,
2020,Levante,118997,Aitor Fernández,29,2730.0
2020,Levante,299715,Koke Vegas,24,180.0
2020,Levante,349856,Son,26,1530.0
2020,Levante,387129,Róber Pier,25,1562.0
2020,Levante,257851,Rúben Vezo,26,2718.0
2020,Levante,175323,Óscar Duarte,31,2536.0
2020,Levante,193784,Carlos Clerc,28,3083.0
2020,Levante,618806,Alfredo Pedraza,19,45.0
2020,Levante,158791,Sergio Postigo,31,2019.0
2020,Levante,125931,Toño García,30,1187.0
2020,Levante,71905,Coke,33,1227.0
2020,Levante,702332,Euse Monzó,19,
2020,Levante,405564,Giorgi Kochorashvili,21,138.0
2020,Levante,568835,Pablo Martínez,22,
2020,Levante,245014,Enis Bardhi,24,2016.0
2020,Levante,162056,Gonzalo Melero,26,2322.0
2020,Levante,168959,Nemanja Radoja,27,1611.0
2020,Levante,205569,Mickaël Malsa,24,2652.0
2020,Levante,120095,José Campaña,27,748.0
2020,Levante,228917,Jorge Miramón,31,1973.0
2020,Levante,611198,Álex Blesa,18,10.0
2020,Levante,129679,Cheick Doukouré,27,95.0
2020,Levante,151470,Nikola Vukcevic,28,948.0
2020,Levante,455181,Jorge de Frutos,23,2487.0
2020,Levante,430488,Edgar Sevikyan,18,39.0
2020,Levante,422460,Dani Gómez,21,1966.0
2020,Levante,638235,Álex Cantero,20,239.0
2020,Levante,212391,Roger Martí,29,2444.0
2020,Levante,252677,José Luis Morales,32,2893.0
2020,Levante,145769,Sergio León,31,1123.0
2020,Levante,172142,Hernâni,28,
2020,Levante,67548,Rubén Rochina,29,1780.0
2020,Osasuna,248738,Sergio Herrera,27,2957.0
2020,Osasuna,548635,Iñaki Álvarez,23,90.0
2020,Osasuna,298613,Juan Pérez,23,480.0
2020,Osasuna,568183,Iván Martínez,18,
2020,Osasuna,8184,Rubén Martínez,36,278.0
2020,Osasuna,618809,Manu Sánchez,19,1183.0
2020,Osasuna,298589,David García,26,3270.0
2020,Osasuna,555500,Jorge Herrando,19,19.0
2020,Osasuna,216870,Nacho Vidal,25,2475.0
2020,Osasuna,169497,Juan Cruz,27,2034.0
2020,Osasuna,197122,Unai García,28,1553.0
2020,Osasuna,69660,Jonás Ramalho,27,305.0
2020,Osasuna,82503,Aridane Hernández,31,2028.0
2020,Osasuna,61546,Facundo Roncaglia,33,1579.0
2020,Osasuna,142419,Raúl Navas,32,439.0
2020,Osasuna,311440,Gorka Zabarte,21,
2020,Osasuna,634131,Aimar Oroz,18,57.0
2020,Osasuna,552425,Jon Moncayola,22,2784.0
2020,Osasuna,213670,Lucas Torró,25,1680.0
2020,Osasuna,471474,Javi Martínez,20,735.0
2020,Osasuna,505512,Asier Córdoba,20,45.0
2020,Osasuna,95641,Darko Brasanac,28,977.0
2020,Osasuna,63040,Oier Sanjurjo,34,2233.0
2020,Osasuna,63056,Roberto Torres,31,2112.0
2020,Osasuna,71579,Iñigo Pérez,32,1467.0
2020,Osasuna,46413,Ante Budimir,28,1762.0
2020,Osasuna,213260,Rubén García,26,2805.0
2020,Osasuna,298575,Kike Barja,23,1756.0
2020,Osasuna,284727,Jonathan Calleri,26,1601.0
2020,Osasuna,167721,Chimy Ávila,26,199.0
2020,Osasuna,251680,Brandon Thomas,25,108.0
2020,Osasuna,443222,Marc Cardona,24,50.0
2020,Osasuna,388519,Kike Saverio,21,78.0
2020,Osasuna,114060,Enric Gallego,33,1147.0
2020,Osasuna,228761,Jony,28,1026.0
2020,Osasuna,45383,Adrián López,32,475.0
2020,Eibar,606848,Jonmi Magunagoitia,19,
2020,Eibar,94308,Marko Dmitrovic,28,3121.0
2020,Eibar,867426,Unai Ayala,16,
2020,Eibar,58115,Yoel Rodríguez,31,599.0
2020,Eibar,290273,Álvaro Tejero,23,109.0
2020,Eibar,198006,Rafa Soares,25,1322.0
2020,Eibar,206947,Kévin Rodrigues,26,1291.0
2020,Eibar,684253,Sergio Cubero,20,193.0
2020,Eibar,139336,Paulo Oliveira,28,2640.0
2020,Eibar,203043,Pedro Bigas,30,1574.0
2020,Eibar,783429,Unai Dufur,21,141.0
2020,Eibar,71548,Anaitz Arbilla,33,2934.0
2020,Eibar,337922,Esteban Burgos,28,1416.0
2020,Eibar,223890,Rober Correa,27,1138.0
2020,Eibar,311287,José Antonio Martínez,27,
2020,Eibar,87469,Cote,30,907.0
2020,Eibar,261504,Aleix García,23,435.0
2020,Eibar,506248,Edu Expósito,23,2571.0
2020,Eibar,480955,Miguel Atienza,21,837.0
2020,Eibar,242299,Roberto Olabe,24,136.0
2020,Eibar,138935,Sergio Álvarez,28,1836.0
2020,Eibar,39907,Pape Diop,34,2365.0
2020,Eibar,150948,Recio,29,970.0
2020,Eibar,199299,Damian Kądzior,28,369.0
2020,Eibar,537382,Bryan Gil,19,2296.0
2020,Eibar,341272,Álex Pozo,21,2265.0
2020,Eibar,230541,Yoshinori Muto,27,1282.0
2020,Eibar,93936,Kike García,30,3131.0
2020,Eibar,98249,Takashi Inui,32,1906.0
2020,Eibar,81988,Sergi Enrich,30,1416.0
2020,Eibar,79352,Quique González,30,343.0
2020,Eibar,684299,Eñaut Mendia,21,62.0
2020,Eibar,51587,Pedro León,33,1199.0
2020,Eibar,783434,Unai Arieta,21,134.0
2020,Alaves,298197,Antonio Sivera,23,342.0
2020,Alaves,172015,Fernando Pacheco,28,3348.0
2020,Alaves,582718,Aritz Castro,22,
2020,Alaves,568158,Javi López,18,396.0
2020,Alaves,559979,Abdel Abqar,21,
2020,Alaves,177046,Rubén Duarte,24,2551.0
2020,Alaves,127108,Florian Lejeune,29,3115.0
2020,Alaves,295414,Adrián Marín,23,299.0
2020,Alaves,354697,Tachi,22,1027.0
2020,Alaves,176140,Rodrigo Ely,26,468.0
2020,Alaves,483573,Martín Aguirregabiria,24,1824.0
2020,Alaves,718032,Stephane Keller,18,15.0
2020,Alaves,550549,Tomás Tavares,19,241.0
2020,Alaves,718027,Hugo Pérez,17,
2020,Alaves,892217,Eneko Ortiz,17,
2020,Alaves,184767,Ximo Navarro,30,2469.0
2020,Alaves,67080,Víctor Laguardia,30,2797.0
2020,Alaves,242497,Pere Pons,27,1270.0
2020,Alaves,89297,Rodrigo Battaglia,28,2613.0
2020,Alaves,615636,Abdallahi Mahmoud,20,65.0
2020,Alaves,598608,Sergi García,21,24.0
2020,Alaves,718035,Pepe Blanco,20,
2020,Alaves,139895,Tomás Pina,32,2707.0
2020,Alaves,76273,Manu García,34,1232.0
2020,Alaves,634461,Borja Sainz,19,601.0
2020,Alaves,676318,Facundo Pellistri,18,540.0
2020,Alaves,81999,Joselu,30,3126.0
2020,Alaves,278837,Luis Rioja,26,2188.0
2020,Alaves,251848,Iñigo Córdoba,23,213.0
2020,Alaves,243541,Deyverson,29,964.0
2020,Alaves,73185,Lucas Pérez,31,1768.0
2020,Alaves,133794,Edgar Méndez,30,2216.0
2020,Alaves,98596,John Guidetti,28,389.0
2020,Alaves,246277,Burgui,26,58.0
2020,Alaves,176591,Jota Peleteiro,29,1494.0
2020,SD Huesca,453704,Álvaro Ferllo,22,1980.0
2020,SD Huesca,57522,Andrés Fernández,33,1650.0
2020,SD Huesca,824754,Javi Gasca,20,
2020,SD Huesca,290275,Antonio Valera,23,
2020,SD Huesca,366930,Sergio Gómez,19,1004.0
2020,SD Huesca,239962,Denis Vavro,24,616.0
2020,SD Huesca,251876,Pablo Maffeo,22,1978.0
2020,SD Huesca,448628,Javi Galán,25,3068.0
2020,SD Huesca,67546,Jorge Pulido,29,2978.0
2020,SD Huesca,171362,Pablo Insua,26,1711.0
2020,SD Huesca,189452,Gastón Silva,26,809.0
2020,SD Huesca,461836,Manu Galán,22,7.0
2020,SD Huesca,56777,Luisinho,35,388.0
2020,SD Huesca,52403,Dimitrios Siovas,31,3074.0
2020,SD Huesca,25412,Pedro López,36,1245.0
2020,SD Huesca,718190,Jorge Cofrades,19,
2020,SD Huesca,430579,Idrissa Doumbia,22,879.0
2020,SD Huesca,340867,Jaime Seoane,23,2268.0
2020,SD Huesca,383153,Kelechi Nwakali,22,240.0
2020,SD Huesca,223073,Eugeni,25,253.0
2020,SD Huesca,201861,Juan Carlos Real,29,354.0
2020,SD Huesca,44069,Pedro Mosquera,32,2053.0
2020,SD Huesca,51474,Mikel Rico,35,2200.0
2020,SD Huesca,67808,Borja García,29,1116.0
2020,SD Huesca,718201,Kevin Carlos,19,7.0
2020,SD Huesca,361254,Rafa Mir,23,2992.0
2020,SD Huesca,396334,Joaquín Muñoz,21,39.0
2020,SD Huesca,298983,Javi Ontiveros,22,959.0
2020,SD Huesca,199369,Sandro Ramírez,24,1298.0
2020,SD Huesca,531829,Dani Escriche,22,1015.0
2020,SD Huesca,71918,David Ferreiro,32,2567.0
2020,SD Huesca,491541,Juan Peñaloza,20,
2020,SD Huesca,853290,Gustavo Abizanda,20,
2020,SD Huesca,79642,Shinji Okazaki,34,1218.0
2020,Real Valladolid CF,448835,Gaizka Campos,23,
2020,Real Valladolid CF,363541,Samu Pérez,23,
2020,Real Valladolid CF,65263,Jordi Masip,31,2250.0
2020,Real Valladolid CF,37403,Roberto,34,1590.0
2020,Real Valladolid CF,216240,Lucas Olaza,25,1260.0
2020,Real Valladolid CF,583510,Miguel Rubio,22,300.0
2020,Real Valladolid CF,523972,Sergio López,21,27.0
2020,Real Valladolid CF,809716,Lucas Freitas,19,9.0
2020,Real Valladolid CF,581701,Ignasi Vilarrasa,20,330.0
2020,Real Valladolid CF,358115,Luis Pérez,25,1570.0
2020,Real Valladolid CF,340853,Javi Sánchez,23,1062.0
2020,Real Valladolid CF,196435,Saidy Janko,24,1224.0
2020,Real Valladolid CF,235412,Jawad El Yamiq,28,1466.0
2020,Real Valladolid CF,221321,Joaquín Fernández,24,2165.0
2020,Real Valladolid CF,127554,Nacho Martínez,31,1813.0
2020,Real Valladolid CF,71204,Javi Moyano,34,103.0
2020,Real Valladolid CF,710479,Jesús Palomeque,18,
2020,Real Valladolid CF,139434,Raúl Carnero,31,592.0
2020,Real Valladolid CF,51667,Kiko Olivas,31,173.0
2020,Real Valladolid CF,188838,Bruno González,30,2381.0
2020,Real Valladolid CF,527698,Kike Pérez,23,1318.0
2020,Real Valladolid CF,293388,Oriol Rey,22,42.0
2020,Real Valladolid CF,531273,Fran Álvarez,22,
2020,Real Valladolid CF,495622,Moha Moukhliss,20,
2020,Real Valladolid CF,311696,Kuki Zalazar,22,347.0
2020,Real Valladolid CF,247250,Rubén Alcaraz,29,2311.0
2020,Real Valladolid CF,307519,Fede San Emeterio,23,1560.0
2020,Real Valladolid CF,221309,Óscar Plano,29,2722.0
2020,Real Valladolid CF,202984,Roque Mesa,31,1964.0
2020,Real Valladolid CF,207922,Luismi Sánchez,28,
2020,Real Valladolid CF,65331,Míchel Herrero,31,1271.0
2020,Real Valladolid CF,329812,Jota,21,738.0
2020,Real Valladolid CF,247652,Shon Weissman,24,2217.0
2020,Real Valladolid CF,481084,Marcos André,23,1170.0
2020,Real Valladolid CF,197126,Kenan Kodro,26,453.0
2020,Real Valladolid CF,404688,Waldo Rubio,24,612.0
2020,Real Valladolid CF,337066,Toni Villa,25,1280.0
2020,Real Valladolid CF,531825,Sergio Benito,21,244.0
2020,Real Valladolid CF,142027,Pablo Hervías,27,1511.0
2020,Real Valladolid CF,256429,Sergi Guardiola,29,1884.0
2020,Real Valladolid CF,60890,Fabián Orellana,34,2224.0
2020,Cadiz,284342,Conan Ledesma,27,2880.0
2020,Cadiz,162027,David Gil,26,660.0
2020,Cadiz,513972,Juan Flere,22,
2020,Cadiz,7668,Alberto Cifuentes,41,180.0
2020,Cadiz,408895,Juanjo Garrancho,23,
2020,Cadiz,311044,Alfonso Espino,28,2605.0
2020,Cadiz,281755,Iván Alejo,25,907.0
2020,Cadiz,388512,Marc Baró,20,333.0
2020,Cadiz,435500,Sergio González,23,90.0
2020,Cadiz,345083,Álex Martín,22,95.0
2020,Cadiz,254037,Iza Carcelén,27,2605.0
2020,Cadiz,337946,Jairo Izquierdo,26,1410.0
2020,Cadiz,252667,Fali,26,2729.0
2020,Cadiz,225015,Carlos Akapo,27,1146.0
2020,Cadiz,203981,Jean-Pierre Rhyner,24,
2020,Cadiz,490421,Momo Mbaye,22,120.0
2020,Cadiz,51663,Pedro Alcalá,31,998.0
2020,Cadiz,247366,Marcos Mauro,29,1828.0
2020,Cadiz,67089,Juan Cala,30,2363.0
2020,Cadiz,419596,Saturday Erimuya,22,210.0
2020,Cadiz,148355,Jens Jønsson,27,2692.0
2020,Cadiz,290533,Yann Bodiger,25,497.0
2020,Cadiz,336747,Jorge Pombo,26,698.0
2020,Cadiz,882772,Álvaro Bastida,16,34.0
2020,Cadiz,158704,Jon Ander Garrido,30,1048.0
2020,Cadiz,225462,José Mari,32,1486.0
2020,Cadiz,89733,Álex Fernández,27,1979.0
2020,Cadiz,39151,Augusto Fernández,34,366.0
2020,Cadiz,131275,Choco Lozano,27,1643.0
2020,Cadiz,331514,Bobby Adekanye,21,153.0
2020,Cadiz,399357,Manu Nieto,22,12.0
2020,Cadiz,85383,Rubén Sobrino,28,1114.0
2020,Cadiz,402002,Mamady Diarra,20,
2020,Cadiz,274347,Ivan Saponjic,22,387.0
2020,Cadiz,246204,Salvi Sánchez,29,2037.0
2020,Cadiz,746908,Kike Carrasco,22,
2020,Cadiz,57935,Álvaro Giménez,29,571.0
2020,Cadiz,162652,Filip Malbasic,27,1063.0
2020,Cadiz,99559,Alberto Perea,29,1646.0
2020,Cadiz,18644,Álvaro Negredo,34,2216.0
2020,Cadiz,305956,Nano Mesa,25,23.0
2020,Elche,195488,Paulo Gazzaniga,28,720.0
2020,Elche,102146,Edgar Badia,28,2700.0
2020,Elche,90800,Diego Rodríguez,31,270.0
2020,Elche,694535,Luis Castillo,20,
2020,Elche,602979,Lluis Andreu,20,
2020,Elche,819590,José Salinas,19,180.0
2020,Elche,262939,Johan Mojica,27,1203.0
2020,Elche,627290,John Donald,19,229.0
2020,Elche,326416,Dani Calvo,26,1958.0
2020,Elche,255892,Josema,24,1966.0
2020,Elche,720532,Diego Bri,17,45.0
2020,Elche,211389,Helibelton Palacios,27,741.0
2020,Elche,274484,Youssouf Koné,24,73.0
2020,Elche,725201,Nacho Pastor,20,
2020,Elche,349836,Diego González,25,1279.0
2020,Elche,169249,Juan Sánchez Miño,30,674.0
2020,Elche,184779,Gonzalo Verdú,31,2945.0
2020,Elche,32522,Antonio Barragán,33,2239.0
2020,Elche,628492,Gerard Barri,19,90.0
2020,Elche,330352,Raúl Guti,23,2875.0
2020,Elche,90451,Iván Marcone,30,2741.0
2020,Elche,786438,Jony Álamo,18,254.0
2020,Elche,203516,Nuke Mfulu,26,877.0
2020,Elche,175836,Miguel Cifuentes,29,697.0
2020,Elche,672953,César Moreno,19,
2020,Elche,286841,Ramón Folch,30,1.0
2020,Elche,129753,Víctor Rodríguez,30,642.0
2020,Elche,207922,Luismi Sánchez,28,298.0
2020,Elche,56067,Pablo Piatti,31,359.0
2020,Elche,334222,Lucas Boyé,24,2799.0
2020,Elche,527972,Mourad El Ghezouani,22,
2020,Elche,339816,Tete Morente,23,2046.0
2020,Elche,225593,Pere Milla,27,1982.0
2020,Elche,282544,Emiliano Rigoni,27,1275.0
2020,Elche,352567,Jeison Lucumí,25,242.0
2020,Elche,184672,Guido Carrillo,29,1090.0
2020,Elche,887054,Cheikh Diamanka,19,
2020,Elche,149231,Fidel,30,2402.0
2020,Elche,277533,Josan,30,2008.0
2020,Elche,29178,Nino,40,541.0
2020,Elche,510385,Claudio Medina,26,
2021,Real Madrid,108390,Thibaut Courtois,29,4770.0
2021,Real Madrid,404839,Andriy Lunin,22,390.0
2021,Real Madrid,623525,Luis López,20,
2021,Real Madrid,623526,Toni Fuidias,20,
2021,Real Madrid,926850,Diego Piñeiro,17,
2021,Real Madrid,618341,Mario Gila,20,23.0
2021,Real Madrid,525299,Miguel Gutiérrez,19,327.0
2021,Real Madrid,401530,Éder Militão,23,4496.0
2021,Real Madrid,662261,Rafa Marín,19,
2021,Real Madrid,138927,Daniel Carvajal,29,2606.0
2021,Real Madrid,291417,Ferland Mendy,26,2816.0
2021,Real Madrid,59016,David Alaba,29,4070.0
2021,Real Madrid,58884,Nacho Fernández,31,2554.0
2021,Real Madrid,221316,Lucas Vázquez,30,2516.0
2021,Real Madrid,251896,Jesús Vallejo,24,355.0
2021,Real Madrid,280730,Álvaro Odriozola,25,
2021,Real Madrid,537759,Sergio Santos,20,10.0
2021,Real Madrid,44501,Marcelo,33,812.0
2021,Real Madrid,369081,Federico Valverde,22,2862.0
2021,Real Madrid,640428,Eduardo Camavinga,18,1699.0
2021,Real Madrid,296622,Marco Asensio,25,2151.0
2021,Real Madrid,495621,Antonio Blanco,20,38.0
2021,Real Madrid,319745,Dani Ceballos,24,350.0
2021,Real Madrid,16306,Casemiro,29,3928.0
2021,Real Madrid,27992,Luka Modrić,35,3435.0
2021,Real Madrid,85288,Isco,29,407.0
2021,Real Madrid,31909,Toni Kroos,31,3397.0
2021,Real Madrid,371998,Vinicius Junior,20,4275.0
2021,Real Madrid,412363,Rodrygo,20,2413.0
2021,Real Madrid,257462,Luka Jović,23,563.0
2021,Real Madrid,18922,Karim Benzema,33,3919.0
2021,Real Madrid,623521,Juanmi Latasa,20,9.0
2021,Real Madrid,710004,Peter Federico,18,24.0
2021,Real Madrid,225020,Mariano Díaz,27,399.0
2021,Real Madrid,50202,Eden Hazard,30,905.0
2021,Real Madrid,39381,Gareth Bale,31,290.0
2021,Barcelona,344457,Lazar Carević,22,
2021,Barcelona,283170,Iñaki Peña,22,
2021,Barcelona,466783,Arnau Tenas,20,
2021,Barcelona,74857,Marc-André ter Stegen,29,4470.0
2021,Barcelona,111819,Neto,31,360.0
2021,Barcelona,636688,Alejandro Balde,17,207.0
2021,Barcelona,466794,Eric García,20,2814.0
2021,Barcelona,480267,Ronald Araujo,22,3271.0
2021,Barcelona,361104,Sergiño Dest,20,2042.0
2021,Barcelona,331505,Óscar Mingueza,22,1342.0
2021,Barcelona,617060,Mika Mármol,19,1.0
2021,Barcelona,476344,Emerson Royal,22,90.0
2021,Barcelona,182904,Clément Lenglet,26,1238.0
2021,Barcelona,388542,Arnau Comas,21,
2021,Barcelona,331508,Guillem Jaime,22,
2021,Barcelona,18944,Gerard Piqué,34,3105.0
2021,Barcelona,15951,Dani Alves,38,1392.0
2021,Barcelona,69751,Jordi Alba,32,3893.0
2021,Barcelona,126540,Samuel Umtiti,27,90.0
2021,Barcelona,683840,Pedri,18,1709.0
2021,Barcelona,466805,Nico González,19,1690.0
2021,Barcelona,326330,Frenkie de Jong,24,3534.0
2021,Barcelona,646740,Gavi,16,3090.0
2021,Barcelona,331511,Riqui Puig,21,545.0
2021,Barcelona,80444,Philippe Coutinho,29,610.0
2021,Barcelona,85370,Sergi Roberto,29,569.0
2021,Barcelona,388548,Jandro Orellana,20,
2021,Barcelona,466806,Álvaro Sanz,20,46.0
2021,Barcelona,388555,Lucas de Vega,21,
2021,Barcelona,65230,Sergio Busquets,32,4421.0
2021,Barcelona,44162,Miralem Pjanić,31,
2021,Barcelona,288230,Ousmane Dembélé,24,1946.0
2021,Barcelona,398184,Ferran Torres,21,2063.0
2021,Barcelona,724520,Abde Ezzalzouli,19,692.0
2021,Barcelona,466810,Ansu Fati,18,574.0
2021,Barcelona,709969,Ilias Akhomach,17,170.0
2021,Barcelona,599231,Ferran Jutglà,22,463.0
2021,Barcelona,125781,Antoine Griezmann,30,264.0
2021,Barcelona,167850,Memphis Depay,27,2497.0
2021,Barcelona,204103,Adama Traoré,25,743.0
2021,Barcelona,58864,Pierre-Emerick Aubameyang,32,1514.0
2021,Barcelona,308278,Rey Manaj,24,
2021,Barcelona,913539,Estanis Pedrola,17,10.0
2021,Barcelona,548031,Yusuf Demir,18,290.0
2021,Barcelona,95732,Martin Braithwaite,30,248.0
2021,Barcelona,72522,Luuk de Jong,30,937.0
2021,Barcelona,26399,Sergio Agüero,33,165.0
2021,Atletico Madrid,121483,Jan Oblak,28,4590.0
2021,Atletico Madrid,618801,Alejandro Iturbe,17,
2021,Atletico Madrid,226073,Ivo Grbic,25,
2021,Atletico Madrid,930415,Antonio Gomis,18,
2021,Atletico Madrid,127181,Benjamin Lecomte,30,
2021,Atletico Madrid,461613,Christian Gómez,21,
2021,Atletico Madrid,282411,Marcos Llorente,26,3246.0
2021,Atletico Madrid,491693,Nehuén Pérez,21,
2021,Atletico Madrid,476352,Renan Lodi,23,1842.0
2021,Atletico Madrid,250845,José María Giménez,26,2766.0
2021,Atletico Madrid,281769,Mario Hermoso,26,2474.0
2021,Atletico Madrid,240692,Reinildo Mandava,27,1658.0
2021,Atletico Madrid,95810,Kieran Trippier,30,1202.0
2021,Atletico Madrid,628464,Manu Lama,20,
2021,Atletico Madrid,534376,Marco Moreno,20,
2021,Atletico Madrid,107010,Stefan Savic,30,2891.0
2021,Atletico Madrid,537458,Joan Rojas,21,
2021,Atletico Madrid,379632,Sergio Camus,24,
2021,Atletico Madrid,935456,Sergio Diez,17,
2021,Atletico Madrid,668273,Ibra Cámara,18,
2021,Atletico Madrid,156501,Felipe,32,2150.0
2021,Atletico Madrid,76061,Sime Vrsaljko,29,1450.0
2021,Atletico Madrid,784717,Fran González,22,
2021,Atletico Madrid,775605,Pablo Barrios,18,
2021,Atletico Madrid,255901,Rodrigo De Paul,27,2940.0
2021,Atletico Madrid,74229,Koke,29,3362.0
2021,Atletico Madrid,127189,Geoffrey Kondogbia,28,2612.0
2021,Atletico Madrid,205562,Thomas Lemar,25,2000.0
2021,Atletico Madrid,148928,Saúl Ñíguez,26,201.0
2021,Atletico Madrid,668177,Javi Serrano,18,93.0
2021,Atletico Madrid,122043,Héctor Herrera,31,1173.0
2021,Atletico Madrid,63463,Daniel Wass,32,45.0
2021,Atletico Madrid,568149,Alberto Moreno,19,
2021,Atletico Madrid,517894,Matheus Cunha,22,1278.0
2021,Atletico Madrid,742201,Giuliano Simeone,18,1.0
2021,Atletico Madrid,462250,João Félix,21,2050.0
2021,Atletico Madrid,125781,Antoine Griezmann,30,2269.0
2021,Atletico Madrid,266807,Ángel Correa,26,2428.0
2021,Atletico Madrid,140776,Yannick Carrasco,27,3323.0
2021,Atletico Madrid,505674,Sergio Camello,20,
2021,Atletico Madrid,44352,Luis Suárez,34,2295.0
2021,Atletico Madrid,618813,Carlos Martín,19,17.0
2021,Atletico Madrid,274347,Ivan Saponjic,23,
2021,Villarreal,585323,Filip Jørgensen,19,32.0
2021,Villarreal,229604,Gerónimo Rulli,29,4108.0
2021,Villarreal,547248,Iker Álvarez,19,
2021,Villarreal,51710,Sergio Asenjo,32,750.0
2021,Villarreal,399776,Pau Torres,24,4146.0
2021,Villarreal,349599,Pervis Estupiñán,23,2345.0
2021,Villarreal,480763,Juan Foyth,23,3023.0
2021,Villarreal,494880,Jorge Cuenca,21,
2021,Villarreal,341263,Adrián Dela,22,80.0
2021,Villarreal,356197,Alfonso Pedraza,25,2378.0
2021,Villarreal,207917,Alberto Moreno,28,1814.0
2021,Villarreal,80293,Aïssa Mandi,29,1609.0
2021,Villarreal,127032,Serge Aurier,28,1132.0
2021,Villarreal,15452,Raúl Albiol,35,3733.0
2021,Villarreal,627282,Dani Tasende,20,29.0
2021,Villarreal,238868,Rubén Peña,29,282.0
2021,Villarreal,631098,Lanchi,20,
2021,Villarreal,73250,Mario Gaspar,30,964.0
2021,Villarreal,348795,Giovani Lo Celso,25,1520.0
2021,Villarreal,335225,Manu Morlanes,22,35.0
2021,Villarreal,175449,Moi Gómez,27,1735.0
2021,Villarreal,59561,Dani Parejo,32,3795.0
2021,Villarreal,627287,Carlo García,20,16.0
2021,Villarreal,74869,Francis Coquelin,30,1298.0
2021,Villarreal,568156,Antonio Pacheco,19,
2021,Villarreal,63494,Étienne Capoue,32,3507.0
2021,Villarreal,65467,Vicente Iborra,33,1224.0
2021,Villarreal,188854,Manu Trigueros,29,2749.0
2021,Villarreal,776890,Nicolas Jackson,20,246.0
2021,Villarreal,568157,Yéremy Pino,18,2220.0
2021,Villarreal,401922,Samuel Chukwueze,22,1769.0
2021,Villarreal,626913,Boulaye Dia,24,1655.0
2021,Villarreal,355861,Arnaut Danjuma,24,2385.0
2021,Villarreal,177467,Gerard Moreno,29,1913.0
2021,Villarreal,627294,Fer Niño,20,
2021,Villarreal,614464,Nikita Iosifov,20,30.0
2021,Villarreal,413262,Dani Raba,25,324.0
2021,Villarreal,461631,Juan Carlos Arana,21,
2021,Villarreal,126716,Paco Alcácer,27,1007.0
2021,Sevilla,207834,Yassine Bounou,30,3720.0
2021,Sevilla,94308,Marko Dmitrovic,29,870.0
2021,Sevilla,396107,Javi Díaz,24,90.0
2021,Sevilla,766552,Alberto Flores,17,
2021,Sevilla,537367,Alfonso Pastor,20,90.0
2021,Sevilla,537369,Adrián González,21,
2021,Sevilla,411975,Jules Koundé,22,3747.0
2021,Sevilla,766583,Kike Salas,19,
2021,Sevilla,711625,José Ángel Carmona,19,32.0
2021,Sevilla,676042,Juanlu Sánchez,17,94.0
2021,Sevilla,329145,Diego Carlos,28,3889.0
2021,Sevilla,402733,Gonzalo Montiel,24,1645.0
2021,Sevilla,170646,Ludwig Augustinsson,27,1297.0
2021,Sevilla,60410,Marcos Acuña,29,2988.0
2021,Sevilla,182579,Karim Rekik,26,1557.0
2021,Sevilla,628923,Juan María Alcedo,20,
2021,Sevilla,711628,Pablo Pérez,19,
2021,Sevilla,537373,Valentino Fattore,19,1.0
2021,Sevilla,214775,Óliver Torres,26,1687.0
2021,Sevilla,74294,Nemanja Gudelj,29,1552.0
2021,Sevilla,284884,Óscar Rodríguez,23,610.0
2021,Sevilla,263727,Joan Jordán,26,3314.0
2021,Sevilla,610238,Pedro Ortiz,20,6.0
2021,Sevilla,91849,Thomas Delaney,29,2020.0
2021,Sevilla,536826,Nacho Quintana,20,7.0
2021,Sevilla,32467,Ivan Rakitic,33,2935.0
2021,Sevilla,15956,Jesús Navas,35,2367.0
2021,Sevilla,51174,Fernando,33,2541.0
2021,Sevilla,433049,Youssef En-Nesyri,24,1580.0
2021,Sevilla,628886,Iván Romero,20,340.0
2021,Sevilla,241391,Oussama Idrissi,25,246.0
2021,Sevilla,189441,Lucas Ocampos,26,3102.0
2021,Sevilla,361254,Rafa Mir,24,2470.0
2021,Sevilla,182877,Anthony Martial,25,676.0
2021,Sevilla,610461,Luismi Cruz,20,75.0
2021,Sevilla,125165,Jesús Corona,28,1439.0
2021,Sevilla,223725,Munir El Haddadi,25,1054.0
2021,Sevilla,341272,Álex Pozo,22,
2021,Sevilla,111961,Suso,27,620.0
2021,Sevilla,72522,Luuk de Jong,30,
2021,Sevilla,20005,Papu Gómez,33,2560.0
2021,Sevilla,587562,Antonio Zarzana,19,1.0
2021,Sevilla,111630,Erik Lamela,29,1134.0
2021,Real Sociedad,212862,Álex Remiro,26,3780.0
2021,Real Sociedad,128969,Mathew Ryan,29,810.0
2021,Real Sociedad,625657,Unai Marrero,19,
2021,Real Sociedad,561702,Gaizka Ayesa,20,
2021,Real Sociedad,351809,Robin Le Normand,24,4252.0
2021,Real Sociedad,355628,Igor Zubeldia,24,2221.0
2021,Real Sociedad,580560,Jon Pacheco,20,690.0
2021,Real Sociedad,289255,Andoni Gorosabel,24,2636.0
2021,Real Sociedad,517842,Aihen Muñoz,23,2209.0
2021,Real Sociedad,229804,Aritz Elustondo,27,2924.0
2021,Real Sociedad,249513,Diego Rico,28,1922.0
2021,Real Sociedad,674501,Jonathan Gómez,17,
2021,Real Sociedad,696890,Cristo Romero,21,27.0
2021,Real Sociedad,197135,Joseba Zaldua,29,2010.0
2021,Real Sociedad,43003,Nacho Monreal,35,
2021,Real Sociedad,423440,Martín Zubimendi,22,3330.0
2021,Real Sociedad,338424,Mikel Merino,25,3683.0
2021,Real Sociedad,625651,Urko González de Zárate,20,
2021,Real Sociedad,634431,Beñat Turrientes,19,324.0
2021,Real Sociedad,465967,Ander Guevara,23,1350.0
2021,Real Sociedad,625660,Jon Ander Olasagasti,20,171.0
2021,Real Sociedad,289257,Jon Guridi,26,290.0
2021,Real Sociedad,59344,Asier Illarramendi,31,423.0
2021,Real Sociedad,129473,Rafinha,28,1265.0
2021,Real Sociedad,35518,David Silva,35,2111.0
2021,Real Sociedad,349066,Alexander Isak,21,2761.0
2021,Real Sociedad,351478,Mikel Oyarzabal,24,2555.0
2021,Real Sociedad,616369,Ander Barrenetxea,19,754.0
2021,Real Sociedad,238407,Alexander Sørloth,25,2253.0
2021,Real Sociedad,563137,Robert Navarro,19,259.0
2021,Real Sociedad,548188,Germán Valera,19,48.0
2021,Real Sociedad,711382,Jon Karrikaburu,18,1.0
2021,Real Sociedad,434990,Álex Sola,22,39.0
2021,Real Sociedad,594926,Naïs Djouahra,21,344.0
2021,Real Sociedad,289236,Jon Bautista,25,45.0
2021,Real Sociedad,99353,Portu,29,2171.0
2021,Real Sociedad,216464,Carlos Fernández,25,
2021,Real Sociedad,625654,Julen Lobete,20,288.0
2021,Real Sociedad,177847,Adnan Januzaj,26,2393.0
2021,Real Sociedad,625658,Ander Martín,20,86.0
2021,Valencia,502676,Giorgi Mamardashvili,20,1920.0
2021,Valencia,146227,Jasper Cillessen,32,1458.0
2021,Valencia,398131,Cristian Rivero,23,
2021,Valencia,227805,Jaume Doménech,30,822.0
2021,Valencia,707271,Charlie Pérez,19,
2021,Valencia,646750,Cristhian Mosquera,17,299.0
2021,Valencia,353032,Omar Alderete,24,2845.0
2021,Valencia,707274,César Tárrega,19,210.0
2021,Valencia,221322,José Gayà,26,2430.0
2021,Valencia,623024,Jesús Vázquez,18,981.0
2021,Valencia,367466,Thierry Correia,22,1624.0
2021,Valencia,298583,Eray Cömert,23,476.0
2021,Valencia,346289,Mouctar Diakhaby,24,2688.0
2021,Valencia,320271,Toni Lato,23,697.0
2021,Valencia,170472,Dimitri Foulquier,28,2880.0
2021,Valencia,668212,Rubén Iranzo,18,133.0
2021,Valencia,149498,Gabriel Paulista,30,1799.0
2021,Valencia,589459,Joseda Menargues,19,
2021,Valencia,163086,Cristiano Piccini,28,393.0
2021,Valencia,834764,Javi Guerra,18,1.0
2021,Valencia,617074,Ilaix Moriba,18,1099.0
2021,Valencia,503991,Yunus Musah,18,1652.0
2021,Valencia,372246,Carlos Soler,24,3024.0
2021,Valencia,417575,Uros Racic,23,1507.0
2021,Valencia,569375,Koba Koindredi,19,376.0
2021,Valencia,495629,Hugo Guillamón,21,2793.0
2021,Valencia,699771,Pedro Alemañ,19,
2021,Valencia,941869,Yellu Santiago,17,81.0
2021,Valencia,63463,Daniel Wass,32,1784.0
2021,Valencia,944124,Lass Sangaré,19,
2021,Valencia,573775,Hugo Duro,21,2380.0
2021,Valencia,617081,Diego López,19,
2021,Valencia,537382,Bryan Gil,20,1040.0
2021,Valencia,225122,Gonçalo Guedes,24,3019.0
2021,Valencia,396894,Maxi Gómez,24,2130.0
2021,Valencia,263860,Jason Remeseiro,26,117.0
2021,Valencia,707279,Hugo González,18,
2021,Valencia,481084,Marcos André,24,1325.0
2021,Valencia,941867,Mario Domínguez,17,23.0
2021,Valencia,85383,Rubén Sobrino,29,13.0
2021,Valencia,328914,Álex Blanco,22,
2021,Valencia,98322,Denis Cheryshev,30,699.0
2021,Valencia,527350,Manu Vallejo,24,134.0
2021,Valencia,173900,Hélder Costa,27,1242.0
2021,Real Betis,234811,Rui Silva,27,2823.0
2021,Real Betis,101118,Joel Robles,31,300.0
2021,Real Betis,566666,Dani Rebollo,21,
2021,Real Betis,40423,Claudio Bravo,38,2009.0
2021,Real Betis,341227,Juan Miranda,21,1379.0
2021,Real Betis,193098,Álex Moreno,28,3395.0
2021,Real Betis,191217,Héctor Bellerín,26,2565.0
2021,Real Betis,135492,Youssouf Sabaly,28,1409.0
2021,Real Betis,99922,Marc Bartra,30,2827.0
2021,Real Betis,401624,Edgar González,24,2658.0
2021,Real Betis,388512,Marc Baró,21,
2021,Real Betis,113133,Germán Pezzella,30,3065.0
2021,Real Betis,630998,José Calderón,21,64.0
2021,Real Betis,531824,Kike Hermoso,21,131.0
2021,Real Betis,711638,Fran Delgado,19,
2021,Real Betis,68645,Martín Montoya,30,803.0
2021,Real Betis,62920,Víctor Ruiz,32,1793.0
2021,Real Betis,27374,Sidnei,31,
2021,Real Betis,203496,Nabil Fekir,27,3929.0
2021,Real Betis,342385,Guido Rodríguez,27,3844.0
2021,Real Betis,66106,Sergio Canales,30,3772.0
2021,Real Betis,100131,William Carvalho,29,2935.0
2021,Real Betis,429901,Paul Akouokou,23,755.0
2021,Real Betis,263856,Víctor Camarasa,27,102.0
2021,Real Betis,718580,Antonio Marchena,18,
2021,Real Betis,20506,Andrés Guardado,34,1780.0
2021,Real Betis,395694,Yassin Fekir,24,
2021,Real Betis,371174,Diego Lainez,21,442.0
2021,Real Betis,378139,Aitor Ruibal,25,1809.0
2021,Real Betis,631002,Raúl García,20,5.0
2021,Real Betis,278359,Borja Iglesias,28,2774.0
2021,Real Betis,630995,Rodri Sánchez,21,1105.0
2021,Real Betis,354741,Loren Morón,27,3.0
2021,Real Betis,122155,Willian José,29,2152.0
2021,Real Betis,126737,Juanmi,28,2926.0
2021,Real Betis,505675,Rober González,20,224.0
2021,Real Betis,141834,Cristian Tello,29,1346.0
2021,Real Betis,7663,Joaquín,39,1226.0
2021,Athletic Club,262396,Unai Simón,24,3240.0
2021,Athletic Club,625014,Julen Agirrezabala,20,840.0
2021,Athletic Club,379548,Jokin Ezkieta,24,
2021,Athletic Club,480958,Ander Iru,22,
2021,Athletic Club,524000,Dani Vivian,21,2240.0
2021,Athletic Club,591916,Aitor Paredes,21,
2021,Athletic Club,158863,Iñigo Martínez,30,3004.0
2021,Athletic Club,338285,Unai Núñez,24,620.0
2021,Athletic Club,61812,Yuri Berchiche,31,1427.0
2021,Athletic Club,255488,Yeray Álvarez,26,2264.0
2021,Athletic Club,527838,Álex Petxarroman,24,491.0
2021,Athletic Club,255501,Iñigo Lekue,28,2182.0
2021,Athletic Club,96718,Óscar de Marcos,32,2063.0
2021,Athletic Club,197545,Ander Capa,29,3.0
2021,Athletic Club,85258,Mikel Balenziaga,33,2220.0
2021,Athletic Club,571020,Oihan Sancet,21,1686.0
2021,Athletic Club,610083,Unai Vencedor,20,2425.0
2021,Athletic Club,524010,Oier Zarraga,22,1327.0
2021,Athletic Club,300168,Mikel Vesga,28,1878.0
2021,Athletic Club,447052,Peru Nolaskoain,22,74.0
2021,Athletic Club,178425,Dani García,31,2735.0
2021,Athletic Club,34601,Raúl García,34,2248.0
2021,Athletic Club,709187,Nico Williams,18,1634.0
2021,Athletic Club,255508,Iñaki Williams,27,3290.0
2021,Athletic Club,338425,Álex Berenguer,25,2596.0
2021,Athletic Club,455349,Jon Morcillo,22,47.0
2021,Athletic Club,251897,Asier Villalibre,23,551.0
2021,Athletic Club,668183,Nico Serrano,18,418.0
2021,Athletic Club,626960,Juan Artola,21,12.0
2021,Athletic Club,834755,Luis Bilbao,18,
2021,Athletic Club,54235,Iker Muniain,28,3365.0
2021,Getafe,341713,Diego Conde,22,5.0
2021,Getafe,226012,David Soria,28,3415.0
2021,Getafe,246335,Rubén Yáñez,27,180.0
2021,Getafe,284857,Marc Cucurella,22,22.0
2021,Getafe,376514,Mathías Olivera,23,2807.0
2021,Getafe,577486,Gastón Álvarez,21,
2021,Getafe,494880,Jorge Cuenca,21,2687.0
2021,Getafe,390688,Juan Iglesias,22,890.0
2021,Getafe,221150,Dakonam Djené,29,3117.0
2021,Getafe,189453,Jonathan Silva,27,400.0
2021,Getafe,70245,Ignasi Miquel,28,
2021,Getafe,143029,Stefan Mitrovic,31,2671.0
2021,Getafe,783873,Álvaro López,22,52.0
2021,Getafe,302991,Erick Cabaco,26,525.0
2021,Getafe,111508,Allan Nyom,33,424.0
2021,Getafe,809639,Emmanuel Koffi,19,168.0
2021,Getafe,248330,Chema Rodríguez,29,45.0
2021,Getafe,76746,Damián Suárez,33,2720.0
2021,Getafe,857939,Chinchu,19,
2021,Getafe,357162,Florentino,21,1177.0
2021,Getafe,290249,Mauro Arambarri,25,2667.0
2021,Getafe,732096,Santi García,19,38.0
2021,Getafe,273152,Nemanja Maksimovic,26,2944.0
2021,Getafe,284854,Carles Aleñá,23,2339.0
2021,Getafe,398163,Gonzalo Villar,23,291.0
2021,Getafe,284884,Óscar Rodríguez,23,944.0
2021,Getafe,137616,Okay Yokuşlu,27,467.0
2021,Getafe,841121,John Patrick,17,
2021,Getafe,638589,Ángel Algobia,22,84.0
2021,Getafe,708500,Totti,19,6.0
2021,Getafe,891091,Diego López,19,
2021,Getafe,158795,David Timor,31,429.0
2021,Getafe,319160,Jakub Jankto,25,673.0
2021,Getafe,573775,Hugo Duro,21,11.0
2021,Getafe,251106,Enes Ünal,24,2813.0
2021,Getafe,298976,Borja Mayoral,24,1053.0
2021,Getafe,546047,José Juan Macías,21,222.0
2021,Getafe,199369,Sandro Ramírez,25,1548.0
2021,Getafe,399780,Darío Poveda,24,541.0
2021,Getafe,227961,Jaime Mata,32,823.0
2021,Getafe,715650,Mamor Niang,19,
2021,Getafe,889717,Pablo Montero,19,28.0
2021,Getafe,67082,Vitolo,31,216.0
2021,RCD Espanyol Barcelona,561613,Joan García,20,287.0
2021,RCD Espanyol Barcelona,8176,Oier Olazábal,31,135.0
2021,RCD Espanyol Barcelona,34370,Diego López,39,3388.0
2021,RCD Espanyol Barcelona,495601,Víctor Gómez,21,4.0
2021,RCD Espanyol Barcelona,501418,Adrià Pedrosa,23,2933.0
2021,RCD Espanyol Barcelona,357884,Fernando Calero,25,1264.0
2021,RCD Espanyol Barcelona,705813,Rubén Sánchez,20,148.0
2021,RCD Espanyol Barcelona,102423,Leandro Cabrera,30,3630.0
2021,RCD Espanyol Barcelona,544106,Óscar Gil,23,1826.0
2021,RCD Espanyol Barcelona,129444,David López,31,742.0
2021,RCD Espanyol Barcelona,92947,Sergi Gómez,29,2987.0
2021,RCD Espanyol Barcelona,548187,Alejandro Pérez,20,
2021,RCD Espanyol Barcelona,705810,Lluís Recasens,19,45.0
2021,RCD Espanyol Barcelona,495600,Álvaro García,21,45.0
2021,RCD Espanyol Barcelona,399775,Miguel Llambrich,25,250.0
2021,RCD Espanyol Barcelona,67090,Dídac Vilà,32,376.0
2021,RCD Espanyol Barcelona,378293,Yangel Herrera,23,1651.0
2021,RCD Espanyol Barcelona,142021,Sergi Darder,27,3349.0
2021,RCD Espanyol Barcelona,570421,Nico Melamed,20,1197.0
2021,RCD Espanyol Barcelona,335225,Manu Morlanes,22,1295.0
2021,RCD Espanyol Barcelona,628496,Dani Villahermosa,20,22.0
2021,RCD Espanyol Barcelona,448344,Óscar Melendo,23,1206.0
2021,RCD Espanyol Barcelona,295622,Keidi Bare,23,1718.0
2021,RCD Espanyol Barcelona,182581,Tonny Vilhena,26,941.0
2021,RCD Espanyol Barcelona,646746,Roger Martínez,17,
2021,RCD Espanyol Barcelona,705815,Gori Gracia,19,8.0
2021,RCD Espanyol Barcelona,42920,Fran Mérida,31,427.0
2021,RCD Espanyol Barcelona,408471,Javi Puado,23,2465.0
2021,RCD Espanyol Barcelona,745461,Luca Koleosho,16,1.0
2021,RCD Espanyol Barcelona,628498,Jofre Carreras,20,65.0
2021,RCD Espanyol Barcelona,311489,Landry Dimata,23,627.0
2021,RCD Espanyol Barcelona,354741,Loren Morón,27,830.0
2021,RCD Espanyol Barcelona,288318,Adrián Embarba,29,2131.0
2021,RCD Espanyol Barcelona,162038,Raúl de Tomás,26,3090.0
2021,RCD Espanyol Barcelona,140436,Lei Wu,29,642.0
2021,RCD Espanyol Barcelona,705808,Max Svensson,19,52.0
2021,RCD Espanyol Barcelona,162074,Álvaro Vadillo,26,7.0
2021,RCD Espanyol Barcelona,88490,Aleix Vidal,31,2085.0
2021,Celta Vigo,199321,Rubén Blanco,25,210.0
2021,Celta Vigo,581640,Coke Carrillo,19,
2021,Celta Vigo,448835,Gaizka Campos,24,
2021,Celta Vigo,646741,César Fernández,17,
2021,Celta Vigo,144128,Matías Dituro,34,3510.0
2021,Celta Vigo,636093,Carlos Domínguez,20,641.0
2021,Celta Vigo,740253,Javi Castro,20,
2021,Celta Vigo,448628,Javi Galán,26,3379.0
2021,Celta Vigo,609361,José Fontán,21,494.0
2021,Celta Vigo,358250,Joseph Aidoo,25,2640.0
2021,Celta Vigo,540676,Thomas Carrique,22,
2021,Celta Vigo,461619,Fernando Medrano,21,
2021,Celta Vigo,131102,Jeison Murillo,29,1415.0
2021,Celta Vigo,64134,Néstor Araújo,29,2619.0
2021,Celta Vigo,221315,Kevin Vázquez,28,1381.0
2021,Celta Vigo,119905,Hugo Mallo,30,1980.0
2021,Celta Vigo,699704,Gabri Veiga,19,284.0
2021,Celta Vigo,309110,Brais Méndez,24,3210.0
2021,Celta Vigo,334042,Orbelín Pineda,25,93.0
2021,Celta Vigo,892221,Hugo Sotelo,17,1.0
2021,Celta Vigo,423444,Fran Beltrán,22,2727.0
2021,Celta Vigo,715628,Damián Rodríguez,18,
2021,Celta Vigo,277137,Renato Tapia,25,1580.0
2021,Celta Vigo,137616,Okay Yokuşlu,27,200.0
2021,Celta Vigo,165007,Denis Suárez,27,3050.0
2021,Celta Vigo,523977,Miguel Baeza,21,104.0
2021,Celta Vigo,282694,Augusto Solari,29,788.0
2021,Celta Vigo,892929,Hugo Álvarez,17,55.0
2021,Celta Vigo,357628,Alfon González,22,
2021,Celta Vigo,72047,Iago Aspas,33,3118.0
2021,Celta Vigo,341110,Franco Cervi,27,2006.0
2021,Celta Vigo,186399,Thiago Galhardo,31,1228.0
2021,Celta Vigo,70934,Nolito,34,1600.0
2021,Celta Vigo,255653,Santi Mina,25,2590.0
2021,Osasuna,248738,Sergio Herrera,28,3330.0
2021,Osasuna,298613,Juan Pérez,24,270.0
2021,Osasuna,634116,Yoel Ramírez,19,
2021,Osasuna,341266,Darío Ramos,21,90.0
2021,Osasuna,618809,Manu Sánchez,20,2350.0
2021,Osasuna,488626,Jesús Areso,21,278.0
2021,Osasuna,298589,David García,27,3195.0
2021,Osasuna,216870,Nacho Vidal,26,2935.0
2021,Osasuna,169497,Juan Cruz,28,2070.0
2021,Osasuna,197122,Unai García,29,1497.0
2021,Osasuna,783429,Unai Dufur,22,90.0
2021,Osasuna,69660,Jonás Ramalho,28,500.0
2021,Osasuna,82503,Aridane Hernández,32,1237.0
2021,Osasuna,87469,Cote,31,1216.0
2021,Osasuna,552425,Jon Moncayola,23,2972.0
2021,Osasuna,213670,Lucas Torró,26,2735.0
2021,Osasuna,471474,Javi Martínez,21,1114.0
2021,Osasuna,340864,Jaume Grau,24,157.0
2021,Osasuna,95641,Darko Brasanac,29,2443.0
2021,Osasuna,63040,Oier Sanjurjo,35,917.0
2021,Osasuna,63056,Roberto Torres,32,1027.0
2021,Osasuna,71579,Iñigo Pérez,33,493.0
2021,Osasuna,46413,Ante Budimir,29,1837.0
2021,Osasuna,213260,Rubén García,27,2422.0
2021,Osasuna,298575,Kike Barja,24,963.0
2021,Osasuna,710679,Iker Benito,18,115.0
2021,Osasuna,167721,Chimy Ávila,27,1983.0
2021,Osasuna,514514,Iván Barbero,22,89.0
2021,Osasuna,298983,Javi Ontiveros,23,176.0
2021,Osasuna,93936,Kike García,31,1991.0
2021,Osasuna,366931,Pau Martínez,20,
2021,Osasuna,242532,Rober Ibáñez,28,98.0
2021,Granada,367464,Luís Maximiano,22,3137.0
2021,Granada,284430,Aarón Escandell,25,463.0
2021,Granada,198638,João Costa,25,
2021,Granada,713632,Ángel Jiménez,19,
2021,Granada,632471,Cheikh Sarr,21,
2021,Granada,631222,Raúl Torrente,19,1417.0
2021,Granada,562058,Sergio Barcia,20,77.0
2021,Granada,120443,Santiago Arias,29,622.0
2021,Granada,330684,Luis Abram,25,649.0
2021,Granada,713649,Miguel Ángel Brau,19,
2021,Granada,448844,Carlos Neva,25,2178.0
2021,Granada,170472,Dimitri Foulquier,28,180.0
2021,Granada,257376,Domingos Duarte,26,1690.0
2021,Granada,500191,Pepe Sánchez,21,90.0
2021,Granada,223053,Quini,31,2306.0
2021,Granada,93935,Sergio Escudero,31,1545.0
2021,Granada,468700,Neyder Lozano,27,
2021,Granada,95963,Germán Sánchez,34,2387.0
2021,Granada,58330,Víctor Díaz,33,1508.0
2021,Granada,282727,Monchu,21,799.0
2021,Granada,376588,Njegos Petrovic,21,916.0
2021,Granada,281989,Luis Milla,26,2885.0
2021,Granada,282722,Álex Collado,22,1024.0
2021,Granada,631221,Isma Ruiz,20,326.0
2021,Granada,487688,Alberto Soro,22,665.0
2021,Granada,297784,Yan Eteki,23,434.0
2021,Granada,60542,Maxime Gonalons,32,1561.0
2021,Granada,59551,Ángel Montoro,33,1368.0
2021,Granada,424784,Luis Suárez,23,2900.0
2021,Granada,713644,Bryan Zaragoza,19,45.0
2021,Granada,611426,Matías Arezo,18,156.0
2021,Granada,315289,Myrto Uzuni,26,857.0
2021,Granada,413262,Dani Raba,25,24.0
2021,Granada,596884,Adrián Butzke,22,133.0
2021,Granada,262365,Antonio Puertas,29,2315.0
2021,Granada,211251,Darwin Machís,28,1427.0
2021,Granada,119235,Carlos Bacca,34,697.0
2021,Granada,67548,Rubén Rochina,30,746.0
2021,Granada,57825,Jorge Molina,39,2024.0
2021,Levante,397676,Dani Cárdenas,24,2160.0
2021,Levante,617059,Pablo Campos,19,
2021,Levante,118997,Aitor Fernández,30,1377.0
2021,Levante,299715,Koke Vegas,25,
2021,Levante,611202,Pablo Picón,21,
2021,Levante,939445,Álex Primo,16,90.0
2021,Levante,844637,Marc Pubill,18,501.0
2021,Levante,373916,Marcelo Saracchi,23,186.0
2021,Levante,349856,Son,27,2034.0
2021,Levante,387129,Róber Pier,26,2219.0
2021,Levante,282700,Enric Franquesa,24,825.0
2021,Levante,627276,Antonio Leal,22,
2021,Levante,257851,Rúben Vezo,27,2420.0
2021,Levante,856136,Carlos Giménez,18,
2021,Levante,175323,Óscar Duarte,32,1939.0
2021,Levante,193784,Carlos Clerc,29,1517.0
2021,Levante,718177,Joseda Álvarez,20,
2021,Levante,158791,Sergio Postigo,32,848.0
2021,Levante,54935,Martín Cáceres,34,669.0
2021,Levante,627277,José Manuel,22,
2021,Levante,88590,Shkodran Mustafi,29,704.0
2021,Levante,71905,Coke,34,227.0
2021,Levante,328480,Pepelu,22,2126.0
2021,Levante,405564,Giorgi Kochorashvili,22,
2021,Levante,568835,Pablo Martínez,23,701.0
2021,Levante,245014,Enis Bardhi,25,1808.0
2021,Levante,162056,Gonzalo Melero,27,1771.0
2021,Levante,168959,Nemanja Radoja,28,1287.0
2021,Levante,205569,Mickaël Malsa,25,1227.0
2021,Levante,120095,José Campaña,28,1422.0
2021,Levante,856156,Carlos Benítez,18,
2021,Levante,611198,Álex Blesa,19,146.0
2021,Levante,228917,Jorge Miramón,32,2030.0
2021,Levante,151470,Nikola Vukcevic,29,198.0
2021,Levante,455181,Jorge de Frutos,24,1766.0
2021,Levante,422460,Dani Gómez,22,1185.0
2021,Levante,668041,Omar Faraj,19,3.0
2021,Levante,638235,Álex Cantero,21,740.0
2021,Levante,212391,Roger Martí,30,2163.0
2021,Levante,252677,José Luis Morales,33,2790.0
2021,Levante,172142,Hernâni,29,
2021,Levante,34870,Roberto Soldado,36,834.0
2021,Mallorca,316884,Dominik Greif,24,210.0
2021,Mallorca,562742,Leo Román,20,450.0
2021,Mallorca,207302,Sergio Rico,27,1350.0
2021,Mallorca,632913,Pere García,19,
2021,Mallorca,741285,Ferran Quetglás,16,
2021,Mallorca,29051,Manolo Reina,36,1890.0
2021,Mallorca,251876,Pablo Maffeo,23,3042.0
2021,Mallorca,277384,Martin Valjent,25,3389.0
2021,Mallorca,339699,Giovanni González,26,420.0
2021,Mallorca,278296,Antonio Raíllo,29,1530.0
2021,Mallorca,350364,Joan Sastre,24,465.0
2021,Mallorca,166677,Brian Oliván,27,2532.0
2021,Mallorca,378463,Franco Russo,26,1689.0
2021,Mallorca,237499,Aleksandar Sedlar,29,702.0
2021,Mallorca,632495,Josep Gayá,20,359.0
2021,Mallorca,947432,Marcos Fernández,17,
2021,Mallorca,628488,Marc Carmona,20,
2021,Mallorca,65318,Jaume Costa,33,2058.0
2021,Mallorca,557149,Kang-in Lee,20,1548.0
2021,Mallorca,217144,Aleix Febas,25,280.0
2021,Mallorca,126751,Iñigo Ruiz de Galarreta,27,1601.0
2021,Mallorca,513031,Antonio Sánchez,24,1860.0
2021,Mallorca,442805,Iddrisu Baba,25,1943.0
2021,Mallorca,89297,Rodrigo Battaglia,29,1420.0
2021,Mallorca,632501,Thomas Giaquinto,21,
2021,Mallorca,139435,Dani Rodríguez,33,3110.0
2021,Mallorca,72479,Clément Grenier,30,60.0
2021,Mallorca,58799,Salva Sevilla,37,1681.0
2021,Mallorca,405398,Takefusa Kubo,20,1769.0
2021,Mallorca,256267,Vedat Muriqi,27,1529.0
2021,Mallorca,627294,Fer Niño,20,1036.0
2021,Mallorca,706138,Javi Llabrés,18,307.0
2021,Mallorca,177452,Abdón Prats,28,911.0
2021,Mallorca,678194,Matthew Hoppe,20,169.0
2021,Mallorca,339820,Amath Ndiaye,24,996.0
2021,Mallorca,331498,Jordi Mboula,22,638.0
2021,Mallorca,505673,Víctor Mollejo,20,
2021,Mallorca,632498,Miguelito,20,
2021,Mallorca,632499,Pablo Gálvez,19,
2021,Mallorca,100722,Lago Júnior,30,173.0
2021,Mallorca,51510,Ángel Rodríguez,34,1712.0
2021,Elche,102146,Edgar Badia,29,2160.0
2021,Elche,236734,Axel Werner,25,210.0
2021,Elche,27486,Kiko Casilla,34,1440.0
2021,Elche,602979,Lluis Andreu,21,
2021,Elche,216240,Lucas Olaza,26,293.0
2021,Elche,262939,Johan Mojica,28,2978.0
2021,Elche,627290,John Donald,20,294.0
2021,Elche,255892,Josema,25,360.0
2021,Elche,720532,Diego Bri,18,13.0
2021,Elche,211389,Helibelton Palacios,28,2100.0
2021,Elche,186862,Enzo Roco,28,2690.0
2021,Elche,203043,Pedro Bigas,31,1556.0
2021,Elche,349836,Diego González,26,2062.0
2021,Elche,184779,Gonzalo Verdú,32,1658.0
2021,Elche,32522,Antonio Barragán,34,1274.0
2021,Elche,623023,Carles Marco,21,
2021,Elche,622623,Sergio Bono,20,
2021,Elche,527698,Kike Pérez,24,517.0
2021,Elche,268670,Gerard Gumbau,26,2198.0
2021,Elche,330352,Raúl Guti,24,2002.0
2021,Elche,142031,Omar Mascarell,28,2506.0
2021,Elche,90451,Iván Marcone,31,882.0
2021,Elche,786438,Jony Álamo,19,16.0
2021,Elche,672953,César Moreno,20,
2021,Elche,55215,Javier Pastore,32,664.0
2021,Elche,56067,Pablo Piatti,32,514.0
2021,Elche,334222,Lucas Boyé,25,1724.0
2021,Elche,296783,Ezequiel Ponce,24,662.0
2021,Elche,339816,Tete Morente,24,1694.0
2021,Elche,225593,Pere Milla,28,1950.0
2021,Elche,184672,Guido Carrillo,30,1430.0
2021,Elche,73185,Lucas Pérez,32,1356.0
2021,Elche,887054,Cheikh Diamanka,20,
2021,Elche,149231,Fidel,31,2463.0
2021,Elche,277533,Josan,31,1413.0
2021,Elche,92693,Darío Benedetto,31,703.0
2021,Elche,900166,Joselu Friaza,19,25.0
2021,Cadiz,284342,Conan Ledesma,28,3420.0
2021,Cadiz,706797,Victor Aznar,18,
2021,Cadiz,162027,David Gil,27,480.0
2021,Cadiz,513972,Juan Flere,23,
2021,Cadiz,495625,Víctor Chust,21,2223.0
2021,Cadiz,520947,Santiago Arzamendia,23,760.0
2021,Cadiz,311044,Alfonso Espino,29,3458.0
2021,Cadiz,281755,Iván Alejo,26,1265.0
2021,Cadiz,254037,Iza Carcelén,28,1576.0
2021,Cadiz,252667,Fali,27,2046.0
2021,Cadiz,155423,Varazdat Haroyan,28,1648.0
2021,Cadiz,225015,Carlos Akapo,28,2007.0
2021,Cadiz,628490,Genar Fornés,21,
2021,Cadiz,784719,Raúl Parra,21,465.0
2021,Cadiz,247366,Marcos Mauro,30,245.0
2021,Cadiz,67089,Juan Cala,31,1120.0
2021,Cadiz,62945,Luis Hernández,32,1455.0
2021,Cadiz,148355,Jens Jønsson,28,1470.0
2021,Cadiz,454238,Tomás Alarcón,22,1459.0
2021,Cadiz,247250,Rubén Alcaraz,30,1168.0
2021,Cadiz,278404,Martín Calderón,22,195.0
2021,Cadiz,307519,Fede San Emeterio,24,897.0
2021,Cadiz,882772,Álvaro Bastida,17,427.0
2021,Cadiz,225462,José Mari,33,385.0
2021,Cadiz,89733,Álex Fernández,28,2220.0
2021,Cadiz,241391,Oussama Idrissi,25,973.0
2021,Cadiz,542819,Milutin Osmajic,21,338.0
2021,Cadiz,131275,Choco Lozano,28,1675.0
2021,Cadiz,412046,Iván Chapela,22,518.0
2021,Cadiz,835794,Pedro Benito,21,30.0
2021,Cadiz,85383,Rubén Sobrino,29,2137.0
2021,Cadiz,73185,Lucas Pérez,32,1135.0
2021,Cadiz,246204,Salvi Sánchez,30,1504.0
2021,Cadiz,282406,Álvaro Jiménez,26,485.0
2021,Cadiz,177065,Florin Andone,28,419.0
2021,Cadiz,99559,Alberto Perea,30,891.0
2021,Cadiz,18644,Álvaro Negredo,35,2421.0
2021,Rayo Vallecano,165467,Stole Dimitrievski,27,2951.0
2021,Rayo Vallecano,283489,Luca Zidane,23,1126.0
2021,Rayo Vallecano,260740,Iván Arboleda,25,
2021,Rayo Vallecano,607780,Miguel Ángel Morro,20,
2021,Rayo Vallecano,548186,Adrián Quintela,20,
2021,Rayo Vallecano,341264,Fran García,21,3419.0
2021,Rayo Vallecano,449796,Alejandro Catena,26,3600.0
2021,Rayo Vallecano,85295,Iván Balliu,29,3534.0
2021,Rayo Vallecano,628461,Iker Recio,20,91.0
2021,Rayo Vallecano,206947,Kévin Rodrigues,27,700.0
2021,Rayo Vallecano,258475,Nikola Maras,25,1325.0
2021,Rayo Vallecano,717957,Jorge Moreno,19,
2021,Rayo Vallecano,240360,Esteban Saveljich,30,1755.0
2021,Rayo Vallecano,623025,Sergio Gimeno,20,
2021,Rayo Vallecano,608531,Mario Hernández,22,668.0
2021,Rayo Vallecano,380598,Santi Comesaña,24,3105.0
2021,Rayo Vallecano,192009,Unai López,25,1297.0
2021,Rayo Vallecano,517753,Óscar Valentín,26,3038.0
2021,Rayo Vallecano,525578,Pathé Ciss,27,1346.0
2021,Rayo Vallecano,560483,Randy Nteka,23,1676.0
2021,Rayo Vallecano,195605,José Pozo,25,233.0
2021,Rayo Vallecano,629020,Manu Navarro,20,
2021,Rayo Vallecano,37337,Mario Suárez,34,1360.0
2021,Rayo Vallecano,30321,Óscar Trejo,33,2373.0
2021,Rayo Vallecano,531277,Andrés Martín,21,443.0
2021,Rayo Vallecano,362086,Isi Palazón,26,2665.0
2021,Rayo Vallecano,257062,Álvaro García,28,3264.0
2021,Rayo Vallecano,166683,Mamadou Sylla,27,287.0
2021,Rayo Vallecano,607779,Sergio Moreno,22,12.0
2021,Rayo Vallecano,153427,Bebé,30,1220.0
2021,Rayo Vallecano,289272,Martín Merquelanz,26,177.0
2021,Rayo Vallecano,93747,Yacine Qasmi,30,60.0
2021,Rayo Vallecano,39152,Radamel Falcao,35,938.0
2021,Rayo Vallecano,888694,Álvaro Aguirre,21,8.0
2021,Rayo Vallecano,891075,Vere,20,11.0
2021,Rayo Vallecano,256429,Sergi Guardiola,30,2059.0
2021,Alaves,298197,Antonio Sivera,24,457.0
2021,Alaves,631693,Jesús Owono,20,90.0
2021,Alaves,172015,Fernando Pacheco,29,3054.0
2021,Alaves,608382,Adrián Rodríguez,20,
2021,Alaves,970490,Óscar Medina,17,
2021,Alaves,970493,Iván Sanz,18,
2021,Alaves,568158,Javi López,19,593.0
2021,Alaves,559979,Abdel Abqar,22,45.0
2021,Alaves,533568,Nahuel Tenaglia,25,1072.0
2021,Alaves,177046,Rubén Duarte,25,2633.0
2021,Alaves,245893,Matt Miazga,25,921.0
2021,Alaves,127108,Florian Lejeune,30,2790.0
2021,Alaves,354697,Tachi,23,418.0
2021,Alaves,483573,Martín Aguirregabiria,25,1617.0
2021,Alaves,319253,Alexandru Țîrlea,21,94.0
2021,Alaves,249471,Saúl García,26,93.0
2021,Alaves,184767,Ximo Navarro,31,1351.0
2021,Alaves,67080,Víctor Laguardia,31,3044.0
2021,Alaves,341278,Iván Martín,22,271.0
2021,Alaves,277118,Manu García,23,1207.0
2021,Alaves,295065,Toni Moya,23,1503.0
2021,Alaves,242497,Pere Pons,28,1434.0
2021,Alaves,646734,Tomás Mendes,16,14.0
2021,Alaves,364237,Mamadou Loum,24,2317.0
2021,Alaves,266795,Gonzalo Escalante,28,1306.0
2021,Alaves,634460,Álex Balboa,20,62.0
2021,Alaves,483742,Antonio Perera,24,
2021,Alaves,139895,Tomás Pina,33,1444.0
2021,Alaves,676318,Facundo Pellistri,19,753.0
2021,Alaves,81999,Joselu,31,3159.0
2021,Alaves,480883,Miguel de la Fuente,21,882.0
2021,Alaves,263860,Jason Remeseiro,26,681.0
2021,Alaves,278837,Luis Rioja,27,3202.0
2021,Alaves,166683,Mamadou Sylla,27,567.0
2021,Alaves,495752,Taichi Hara,22,
2021,Alaves,718029,Unai Ropero,19,11.0
2021,Alaves,550492,Giorgi Gagua,19,
2021,Alaves,668277,Alan Godoy,18,
2021,Alaves,527350,Manu Vallejo,24,365.0
2021,Alaves,73185,Lucas Pérez,32,
2021,Alaves,133794,Edgar Méndez,31,1659.0
2021,Alaves,628472,Marc Tenas,20,51.0
2021,Alaves,98596,John Guidetti,29,404.0
2022,Real Madrid,108390,Thibaut Courtois,30,4470.0
2022,Real Madrid,404839,Andriy Lunin,23,1080.0
2022,Real Madrid,1055220,Fran González,17,
2022,Real Madrid,568154,Lucas Cañizares,20,
2022,Real Madrid,623525,Luis López,21,
2022,Real Madrid,717952,Mario de Luis,20,
2022,Real Madrid,926850,Diego Piñeiro,18,
2022,Real Madrid,401530,Éder Militão,24,4231.0
2022,Real Madrid,86202,Antonio Rüdiger,29,3849.0
2022,Real Madrid,743587,Vinícius Tobias,18,
2022,Real Madrid,138927,Daniel Carvajal,30,3229.0
2022,Real Madrid,291417,Ferland Mendy,27,2064.0
2022,Real Madrid,59016,David Alaba,30,3007.0
2022,Real Madrid,58884,Nacho Fernández,32,2692.0
2022,Real Madrid,221316,Lucas Vázquez,31,1498.0
2022,Real Madrid,251896,Jesús Vallejo,25,92.0
2022,Real Madrid,280730,Álvaro Odriozola,26,93.0
2022,Real Madrid,935229,Marvel,19,
2022,Real Madrid,369081,Federico Valverde,23,4403.0
2022,Real Madrid,948294,Nico Paz,17,
2022,Real Madrid,413112,Aurélien Tchouaméni,22,2840.0
2022,Real Madrid,640428,Eduardo Camavinga,19,3577.0
2022,Real Madrid,537762,Sergio Arribas,20,28.0
2022,Real Madrid,296622,Marco Asensio,26,2029.0
2022,Real Madrid,948273,Mario Martín,18,5.0
2022,Real Madrid,319745,Dani Ceballos,25,1965.0
2022,Real Madrid,16306,Casemiro,30,97.0
2022,Real Madrid,27992,Luka Modrić,36,3164.0
2022,Real Madrid,623524,Carlos Dotor,21,
2022,Real Madrid,31909,Toni Kroos,32,3814.0
2022,Real Madrid,371998,Vinicius Junior,21,4759.0
2022,Real Madrid,412363,Rodrygo,21,3853.0
2022,Real Madrid,948275,Álvaro Rodríguez,17,104.0
2022,Real Madrid,18922,Karim Benzema,34,3631.0
2022,Real Madrid,225020,Mariano Díaz,28,156.0
2022,Real Madrid,50202,Eden Hazard,31,392.0
2022,Barcelona,283170,Iñaki Peña,23,372.0
2022,Barcelona,466783,Arnau Tenas,21,
2022,Barcelona,74857,Marc-André ter Stegen,30,4458.0
2022,Barcelona,709955,Ander Astralaga,18,
2022,Barcelona,411975,Jules Koundé,23,3456.0
2022,Barcelona,636688,Alejandro Balde,18,3110.0
2022,Barcelona,466794,Eric García,21,1828.0
2022,Barcelona,480267,Ronald Araujo,23,2602.0
2022,Barcelona,689637,Chadi Riad,19,1.0
2022,Barcelona,709957,Álex Valle,18,
2022,Barcelona,196948,Andreas Christensen,26,2334.0
2022,Barcelona,191217,Héctor Bellerín,27,496.0
2022,Barcelona,112515,Marcos Alonso,31,1967.0
2022,Barcelona,18944,Gerard Piqué,35,598.0
2022,Barcelona,69751,Jordi Alba,33,1929.0
2022,Barcelona,683840,Pedri,19,2715.0
2022,Barcelona,326330,Frenkie de Jong,25,3290.0
2022,Barcelona,646740,Gavi,17,3527.0
2022,Barcelona,636695,Marc Casadó,18,23.0
2022,Barcelona,294808,Franck Kessié,25,1801.0
2022,Barcelona,720038,Pablo Torre,19,338.0
2022,Barcelona,970633,Unai Hernández,17,
2022,Barcelona,85370,Sergi Roberto,30,1874.0
2022,Barcelona,709966,Aleix Garrido,18,6.0
2022,Barcelona,466806,Álvaro Sanz,21,13.0
2022,Barcelona,937956,Pau Prim,16,
2022,Barcelona,65230,Sergio Busquets,33,3284.0
2022,Barcelona,44162,Miralem Pjanić,32,
2022,Barcelona,937958,Lamine Yamal,14,7.0
2022,Barcelona,288230,Ousmane Dembélé,25,2169.0
2022,Barcelona,411295,Raphinha,25,2925.0
2022,Barcelona,398184,Ferran Torres,22,1911.0
2022,Barcelona,466810,Ansu Fati,19,1827.0
2022,Barcelona,709969,Ilias Akhomach,18,
2022,Barcelona,938158,Marc Guiu,16,
2022,Barcelona,38253,Robert Lewandowski,33,3954.0
2022,Barcelona,167850,Memphis Depay,28,207.0
2022,Barcelona,646739,Ángel Alarcón,18,32.0
2022,Barcelona,58864,Pierre-Emerick Aubameyang,33,8.0
2022,Barcelona,913539,Estanis Pedrola,18,
2022,Barcelona,834470,Dani Rodríguez,16,
2022,Atletico Madrid,121483,Jan Oblak,29,3424.0
2022,Atletico Madrid,618801,Alejandro Iturbe,18,
2022,Atletico Madrid,226073,Ivo Grbic,26,1011.0
2022,Atletico Madrid,930415,Antonio Gomis,19,5.0
2022,Atletico Madrid,973314,Sergio Mestre,17,
2022,Atletico Madrid,282411,Marcos Llorente,27,2240.0
2022,Atletico Madrid,424042,Nahuel Molina,24,3730.0
2022,Atletico Madrid,476352,Renan Lodi,24,
2022,Atletico Madrid,250845,José María Giménez,27,3048.0
2022,Atletico Madrid,281769,Mario Hermoso,27,2706.0
2022,Atletico Madrid,240692,Reinildo Mandava,28,2716.0
2022,Atletico Madrid,282429,Sergio Reguilón,25,317.0
2022,Atletico Madrid,171679,Matt Doherty,30,18.0
2022,Atletico Madrid,534376,Marco Moreno,21,
2022,Atletico Madrid,720532,Diego Bri,19,
2022,Atletico Madrid,107010,Stefan Savic,31,2540.0
2022,Atletico Madrid,614988,Ilias Kostis,19,
2022,Atletico Madrid,935456,Sergio Diez,18,
2022,Atletico Madrid,708388,Adrián Corral,19,
2022,Atletico Madrid,156501,Felipe,33,283.0
2022,Atletico Madrid,775605,Pablo Barrios,19,914.0
2022,Atletico Madrid,255901,Rodrigo De Paul,28,2397.0
2022,Atletico Madrid,74229,Koke,30,3208.0
2022,Atletico Madrid,127189,Geoffrey Kondogbia,29,1402.0
2022,Atletico Madrid,205562,Thomas Lemar,26,1578.0
2022,Atletico Madrid,35047,Axel Witsel,33,3042.0
2022,Atletico Madrid,148928,Saúl Ñíguez,27,1456.0
2022,Atletico Madrid,646735,Aitor Gismera,18,
2022,Atletico Madrid,568149,Alberto Moreno,20,21.0
2022,Atletico Madrid,709347,Antonio Alemán,21,
2022,Atletico Madrid,517894,Matheus Cunha,23,510.0
2022,Atletico Madrid,462250,João Félix,22,957.0
2022,Atletico Madrid,125781,Antoine Griezmann,31,3634.0
2022,Atletico Madrid,266807,Ángel Correa,27,1932.0
2022,Atletico Madrid,167850,Memphis Depay,28,314.0
2022,Atletico Madrid,128223,Álvaro Morata,29,2511.0
2022,Atletico Madrid,140776,Yannick Carrasco,28,2845.0
2022,Atletico Madrid,618813,Carlos Martín,20,25.0
2022,Atletico Madrid,935457,Salim El Jebari,18,
2022,Atletico Madrid,860062,Abde Raihani,18,
2022,Real Sociedad,212862,Álex Remiro,27,4500.0
2022,Real Sociedad,625657,Unai Marrero,20,
2022,Real Sociedad,428948,Andoni Zubiaurre,25,90.0
2022,Real Sociedad,711367,Egoitz Arana,20,
2022,Real Sociedad,351809,Robin Le Normand,25,3515.0
2022,Real Sociedad,355628,Igor Zubeldia,25,3184.0
2022,Real Sociedad,580560,Jon Pacheco,21,1829.0
2022,Real Sociedad,289255,Andoni Gorosabel,25,2186.0
2022,Real Sociedad,517842,Aihen Muñoz,24,2046.0
2022,Real Sociedad,229804,Aritz Elustondo,28,2217.0
2022,Real Sociedad,249513,Diego Rico,29,2496.0
2022,Real Sociedad,674501,Jonathan Gómez,18,
2022,Real Sociedad,434602,Aritz Arambarri,24,58.0
2022,Real Sociedad,423440,Martín Zubimendi,23,3747.0
2022,Real Sociedad,338424,Mikel Merino,26,3176.0
2022,Real Sociedad,625651,Urko González de Zárate,21,28.0
2022,Real Sociedad,634431,Beñat Turrientes,20,315.0
2022,Real Sociedad,309110,Brais Méndez,25,3259.0
2022,Real Sociedad,907813,Pablo Marín,18,677.0
2022,Real Sociedad,625660,Jon Ander Olasagasti,21,74.0
2022,Real Sociedad,465967,Ander Guevara,24,784.0
2022,Real Sociedad,625655,Jon Magunazelaia,20,100.0
2022,Real Sociedad,59344,Asier Illarramendi,32,1520.0
2022,Real Sociedad,35518,David Silva,36,2360.0
2022,Real Sociedad,349066,Alexander Isak,22,154.0
2022,Real Sociedad,351478,Mikel Oyarzabal,25,1453.0
2022,Real Sociedad,405398,Takefusa Kubo,21,2916.0
2022,Real Sociedad,616369,Ander Barrenetxea,20,945.0
2022,Real Sociedad,238407,Alexander Sørloth,26,3150.0
2022,Real Sociedad,670847,Mohamed-Ali Cho,18,770.0
2022,Real Sociedad,563137,Robert Navarro,20,876.0
2022,Real Sociedad,337715,Umar Sadiq,25,128.0
2022,Real Sociedad,711382,Jon Karrikaburu,19,343.0
2022,Real Sociedad,434990,Álex Sola,23,595.0
2022,Real Sociedad,216464,Carlos Fernández,26,845.0
2022,Real Sociedad,625658,Ander Martín,21,83.0
2022,Real Sociedad,289272,Martín Merquelanz,27,
2022,Villarreal,585323,Filip Jørgensen,20,540.0
2022,Villarreal,229604,Gerónimo Rulli,30,1260.0
2022,Villarreal,547248,Iker Álvarez,20,
2022,Villarreal,335247,Gianni Cassaro,30,
2022,Villarreal,7825,Pepe Reina,39,2910.0
2022,Villarreal,709372,Carlos Romero,20,
2022,Villarreal,399776,Pau Torres,25,3349.0
2022,Villarreal,349599,Pervis Estupiñán,24,
2022,Villarreal,545647,Sergio Carreira,21,
2022,Villarreal,494880,Jorge Cuenca,22,1628.0
2022,Villarreal,480763,Juan Foyth,24,2291.0
2022,Villarreal,341263,Adrián Dela,23,336.0
2022,Villarreal,356197,Alfonso Pedraza,26,1817.0
2022,Villarreal,262939,Johan Mojica,29,1444.0
2022,Villarreal,207917,Alberto Moreno,29,1545.0
2022,Villarreal,80293,Aïssa Mandi,30,2697.0
2022,Villarreal,76467,Kiko Femenía,31,1596.0
2022,Villarreal,15452,Raúl Albiol,36,2213.0
2022,Villarreal,627282,Dani Tasende,21,
2022,Villarreal,898751,Mamadou Mbacke,19,64.0
2022,Villarreal,668211,Marcos Sánchez,18,
2022,Villarreal,348795,Giovani Lo Celso,26,1406.0
2022,Villarreal,783396,Ramón Terrats,21,898.0
2022,Villarreal,335225,Manu Morlanes,23,917.0
2022,Villarreal,668178,Rodri Alonso,19,
2022,Villarreal,627287,Carlo García,21,
2022,Villarreal,59561,Dani Parejo,33,3868.0
2022,Villarreal,635347,Alberto del Moral,21,4.0
2022,Villarreal,568156,Antonio Pacheco,20,
2022,Villarreal,74869,Francis Coquelin,31,1351.0
2022,Villarreal,63494,Étienne Capoue,33,2298.0
2022,Villarreal,188854,Manu Trigueros,30,1286.0
2022,Villarreal,776890,Nicolas Jackson,21,2121.0
2022,Villarreal,548111,Álex Baena,20,2968.0
2022,Villarreal,568157,Yéremy Pino,19,2972.0
2022,Villarreal,401922,Samuel Chukwueze,23,3261.0
2022,Villarreal,620164,Haissem Hassan,20,50.0
2022,Villarreal,355861,Arnaut Danjuma,25,813.0
2022,Villarreal,177467,Gerard Moreno,30,1721.0
2022,Villarreal,627294,Fer Niño,21,19.0
2022,Villarreal,669511,Jorge Pascual,19,66.0
2022,Villarreal,566965,Diego Collado,21,95.0
2022,Villarreal,252677,José Luis Morales,34,1949.0
2022,Valencia,502676,Giorgi Mamardashvili,21,3798.0
2022,Valencia,480966,Emilio Bernad,22,
2022,Valencia,398131,Cristian Rivero,24,
2022,Valencia,71570,Iago Herrerín,34,12.0
2022,Valencia,227805,Jaume Doménech,31,
2022,Valencia,707271,Charlie Pérez,20,
2022,Valencia,646750,Cristhian Mosquera,18,233.0
2022,Valencia,221322,José Gayà,27,3015.0
2022,Valencia,615350,Cenk Özkacar,21,1708.0
2022,Valencia,623024,Jesús Vázquez,19,411.0
2022,Valencia,367466,Thierry Correia,23,2139.0
2022,Valencia,298583,Eray Cömert,24,1885.0
2022,Valencia,346289,Mouctar Diakhaby,25,2495.0
2022,Valencia,320271,Toni Lato,24,1150.0
2022,Valencia,170472,Dimitri Foulquier,29,1933.0
2022,Valencia,668212,Rubén Iranzo,19,10.0
2022,Valencia,149498,Gabriel Paulista,31,1684.0
2022,Valencia,466805,Nico González,20,1409.0
2022,Valencia,330659,Justin Kluivert,23,1676.0
2022,Valencia,834764,Javi Guerra,19,603.0
2022,Valencia,617074,Ilaix Moriba,19,1213.0
2022,Valencia,503991,Yunus Musah,19,2360.0
2022,Valencia,372246,Carlos Soler,25,243.0
2022,Valencia,375382,André Almeida,22,2785.0
2022,Valencia,417575,Uros Racic,24,
2022,Valencia,569375,Koba Koindredi,20,
2022,Valencia,495629,Hugo Guillamón,22,1809.0
2022,Valencia,941869,Yellu Santiago,18,
2022,Valencia,504084,Tiago Ribeiro,20,
2022,Valencia,694928,Samuel Lino,22,3161.0
2022,Valencia,573775,Hugo Duro,22,1578.0
2022,Valencia,617081,Diego López,20,449.0
2022,Valencia,622988,Fran Pérez,19,240.0
2022,Valencia,396894,Maxi Gómez,25,105.0
2022,Valencia,481084,Marcos André,25,541.0
2022,Valencia,634105,Alberto Marí,20,80.0
2022,Valencia,48280,Edinson Cavani,35,1694.0
2022,Valencia,941867,Mario Domínguez,18,
2022,Valencia,195171,Samu Castillejo,27,1425.0
2022,Valencia,527350,Manu Vallejo,25,
2022,Real Betis,234811,Rui Silva,28,2520.0
2022,Real Betis,551182,Fran Vieites,23,
2022,Real Betis,335221,Dani Martín,23,
2022,Real Betis,1061277,Germán García,18,
2022,Real Betis,40423,Claudio Bravo,39,1950.0
2022,Real Betis,341227,Juan Miranda,22,2329.0
2022,Real Betis,646402,Abner,22,742.0
2022,Real Betis,193098,Álex Moreno,29,1417.0
2022,Real Betis,457931,Luiz Felipe,25,2396.0
2022,Real Betis,135492,Youssouf Sabaly,29,2067.0
2022,Real Betis,401624,Edgar González,25,2340.0
2022,Real Betis,630989,Ricardo Visus,21,
2022,Real Betis,113133,Germán Pezzella,31,3189.0
2022,Real Betis,961945,Félix Garreta,18,94.0
2022,Real Betis,711638,Fran Delgado,20,11.0
2022,Real Betis,68645,Martín Montoya,31,456.0
2022,Real Betis,62920,Víctor Ruiz,33,832.0
2022,Real Betis,203496,Nabil Fekir,28,1178.0
2022,Real Betis,342385,Guido Rodríguez,28,3466.0
2022,Real Betis,66106,Sergio Canales,31,3129.0
2022,Real Betis,100131,William Carvalho,30,3015.0
2022,Real Betis,429901,Paul Akouokou,24,806.0
2022,Real Betis,895331,Dani Pérez,16,23.0
2022,Real Betis,263856,Víctor Camarasa,28,
2022,Real Betis,668184,Quique Fernández,18,16.0
2022,Real Betis,20506,Andrés Guardado,35,1727.0
2022,Real Betis,800175,Luiz Henrique,21,2475.0
2022,Real Betis,246968,Ayoze Pérez,28,1520.0
2022,Real Betis,378139,Aitor Ruibal,26,2311.0
2022,Real Betis,278359,Borja Iglesias,29,2653.0
2022,Real Betis,630995,Rodri Sánchez,22,2235.0
2022,Real Betis,354741,Loren Morón,28,87.0
2022,Real Betis,585700,Juan Cruz,22,174.0
2022,Real Betis,122155,Willian José,30,1433.0
2022,Real Betis,126737,Juanmi,29,1210.0
2022,Real Betis,505675,Rober González,21,52.0
2022,Real Betis,461858,José Alonso Lara,22,
2022,Real Betis,7663,Joaquín,40,938.0
2022,Sevilla,207834,Yassine Bounou,31,3187.0
2022,Sevilla,94308,Marko Dmitrovic,30,2123.0
2022,Sevilla,766552,Alberto Flores,18,
2022,Sevilla,767255,Matías Árbol,19,
2022,Sevilla,443900,Marius Herzig,22,
2022,Sevilla,730581,Loïc Badé,22,2184.0
2022,Sevilla,766583,Kike Salas,20,644.0
2022,Sevilla,711625,José Ángel Carmona,20,978.0
2022,Sevilla,402733,Gonzalo Montiel,25,2368.0
2022,Sevilla,255755,Alex Telles,29,2142.0
2022,Sevilla,439022,Marcão,26,718.0
2022,Sevilla,538996,Tanguy Nianzou,20,2261.0
2022,Sevilla,60410,Marcos Acuña,30,3149.0
2022,Sevilla,182579,Karim Rekik,27,1500.0
2022,Sevilla,569876,Xavi Sintes,20,
2022,Sevilla,711628,Pablo Pérez,20,
2022,Sevilla,767229,Diego Hormigo,19,45.0
2022,Sevilla,485963,Pape Gueye,23,1176.0
2022,Sevilla,668179,Carlos Álvarez,18,98.0
2022,Sevilla,85288,Isco,30,1265.0
2022,Sevilla,214775,Óliver Torres,27,2994.0
2022,Sevilla,74294,Nemanja Gudelj,30,4463.0
2022,Sevilla,766723,Manu Bueno,17,150.0
2022,Sevilla,263727,Joan Jordán,27,2565.0
2022,Sevilla,610238,Pedro Ortiz,21,1.0
2022,Sevilla,91849,Thomas Delaney,30,535.0
2022,Sevilla,536826,Nacho Quintana,21,27.0
2022,Sevilla,32467,Ivan Rakitic,34,3521.0
2022,Sevilla,15956,Jesús Navas,36,3133.0
2022,Sevilla,51174,Fernando,34,2693.0
2022,Sevilla,433049,Youssef En-Nesyri,25,2880.0
2022,Sevilla,628886,Iván Romero,21,10.0
2022,Sevilla,537382,Bryan Gil,21,1368.0
2022,Sevilla,283196,Kasper Dolberg,24,303.0
2022,Sevilla,189441,Lucas Ocampos,27,1733.0
2022,Sevilla,361254,Rafa Mir,25,1738.0
2022,Sevilla,223725,Munir El Haddadi,26,
2022,Sevilla,125165,Jesús Corona,29,109.0
2022,Sevilla,177847,Adnan Januzaj,27,125.0
2022,Sevilla,111961,Suso,28,1812.0
2022,Sevilla,20005,Papu Gómez,34,1342.0
2022,Sevilla,111630,Erik Lamela,30,2773.0
2022,Athletic Club,262396,Unai Simón,25,2746.0
2022,Athletic Club,625014,Julen Agirrezabala,21,1335.0
2022,Athletic Club,668278,Ibon Ispizua,19,
2022,Athletic Club,480958,Ander Iru,23,
2022,Athletic Club,524000,Dani Vivian,22,2945.0
2022,Athletic Club,591916,Aitor Paredes,22,875.0
2022,Athletic Club,158863,Iñigo Martínez,31,1639.0
2022,Athletic Club,61812,Yuri Berchiche,32,3053.0
2022,Athletic Club,255488,Yeray Álvarez,27,2766.0
2022,Athletic Club,255501,Iñigo Lekue,29,1464.0
2022,Athletic Club,96718,Óscar de Marcos,33,3344.0
2022,Athletic Club,197545,Ander Capa,30,104.0
2022,Athletic Club,85258,Mikel Balenziaga,34,129.0
2022,Athletic Club,571020,Oihan Sancet,22,2919.0
2022,Athletic Club,834752,Unai Gómez,19,
2022,Athletic Club,610083,Unai Vencedor,21,203.0
2022,Athletic Club,524010,Oier Zarraga,23,1102.0
2022,Athletic Club,300168,Mikel Vesga,29,3221.0
2022,Athletic Club,447052,Peru Nolaskoain,23,
2022,Athletic Club,178425,Dani García,32,1624.0
2022,Athletic Club,99343,Ander Herrera,32,868.0
2022,Athletic Club,938734,Junior Bita,17,
2022,Athletic Club,34601,Raúl García,35,1289.0
2022,Athletic Club,709187,Nico Williams,19,3204.0
2022,Athletic Club,255508,Iñaki Williams,28,3240.0
2022,Athletic Club,340205,Gorka Guruzeta,25,1652.0
2022,Athletic Club,338425,Álex Berenguer,26,2707.0
2022,Athletic Club,251897,Asier Villalibre,24,193.0
2022,Athletic Club,455349,Jon Morcillo,23,65.0
2022,Athletic Club,895480,Adu Ares,20,85.0
2022,Athletic Club,54235,Iker Muniain,29,2076.0
2022,Osasuna,248738,Sergio Herrera,29,2280.0
2022,Osasuna,118997,Aitor Fernández,31,1890.0
2022,Osasuna,298613,Juan Pérez,25,90.0
2022,Osasuna,634117,Pablo Valencia,21,
2022,Osasuna,634116,Yoel Ramírez,20,
2022,Osasuna,341266,Darío Ramos,22,
2022,Osasuna,618809,Manu Sánchez,21,2470.0
2022,Osasuna,298589,David García,28,3433.0
2022,Osasuna,555500,Jorge Herrando,21,116.0
2022,Osasuna,216870,Nacho Vidal,27,1354.0
2022,Osasuna,169497,Juan Cruz,29,2583.0
2022,Osasuna,197122,Unai García,30,1943.0
2022,Osasuna,238868,Rubén Peña,30,1493.0
2022,Osasuna,634122,Diego Moreno,21,754.0
2022,Osasuna,82503,Aridane Hernández,33,2436.0
2022,Osasuna,634131,Aimar Oroz,20,2558.0
2022,Osasuna,552425,Jon Moncayola,24,3009.0
2022,Osasuna,785353,Pablo Ibáñez,23,1386.0
2022,Osasuna,213670,Lucas Torró,27,2984.0
2022,Osasuna,710677,Iker Muñoz,19,250.0
2022,Osasuna,175449,Moi Gómez,28,2852.0
2022,Osasuna,471474,Javi Martínez,22,
2022,Osasuna,95641,Darko Brasanac,30,1483.0
2022,Osasuna,63056,Roberto Torres,33,189.0
2022,Osasuna,724520,Abde Ezzalzouli,20,1903.0
2022,Osasuna,46413,Ante Budimir,30,2169.0
2022,Osasuna,213260,Rubén García,28,1600.0
2022,Osasuna,298575,Kike Barja,25,1743.0
2022,Osasuna,710679,Iker Benito,19,176.0
2022,Osasuna,167721,Chimy Ávila,28,2069.0
2022,Osasuna,93936,Kike García,32,1482.0
2022,Girona,195488,Paulo Gazzaniga,30,2520.0
2022,Girona,623526,Toni Fuidias,21,120.0
2022,Girona,120705,Juan Carlos,34,990.0
2022,Girona,1006551,Lluc Matas,20,
2022,Girona,525299,Miguel Gutiérrez,20,2586.0
2022,Girona,627228,Yan Couto,20,1209.0
2022,Girona,826224,Arnau Martínez,19,2856.0
2022,Girona,438001,Santiago Bueno,23,3119.0
2022,Girona,422466,Javi Hernández,24,1220.0
2022,Girona,129444,David López,32,1658.0
2022,Girona,115333,Juanpe,31,1427.0
2022,Girona,147462,Alexander Callens,30,117.0
2022,Girona,787154,Eric Monjonell,20,
2022,Girona,633167,Biel Farrés,20,
2022,Girona,64598,Bernardo Espinosa,32,1346.0
2022,Girona,261504,Aleix García,25,2461.0
2022,Girona,378293,Yangel Herrera,24,964.0
2022,Girona,341278,Iván Martín,23,1804.0
2022,Girona,783396,Ramón Terrats,21,387.0
2022,Girona,627226,Reinier,20,639.0
2022,Girona,582664,Álex Sala,21,
2022,Girona,66100,Oriol Romeu,30,3042.0
2022,Girona,785967,Ibrahima Kébé,21,
2022,Girona,131506,Samu Saiz,31,258.0
2022,Girona,67808,Borja García,31,684.0
2022,Girona,906025,Ricard Artero,19,172.0
2022,Girona,522784,Taty Castellanos,23,2768.0
2022,Girona,264372,Viktor Tsygankov,24,1496.0
2022,Girona,707572,Pau Víctor,20,
2022,Girona,895326,Joel Roca,17,80.0
2022,Girona,461617,Rodrigo Riquelme,22,2308.0
2022,Girona,891923,Dawda Camara,19,
2022,Girona,59323,Cristhian Stuani,35,1225.0
2022,Girona,331496,Valery Fernández,22,1069.0
2022,Girona,921734,Óscar Ureña,19,173.0
2022,Girona,337066,Toni Villa,27,977.0
2022,Girona,527350,Manu Vallejo,25,265.0
2022,Celta Vigo,297194,Iván Villar,24,1890.0
2022,Celta Vigo,531373,Christian Joel,22,
2022,Celta Vigo,54534,Agustín Marchesín,34,1822.0
2022,Celta Vigo,577869,Ruly García,22,
2022,Celta Vigo,581640,Coke Carrillo,20,
2022,Celta Vigo,42373,Diego Alves,37,
2022,Celta Vigo,331505,Óscar Mingueza,23,1429.0
2022,Celta Vigo,338285,Unai Núñez,25,3451.0
2022,Celta Vigo,636093,Carlos Domínguez,21,197.0
2022,Celta Vigo,448628,Javi Galán,27,3372.0
2022,Celta Vigo,562058,Sergio Barcia,21,
2022,Celta Vigo,358250,Joseph Aidoo,26,3331.0
2022,Celta Vigo,461619,Fernando Medrano,22,12.0
2022,Celta Vigo,933350,Tincho Conde,19,
2022,Celta Vigo,221315,Kevin Vázquez,29,519.0
2022,Celta Vigo,625882,Javi Domínguez,21,
2022,Celta Vigo,119905,Hugo Mallo,31,2252.0
2022,Celta Vigo,699704,Gabri Veiga,20,2482.0
2022,Celta Vigo,892221,Hugo Sotelo,18,16.0
2022,Celta Vigo,423444,Fran Beltrán,23,3101.0
2022,Celta Vigo,315762,Luca de la Torre,24,1612.0
2022,Celta Vigo,284884,Óscar Rodríguez,24,1995.0
2022,Celta Vigo,277137,Renato Tapia,26,1494.0
2022,Celta Vigo,523977,Miguel Baeza,22,
2022,Celta Vigo,282694,Augusto Solari,30,255.0
2022,Celta Vigo,429983,Jørgen Strand Larsen,22,1930.0
2022,Celta Vigo,764859,Williot Swedberg,18,131.0
2022,Celta Vigo,892929,Hugo Álvarez,18,
2022,Celta Vigo,634427,Miguel Rodríguez,19,270.0
2022,Celta Vigo,905997,Pablo Durán,21,66.0
2022,Celta Vigo,282810,Carles Pérez,24,2409.0
2022,Celta Vigo,72047,Iago Aspas,34,2961.0
2022,Celta Vigo,181547,Gonçalo Paciência,27,833.0
2022,Celta Vigo,341110,Franco Cervi,28,2097.0
2022,Celta Vigo,715630,Fran López,20,
2022,Celta Vigo,109256,Haris Seferovic,30,892.0
2022,Getafe,341713,Diego Conde,23,
2022,Getafe,226012,David Soria,29,3510.0
2022,Getafe,399782,Vicente Bellmunt,22,
2022,Getafe,27486,Kiko Casilla,35,210.0
2022,Getafe,353032,Omar Alderete,25,2270.0
2022,Getafe,577486,Gastón Álvarez,22,1650.0
2022,Getafe,390688,Juan Iglesias,23,2369.0
2022,Getafe,221150,Dakonam Djené,30,3118.0
2022,Getafe,257376,Domingos Duarte,27,2959.0
2022,Getafe,241229,Jordan Amavi,28,248.0
2022,Getafe,268506,Fabrizio Angileri,28,583.0
2022,Getafe,143029,Stefan Mitrovic,32,1679.0
2022,Getafe,631093,Álex Revuelta,22,1.0
2022,Getafe,715635,Alex Rodríguez,20,
2022,Getafe,809639,Emmanuel Koffi,20,
2022,Getafe,1000136,Gorka Rivera,17,
2022,Getafe,979355,Pablo Ramírez,19,
2022,Getafe,76746,Damián Suárez,34,1958.0
2022,Getafe,290249,Mauro Arambarri,26,1000.0
2022,Getafe,732096,Santi García,20,
2022,Getafe,273152,Nemanja Maksimovic,27,2071.0
2022,Getafe,281989,Luis Milla,27,2163.0
2022,Getafe,284854,Carles Aleñá,24,2329.0
2022,Getafe,398163,Gonzalo Villar,24,445.0
2022,Getafe,841121,John Patrick,18,
2022,Getafe,340867,Jaime Seoane,25,415.0
2022,Getafe,638589,Ángel Algobia,23,1341.0
2022,Getafe,251106,Enes Ünal,25,3223.0
2022,Getafe,298976,Borja Mayoral,25,2900.0
2022,Getafe,623521,Juanmi Latasa,21,558.0
2022,Getafe,223725,Munir El Haddadi,26,1356.0
2022,Getafe,99353,Portu,30,2003.0
2022,Getafe,963150,Moi Parra,20,9.0
2022,Getafe,227961,Jaime Mata,33,483.0
2022,RCD Espanyol Barcelona,561613,Joan García,21,390.0
2022,RCD Espanyol Barcelona,453704,Álvaro Ferllo,24,1080.0
2022,RCD Espanyol Barcelona,127181,Benjamin Lecomte,31,900.0
2022,RCD Espanyol Barcelona,172015,Fernando Pacheco,30,1440.0
2022,RCD Espanyol Barcelona,628487,Ángel Fortuño,20,
2022,RCD Espanyol Barcelona,822331,Omar El Hilali,18,166.0
2022,RCD Espanyol Barcelona,387687,César Montes,25,1799.0
2022,RCD Espanyol Barcelona,501418,Adrià Pedrosa,24,226.0
2022,RCD Espanyol Barcelona,357884,Fernando Calero,26,1713.0
2022,RCD Espanyol Barcelona,705813,Rubén Sánchez,21,1013.0
2022,RCD Espanyol Barcelona,410185,Ronaël Pierre-Gabriel,24,236.0
2022,RCD Espanyol Barcelona,102423,Leandro Cabrera,31,3017.0
2022,RCD Espanyol Barcelona,544106,Óscar Gil,24,2777.0
2022,RCD Espanyol Barcelona,945496,Simo Keddari,17,290.0
2022,RCD Espanyol Barcelona,166677,Brian Oliván,28,2713.0
2022,RCD Espanyol Barcelona,92947,Sergi Gómez,30,2436.0
2022,RCD Espanyol Barcelona,663581,Vini Souza,23,2665.0
2022,RCD Espanyol Barcelona,412045,Pol Lozano,22,79.0
2022,RCD Espanyol Barcelona,506248,Edu Expósito,25,1470.0
2022,RCD Espanyol Barcelona,142021,Sergi Darder,28,3449.0
2022,RCD Espanyol Barcelona,570421,Nico Melamed,21,1530.0
2022,RCD Espanyol Barcelona,628496,Dani Villahermosa,21,45.0
2022,RCD Espanyol Barcelona,557147,José Gragera,22,461.0
2022,RCD Espanyol Barcelona,165007,Denis Suárez,28,955.0
2022,RCD Espanyol Barcelona,487180,Nabil Touaizi,21,2.0
2022,RCD Espanyol Barcelona,295622,Keidi Bare,24,610.0
2022,RCD Espanyol Barcelona,646746,Roger Martínez,18,51.0
2022,RCD Espanyol Barcelona,408471,Javi Puado,24,2610.0
2022,RCD Espanyol Barcelona,745461,Luca Koleosho,17,76.0
2022,RCD Espanyol Barcelona,81999,Joselu,32,3226.0
2022,RCD Espanyol Barcelona,95732,Martin Braithwaite,31,2575.0
2022,RCD Espanyol Barcelona,422460,Dani Gómez,23,125.0
2022,RCD Espanyol Barcelona,288318,Adrián Embarba,30,34.0
2022,RCD Espanyol Barcelona,282410,José Carlos Lazo,26,342.0
2022,RCD Espanyol Barcelona,632562,Abde Damar,22,
2022,RCD Espanyol Barcelona,628499,Kenneth Soler,21,13.0
2022,RCD Espanyol Barcelona,88490,Aleix Vidal,32,1185.0
2022,Almeria,172015,Fernando Pacheco,30,90.0
2022,Almeria,531274,Diego Fuoli,24,90.0
2022,Almeria,59349,Diego Mariño,32,45.0
2022,Almeria,81997,Fernando Martínez,32,3285.0
2022,Almeria,355627,Sergio Akieme,24,2298.0
2022,Almeria,222805,Srdjan Babic,26,2999.0
2022,Almeria,743589,Kaiky,18,671.0
2022,Almeria,423443,Álex Centelles,22,1212.0
2022,Almeria,333361,Chumi,23,1576.0
2022,Almeria,442552,Houboulang Mendes,24,889.0
2022,Almeria,433257,Arvin Appiah,21,
2022,Almeria,176140,Rodrigo Ely,28,3158.0
2022,Almeria,657430,Samú Costa,21,2040.0
2022,Almeria,457221,Lucas Robertone,25,2861.0
2022,Almeria,1064121,Marcos Peña,17,
2022,Almeria,696506,Gui Guedes,20,36.0
2022,Almeria,162056,Gonzalo Melero,28,1886.0
2022,Almeria,630523,Martin Svidersky,19,
2022,Almeria,226261,César de la Hoz,30,1689.0
2022,Almeria,138803,Francisco Portillo,32,783.0
2022,Almeria,89731,Iñigo Eguaras,30,1047.0
2022,Almeria,424784,Luis Suárez,24,1480.0
2022,Almeria,649016,El Bilal Touré,20,1309.0
2022,Almeria,518644,Largie Ramazani,21,1485.0
2022,Almeria,337715,Umar Sadiq,25,242.0
2022,Almeria,845568,Marko Milovanović,18,14.0
2022,Almeria,574772,Lázaro,20,766.0
2022,Almeria,208116,Curro Sánchez,26,41.0
2022,Almeria,341272,Álex Pozo,23,1893.0
2022,Almeria,536030,Arnau Puigmal,21,831.0
2022,Almeria,282410,José Carlos Lazo,26,19.0
2022,Almeria,288318,Adrián Embarba,30,1482.0
2022,Almeria,221899,Léo Baptistão,29,1743.0
2022,Almeria,628473,Carlos Rojas,20,
2022,Almeria,1013774,Marciano Sanca,18,
2022,Almeria,157036,Dyego Sousa,32,596.0
2022,Mallorca,316884,Dominik Greif,25,390.0
2022,Mallorca,190263,Predrag Rajković,26,3240.0
2022,Mallorca,562742,Leo Román,21,180.0
2022,Mallorca,632913,Pere García,20,
2022,Mallorca,520840,José Copete,22,2470.0
2022,Mallorca,251876,Pablo Maffeo,24,3032.0
2022,Mallorca,277384,Martin Valjent,26,2839.0
2022,Mallorca,339699,Giovanni González,27,1210.0
2022,Mallorca,170646,Ludwig Augustinsson,28,130.0
2022,Mallorca,401521,Braian Cufré,25,484.0
2022,Mallorca,322065,Dennis Hadzikadunic,23,616.0
2022,Mallorca,278296,Antonio Raíllo,30,2901.0
2022,Mallorca,378463,Franco Russo,27,357.0
2022,Mallorca,143559,Matija Nastasić,29,1203.0
2022,Mallorca,537760,Benjamín Garay,22,
2022,Mallorca,632495,Josep Gayá,21,130.0
2022,Mallorca,947432,Marcos Fernández,18,
2022,Mallorca,65318,Jaume Costa,34,2699.0
2022,Mallorca,557149,Kang-in Lee,21,3083.0
2022,Mallorca,335225,Manu Morlanes,23,714.0
2022,Mallorca,126751,Iñigo Ruiz de Galarreta,28,2637.0
2022,Mallorca,513031,Antonio Sánchez,25,1158.0
2022,Mallorca,442805,Iddrisu Baba,26,1838.0
2022,Mallorca,89297,Rodrigo Battaglia,30,876.0
2022,Mallorca,573979,Tòfol Montiel,22,
2022,Mallorca,1056655,Rubén Quintanilla,20,3.0
2022,Mallorca,139435,Dani Rodríguez,34,2305.0
2022,Mallorca,632497,Miquel Llabrés,22,
2022,Mallorca,947439,Luis Montiel,18,
2022,Mallorca,72479,Clément Grenier,31,929.0
2022,Mallorca,256267,Vedat Muriqi,28,3073.0
2022,Mallorca,384060,Tino Kadewere,26,701.0
2022,Mallorca,706138,Javi Llabrés,19,16.0
2022,Mallorca,177452,Abdón Prats,29,546.0
2022,Mallorca,339820,Amath Ndiaye,25,1345.0
2022,Mallorca,632498,Miguelito,21,
2022,Mallorca,100722,Lago Júnior,31,106.0
2022,Mallorca,51510,Ángel Rodríguez,35,618.0
2022,Rayo Vallecano,165467,Stole Dimitrievski,28,3325.0
2022,Rayo Vallecano,607780,Miguel Ángel Morro,21,
2022,Rayo Vallecano,34370,Diego López,40,395.0
2022,Rayo Vallecano,341264,Fran García,22,3484.0
2022,Rayo Vallecano,596122,Pep Chavarría,24,571.0
2022,Rayo Vallecano,451801,Abdul Mumin,24,1007.0
2022,Rayo Vallecano,449796,Alejandro Catena,27,3316.0
2022,Rayo Vallecano,127108,Florian Lejeune,31,2659.0
2022,Rayo Vallecano,85295,Iván Balliu,30,3238.0
2022,Rayo Vallecano,240360,Esteban Saveljich,31,91.0
2022,Rayo Vallecano,608531,Mario Hernández,23,403.0
2022,Rayo Vallecano,380598,Santi Comesaña,25,2604.0
2022,Rayo Vallecano,192009,Unai López,26,1321.0
2022,Rayo Vallecano,517753,Óscar Valentín,27,2777.0
2022,Rayo Vallecano,525578,Pathé Ciss,28,1282.0
2022,Rayo Vallecano,560483,Randy Nteka,24,233.0
2022,Rayo Vallecano,195605,José Pozo,26,103.0
2022,Rayo Vallecano,932349,Diego Méndez,18,81.0
2022,Rayo Vallecano,37337,Mario Suárez,35,215.0
2022,Rayo Vallecano,30321,Óscar Trejo,34,2306.0
2022,Rayo Vallecano,531277,Andrés Martín,22,266.0
2022,Rayo Vallecano,505674,Sergio Camello,21,2608.0
2022,Rayo Vallecano,362086,Isi Palazón,27,3102.0
2022,Rayo Vallecano,257062,Álvaro García,29,3040.0
2022,Rayo Vallecano,162038,Raúl de Tomás,27,804.0
2022,Rayo Vallecano,1045767,Pablo Muñoz,18,75.0
2022,Rayo Vallecano,246204,Salvi Sánchez,31,532.0
2022,Rayo Vallecano,153427,Bebé,31,213.0
2022,Rayo Vallecano,39152,Radamel Falcao,36,713.0
2022,Real Valladolid CF,710474,Álvaro Aceves,18,12.0
2022,Real Valladolid CF,65263,Jordi Masip,33,2598.0
2022,Real Valladolid CF,51710,Sergio Asenjo,33,1080.0
2022,Real Valladolid CF,946883,Iván Fresneda,17,1844.0
2022,Real Valladolid CF,468309,Lucas Rosa,22,1123.0
2022,Real Valladolid CF,216240,Lucas Olaza,27,1496.0
2022,Real Valladolid CF,857832,David Torres,19,551.0
2022,Real Valladolid CF,358115,Luis Pérez,27,1292.0
2022,Real Valladolid CF,340853,Javi Sánchez,25,2564.0
2022,Real Valladolid CF,709999,Víctor Rofino,19,
2022,Real Valladolid CF,235412,Jawad El Yamiq,30,1609.0
2022,Real Valladolid CF,221321,Joaquín Fernández,26,2338.0
2022,Real Valladolid CF,631055,Alberto Quintana,20,
2022,Real Valladolid CF,635346,Diego Moreno,20,87.0
2022,Real Valladolid CF,93935,Sergio Escudero,32,1529.0
2022,Real Valladolid CF,129386,Zouhair Feddal,32,389.0
2022,Real Valladolid CF,282727,Monchu,22,2189.0
2022,Real Valladolid CF,527698,Kike Pérez,25,2516.0
2022,Real Valladolid CF,377219,Selim Amallah,25,269.0
2022,Real Valladolid CF,398808,Martin Hongla,24,1312.0
2022,Real Valladolid CF,449496,Álvaro Aguado,26,2017.0
2022,Real Valladolid CF,213595,Juanjo Narváez,27,245.0
2022,Real Valladolid CF,205569,Mickaël Malsa,26,154.0
2022,Real Valladolid CF,710484,Mario Maroto,18,
2022,Real Valladolid CF,221309,Óscar Plano,31,2208.0
2022,Real Valladolid CF,202984,Roque Mesa,33,1804.0
2022,Real Valladolid CF,592735,Gonzalo Plata,21,2423.0
2022,Real Valladolid CF,343463,Cyle Larin,27,1469.0
2022,Real Valladolid CF,635881,Manu Pozo,20,18.0
2022,Real Valladolid CF,716163,Iván Cédric,20,
2022,Real Valladolid CF,924447,Tunde Akinsola,19,10.0
2022,Real Valladolid CF,247652,Shon Weissman,26,882.0
2022,Real Valladolid CF,281404,Kenedy,26,285.0
2022,Real Valladolid CF,327126,Anuar,27,211.0
2022,Real Valladolid CF,221311,Iván Sánchez,29,1254.0
2022,Real Valladolid CF,211251,Darwin Machís,29,598.0
2022,Real Valladolid CF,337066,Toni Villa,27,91.0
2022,Real Valladolid CF,928726,Roberto Arroyo,18,17.0
2022,Real Valladolid CF,337070,Sekou Gassama,27,35.0
2022,Real Valladolid CF,256429,Sergi Guardiola,31,524.0
2022,Real Valladolid CF,145769,Sergio León,33,1450.0
2022,Elche,236734,Axel Werner,26,270.0
2022,Elche,102146,Edgar Badia,30,3420.0
2022,Elche,810205,Juanpe Navarro,23,
2022,Elche,1004295,Jesús López,19,
2022,Elche,1064499,Luismi Quirant,17,
2022,Elche,711625,José Ángel Carmona,20,592.0
2022,Elche,831161,Lautaro Blanco,23,945.0
2022,Elche,262939,Johan Mojica,29,270.0
2022,Elche,298975,Pol Lirola,24,645.0
2022,Elche,66736,Lisandro Magallán,28,901.0
2022,Elche,627290,John Donald,21,1184.0
2022,Elche,211389,Helibelton Palacios,29,2009.0
2022,Elche,186862,Enzo Roco,29,1745.0
2022,Elche,203043,Pedro Bigas,32,2112.0
2022,Elche,1004297,Manuel Cocca,19,69.0
2022,Elche,193784,Carlos Clerc,30,2753.0
2022,Elche,720530,Javi Pamies,19,
2022,Elche,85475,Federico Fernández,33,90.0
2022,Elche,623023,Carles Marco,22,82.0
2022,Elche,349836,Diego González,27,1050.0
2022,Elche,184779,Gonzalo Verdú,33,882.0
2022,Elche,961297,Rodrigo Mendoza,17,29.0
2022,Elche,282722,Álex Collado,23,768.0
2022,Elche,391719,Domingos Quina,22,346.0
2022,Elche,726525,Branislav Knezevic,19,8.0
2022,Elche,268670,Gerard Gumbau,27,2993.0
2022,Elche,560483,Randy Nteka,24,731.0
2022,Elche,330352,Raúl Guti,25,1231.0
2022,Elche,142031,Omar Mascarell,29,2561.0
2022,Elche,720488,Alejandro Alfaro,20,14.0
2022,Elche,55215,Javier Pastore,33,4.0
2022,Elche,336828,Pape Cheikh,24,5.0
2022,Elche,739315,Nicolás Fernández Mercau,22,592.0
2022,Elche,334222,Lucas Boyé,26,2580.0
2022,Elche,296783,Ezequiel Ponce,25,1294.0
2022,Elche,339816,Tete Morente,25,2275.0
2022,Elche,225593,Pere Milla,29,1956.0
2022,Elche,212391,Roger Martí,31,823.0
2022,Elche,149231,Fidel,32,1818.0
2022,Elche,277533,Josan,32,1181.0
2022,Cadiz,284342,Conan Ledesma,29,3060.0
2022,Cadiz,706797,Victor Aznar,19,
2022,Cadiz,162027,David Gil,28,450.0
2022,Cadiz,930096,Nando Almodóvar,18,
2022,Cadiz,495625,Víctor Chust,22,967.0
2022,Cadiz,520947,Santiago Arzamendia,24,568.0
2022,Cadiz,311044,Alfonso Espino,30,3123.0
2022,Cadiz,281755,Iván Alejo,27,1350.0
2022,Cadiz,631099,Lautaro Spatz,20,90.0
2022,Cadiz,254037,Iza Carcelén,29,2249.0
2022,Cadiz,252667,Fali,28,1722.0
2022,Cadiz,197135,Joseba Zaldua,30,641.0
2022,Cadiz,628494,Carlos García,21,24.0
2022,Cadiz,784719,Raúl Parra,22,312.0
2022,Cadiz,490421,Momo Mbaye,24,754.0
2022,Cadiz,971775,Kikín,19,
2022,Cadiz,286779,Jorge Meré,25,602.0
2022,Cadiz,67089,Juan Cala,32,138.0
2022,Cadiz,62945,Luis Hernández,33,3240.0
2022,Cadiz,495621,Antonio Blanco,21,250.0
2022,Cadiz,979235,Moussa Diakité,18,
2022,Cadiz,454238,Tomás Alarcón,23,267.0
2022,Cadiz,266795,Gonzalo Escalante,29,1126.0
2022,Cadiz,247250,Rubén Alcaraz,31,2049.0
2022,Cadiz,564451,Youba Diarra,24,94.0
2022,Cadiz,307519,Fede San Emeterio,25,1855.0
2022,Cadiz,882772,Álvaro Bastida,18,
2022,Cadiz,961954,Curro Muñoz,19,
2022,Cadiz,158704,Jon Ander Garrido,32,
2022,Cadiz,225462,José Mari,34,428.0
2022,Cadiz,89733,Álex Fernández,29,1586.0
2022,Cadiz,1038950,Karl Etta Eyong,18,
2022,Cadiz,280701,Théo Bongonda,26,2012.0
2022,Cadiz,538810,Chris Ramos,25,705.0
2022,Cadiz,1027993,José Antonio de la Rosa,17,44.0
2022,Cadiz,598765,Brian Ocampo,23,1140.0
2022,Cadiz,131275,Choco Lozano,29,1440.0
2022,Cadiz,255729,Awer Mabil,26,240.0
2022,Cadiz,85383,Rubén Sobrino,30,2470.0
2022,Cadiz,402002,Mamady Diarra,22,95.0
2022,Cadiz,73185,Lucas Pérez,33,720.0
2022,Cadiz,212391,Roger Martí,31,640.0
2022,Cadiz,57935,Álvaro Giménez,31,37.0
2022,Cadiz,632872,Francisco Mwepu,22,20.0
2022,Cadiz,99559,Alberto Perea,31,45.0
2022,Cadiz,18644,Álvaro Negredo,36,824.0
2022,Cadiz,256429,Sergi Guardiola,31,1175.0
2023,Real Madrid,108390,Thibaut Courtois,31,423.0
2023,Real Madrid,404839,Andriy Lunin,24,2850.0
2023,Real Madrid,192279,Kepa Arrizabalaga,28,1767.0
2023,Real Madrid,1055220,Fran González,18,
2023,Real Madrid,568154,Lucas Cañizares,21,
2023,Real Madrid,717952,Mario de Luis,21,
2023,Real Madrid,926850,Diego Piñeiro,19,
2023,Real Madrid,948278,Jacobo Ramón,18,
2023,Real Madrid,401530,Éder Militão,25,509.0
2023,Real Madrid,341264,Fran García,23,1688.0
2023,Real Madrid,86202,Antonio Rüdiger,30,4076.0
2023,Real Madrid,743587,Vinícius Tobias,19,88.0
2023,Real Madrid,138927,Daniel Carvajal,31,3352.0
2023,Real Madrid,291417,Ferland Mendy,28,2835.0
2023,Real Madrid,59016,David Alaba,31,1407.0
2023,Real Madrid,58884,Nacho Fernández,33,3126.0
2023,Real Madrid,221316,Lucas Vázquez,32,1784.0
2023,Real Madrid,280730,Álvaro Odriozola,27,
2023,Real Madrid,652330,Álvaro Carrillo,21,90.0
2023,Real Madrid,646745,Edgar Pujol,18,
2023,Real Madrid,581678,Jude Bellingham,20,3644.0
2023,Real Madrid,369081,Federico Valverde,24,4280.0
2023,Real Madrid,861410,Arda Güler,18,440.0
2023,Real Madrid,948294,Nico Paz,18,128.0
2023,Real Madrid,413112,Aurélien Tchouaméni,23,2809.0
2023,Real Madrid,640428,Eduardo Camavinga,20,2824.0
2023,Real Madrid,948273,Mario Martín,19,36.0
2023,Real Madrid,319745,Dani Ceballos,26,864.0
2023,Real Madrid,27992,Luka Modrić,37,2243.0
2023,Real Madrid,337917,Théo Zidane,21,
2023,Real Madrid,31909,Toni Kroos,33,3181.0
2023,Real Madrid,371998,Vinicius Junior,22,3084.0
2023,Real Madrid,412363,Rodrygo,22,3707.0
2023,Real Madrid,314678,Brahim Díaz,23,2066.0
2023,Real Madrid,935230,Gonzalo García,19,17.0
2023,Real Madrid,948275,Álvaro Rodríguez,18,3.0
2023,Real Madrid,81999,Joselu,33,2097.0
2023,Barcelona,283170,Iñaki Peña,24,1560.0
2023,Barcelona,74857,Marc-André ter Stegen,31,3240.0
2023,Barcelona,938145,Áron Yaakobishvili,17,
2023,Barcelona,938144,Diego Kochen,17,
2023,Barcelona,709955,Ander Astralaga,19,
2023,Barcelona,962110,Pau Cubarsí,16,1927.0
2023,Barcelona,411975,Jules Koundé,24,4099.0
2023,Barcelona,636688,Alejandro Balde,19,2000.0
2023,Barcelona,466794,Eric García,22,57.0
2023,Barcelona,480267,Ronald Araujo,24,3024.0
2023,Barcelona,937955,Héctor Fort,16,566.0
2023,Barcelona,182712,João Cancelo,29,3318.0
2023,Barcelona,196948,Andreas Christensen,27,2790.0
2023,Barcelona,666974,Mikayil Faye,18,
2023,Barcelona,158863,Iñigo Martínez,32,1623.0
2023,Barcelona,112515,Marcos Alonso,32,389.0
2023,Barcelona,683840,Pedri,20,2027.0
2023,Barcelona,636703,Fermín López,20,1901.0
2023,Barcelona,326330,Frenkie de Jong,26,2512.0
2023,Barcelona,646740,Gavi,18,1172.0
2023,Barcelona,636695,Marc Casadó,19,35.0
2023,Barcelona,970633,Unai Hernández,18,
2023,Barcelona,53622,İlkay Gündoğan,32,4180.0
2023,Barcelona,85370,Sergi Roberto,31,1313.0
2023,Barcelona,709966,Aleix Garrido,19,
2023,Barcelona,66100,Oriol Romeu,31,1435.0
2023,Barcelona,937956,Pau Prim,17,
2023,Barcelona,937958,Lamine Yamal,15,2957.0
2023,Barcelona,411295,Raphinha,26,1950.0
2023,Barcelona,398184,Ferran Torres,23,1994.0
2023,Barcelona,724520,Abde Ezzalzouli,21,67.0
2023,Barcelona,943837,Vitor Roque,18,353.0
2023,Barcelona,462250,João Félix,23,2143.0
2023,Barcelona,466810,Ansu Fati,20,47.0
2023,Barcelona,707572,Pau Víctor,21,
2023,Barcelona,938158,Marc Guiu,17,182.0
2023,Barcelona,38253,Robert Lewandowski,34,3800.0
2023,Barcelona,646739,Ángel Alarcón,19,
2023,Real Sociedad,212862,Álex Remiro,28,4386.0
2023,Real Sociedad,668313,Aitor Fraga,20,
2023,Real Sociedad,625657,Unai Marrero,21,411.0
2023,Real Sociedad,561702,Gaizka Ayesa,22,
2023,Real Sociedad,1018938,Jon Martín,17,23.0
2023,Real Sociedad,351809,Robin Le Normand,26,3623.0
2023,Real Sociedad,661145,Jon Aramburu,20,658.0
2023,Real Sociedad,300716,Kieran Tierney,26,1483.0
2023,Real Sociedad,355628,Igor Zubeldia,26,3698.0
2023,Real Sociedad,580560,Jon Pacheco,22,1833.0
2023,Real Sociedad,517842,Aihen Muñoz,25,1753.0
2023,Real Sociedad,448628,Javi Galán,28,1433.0
2023,Real Sociedad,229804,Aritz Elustondo,29,1235.0
2023,Real Sociedad,297070,Hamari Traoré,31,3036.0
2023,Real Sociedad,249513,Diego Rico,30,
2023,Real Sociedad,280730,Álvaro Odriozola,27,721.0
2023,Real Sociedad,711377,Alberto Dadie,20,140.0
2023,Real Sociedad,1055860,Iñaki Rupérez,20,
2023,Real Sociedad,423440,Martín Zubimendi,24,3735.0
2023,Real Sociedad,338424,Mikel Merino,27,3602.0
2023,Real Sociedad,625651,Urko González de Zárate,22,364.0
2023,Real Sociedad,634431,Beñat Turrientes,21,2174.0
2023,Real Sociedad,555143,Arsen Zakharyan,20,1862.0
2023,Real Sociedad,309110,Brais Méndez,26,3318.0
2023,Real Sociedad,907813,Pablo Marín,19,
2023,Real Sociedad,625660,Jon Ander Olasagasti,22,540.0
2023,Real Sociedad,625655,Jon Magunazelaia,21,214.0
2023,Real Sociedad,351478,Mikel Oyarzabal,26,3059.0
2023,Real Sociedad,405398,Takefusa Kubo,22,2935.0
2023,Real Sociedad,616369,Ander Barrenetxea,21,2061.0
2023,Real Sociedad,670847,Mohamed-Ali Cho,19,459.0
2023,Real Sociedad,563137,Robert Navarro,21,
2023,Real Sociedad,337715,Umar Sadiq,26,1364.0
2023,Real Sociedad,198008,André Silva,27,1076.0
2023,Real Sociedad,711382,Jon Karrikaburu,20,
2023,Real Sociedad,434990,Álex Sola,24,28.0
2023,Real Sociedad,188888,Sheraldo Becker,28,986.0
2023,Real Sociedad,216464,Carlos Fernández,27,564.0
2023,Real Sociedad,581113,Bryan Fiabema,20,
2023,Real Sociedad,289272,Martín Merquelanz,28,
2023,Atletico Madrid,121483,Jan Oblak,30,4950.0
2023,Atletico Madrid,525438,Horațiu Moldovan,25,
2023,Atletico Madrid,226073,Ivo Grbic,27,
2023,Atletico Madrid,930415,Antonio Gomis,20,
2023,Atletico Madrid,973314,Sergio Mestre,18,
2023,Atletico Madrid,282411,Marcos Llorente,28,3602.0
2023,Atletico Madrid,424042,Nahuel Molina,25,3025.0
2023,Atletico Madrid,250845,José María Giménez,28,2225.0
2023,Atletico Madrid,281769,Mario Hermoso,28,3802.0
2023,Atletico Madrid,240692,Reinildo Mandava,29,827.0
2023,Atletico Madrid,320141,Çağlar Söyüncü,27,213.0
2023,Atletico Madrid,448628,Javi Galán,28,263.0
2023,Atletico Madrid,741253,Javier Boñar,18,
2023,Atletico Madrid,534376,Marco Moreno,22,
2023,Atletico Madrid,149498,Gabriel Paulista,32,405.0
2023,Atletico Madrid,107010,Stefan Savic,32,2349.0
2023,Atletico Madrid,614988,Ilias Kostis,20,1.0
2023,Atletico Madrid,57500,César Azpilicueta,33,1835.0
2023,Atletico Madrid,775605,Pablo Barrios,20,1978.0
2023,Atletico Madrid,926694,Arthur Vermeeren,18,160.0
2023,Atletico Madrid,255901,Rodrigo De Paul,29,3211.0
2023,Atletico Madrid,74229,Koke,31,3792.0
2023,Atletico Madrid,633111,Álex Calatrava,23,
2023,Atletico Madrid,205562,Thomas Lemar,27,167.0
2023,Atletico Madrid,35047,Axel Witsel,34,4182.0
2023,Atletico Madrid,148928,Saúl Ñíguez,28,2086.0
2023,Atletico Madrid,945500,Rayane Belaid,18,
2023,Atletico Madrid,606570,Sergio Guerrero,24,
2023,Atletico Madrid,646735,Aitor Gismera,19,
2023,Atletico Madrid,462250,João Félix,23,
2023,Atletico Madrid,694928,Samuel Lino,23,2997.0
2023,Atletico Madrid,125781,Antoine Griezmann,32,3918.0
2023,Atletico Madrid,266807,Ángel Correa,28,2014.0
2023,Atletico Madrid,167850,Memphis Depay,29,1205.0
2023,Atletico Madrid,128223,Álvaro Morata,30,2979.0
2023,Atletico Madrid,140776,Yannick Carrasco,29,223.0
2023,Atletico Madrid,461617,Rodrigo Riquelme,23,1991.0
2023,Atletico Madrid,926849,Adrián Niño,19,
2023,Atletico Madrid,612496,Marcos Paulo,22,
2023,Atletico Madrid,935457,Salim El Jebari,19,12.0
2023,Atletico Madrid,860062,Abde Raihani,19,9.0
2023,Atletico Madrid,67082,Vitolo,33,
2023,Girona,195488,Paulo Gazzaniga,31,3420.0
2023,Girona,623526,Toni Fuidias,22,180.0
2023,Girona,120705,Juan Carlos,35,270.0
2023,Girona,466794,Eric García,22,2670.0
2023,Girona,525299,Miguel Gutiérrez,21,3379.0
2023,Girona,627228,Yan Couto,21,2483.0
2023,Girona,438001,Santiago Bueno,24,
2023,Girona,826224,Arnau Martínez,20,1567.0
2023,Girona,12282,Daley Blind,33,3213.0
2023,Girona,129444,David López,33,1975.0
2023,Girona,115333,Juanpe,32,1054.0
2023,Girona,787154,Eric Monjonell,21,
2023,Girona,923915,Antal Yaakobishvili,18,195.0
2023,Girona,64598,Bernardo Espinosa,33,182.0
2023,Girona,261504,Aleix García,26,3326.0
2023,Girona,378293,Yangel Herrera,25,2228.0
2023,Girona,720038,Pablo Torre,20,802.0
2023,Girona,341278,Iván Martín,24,2931.0
2023,Girona,742521,Jhon Solís,18,690.0
2023,Girona,1061660,Selvi Clua,18,6.0
2023,Girona,785967,Ibrahima Kébé,22,122.0
2023,Girona,906025,Ricard Artero,20,
2023,Girona,67808,Borja García,32,
2023,Girona,1000626,Enric García,16,5.0
2023,Girona,743591,Savinho,19,3253.0
2023,Girona,264372,Viktor Tsygankov,25,2281.0
2023,Girona,343537,Artem Dovbyk,26,2677.0
2023,Girona,1061656,Iker Almena,19,55.0
2023,Girona,99353,Portu,31,1538.0
2023,Girona,59323,Cristhian Stuani,36,1218.0
2023,Girona,331496,Valery Fernández,23,816.0
2023,Girona,1061665,Jastin Garcia,19,30.0
2023,Girona,527350,Manu Vallejo,26,
2023,Girona,337066,Toni Villa,28,11.0
2023,Girona,946269,Alex Almansa,19,
2023,Girona,964264,Carles Garrido,18,
2023,Girona,1025582,Juan Arango,17,
2023,Athletic Club,262396,Unai Simón,26,3184.0
2023,Athletic Club,625014,Julen Agirrezabala,22,1016.0
2023,Athletic Club,834483,Álex Padilla,19,
2023,Athletic Club,524000,Dani Vivian,23,3493.0
2023,Athletic Club,591916,Aitor Paredes,23,3306.0
2023,Athletic Club,834487,Hugo Rincón,20,
2023,Athletic Club,61812,Yuri Berchiche,33,2446.0
2023,Athletic Club,255488,Yeray Álvarez,28,1161.0
2023,Athletic Club,626954,Imanol García de Albéniz,23,613.0
2023,Athletic Club,834485,Unai Egiluz,21,72.0
2023,Athletic Club,255501,Iñigo Lekue,30,2446.0
2023,Athletic Club,96718,Óscar de Marcos,34,2681.0
2023,Athletic Club,938729,Mikel Jauregizar,19,190.0
2023,Athletic Club,571020,Oihan Sancet,23,2496.0
2023,Athletic Club,625047,Beñat Prados,22,2003.0
2023,Athletic Club,834752,Unai Gómez,20,1184.0
2023,Athletic Club,126751,Iñigo Ruiz de Galarreta,29,2419.0
2023,Athletic Club,300168,Mikel Vesga,30,1818.0
2023,Athletic Club,447052,Peru Nolaskoain,24,192.0
2023,Athletic Club,178425,Dani García,33,782.0
2023,Athletic Club,99343,Ander Herrera,33,1235.0
2023,Athletic Club,34601,Raúl García,36,600.0
2023,Athletic Club,709187,Nico Williams,20,2729.0
2023,Athletic Club,255508,Iñaki Williams,29,3188.0
2023,Athletic Club,340205,Gorka Guruzeta,26,2546.0
2023,Athletic Club,338425,Álex Berenguer,27,1940.0
2023,Athletic Club,251897,Asier Villalibre,25,856.0
2023,Athletic Club,711394,Javi Martón,24,
2023,Athletic Club,895480,Adu Ares,21,482.0
2023,Athletic Club,1056971,Aingeru Olabarrieta,17,8.0
2023,Athletic Club,54235,Iker Muniain,30,968.0
2023,Villarreal,585323,Filip Jørgensen,21,3330.0
2023,Villarreal,547248,Iker Álvarez,21,
2023,Villarreal,7825,Pepe Reina,40,1140.0
2023,Villarreal,709372,Carlos Romero,21,305.0
2023,Villarreal,323167,Matteo Gabbia,23,976.0
2023,Villarreal,716276,Yerson Mosquera,22,1357.0
2023,Villarreal,494880,Jorge Cuenca,23,2655.0
2023,Villarreal,480763,Juan Foyth,25,1320.0
2023,Villarreal,797572,Stefan Lekovic,19,71.0
2023,Villarreal,356197,Alfonso Pedraza,27,1342.0
2023,Villarreal,466807,Adrià Altimira,22,1345.0
2023,Villarreal,286384,Eric Bailly,29,1048.0
2023,Villarreal,937942,Daniel Budesca,17,
2023,Villarreal,207917,Alberto Moreno,30,1938.0
2023,Villarreal,80293,Aïssa Mandi,31,1609.0
2023,Villarreal,15452,Raúl Albiol,37,2225.0
2023,Villarreal,76467,Kiko Femenía,32,2005.0
2023,Villarreal,886047,Antonio Espigares,18,
2023,Villarreal,635344,Abraham del Moral,21,
2023,Villarreal,380598,Santi Comesaña,26,2246.0
2023,Villarreal,783396,Ramón Terrats,22,1035.0
2023,Villarreal,945709,Dani Requena,19,
2023,Villarreal,59561,Dani Parejo,34,3247.0
2023,Villarreal,165007,Denis Suárez,29,163.0
2023,Villarreal,74869,Francis Coquelin,32,1157.0
2023,Villarreal,63494,Étienne Capoue,34,1993.0
2023,Villarreal,188854,Manu Trigueros,31,855.0
2023,Villarreal,548111,Álex Baena,21,3138.0
2023,Villarreal,568157,Yéremy Pino,20,621.0
2023,Villarreal,238407,Alexander Sørloth,27,2955.0
2023,Villarreal,709969,Ilias Akhomach,19,2124.0
2023,Villarreal,225122,Gonçalo Guedes,26,1131.0
2023,Villarreal,426192,Ben Brereton Díaz,24,582.0
2023,Villarreal,131996,Bertrand Traoré,27,569.0
2023,Villarreal,177467,Gerard Moreno,31,2771.0
2023,Villarreal,669511,Jorge Pascual,20,139.0
2023,Villarreal,709380,Álex Forés,22,
2023,Villarreal,566965,Diego Collado,22,27.0
2023,Villarreal,252677,José Luis Morales,35,1504.0
2023,Valencia,502676,Giorgi Mamardashvili,22,3285.0
2023,Valencia,741251,Vicent Abril,18,
2023,Valencia,398131,Cristian Rivero,25,56.0
2023,Valencia,227805,Jaume Doménech,32,469.0
2023,Valencia,646750,Cristhian Mosquera,19,3252.0
2023,Valencia,895334,Yarek Gasiorowski,18,913.0
2023,Valencia,707274,César Tárrega,21,97.0
2023,Valencia,221322,José Gayà,28,1923.0
2023,Valencia,615350,Cenk Özkacar,22,1805.0
2023,Valencia,623024,Jesús Vázquez,20,918.0
2023,Valencia,367466,Thierry Correia,24,2391.0
2023,Valencia,346289,Mouctar Diakhaby,26,1166.0
2023,Valencia,170472,Dimitri Foulquier,30,1937.0
2023,Valencia,668212,Rubén Iranzo,20,91.0
2023,Valencia,149498,Gabriel Paulista,32,1492.0
2023,Valencia,834764,Javi Guerra,20,2734.0
2023,Valencia,328480,Pepelu,24,3495.0
2023,Valencia,375382,André Almeida,23,969.0
2023,Valencia,495629,Hugo Guillamón,23,1573.0
2023,Valencia,377219,Selim Amallah,26,742.0
2023,Valencia,622992,Pablo Gozálbez,22,279.0
2023,Valencia,646743,Javi Navarro,19,
2023,Valencia,980242,Ali Fadal,19,20.0
2023,Valencia,573775,Hugo Duro,23,3146.0
2023,Valencia,617081,Diego López,21,2847.0
2023,Valencia,221958,Roman Yaremchuk,27,1198.0
2023,Valencia,622988,Fran Pérez,20,2242.0
2023,Valencia,941883,Martín Tejón,19,
2023,Valencia,710004,Peter Federico,20,646.0
2023,Valencia,707279,Hugo González,20,156.0
2023,Valencia,251845,Sergi Canós,26,1490.0
2023,Valencia,634105,Alberto Marí,21,378.0
2023,Valencia,1009766,David Otorbi,15,48.0
2023,Valencia,941867,Mario Domínguez,19,23.0
2023,Valencia,636119,Marco Camus,21,70.0
2023,Valencia,1000135,Joselu Pérez,19,
2023,Sevilla,207834,Yassine Bounou,32,180.0
2023,Sevilla,73517,Ørjan Nyland,32,2520.0
2023,Sevilla,94308,Marko Dmitrovic,31,1710.0
2023,Sevilla,766552,Alberto Flores,19,90.0
2023,Sevilla,767255,Matías Árbol,20,
2023,Sevilla,833884,Rafa Romero,19,
2023,Sevilla,730581,Loïc Badé,23,2620.0
2023,Sevilla,766583,Kike Salas,21,1979.0
2023,Sevilla,1032280,Oso,19,1.0
2023,Sevilla,676042,Juanlu Sánchez,19,1744.0
2023,Sevilla,402733,Gonzalo Montiel,26,7.0
2023,Sevilla,501418,Adrià Pedrosa,25,2491.0
2023,Sevilla,439022,Marcão,27,540.0
2023,Sevilla,538996,Tanguy Nianzou,21,610.0
2023,Sevilla,60410,Marcos Acuña,31,1590.0
2023,Sevilla,660735,Federico Gattoni,24,126.0
2023,Sevilla,25557,Sergio Ramos,37,3301.0
2023,Sevilla,569876,Xavi Sintes,21,
2023,Sevilla,711626,Darío Benavides,20,100.0
2023,Sevilla,767229,Diego Hormigo,20,36.0
2023,Sevilla,569384,Lucien Agoumé,21,787.0
2023,Sevilla,607224,Hannibal,20,101.0
2023,Sevilla,344605,Boubakary Soumaré,24,2687.0
2023,Sevilla,212723,Djibril Sow,26,2094.0
2023,Sevilla,743387,Stanis Idumbo,18,
2023,Sevilla,214775,Óliver Torres,28,2118.0
2023,Sevilla,74294,Nemanja Gudelj,31,2401.0
2023,Sevilla,766723,Manu Bueno,18,215.0
2023,Sevilla,263727,Joan Jordán,28,729.0
2023,Sevilla,935342,Alberto Collado,18,
2023,Sevilla,628926,Miguel Capitas,22,
2023,Sevilla,718581,Lulo Dasilva,20,
2023,Sevilla,32467,Ivan Rakitic,35,2037.0
2023,Sevilla,15956,Jesús Navas,37,2431.0
2023,Sevilla,51174,Fernando,35,854.0
2023,Sevilla,433049,Youssef En-Nesyri,26,3243.0
2023,Sevilla,303259,Dodi Lukébakio,25,1371.0
2023,Sevilla,687609,Isaac Romero,23,1190.0
2023,Sevilla,189441,Lucas Ocampos,28,3619.0
2023,Sevilla,361254,Rafa Mir,26,696.0
2023,Sevilla,888493,Alejo Veliz,19,31.0
2023,Sevilla,125165,Jesús Corona,30,16.0
2023,Sevilla,177847,Adnan Januzaj,28,308.0
2023,Sevilla,111961,Suso,29,1766.0
2023,Sevilla,20005,Papu Gómez,35,
2023,Sevilla,225020,Mariano Díaz,29,319.0
2023,Sevilla,916014,Isra Domínguez,20,
2023,Sevilla,934420,Ibra Sow,16,
2023,Sevilla,111630,Erik Lamela,31,845.0
2023,Real Betis,234811,Rui Silva,29,3286.0
2023,Real Betis,551182,Fran Vieites,24,315.0
2023,Real Betis,567504,Guilherme Fernandes,22,
2023,Real Betis,1061277,Germán García,19,
2023,Real Betis,40423,Claudio Bravo,40,810.0
2023,Real Betis,689637,Chadi Riad,20,2494.0
2023,Real Betis,341227,Juan Miranda,23,2358.0
2023,Real Betis,646402,Abner,23,1886.0
2023,Real Betis,1034853,Nobel Mendy,18,90.0
2023,Real Betis,191217,Héctor Bellerín,28,2033.0
2023,Real Betis,457931,Luiz Felipe,26,360.0
2023,Real Betis,135492,Youssouf Sabaly,30,1048.0
2023,Real Betis,99922,Marc Bartra,32,316.0
2023,Real Betis,630989,Ricardo Visus,22,195.0
2023,Real Betis,113133,Germán Pezzella,32,3483.0
2023,Real Betis,1054909,Pablo Busto,17,42.0
2023,Real Betis,971774,Xavi Pleguezuelo,20,11.0
2023,Real Betis,34322,Sokratis Papastathopoulos,35,1225.0
2023,Real Betis,689505,Johnny Cardoso,21,1512.0
2023,Real Betis,466801,Sergi Altimira,21,796.0
2023,Real Betis,357885,Pablo Fornals,27,1154.0
2023,Real Betis,203496,Nabil Fekir,29,1311.0
2023,Real Betis,342385,Guido Rodríguez,29,2241.0
2023,Real Betis,336869,Marc Roca,26,2744.0
2023,Real Betis,85288,Isco,31,2791.0
2023,Real Betis,100131,William Carvalho,31,1263.0
2023,Real Betis,429901,Paul Akouokou,25,26.0
2023,Real Betis,895331,Dani Pérez,17,
2023,Real Betis,961944,Ginés Sorroche,19,4.0
2023,Real Betis,668184,Quique Fernández,19,7.0
2023,Real Betis,20506,Andrés Guardado,36,866.0
2023,Real Betis,724520,Abde Ezzalzouli,21,1562.0
2023,Real Betis,1061282,Assane Diao,17,1505.0
2023,Real Betis,800175,Luiz Henrique,22,982.0
2023,Real Betis,246968,Ayoze Pérez,29,2680.0
2023,Real Betis,378139,Aitor Ruibal,27,1740.0
2023,Real Betis,278359,Borja Iglesias,30,871.0
2023,Real Betis,630995,Rodri Sánchez,23,1349.0
2023,Real Betis,585700,Juan Cruz,23,152.0
2023,Real Betis,167721,Chimy Ávila,29,301.0
2023,Real Betis,127048,Cédric Bakambu,32,242.0
2023,Real Betis,122155,Willian José,31,2400.0
2023,Celta Vigo,297194,Iván Villar,25,1375.0
2023,Celta Vigo,54534,Agustín Marchesín,35,90.0
2023,Celta Vigo,577869,Ruly García,23,
2023,Celta Vigo,581640,Coke Carrillo,21,
2023,Celta Vigo,646741,César Fernández,19,
2023,Celta Vigo,64399,Vicente Guaita,36,2402.0
2023,Celta Vigo,1076815,Javi Rodríguez,20,13.0
2023,Celta Vigo,331505,Óscar Mingueza,24,3118.0
2023,Celta Vigo,652331,Javi Rueda,21,19.0
2023,Celta Vigo,618809,Manu Sánchez,22,1892.0
2023,Celta Vigo,258987,Carl Starfelt,28,2489.0
2023,Celta Vigo,939374,Yoel Lago,19,90.0
2023,Celta Vigo,338285,Unai Núñez,26,3047.0
2023,Celta Vigo,636093,Carlos Domínguez,22,1846.0
2023,Celta Vigo,358250,Joseph Aidoo,27,406.0
2023,Celta Vigo,271455,Mihailo Ristic,27,1055.0
2023,Celta Vigo,586736,Joel López,21,
2023,Celta Vigo,221315,Kevin Vázquez,30,1036.0
2023,Celta Vigo,625882,Javi Domínguez,22,
2023,Celta Vigo,162029,Javier Manquillo,29,750.0
2023,Celta Vigo,699704,Gabri Veiga,21,17.0
2023,Celta Vigo,892221,Hugo Sotelo,19,988.0
2023,Celta Vigo,423444,Fran Beltrán,24,2713.0
2023,Celta Vigo,315762,Luca de la Torre,25,2179.0
2023,Celta Vigo,715628,Damián Rodríguez,20,257.0
2023,Celta Vigo,277137,Renato Tapia,27,1449.0
2023,Celta Vigo,623524,Carlos Dotor,22,883.0
2023,Celta Vigo,366948,Jailson,27,1050.0
2023,Celta Vigo,429983,Jørgen Strand Larsen,23,2905.0
2023,Celta Vigo,523318,Anastasios Douvikas,23,1334.0
2023,Celta Vigo,764859,Williot Swedberg,19,861.0
2023,Celta Vigo,892929,Hugo Álvarez,19,886.0
2023,Celta Vigo,634427,Miguel Rodríguez,20,647.0
2023,Celta Vigo,872184,Tadeo Allende,24,330.0
2023,Celta Vigo,292818,Jonathan Bamba,27,2038.0
2023,Celta Vigo,282810,Carles Pérez,25,841.0
2023,Celta Vigo,72047,Iago Aspas,35,2743.0
2023,Celta Vigo,181547,Gonçalo Paciência,28,
2023,Celta Vigo,341110,Franco Cervi,29,716.0
2023,Granada,275218,Augusto Batalla,27,1530.0
2023,Granada,290346,André Ferreira,27,1339.0
2023,Granada,891312,Fran Árbol,17,
2023,Granada,412042,Adri López,24,90.0
2023,Granada,54217,Raúl Fernández,35,281.0
2023,Granada,605528,Pol Tristán,21,
2023,Granada,129374,Marc Martínez,33,270.0
2023,Granada,811778,Álvaro Carreras,20,563.0
2023,Granada,552912,Bruno Méndez,23,1336.0
2023,Granada,388545,Ricard Sánchez,23,2300.0
2023,Granada,345449,Kamil Piątkowski,23,507.0
2023,Granada,631222,Raúl Torrente,21,1251.0
2023,Granada,583510,Miguel Rubio,25,1561.0
2023,Granada,713649,Miguel Ángel Brau,21,30.0
2023,Granada,251896,Jesús Vallejo,26,108.0
2023,Granada,448844,Carlos Neva,27,3156.0
2023,Granada,257388,Wilson Manafá,28,331.0
2023,Granada,357072,Faitout Maouassa,24,248.0
2023,Granada,70245,Ignasi Miquel,30,3007.0
2023,Granada,707276,Miki Bosch,22,100.0
2023,Granada,58330,Víctor Díaz,35,252.0
2023,Granada,376588,Njegos Petrovic,23,238.0
2023,Granada,398163,Gonzalo Villar,25,1844.0
2023,Granada,398808,Martin Hongla,25,559.0
2023,Granada,268670,Gerard Gumbau,28,2716.0
2023,Granada,487688,Alberto Soro,24,7.0
2023,Granada,394694,Sergio Ruiz,28,2519.0
2023,Granada,448344,Óscar Melendo,25,1127.0
2023,Granada,833340,Mario González,19,
2023,Granada,944124,Lass Sangaré,21,
2023,Granada,991268,Samu Aghehowa,19,82.0
2023,Granada,713644,Bryan Zaragoza,21,1639.0
2023,Granada,334222,Lucas Boyé,27,2556.0
2023,Granada,611426,Matías Arezo,20,359.0
2023,Granada,676318,Facundo Pellistri,21,1222.0
2023,Granada,315289,Myrto Uzuni,28,2461.0
2023,Granada,568535,Theo Corbeanu,21,196.0
2023,Granada,821820,Pablo Sáenz,22,18.0
2023,Granada,1064103,Sergio Rodelas,18,122.0
2023,Granada,247652,Shon Weissman,27,172.0
2023,Granada,262365,Antonio Puertas,31,719.0
2023,Granada,289167,Kamil Jóźwiak,25,573.0
2023,Granada,237125,Famara Diédhiou,30,171.0
2023,Granada,1056096,Eghosa Bello,19,
2023,Granada,61253,José Callejón,36,884.0
2023,Granada,99559,Alberto Perea,32,77.0
2023,Getafe,226012,David Soria,30,3594.0
2023,Getafe,438682,Daniel Fuzato,25,186.0
2023,Getafe,1135452,Jorge Benito,17,
2023,Getafe,1130318,Djordjije Medenica,16,
2023,Getafe,353032,Omar Alderete,26,2457.0
2023,Getafe,711625,José Ángel Carmona,21,1376.0
2023,Getafe,577486,Gastón Álvarez,23,2693.0
2023,Getafe,390688,Juan Iglesias,24,1667.0
2023,Getafe,221150,Dakonam Djené,31,2581.0
2023,Getafe,249513,Diego Rico,30,2720.0
2023,Getafe,257376,Domingos Duarte,28,1088.0
2023,Getafe,908621,Nabil Aberdin,20,180.0
2023,Getafe,537763,Jordi Martín,22,761.0
2023,Getafe,268506,Fabrizio Angileri,29,218.0
2023,Getafe,143029,Stefan Mitrovic,33,824.0
2023,Getafe,1000136,Gorka Rivera,18,2.0
2023,Getafe,76746,Damián Suárez,35,1395.0
2023,Getafe,623025,Sergio Gimeno,22,
2023,Getafe,1158757,Alejandro Herranz,18,
2023,Getafe,617074,Ilaix Moriba,20,608.0
2023,Getafe,290249,Mauro Arambarri,27,337.0
2023,Getafe,732096,Santi García,21,24.0
2023,Getafe,273152,Nemanja Maksimovic,28,3447.0
2023,Getafe,281989,Luis Milla,28,2393.0
2023,Getafe,284854,Carles Aleñá,25,1181.0
2023,Getafe,284884,Óscar Rodríguez,25,1206.0
2023,Getafe,841121,John Patrick,19,71.0
2023,Getafe,941869,Yellu Santiago,19,657.0
2023,Getafe,1255616,Alberto Risco,17,135.0
2023,Getafe,891091,Diego López,21,
2023,Getafe,737138,Facu Esnáider,21,
2023,Getafe,532826,Mason Greenwood,21,2908.0
2023,Getafe,251106,Enes Ünal,26,201.0
2023,Getafe,298976,Borja Mayoral,26,2383.0
2023,Getafe,623521,Juanmi Latasa,22,1793.0
2023,Getafe,99353,Portu,31,95.0
2023,Getafe,131275,Choco Lozano,30,180.0
2023,Getafe,1041934,Jeremy Jorge,20,1.0
2023,Getafe,1184137,Yassin Tallal,18,2.0
2023,Getafe,227961,Jaime Mata,34,1964.0
2023,Alaves,298197,Antonio Sivera,26,3150.0
2023,Alaves,631693,Jesús Owono,22,630.0
2023,Alaves,608382,Adrián Rodríguez,22,
2023,Alaves,948253,Rubén Montero,17,
2023,Alaves,895316,Gaizka García,18,
2023,Alaves,662261,Rafa Marín,21,2546.0
2023,Alaves,568158,Javi López,21,2498.0
2023,Alaves,591957,Victor Parada,21,179.0
2023,Alaves,559979,Abdel Abqar,24,2315.0
2023,Alaves,289255,Andoni Gorosabel,26,2879.0
2023,Alaves,533568,Nahuel Tenaglia,27,1477.0
2023,Alaves,177046,Rubén Duarte,27,2207.0
2023,Alaves,258475,Nikola Maras,27,194.0
2023,Alaves,1064391,Egoitz Muñoz,19,
2023,Alaves,237499,Aleksandar Sedlar,31,949.0
2023,Alaves,892217,Eneko Ortiz,20,13.0
2023,Alaves,1064403,Álvaro García,17,
2023,Alaves,718177,Joseda Álvarez,22,
2023,Alaves,495621,Antonio Blanco,22,2552.0
2023,Alaves,465967,Ander Guevara,25,3134.0
2023,Alaves,282076,Ianis Hagi,24,997.0
2023,Alaves,289257,Jon Guridi,28,2724.0
2023,Alaves,431190,Carlos Protesoni,25,1392.0
2023,Alaves,646734,Tomás Mendes,18,50.0
2023,Alaves,1054931,Selu Diallo,19,94.0
2023,Alaves,1064402,Ander Sánchez,19,
2023,Alaves,991268,Samu Aghehowa,19,2014.0
2023,Alaves,742201,Giuliano Simeone,20,719.0
2023,Alaves,1064871,Joaquín Panichelli,20,222.0
2023,Alaves,540536,Carlos Vicente,24,1207.0
2023,Alaves,718034,Abde Rebbach,24,809.0
2023,Alaves,480883,Miguel de la Fuente,23,64.0
2023,Alaves,711382,Jon Karrikaburu,20,177.0
2023,Alaves,278837,Luis Rioja,29,2617.0
2023,Alaves,434990,Álex Sola,24,1578.0
2023,Alaves,166683,Mamadou Sylla,29,16.0
2023,Alaves,572271,Xeber Alkain,26,554.0
2023,Alaves,93936,Kike García,33,1526.0
2023,Alaves,718029,Unai Ropero,21,77.0
2023,Alaves,550492,Giorgi Gagua,21,
2023,Alaves,867611,José de León,19,3.0
2023,Las Palmas,417913,Álvaro Valles,25,3264.0
2023,Las Palmas,284430,Aarón Escandell,27,452.0
2023,Las Palmas,1036451,Álvaro Killane,18,
2023,Las Palmas,749978,Ale Gorrin,20,
2023,Las Palmas,617060,Mika Mármol,21,3181.0
2023,Las Palmas,678406,Sergi Cardona,23,2906.0
2023,Las Palmas,513970,Julián Araujo,21,1655.0
2023,Las Palmas,588426,Saúl Coco,24,2323.0
2023,Las Palmas,1146029,Juanma Herzog,19,589.0
2023,Las Palmas,603940,Marvin Park,22,1909.0
2023,Las Palmas,510396,Álex Suárez,30,2748.0
2023,Las Palmas,390823,Eric Curbelo,29,191.0
2023,Las Palmas,215099,Daley Sinkgraven,27,524.0
2023,Las Palmas,230222,Álvaro Lemos,30,251.0
2023,Las Palmas,1011316,Gabriel Palmero,21,4.0
2023,Las Palmas,668547,Máximo Perrone,20,1692.0
2023,Las Palmas,282421,Javi Muñoz,28,2646.0
2023,Las Palmas,581781,Enzo Loiodice,22,2011.0
2023,Las Palmas,566574,Kirian Rodríguez,27,3243.0
2023,Las Palmas,1210422,Aboubacar Bassinga,17,45.0
2023,Las Palmas,120095,José Campaña,30,172.0
2023,Las Palmas,531062,Fabio González,26,121.0
2023,Las Palmas,1019408,Iñaki González,18,6.0
2023,Las Palmas,153238,Jonathan Viera,33,620.0
2023,Las Palmas,203516,Nuke Mfulu,29,323.0
2023,Las Palmas,913955,Yadam Santana,21,45.0
2023,Las Palmas,733576,Alberto Moleiro,19,1908.0
2023,Las Palmas,223725,Munir El Haddadi,27,2510.0
2023,Las Palmas,355689,Sory Kaba,27,975.0
2023,Las Palmas,534379,Pejiño,26,674.0
2023,Las Palmas,199369,Sandro Ramírez,27,1825.0
2023,Las Palmas,443222,Marc Cardona,27,831.0
2023,Las Palmas,282672,Benito Ramírez,27,622.0
2023,Las Palmas,940462,Pau Ferrer,19,21.0
2023,Las Palmas,237617,Cristian Herrera,32,460.0
2023,Osasuna,248738,Sergio Herrera,30,3050.0
2023,Osasuna,118997,Aitor Fernández,32,851.0
2023,Osasuna,634117,Pablo Valencia,22,
2023,Osasuna,890817,Dimitrios Stamatakis,20,
2023,Osasuna,488626,Jesús Areso,23,2900.0
2023,Osasuna,298589,David García,29,2816.0
2023,Osasuna,555500,Jorge Herrando,22,1764.0
2023,Osasuna,449796,Alejandro Catena,28,2862.0
2023,Osasuna,262939,Johan Mojica,30,2299.0
2023,Osasuna,216870,Nacho Vidal,28,156.0
2023,Osasuna,169497,Juan Cruz,30,2040.0
2023,Osasuna,1065442,Iñigo Arguibide,18,16.0
2023,Osasuna,717957,Jorge Moreno,21,13.0
2023,Osasuna,197122,Unai García,31,559.0
2023,Osasuna,238868,Rubén Peña,31,2411.0
2023,Osasuna,634131,Aimar Oroz,21,2656.0
2023,Osasuna,552425,Jon Moncayola,25,2108.0
2023,Osasuna,785353,Pablo Ibáñez,24,1259.0
2023,Osasuna,213670,Lucas Torró,28,2150.0
2023,Osasuna,710677,Iker Muñoz,20,1926.0
2023,Osasuna,175449,Moi Gómez,29,2258.0
2023,Osasuna,1038512,Asier Osambela,18,8.0
2023,Osasuna,471474,Javi Martínez,23,
2023,Osasuna,634125,Xabi Huarte,22,8.0
2023,Osasuna,95641,Darko Brasanac,31,125.0
2023,Osasuna,631002,Raúl García,22,1475.0
2023,Osasuna,46413,Ante Budimir,31,2762.0
2023,Osasuna,213260,Rubén García,29,1758.0
2023,Osasuna,298575,Kike Barja,26,398.0
2023,Osasuna,167721,Chimy Ávila,29,1025.0
2023,Osasuna,364603,José Manuel Arnáiz,28,1138.0
2023,Osasuna,705808,Max Svensson,21,2.0
2023,Almeria,367464,Luís Maximiano,24,3060.0
2023,Almeria,747197,Bruno Iribarne,18,
2023,Almeria,59349,Diego Mariño,33,180.0
2023,Almeria,81997,Fernando Martínez,33,360.0
2023,Almeria,844637,Marc Pubill,20,1890.0
2023,Almeria,387687,César Montes,26,1798.0
2023,Almeria,222805,Srdjan Babic,27,90.0
2023,Almeria,355627,Sergio Akieme,25,1676.0
2023,Almeria,743589,Kaiky,19,665.0
2023,Almeria,631472,Bruno Langa,25,819.0
2023,Almeria,401624,Edgar González,26,2618.0
2023,Almeria,423443,Álex Centelles,23,1069.0
2023,Almeria,333361,Chumi,24,2546.0
2023,Almeria,442552,Houboulang Mendes,25,531.0
2023,Almeria,433257,Arvin Appiah,22,
2023,Almeria,339501,Aleksandar Radovanovic,29,571.0
2023,Almeria,1064116,Paco Sanz,18,23.0
2023,Almeria,718178,Miguel Peña,22,
2023,Almeria,945760,Carlos Ballestero,19,
2023,Almeria,537762,Sergio Arribas,21,2192.0
2023,Almeria,649033,Dion Lopy,21,2098.0
2023,Almeria,457221,Lucas Robertone,26,2426.0
2023,Almeria,1064121,Marcos Peña,18,439.0
2023,Almeria,442805,Iddrisu Baba,27,1514.0
2023,Almeria,696506,Gui Guedes,21,
2023,Almeria,162056,Gonzalo Melero,29,1178.0
2023,Almeria,630523,Martin Svidersky,20,
2023,Almeria,153238,Jonathan Viera,33,922.0
2023,Almeria,424784,Luis Suárez,25,920.0
2023,Almeria,518644,Largie Ramazani,22,1667.0
2023,Almeria,769063,Luka Romero,18,434.0
2023,Almeria,845568,Marko Milovanović,19,368.0
2023,Almeria,574772,Lázaro,21,375.0
2023,Almeria,536030,Arnau Puigmal,22,396.0
2023,Almeria,341272,Álex Pozo,24,1073.0
2023,Almeria,891310,Rachad Fettal,18,61.0
2023,Almeria,131275,Choco Lozano,30,779.0
2023,Almeria,288318,Adrián Embarba,31,2485.0
2023,Almeria,221899,Léo Baptistão,30,1910.0
2023,Almeria,490223,Ibrahima Koné,24,273.0
2023,Almeria,1013774,Marciano Sanca,19,93.0
2023,Mallorca,316884,Dominik Greif,26,810.0
2023,Mallorca,190263,Predrag Rajković,27,3240.0
2023,Mallorca,27493,Iván Cuéllar,39,180.0
2023,Mallorca,632913,Pere García,21,
2023,Mallorca,892421,Alex Quevedo,19,
2023,Mallorca,520840,José Copete,23,2047.0
2023,Mallorca,400131,Siebe Van der Heyden,25,617.0
2023,Mallorca,251876,Pablo Maffeo,25,1531.0
2023,Mallorca,277384,Martin Valjent,27,2744.0
2023,Mallorca,339699,Giovanni González,28,3172.0
2023,Mallorca,320271,Toni Lato,25,1868.0
2023,Mallorca,947431,David López,20,193.0
2023,Mallorca,216870,Nacho Vidal,28,416.0
2023,Mallorca,278296,Antonio Raíllo,31,2596.0
2023,Mallorca,143559,Matija Nastasić,30,2678.0
2023,Mallorca,947432,Marcos Fernández,19,4.0
2023,Mallorca,1004518,Carles Sogorb,17,
2023,Mallorca,1179588,Yuzún Ley,19,
2023,Mallorca,65318,Jaume Costa,35,1970.0
2023,Mallorca,657430,Samú Costa,22,2651.0
2023,Mallorca,142021,Sergi Darder,29,2521.0
2023,Mallorca,335225,Manu Morlanes,24,1919.0
2023,Mallorca,513031,Antonio Sánchez,26,1883.0
2023,Mallorca,142031,Omar Mascarell,30,1853.0
2023,Mallorca,1056655,Rubén Quintanilla,21,78.0
2023,Mallorca,139435,Dani Rodríguez,35,3097.0
2023,Mallorca,256267,Vedat Muriqi,29,2549.0
2023,Mallorca,343463,Cyle Larin,28,2260.0
2023,Mallorca,245078,Nemanja Radonjic,27,424.0
2023,Mallorca,177452,Abdón Prats,30,1836.0
2023,Mallorca,706138,Javi Llabrés,20,525.0
2023,Mallorca,857830,Daniel Luna,20,113.0
2023,Mallorca,339820,Amath Ndiaye,26,620.0
2023,Mallorca,947460,Pau Mascaró,18,34.0
2023,Mallorca,632498,Miguelito,22,
2023,Rayo Vallecano,165467,Stole Dimitrievski,29,3330.0
2023,Rayo Vallecano,397676,Dani Cárdenas,26,480.0
2023,Rayo Vallecano,607780,Miguel Ángel Morro,22,
2023,Rayo Vallecano,527966,Andrei Rațiu,25,1018.0
2023,Rayo Vallecano,596122,Pep Chavarría,25,1538.0
2023,Rayo Vallecano,451801,Abdul Mumin,25,1905.0
2023,Rayo Vallecano,127108,Florian Lejeune,32,3343.0
2023,Rayo Vallecano,85295,Iván Balliu,31,2876.0
2023,Rayo Vallecano,311044,Alfonso Espino,31,2648.0
2023,Rayo Vallecano,717957,Jorge Moreno,21,
2023,Rayo Vallecano,638588,Martín Pascual,23,375.0
2023,Rayo Vallecano,82503,Aridane Hernández,34,1871.0
2023,Rayo Vallecano,527698,Kike Pérez,26,944.0
2023,Rayo Vallecano,192009,Unai López,27,2336.0
2023,Rayo Vallecano,498529,Miguel Crespo,26,523.0
2023,Rayo Vallecano,517753,Óscar Valentín,28,2916.0
2023,Rayo Vallecano,525578,Pathé Ciss,29,1676.0
2023,Rayo Vallecano,560483,Randy Nteka,25,831.0
2023,Rayo Vallecano,195605,José Pozo,27,131.0
2023,Rayo Vallecano,932349,Diego Méndez,19,156.0
2023,Rayo Vallecano,30321,Óscar Trejo,35,1405.0
2023,Rayo Vallecano,455181,Jorge de Frutos,26,1858.0
2023,Rayo Vallecano,505674,Sergio Camello,22,1767.0
2023,Rayo Vallecano,362086,Isi Palazón,28,2937.0
2023,Rayo Vallecano,257062,Álvaro García,30,2515.0
2023,Rayo Vallecano,162038,Raúl de Tomás,28,1520.0
2023,Rayo Vallecano,1045767,Pablo Muñoz,19,
2023,Rayo Vallecano,246204,Salvi Sánchez,32,27.0
2023,Rayo Vallecano,153427,Bebé,32,347.0
2023,Rayo Vallecano,39152,Radamel Falcao,37,528.0
2023,Cadiz,284342,Conan Ledesma,30,3049.0
2023,Cadiz,706797,Victor Aznar,20,90.0
2023,Cadiz,162027,David Gil,29,491.0
2023,Cadiz,930096,Nando Almodóvar,19,
2023,Cadiz,927768,Lucas Pires,22,1665.0
2023,Cadiz,495625,Víctor Chust,23,2050.0
2023,Cadiz,585068,Aiham Ousou,23,429.0
2023,Cadiz,422466,Javi Hernández,25,2518.0
2023,Cadiz,281755,Iván Alejo,28,1690.0
2023,Cadiz,254037,Iza Carcelén,30,2610.0
2023,Cadiz,252667,Fali,29,2551.0
2023,Cadiz,1032447,Julio Cabrera,19,72.0
2023,Cadiz,197135,Joseba Zaldua,31,919.0
2023,Cadiz,490421,Momo Mbaye,25,309.0
2023,Cadiz,1178748,Álex Morata,16,
2023,Cadiz,286779,Jorge Meré,26,799.0
2023,Cadiz,834737,Adri Miranda,20,120.0
2023,Cadiz,946276,Adrián Salguero,20,
2023,Cadiz,62945,Luis Hernández,34,722.0
2023,Cadiz,979235,Moussa Diakité,19,46.0
2023,Cadiz,315604,Diadié Samassékou,27,88.0
2023,Cadiz,277635,Rominigue Kouamé,26,895.0
2023,Cadiz,266795,Gonzalo Escalante,30,1811.0
2023,Cadiz,247250,Rubén Alcaraz,32,3188.0
2023,Cadiz,278404,Martín Calderón,24,
2023,Cadiz,307519,Fede San Emeterio,26,200.0
2023,Cadiz,882772,Álvaro Bastida,19,
2023,Cadiz,225462,José Mari,35,146.0
2023,Cadiz,89733,Álex Fernández,30,1378.0
2023,Cadiz,1038950,Karl Etta Eyong,19,20.0
2023,Cadiz,563137,Robert Navarro,21,2042.0
2023,Cadiz,542819,Milutin Osmajic,23,4.0
2023,Cadiz,538810,Chris Ramos,26,2652.0
2023,Cadiz,396894,Maxi Gómez,26,1310.0
2023,Cadiz,1027993,José Antonio de la Rosa,18,
2023,Cadiz,126737,Juanmi,30,890.0
2023,Cadiz,598765,Brian Ocampo,24,304.0
2023,Cadiz,211251,Darwin Machís,30,775.0
2023,Cadiz,85383,Rubén Sobrino,31,1675.0
2023,Cadiz,1230202,Borja Vázquez,18,3.0
2023,Cadiz,212391,Roger Martí,32,1369.0
2023,Cadiz,1054922,Nico Njalla,20,
2023,Cadiz,18644,Álvaro Negredo,37,194.0
2023,Cadiz,256429,Sergi Guardiola,32,627.0
2024,Real Madrid,108390,Thibaut Courtois,32,4830.0
2024,Real Madrid,404839,Andriy Lunin,25,1320.0
2024,Real Madrid,1055220,Fran González,19,90.0
2024,Real Madrid,973314,Sergio Mestre,19,
2024,Real Madrid,314353,Trent Alexander-Arnold,25,390.0
2024,Real Madrid,890290,Dean Huijsen,19,450.0
2024,Real Madrid,948278,Jacobo Ramón,19,329.0
2024,Real Madrid,401530,Éder Militão,26,1337.0
2024,Real Madrid,935245,Raúl Asencio,21,3187.0
2024,Real Madrid,341264,Fran García,24,3500.0
2024,Real Madrid,86202,Antonio Rüdiger,31,4539.0
2024,Real Madrid,935281,David Jiménez,20,
2024,Real Madrid,1186245,Víctor Valdepeñas,17,
2024,Real Madrid,1208520,Diego Aguado,17,90.0
2024,Real Madrid,741289,Youssef Enríquez,18,
2024,Real Madrid,138927,Daniel Carvajal,32,897.0
2024,Real Madrid,291417,Ferland Mendy,29,2245.0
2024,Real Madrid,937950,Jesús Fortea,17,
2024,Real Madrid,59016,David Alaba,32,602.0
2024,Real Madrid,1176520,Mario Rivas,17,
2024,Real Madrid,221316,Lucas Vázquez,33,3357.0
2024,Real Madrid,251896,Jesús Vallejo,27,136.0
2024,Real Madrid,709997,Lorenzo Aguado,21,67.0
2024,Real Madrid,581678,Jude Bellingham,21,4794.0
2024,Real Madrid,369081,Federico Valverde,25,5556.0
2024,Real Madrid,861410,Arda Güler,19,2197.0
2024,Real Madrid,413112,Aurélien Tchouaméni,24,4866.0
2024,Real Madrid,640428,Eduardo Camavinga,21,2082.0
2024,Real Madrid,948279,Chema Andrés,19,37.0
2024,Real Madrid,948273,Mario Martín,20,
2024,Real Madrid,319745,Dani Ceballos,27,2065.0
2024,Real Madrid,741293,Pol Fortuny,19,
2024,Real Madrid,27992,Luka Modrić,38,2985.0
2024,Real Madrid,342229,Kylian Mbappé,25,4748.0
2024,Real Madrid,371998,Vinicius Junior,23,4629.0
2024,Real Madrid,412363,Rodrygo,23,3453.0
2024,Real Madrid,971570,Endrick,17,847.0
2024,Real Madrid,314678,Brahim Díaz,24,2290.0
2024,Real Madrid,935231,Víctor Muñoz,20,47.0
2024,Real Madrid,935230,Gonzalo García,20,511.0
2024,Real Madrid,962124,Daniel Yáñez,17,1.0
2024,Real Madrid,948260,Hugo de Llanos,19,
2024,Barcelona,283170,Iñaki Peña,25,1966.0
2024,Barcelona,938145,Áron Yaakobishvili,18,
2024,Barcelona,74857,Marc-André ter Stegen,32,765.0
2024,Barcelona,938144,Diego Kochen,18,
2024,Barcelona,709955,Ander Astralaga,20,
2024,Barcelona,44058,Wojciech Szczesny,34,2726.0
2024,Barcelona,962110,Pau Cubarsí,17,4213.0
2024,Barcelona,411975,Jules Koundé,25,4423.0
2024,Barcelona,636688,Alejandro Balde,20,3495.0
2024,Barcelona,466794,Eric García,23,2110.0
2024,Barcelona,705395,Gerard Martín,22,1793.0
2024,Barcelona,480267,Ronald Araujo,25,1560.0
2024,Barcelona,709957,Álex Valle,20,
2024,Barcelona,937955,Héctor Fort,17,638.0
2024,Barcelona,741258,Sergi Domínguez,19,234.0
2024,Barcelona,196948,Andreas Christensen,28,259.0
2024,Barcelona,924610,Álvaro Cortés,19,
2024,Barcelona,158863,Iñigo Martínez,33,3976.0
2024,Barcelona,962111,Andrés Cuenca,17,6.0
2024,Barcelona,938148,Landry Farré,17,
2024,Barcelona,938150,Alexis Olmedo,18,
2024,Barcelona,683840,Pedri,21,4646.0
2024,Barcelona,636703,Fermín López,21,2039.0
2024,Barcelona,293385,Dani Olmo,26,1934.0
2024,Barcelona,326330,Frenkie de Jong,27,2489.0
2024,Barcelona,646740,Gavi,19,1688.0
2024,Barcelona,1018920,Marc Bernal,17,244.0
2024,Barcelona,636695,Marc Casadó,20,2447.0
2024,Barcelona,720038,Pablo Torre,21,421.0
2024,Barcelona,897480,Noah Darvich,17,
2024,Barcelona,1050120,Guille Fernández,16,
2024,Barcelona,1066206,Toni Fernández,15,9.0
2024,Barcelona,937958,Lamine Yamal,16,4553.0
2024,Barcelona,411295,Raphinha,27,4661.0
2024,Barcelona,398184,Ferran Torres,24,1923.0
2024,Barcelona,466810,Ansu Fati,21,298.0
2024,Barcelona,707572,Pau Víctor,22,379.0
2024,Barcelona,38253,Robert Lewandowski,35,3930.0
2024,Barcelona,834470,Dani Rodríguez,18,38.0
2024,Atletico Madrid,121483,Jan Oblak,31,4440.0
2024,Atletico Madrid,242359,Juan Musso,30,810.0
2024,Atletico Madrid,525438,Horațiu Moldovan,26,
2024,Atletico Madrid,618801,Alejandro Iturbe,20,
2024,Atletico Madrid,930415,Antonio Gomis,21,
2024,Atletico Madrid,282411,Marcos Llorente,29,3789.0
2024,Atletico Madrid,351809,Robin Le Normand,27,3022.0
2024,Atletico Madrid,953901,Santiago Mouriño,22,
2024,Atletico Madrid,424042,Nahuel Molina,26,2398.0
2024,Atletico Madrid,250845,José María Giménez,29,3059.0
2024,Atletico Madrid,240692,Reinildo Mandava,30,1523.0
2024,Atletico Madrid,182904,Clément Lenglet,29,3044.0
2024,Atletico Madrid,448628,Javi Galán,29,2861.0
2024,Atletico Madrid,614988,Ilias Kostis,21,45.0
2024,Atletico Madrid,856136,Carlos Giménez,21,
2024,Atletico Madrid,1158985,Gerónimo Spina,19,
2024,Atletico Madrid,57500,César Azpilicueta,34,1199.0
2024,Atletico Madrid,775605,Pablo Barrios,21,3267.0
2024,Atletico Madrid,488362,Conor Gallagher,24,2551.0
2024,Atletico Madrid,926694,Arthur Vermeeren,19,
2024,Atletico Madrid,255901,Rodrigo De Paul,30,3484.0
2024,Atletico Madrid,74229,Koke,32,2802.0
2024,Atletico Madrid,205562,Thomas Lemar,28,128.0
2024,Atletico Madrid,35047,Axel Witsel,35,1434.0
2024,Atletico Madrid,668177,Javi Serrano,21,90.0
2024,Atletico Madrid,945500,Rayane Belaid,19,
2024,Atletico Madrid,646735,Aitor Gismera,20,
2024,Atletico Madrid,576024,Julián Alvarez,24,3967.0
2024,Atletico Madrid,742201,Giuliano Simeone,21,3064.0
2024,Atletico Madrid,238407,Alexander Sørloth,28,2314.0
2024,Atletico Madrid,694928,Samuel Lino,24,2297.0
2024,Atletico Madrid,125781,Antoine Griezmann,33,3713.0
2024,Atletico Madrid,266807,Ángel Correa,29,1438.0
2024,Atletico Madrid,548188,Germán Valera,22,
2024,Atletico Madrid,1060454,Omar Janneh,17,
2024,Atletico Madrid,461617,Rodrigo Riquelme,24,846.0
2024,Atletico Madrid,926849,Adrián Niño,20,20.0
2024,Atletico Madrid,618813,Carlos Martín,22,
2024,Atletico Madrid,612496,Marcos Paulo,23,
2024,Atletico Madrid,505673,Víctor Mollejo,23,
2024,Atletico Madrid,566036,Borja Garcés,24,
2024,Athletic Club,262396,Unai Simón,27,2070.0
2024,Athletic Club,625014,Julen Agirrezabala,23,2587.0
2024,Athletic Club,834483,Álex Padilla,20,320.0
2024,Athletic Club,938722,Oier Gastesi,20,
2024,Athletic Club,524000,Dani Vivian,24,3649.0
2024,Athletic Club,591916,Aitor Paredes,24,2882.0
2024,Athletic Club,338285,Unai Núñez,27,994.0
2024,Athletic Club,289255,Andoni Gorosabel,27,1985.0
2024,Athletic Club,710671,Adama Boiro,22,1270.0
2024,Athletic Club,61812,Yuri Berchiche,34,3242.0
2024,Athletic Club,255488,Yeray Álvarez,29,2406.0
2024,Athletic Club,834485,Unai Egiluz,22,
2024,Athletic Club,834488,Aimar Duñabeitia,21,
2024,Athletic Club,1189292,Ander Izagirre,21,
2024,Athletic Club,255501,Iñigo Lekue,31,1047.0
2024,Athletic Club,96718,Óscar de Marcos,35,2566.0
2024,Athletic Club,938729,Mikel Jauregizar,20,3310.0
2024,Athletic Club,571020,Oihan Sancet,24,2062.0
2024,Athletic Club,625047,Beñat Prados,23,2401.0
2024,Athletic Club,1056966,Peio Canales,19,255.0
2024,Athletic Club,834491,Alejandro Rego,21,
2024,Athletic Club,834752,Unai Gómez,21,1860.0
2024,Athletic Club,126751,Iñigo Ruiz de Galarreta,30,2448.0
2024,Athletic Club,300168,Mikel Vesga,31,1203.0
2024,Athletic Club,99343,Ander Herrera,34,419.0
2024,Athletic Club,709187,Nico Williams,21,3130.0
2024,Athletic Club,255508,Iñaki Williams,30,3848.0
2024,Athletic Club,340205,Gorka Guruzeta,27,2780.0
2024,Athletic Club,338425,Álex Berenguer,28,3344.0
2024,Athletic Club,671649,Álvaro Djaló,24,976.0
2024,Athletic Club,1054934,Maroan Sannadi,23,1207.0
2024,Athletic Club,668183,Nico Serrano,21,265.0
2024,Athletic Club,711394,Javi Martón,25,51.0
2024,Athletic Club,895480,Adu Ares,22,18.0
2024,Athletic Club,1056971,Aingeru Olabarrieta,18,83.0
2024,Athletic Club,834492,Iker Varela,21,
2024,Athletic Club,1120228,Endika Buján,21,6.0
2024,Real Sociedad,212862,Álex Remiro,29,4440.0
2024,Real Sociedad,668313,Aitor Fraga,21,
2024,Real Sociedad,625657,Unai Marrero,22,750.0
2024,Real Sociedad,711367,Egoitz Arana,22,
2024,Real Sociedad,1018938,Jon Martín,18,1245.0
2024,Real Sociedad,366930,Sergio Gómez,23,3306.0
2024,Real Sociedad,661145,Jon Aramburu,21,3352.0
2024,Real Sociedad,361914,Nayef Aguerd,28,2928.0
2024,Real Sociedad,355628,Igor Zubeldia,27,3400.0
2024,Real Sociedad,568158,Javi López,22,2420.0
2024,Real Sociedad,580560,Jon Pacheco,23,1440.0
2024,Real Sociedad,517842,Aihen Muñoz,26,2165.0
2024,Real Sociedad,229804,Aritz Elustondo,30,2267.0
2024,Real Sociedad,297070,Hamari Traoré,32,759.0
2024,Real Sociedad,711380,Jon Balda,22,91.0
2024,Real Sociedad,964190,Luken Beitia,20,91.0
2024,Real Sociedad,280730,Álvaro Odriozola,28,418.0
2024,Real Sociedad,1055860,Iñaki Rupérez,21,6.0
2024,Real Sociedad,423440,Martín Zubimendi,25,3955.0
2024,Real Sociedad,625651,Urko González de Zárate,23,303.0
2024,Real Sociedad,634431,Beñat Turrientes,22,1422.0
2024,Real Sociedad,502722,Luka Sucic,21,2488.0
2024,Real Sociedad,555143,Arsen Zakharyan,21,78.0
2024,Real Sociedad,309110,Brais Méndez,27,2742.0
2024,Real Sociedad,907813,Pablo Marín,20,2161.0
2024,Real Sociedad,625660,Jon Ander Olasagasti,23,1428.0
2024,Real Sociedad,709215,Mikel Goti,22,23.0
2024,Real Sociedad,625655,Jon Magunazelaia,22,191.0
2024,Real Sociedad,721660,Mikel Rodriguez,22,
2024,Real Sociedad,351478,Mikel Oyarzabal,27,3447.0
2024,Real Sociedad,660438,Orri Óskarsson,19,1456.0
2024,Real Sociedad,405398,Takefusa Kubo,23,3490.0
2024,Real Sociedad,616369,Ander Barrenetxea,22,2130.0
2024,Real Sociedad,337715,Umar Sadiq,27,482.0
2024,Real Sociedad,937945,Dani Díaz,18,9.0
2024,Real Sociedad,1201530,Alex Marchal,16,
2024,Real Sociedad,188888,Sheraldo Becker,29,1608.0
2024,Real Sociedad,962145,Arkaitz Mariezkurrena,19,310.0
2024,Real Sociedad,982007,Ekain Orobengoa,20,
2024,Villarreal,712107,Luiz Júnior,23,1637.0
2024,Villarreal,341713,Diego Conde,25,1963.0
2024,Villarreal,547248,Iker Álvarez,22,
2024,Villarreal,709336,Rubén Gómez,22,
2024,Villarreal,484988,Logan Costa,23,2721.0
2024,Villarreal,1061336,Pau Navarro,19,1097.0
2024,Villarreal,678406,Sergi Cardona,24,3000.0
2024,Villarreal,480763,Juan Foyth,26,1517.0
2024,Villarreal,780630,Willy Kambwala,19,1281.0
2024,Villarreal,356197,Alfonso Pedraza,28,455.0
2024,Villarreal,286384,Eric Bailly,30,618.0
2024,Villarreal,15452,Raúl Albiol,38,1204.0
2024,Villarreal,76467,Kiko Femenía,33,2229.0
2024,Villarreal,1305564,Jean Ives Valou,18,45.0
2024,Villarreal,886047,Antonio Espigares,19,
2024,Villarreal,126719,Juan Bernat,31,347.0
2024,Villarreal,636697,Arnau Solà,21,12.0
2024,Villarreal,485963,Pape Gueye,25,2334.0
2024,Villarreal,380598,Santi Comesaña,27,2608.0
2024,Villarreal,783396,Ramón Terrats,23,213.0
2024,Villarreal,945709,Dani Requena,20,9.0
2024,Villarreal,165007,Denis Suárez,30,690.0
2024,Villarreal,59561,Dani Parejo,35,2415.0
2024,Villarreal,1249340,Alassane Diatta,19,56.0
2024,Villarreal,1030425,Thiago Ojeda,21,7.0
2024,Villarreal,548111,Álex Baena,22,2628.0
2024,Villarreal,937941,Thierno Barry,21,2441.0
2024,Villarreal,568157,Yéremy Pino,21,2014.0
2024,Villarreal,1038950,Karl Etta Eyong,20,33.0
2024,Villarreal,638793,Tajon Buchanan,25,412.0
2024,Villarreal,709969,Ilias Akhomach,20,613.0
2024,Villarreal,343052,Nicolas Pépé,29,1496.0
2024,Villarreal,246968,Ayoze Pérez,30,2062.0
2024,Villarreal,355861,Arnaut Danjuma,27,203.0
2024,Villarreal,177467,Gerard Moreno,32,786.0
2024,Villarreal,1063553,Pau Cabanes,19,335.0
2024,Real Betis,234811,Rui Silva,30,1530.0
2024,Real Betis,551182,Fran Vieites,25,1470.0
2024,Real Betis,567504,Guilherme Fernandes,23,
2024,Real Betis,1225038,Manu González,17,
2024,Real Betis,1061277,Germán García,20,
2024,Real Betis,71271,Adrián San Miguel,37,2340.0
2024,Real Betis,735568,Natan,23,4005.0
2024,Real Betis,1034853,Nobel Mendy,19,349.0
2024,Real Betis,318523,Romain Perraud,26,2904.0
2024,Real Betis,933908,Ángel Ortiz,19,354.0
2024,Real Betis,246291,Diego Llorente,30,3344.0
2024,Real Betis,191217,Héctor Bellerín,29,815.0
2024,Real Betis,86784,Ricardo Rodríguez,31,2427.0
2024,Real Betis,135492,Youssouf Sabaly,31,2470.0
2024,Real Betis,99922,Marc Bartra,33,3015.0
2024,Real Betis,709998,Lucas Alcázar,21,
2024,Real Betis,917101,Rudy Kohon,20,
2024,Real Betis,722351,Sergio Arribas,21,90.0
2024,Real Betis,1054909,Pablo Busto,18,
2024,Real Betis,971774,Xavi Pleguezuelo,21,
2024,Real Betis,689505,Johnny Cardoso,22,3387.0
2024,Real Betis,466801,Sergi Altimira,22,3101.0
2024,Real Betis,357885,Pablo Fornals,28,2675.0
2024,Real Betis,348795,Giovani Lo Celso,28,2000.0
2024,Real Betis,203496,Nabil Fekir,30,243.0
2024,Real Betis,336869,Marc Roca,27,1041.0
2024,Real Betis,85288,Isco,32,2335.0
2024,Real Betis,100131,William Carvalho,32,484.0
2024,Real Betis,1061283,Mateo Flores,20,620.0
2024,Real Betis,895331,Dani Pérez,18,43.0
2024,Real Betis,1054429,Carlos Guirao,21,121.0
2024,Real Betis,1061281,Carlos Reina,19,
2024,Real Betis,602105,Antony,24,2133.0
2024,Real Betis,724520,Abde Ezzalzouli,22,2932.0
2024,Real Betis,943837,Vitor Roque,19,1733.0
2024,Real Betis,1061282,Assane Diao,18,741.0
2024,Real Betis,1190411,Jesús Rodríguez,18,1739.0
2024,Real Betis,459463,Cucho Hernández,25,1150.0
2024,Real Betis,961087,Pablo García,18,51.0
2024,Real Betis,378139,Aitor Ruibal,28,2252.0
2024,Real Betis,630995,Rodri Sánchez,24,275.0
2024,Real Betis,632741,Iker Losada,22,612.0
2024,Real Betis,961948,Marcos Fernández,21,
2024,Real Betis,167721,Chimy Ávila,30,1444.0
2024,Real Betis,127048,Cédric Bakambu,33,1880.0
2024,Real Betis,126737,Juanmi,31,574.0
2024,Valencia,502676,Giorgi Mamardashvili,23,3060.0
2024,Valencia,165467,Stole Dimitrievski,30,810.0
2024,Valencia,741251,Vicent Abril,19,
2024,Valencia,982848,Raúl Jiménez,18,
2024,Valencia,227805,Jaume Doménech,33,
2024,Valencia,646750,Cristhian Mosquera,20,3615.0
2024,Valencia,895334,Yarek Gasiorowski,19,1240.0
2024,Valencia,707274,César Tárrega,22,3184.0
2024,Valencia,615350,Cenk Özkacar,23,
2024,Valencia,221322,José Gayà,29,1812.0
2024,Valencia,623024,Jesús Vázquez,21,1367.0
2024,Valencia,367466,Thierry Correia,25,771.0
2024,Valencia,471690,Max Aarons,24,208.0
2024,Valencia,346289,Mouctar Diakhaby,27,720.0
2024,Valencia,170472,Dimitri Foulquier,31,2456.0
2024,Valencia,369267,Maximiliano Caufriez,27,90.0
2024,Valencia,668212,Rubén Iranzo,21,21.0
2024,Valencia,834463,Iker Córdoba,18,193.0
2024,Valencia,1062525,Álex Serradell,21,
2024,Valencia,949116,Ro Abajas,21,66.0
2024,Valencia,834764,Javi Guerra,21,2669.0
2024,Valencia,671915,Enzo Barrenechea,23,2247.0
2024,Valencia,328480,Pepelu,25,2181.0
2024,Valencia,375382,André Almeida,24,2136.0
2024,Valencia,610335,Iván Jaime,23,311.0
2024,Valencia,699771,Pedro Alemañ,22,
2024,Valencia,495629,Hugo Guillamón,24,769.0
2024,Valencia,1200328,Lucas Núñez,18,
2024,Valencia,573775,Hugo Duro,24,2230.0
2024,Valencia,617081,Diego López,22,2877.0
2024,Valencia,548188,Germán Valera,22,357.0
2024,Valencia,361254,Rafa Mir,27,770.0
2024,Valencia,337715,Umar Sadiq,27,1016.0
2024,Valencia,622988,Fran Pérez,21,796.0
2024,Valencia,941883,Martín Tejón,20,187.0
2024,Valencia,278837,Luis Rioja,30,2884.0
2024,Valencia,799682,Warren Madrigal,19,30.0
2024,Valencia,422460,Dani Gómez,25,668.0
2024,Valencia,634105,Alberto Marí,22,6.0
2024,Valencia,251845,Sergi Canós,27,709.0
2024,Valencia,1009766,David Otorbi,16,13.0
2024,Valencia,1000630,Pablo López,18,2.0
2024,Valencia,1060845,Ismael Santana,20,90.0
2024,Valencia,1123335,Hamza Bellari,21,
2024,Sevilla,453704,Álvaro Ferllo,26,926.0
2024,Sevilla,73517,Ørjan Nyland,33,2764.0
2024,Sevilla,766552,Alberto Flores,20,
2024,Sevilla,767255,Matías Árbol,21,
2024,Sevilla,833884,Rafa Romero,20,
2024,Sevilla,730581,Loïc Badé,24,2777.0
2024,Sevilla,766583,Kike Salas,22,2361.0
2024,Sevilla,711625,José Ángel Carmona,22,2965.0
2024,Sevilla,1032280,Oso,20,
2024,Sevilla,676042,Juanlu Sánchez,20,1937.0
2024,Sevilla,719999,Andrés Castrín,21,90.0
2024,Sevilla,402733,Gonzalo Montiel,27,370.0
2024,Sevilla,501418,Adrià Pedrosa,26,2326.0
2024,Sevilla,439022,Marcão,28,777.0
2024,Sevilla,538996,Tanguy Nianzou,22,520.0
2024,Sevilla,882710,Ramón Martínez,21,348.0
2024,Sevilla,711626,Darío Benavides,21,4.0
2024,Sevilla,767229,Diego Hormigo,21,38.0
2024,Sevilla,849410,Valentín Barco,19,466.0
2024,Sevilla,569384,Lucien Agoumé,22,2291.0
2024,Sevilla,381967,Albert Sambi Lokonga,24,1564.0
2024,Sevilla,212723,Djibril Sow,27,2156.0
2024,Sevilla,743387,Stanis Idumbo,19,456.0
2024,Sevilla,74294,Nemanja Gudelj,32,2496.0
2024,Sevilla,766723,Manu Bueno,19,135.0
2024,Sevilla,148928,Saúl Ñíguez,29,1691.0
2024,Sevilla,610238,Pedro Ortiz,23,48.0
2024,Sevilla,935342,Alberto Collado,19,14.0
2024,Sevilla,934169,Pablo Rivera,20,
2024,Sevilla,718581,Lulo Dasilva,21,
2024,Sevilla,15956,Jesús Navas,38,483.0
2024,Sevilla,345886,Rubén Vargas,25,678.0
2024,Sevilla,303259,Dodi Lukébakio,26,3193.0
2024,Sevilla,607034,Akor Adams,24,131.0
2024,Sevilla,687609,Isaac Romero,24,2261.0
2024,Sevilla,189441,Lucas Ocampos,29,176.0
2024,Sevilla,500067,Chidera Ejuke,26,957.0
2024,Sevilla,295330,Kelechi Iheanacho,27,581.0
2024,Sevilla,639733,Peque Fernández,21,1264.0
2024,Sevilla,1305792,Álvaro García Pascual,21,431.0
2024,Sevilla,111961,Suso,30,666.0
2024,Sevilla,682588,Mateo Mejía,21,10.0
2024,Sevilla,892926,Leandro Antonetti,21,26.0
2024,Sevilla,916014,Isra Domínguez,21,42.0
2024,Girona,286415,Pau López,29,255.0
2024,Girona,195488,Paulo Gazzaniga,32,3825.0
2024,Girona,1169436,Vladyslav Krapyvtsov,19,180.0
2024,Girona,1135665,Aleksandar Andreev,18,
2024,Girona,120705,Juan Carlos,36,90.0
2024,Girona,1061650,Lucas Madrigal,20,
2024,Girona,1319440,Jordi Danso,17,
2024,Girona,1319442,Pau Funallet,17,
2024,Girona,525299,Miguel Gutiérrez,22,3049.0
2024,Girona,345911,Ladislav Krejci,25,3159.0
2024,Girona,826224,Arnau Martínez,21,3163.0
2024,Girona,632896,Alejandro Francés,21,1701.0
2024,Girona,12282,Daley Blind,34,3253.0
2024,Girona,129444,David López,34,2843.0
2024,Girona,115333,Juanpe,33,1324.0
2024,Girona,923915,Antal Yaakobishvili,19,210.0
2024,Girona,668210,Ferran Ruiz,21,17.0
2024,Girona,908234,Oriol Comas,20,
2024,Girona,1018563,Marc Aznar,18,
2024,Girona,378293,Yangel Herrera,26,2608.0
2024,Girona,341278,Iván Martín,25,2429.0
2024,Girona,742521,Jhon Solís,19,686.0
2024,Girona,362842,Arthur Melo,27,942.0
2024,Girona,288255,Donny van de Beek,27,1974.0
2024,Girona,646698,Gabriel Misehouy,18,349.0
2024,Girona,66100,Oriol Romeu,32,1805.0
2024,Girona,1061660,Selvi Clua,19,402.0
2024,Girona,1129175,Raúl Martínez,22,20.0
2024,Girona,906025,Ricard Artero,21,
2024,Girona,1000626,Enric García,17,
2024,Girona,264372,Viktor Tsygankov,26,2256.0
2024,Girona,857818,Yáser Asprilla,20,1644.0
2024,Girona,537382,Bryan Gil,23,2233.0
2024,Girona,895326,Joel Roca,19,
2024,Girona,1108203,Min-su Kim,18,187.0
2024,Girona,355861,Arnaut Danjuma,27,1849.0
2024,Girona,476219,Bojan Miovski,25,1241.0
2024,Girona,340376,Abel Ruiz,24,1560.0
2024,Girona,1061656,Iker Almena,20,46.0
2024,Girona,99353,Portu,32,927.0
2024,Girona,891923,Dawda Camara,21,
2024,Girona,59323,Cristhian Stuani,37,1458.0
2024,Girona,1061665,Jastin Garcia,20,42.0
2024,Girona,337066,Toni Villa,29,
2024,Girona,1337084,Papa Ba,20,92.0
2024,Girona,1025582,Juan Arango,18,
2024,RCD Espanyol Barcelona,561613,Joan García,23,3420.0
2024,RCD Espanyol Barcelona,172015,Fernando Pacheco,32,180.0
2024,RCD Espanyol Barcelona,628487,Ángel Fortuño,22,
2024,RCD Espanyol Barcelona,1141128,Llorenç Serred,18,
2024,RCD Espanyol Barcelona,605528,Pol Tristán,22,
2024,RCD Espanyol Barcelona,709372,Carlos Romero,22,2645.0
2024,RCD Espanyol Barcelona,822331,Omar El Hilali,20,3193.0
2024,RCD Espanyol Barcelona,371371,Marash Kumbulla,24,3066.0
2024,RCD Espanyol Barcelona,357884,Fernando Calero,28,702.0
2024,RCD Espanyol Barcelona,290273,Álvaro Tejero,27,1324.0
2024,RCD Espanyol Barcelona,629511,Pablo Ramón,23,
2024,RCD Espanyol Barcelona,1204959,Roger Hinojo,19,8.0
2024,RCD Espanyol Barcelona,102423,Leandro Cabrera,33,2870.0
2024,RCD Espanyol Barcelona,166677,Brian Oliván,30,1107.0
2024,RCD Espanyol Barcelona,92947,Sergi Gómez,32,845.0
2024,RCD Espanyol Barcelona,1060821,José Luis Català,19,56.0
2024,RCD Espanyol Barcelona,1258838,José Ángel López,18,
2024,RCD Espanyol Barcelona,625651,Urko González de Zárate,23,1382.0
2024,RCD Espanyol Barcelona,412045,Pol Lozano,24,1962.0
2024,RCD Espanyol Barcelona,506248,Edu Expósito,27,1045.0
2024,RCD Espanyol Barcelona,337333,Alex Král,26,2753.0
2024,RCD Espanyol Barcelona,557147,José Gragera,24,569.0
2024,RCD Espanyol Barcelona,1178721,Rafel Bauzà,19,325.0
2024,RCD Espanyol Barcelona,904712,Justin Smith,21,228.0
2024,RCD Espanyol Barcelona,449496,Álvaro Aguado,28,599.0
2024,RCD Espanyol Barcelona,720518,Roberto Fernández,21,1509.0
2024,RCD Espanyol Barcelona,408471,Javi Puado,26,2989.0
2024,RCD Espanyol Barcelona,888493,Alejo Veliz,20,1303.0
2024,RCD Espanyol Barcelona,628498,Jofre Carreras,23,2186.0
2024,RCD Espanyol Barcelona,342226,Irvin Cardona,26,722.0
2024,RCD Espanyol Barcelona,521407,Walid Cheddira,26,690.0
2024,RCD Espanyol Barcelona,834744,Antoniu Roca,21,1170.0
2024,RCD Espanyol Barcelona,508639,Naci Ünüvar,21,129.0
2024,RCD Espanyol Barcelona,225593,Pere Milla,31,546.0
2024,RCD Espanyol Barcelona,869458,Omar Sadik,20,
2024,RCD Espanyol Barcelona,246204,Salvi Sánchez,33,56.0
2024,RCD Espanyol Barcelona,946269,Alex Almansa,20,34.0
2024,Celta Vigo,297194,Iván Villar,26,750.0
2024,Celta Vigo,541621,Marc Vidal,24,
2024,Celta Vigo,581640,Coke Carrillo,22,
2024,Celta Vigo,646741,César Fernández,20,
2024,Celta Vigo,64399,Vicente Guaita,37,3060.0
2024,Celta Vigo,331505,Óscar Mingueza,25,2904.0
2024,Celta Vigo,1076815,Javi Rodríguez,21,2783.0
2024,Celta Vigo,545647,Sergio Carreira,23,1858.0
2024,Celta Vigo,258987,Carl Starfelt,29,2481.0
2024,Celta Vigo,939374,Yoel Lago,20,624.0
2024,Celta Vigo,636093,Carlos Domínguez,23,1315.0
2024,Celta Vigo,112515,Marcos Alonso,33,2861.0
2024,Celta Vigo,358250,Joseph Aidoo,28,162.0
2024,Celta Vigo,271455,Mihailo Ristic,28,610.0
2024,Celta Vigo,933350,Tincho Conde,21,
2024,Celta Vigo,162029,Javier Manquillo,30,549.0
2024,Celta Vigo,1064471,Fer López,20,785.0
2024,Celta Vigo,892932,Miguel Román,21,45.0
2024,Celta Vigo,617074,Ilaix Moriba,21,2271.0
2024,Celta Vigo,892221,Hugo Sotelo,20,1455.0
2024,Celta Vigo,423444,Fran Beltrán,25,2664.0
2024,Celta Vigo,315762,Luca de la Torre,26,30.0
2024,Celta Vigo,715628,Damián Rodríguez,21,1014.0
2024,Celta Vigo,366948,Jailson,28,613.0
2024,Celta Vigo,523318,Anastasios Douvikas,24,782.0
2024,Celta Vigo,764859,Williot Swedberg,20,1481.0
2024,Celta Vigo,960571,Jones El-Abdellaoui,18,
2024,Celta Vigo,892929,Hugo Álvarez,20,1682.0
2024,Celta Vigo,872184,Tadeo Allende,25,100.0
2024,Celta Vigo,905997,Pablo Durán,23,1655.0
2024,Celta Vigo,292818,Jonathan Bamba,28,882.0
2024,Celta Vigo,357628,Alfon González,25,1627.0
2024,Celta Vigo,278359,Borja Iglesias,31,2063.0
2024,Celta Vigo,632741,Iker Losada,22,353.0
2024,Celta Vigo,72047,Iago Aspas,36,1801.0
2024,Celta Vigo,341110,Franco Cervi,30,542.0
2024,Osasuna,248738,Sergio Herrera,31,3503.0
2024,Osasuna,118997,Aitor Fernández,33,368.0
2024,Osasuna,634117,Pablo Valencia,23,
2024,Osasuna,890817,Dimitrios Stamatakis,21,
2024,Osasuna,929864,Rafa Fernández,20,
2024,Osasuna,541555,Enzo Boyomo,22,3258.0
2024,Osasuna,488626,Jesús Areso,24,3365.0
2024,Osasuna,555500,Jorge Herrando,23,1700.0
2024,Osasuna,658115,Abel Bretones,23,2351.0
2024,Osasuna,449796,Alejandro Catena,29,3201.0
2024,Osasuna,216870,Nacho Vidal,29,321.0
2024,Osasuna,169497,Juan Cruz,31,1686.0
2024,Osasuna,718195,Ismael Sierra,21,
2024,Osasuna,1065442,Iñigo Arguibide,19,
2024,Osasuna,197122,Unai García,32,245.0
2024,Osasuna,238868,Rubén Peña,32,903.0
2024,Osasuna,634131,Aimar Oroz,22,3254.0
2024,Osasuna,552425,Jon Moncayola,26,2339.0
2024,Osasuna,785353,Pablo Ibáñez,25,1503.0
2024,Osasuna,213670,Lucas Torró,29,3264.0
2024,Osasuna,710677,Iker Muñoz,21,793.0
2024,Osasuna,175449,Moi Gómez,30,948.0
2024,Osasuna,1038512,Asier Osambela,19,10.0
2024,Osasuna,471474,Javi Martínez,24,26.0
2024,Osasuna,941080,Jon García,21,
2024,Osasuna,713644,Bryan Zaragoza,22,1882.0
2024,Osasuna,631002,Raúl García,23,931.0
2024,Osasuna,46413,Ante Budimir,32,3249.0
2024,Osasuna,213260,Rubén García,30,2676.0
2024,Osasuna,298575,Kike Barja,27,386.0
2024,Osasuna,710679,Iker Benito,21,152.0
2024,Osasuna,364603,José Manuel Arnáiz,29,211.0
2024,Osasuna,1230201,Sixtus Ogbuehi,21,
2024,Osasuna,1065441,Carlos Lumbreras,19,
2024,Las Palmas,357770,Dinko Horkas,25,1353.0
2024,Las Palmas,146227,Jasper Cillessen,35,2337.0
2024,Las Palmas,1036451,Álvaro Killane,19,
2024,Las Palmas,1310075,Victor Puig,18,
2024,Las Palmas,1361456,Israel Mora,19,
2024,Las Palmas,617060,Mika Mármol,22,2624.0
2024,Las Palmas,255906,Scott McKenna,27,2562.0
2024,Las Palmas,494236,Andy Pelmard,24,205.0
2024,Las Palmas,438971,Viti Rozada,26,2013.0
2024,Las Palmas,1146029,Juanma Herzog,20,1584.0
2024,Las Palmas,603940,Marvin Park,23,1182.0
2024,Las Palmas,243760,Álex Muñoz,29,1488.0
2024,Las Palmas,510396,Álex Suárez,31,2469.0
2024,Las Palmas,215099,Daley Sinkgraven,28,122.0
2024,Las Palmas,1271065,Valentín Pezzolesi,17,95.0
2024,Las Palmas,1064395,Valentino Raca,19,
2024,Las Palmas,1134878,Diego Martín,20,38.0
2024,Las Palmas,670717,Dário Essugo,19,1952.0
2024,Las Palmas,864799,Stefan Bajcetic,19,975.0
2024,Las Palmas,282421,Javi Muñoz,29,2769.0
2024,Las Palmas,581781,Enzo Loiodice,23,831.0
2024,Las Palmas,566574,Kirian Rodríguez,28,1832.0
2024,Las Palmas,611075,Iván Gil,24,95.0
2024,Las Palmas,1210422,Aboubacar Bassinga,18,3.0
2024,Las Palmas,120095,José Campaña,31,1220.0
2024,Las Palmas,531062,Fabio González,27,213.0
2024,Las Palmas,1338984,Sergio Viera,19,112.0
2024,Las Palmas,1411351,Josito González,18,10.0
2024,Las Palmas,733576,Alberto Moleiro,20,2773.0
2024,Las Palmas,505653,Fábio Silva,21,1954.0
2024,Las Palmas,298477,Oli McBurnie,28,1929.0
2024,Las Palmas,511021,Manu Fuster,26,1186.0
2024,Las Palmas,177847,Adnan Januzaj,29,664.0
2024,Las Palmas,534379,Pejiño,27,73.0
2024,Las Palmas,443222,Marc Cardona,28,273.0
2024,Las Palmas,199369,Sandro Ramírez,28,2120.0
2024,Las Palmas,1079049,Saliou Mandiang,21,
2024,Las Palmas,282672,Benito Ramírez,28,610.0
2024,Las Palmas,1146039,Elías Romero,20,
2024,Las Palmas,227961,Jaime Mata,35,773.0
2024,Las Palmas,1365799,Arturo Rodríguez,17,20.0
2024,Las Palmas,1179293,Sergio Ruiz,18,
2024,Getafe,226012,David Soria,31,3420.0
2024,Getafe,339079,Jiri Letacek,25,510.0
2024,Getafe,1298885,Diego Ferrer,17,
2024,Getafe,1135452,Jorge Benito,18,
2024,Getafe,1130318,Djordjije Medenica,17,
2024,Getafe,353032,Omar Alderete,27,3073.0
2024,Getafe,390688,Juan Iglesias,25,3296.0
2024,Getafe,461843,Juan Berrocal,25,1241.0
2024,Getafe,221150,Dakonam Djené,32,2752.0
2024,Getafe,249513,Diego Rico,31,3030.0
2024,Getafe,257376,Domingos Duarte,29,2344.0
2024,Getafe,908621,Nabil Aberdin,21,338.0
2024,Getafe,126719,Juan Bernat,31,797.0
2024,Getafe,1164331,Ismael Bekhoucha,19,82.0
2024,Getafe,973690,Luca Lohr,21,17.0
2024,Getafe,1216529,Guillem Trilla,21,
2024,Getafe,1000136,Gorka Rivera,19,19.0
2024,Getafe,111508,Allan Nyom,36,899.0
2024,Getafe,719720,David Argüelles,22,226.0
2024,Getafe,290249,Mauro Arambarri,28,2864.0
2024,Getafe,281989,Luis Milla,29,3141.0
2024,Getafe,284854,Carles Aleñá,26,509.0
2024,Getafe,783396,Ramón Terrats,23,1320.0
2024,Getafe,841121,John Patrick,20,201.0
2024,Getafe,941869,Yellu Santiago,20,674.0
2024,Getafe,1255616,Alberto Risco,18,64.0
2024,Getafe,1124005,Christantus Uche,21,2844.0
2024,Getafe,948275,Álvaro Rodríguez,19,1081.0
2024,Getafe,672803,Bertuğ Yıldırım,21,1399.0
2024,Getafe,298976,Borja Mayoral,27,1203.0
2024,Getafe,282810,Carles Pérez,26,1580.0
2024,Getafe,434990,Álex Sola,25,1277.0
2024,Getafe,710004,Peter Federico,21,750.0
2024,Getafe,1033005,Coba da Costa,21,1286.0
2024,Getafe,126737,Juanmi,31,748.0
2024,Getafe,949489,Abdoulaye Keita,21,94.0
2024,Getafe,1360962,Martín Cuéllar,17,
2024,Mallorca,316884,Dominik Greif,27,2880.0
2024,Mallorca,562742,Leo Román,23,720.0
2024,Mallorca,27493,Iván Cuéllar,40,
2024,Mallorca,632913,Pere García,22,
2024,Mallorca,520840,José Copete,24,1669.0
2024,Mallorca,400131,Siebe Van der Heyden,26,96.0
2024,Mallorca,251876,Pablo Maffeo,26,2465.0
2024,Mallorca,277384,Martin Valjent,28,2945.0
2024,Mallorca,262939,Johan Mojica,31,2843.0
2024,Mallorca,388513,Mateu Morey,24,830.0
2024,Mallorca,320271,Toni Lato,26,708.0
2024,Mallorca,947431,David López,21,170.0
2024,Mallorca,278296,Antonio Raíllo,32,3243.0
2024,Mallorca,945702,Sebas Wade,21,
2024,Mallorca,657430,Samú Costa,23,2676.0
2024,Mallorca,142021,Sergi Darder,30,2879.0
2024,Mallorca,335225,Manu Morlanes,25,1410.0
2024,Mallorca,513031,Antonio Sánchez,27,1432.0
2024,Mallorca,142031,Omar Mascarell,31,2155.0
2024,Mallorca,1063574,Jan Salas,18,39.0
2024,Mallorca,139435,Dani Rodríguez,36,2280.0
2024,Mallorca,563137,Robert Navarro,22,1396.0
2024,Mallorca,695454,Chiquinho,24,156.0
2024,Mallorca,256267,Vedat Muriqi,30,2181.0
2024,Mallorca,343463,Cyle Larin,29,1866.0
2024,Mallorca,245744,Takuma Asano,29,1144.0
2024,Mallorca,1296876,Marc Domènech,17,298.0
2024,Mallorca,706138,Javi Llabrés,21,58.0
2024,Mallorca,177452,Abdón Prats,31,513.0
2024,Mallorca,857830,Daniel Luna,21,18.0
2024,Mallorca,331496,Valery Fernández,24,361.0
2024,Alaves,298197,Antonio Sivera,27,2932.0
2024,Alaves,631693,Jesús Owono,23,576.0
2024,Alaves,1063990,Grégoire Swiderski,18,
2024,Alaves,608382,Adrián Rodríguez,23,121.0
2024,Alaves,953901,Santiago Mouriño,22,2058.0
2024,Alaves,618809,Manu Sánchez,23,2760.0
2024,Alaves,559979,Abdel Abqar,25,2467.0
2024,Alaves,533568,Nahuel Tenaglia,28,3007.0
2024,Alaves,694509,Moussa Diarra,23,1953.0
2024,Alaves,668276,Hugo Novoa,21,234.0
2024,Alaves,895458,Adrián Pica,22,586.0
2024,Alaves,1064391,Egoitz Muñoz,20,90.0
2024,Alaves,237499,Aleksandar Sedlar,32,714.0
2024,Alaves,708534,Alejandro Jay,21,
2024,Alaves,892217,Eneko Ortiz,21,
2024,Alaves,533354,Facundo Garcés,24,675.0
2024,Alaves,495621,Antonio Blanco,23,2842.0
2024,Alaves,284854,Carles Aleñá,26,1097.0
2024,Alaves,465967,Ander Guevara,26,2020.0
2024,Alaves,289257,Jon Guridi,29,2152.0
2024,Alaves,431190,Carlos Protesoni,26,559.0
2024,Alaves,263727,Joan Jordán,29,1624.0
2024,Alaves,1054933,Daouda Doumbia,22,
2024,Alaves,895591,Lander Pinillos,20,
2024,Alaves,1064871,Joaquín Panichelli,21,
2024,Alaves,302371,Toni Martínez,27,1105.0
2024,Alaves,540536,Carlos Vicente,25,3175.0
2024,Alaves,769063,Luka Romero,19,318.0
2024,Alaves,718034,Abde Rebbach,25,452.0
2024,Alaves,401571,Tomás Conechny,26,977.0
2024,Alaves,251897,Asier Villalibre,26,445.0
2024,Alaves,278837,Luis Rioja,30,22.0
2024,Alaves,618813,Carlos Martín,22,1340.0
2024,Alaves,1063553,Pau Cabanes,19,186.0
2024,Alaves,93936,Kike García,34,2620.0
2024,Alaves,271021,Stoichkov,30,780.0
2024,Alaves,834756,Julen Lartitegi,20,
2024,Rayo Vallecano,275218,Augusto Batalla,28,2880.0
2024,Rayo Vallecano,397676,Dani Cárdenas,27,900.0
2024,Rayo Vallecano,607780,Miguel Ángel Morro,23,
2024,Rayo Vallecano,1322790,Adrián Molina,18,
2024,Rayo Vallecano,708370,Juanpe Gil,23,
2024,Rayo Vallecano,1064644,Miguel Benedi,21,
2024,Rayo Vallecano,527966,Andrei Rațiu,26,3085.0
2024,Rayo Vallecano,596122,Pep Chavarría,26,2603.0
2024,Rayo Vallecano,451801,Abdul Mumin,26,2110.0
2024,Rayo Vallecano,127108,Florian Lejeune,33,3416.0
2024,Rayo Vallecano,85295,Iván Balliu,32,1523.0
2024,Rayo Vallecano,311044,Alfonso Espino,32,1078.0
2024,Rayo Vallecano,692208,Pelayo Fernández,21,236.0
2024,Rayo Vallecano,948254,Marco de las Sías,18,45.0
2024,Rayo Vallecano,1384902,Sergio Lozano,18,
2024,Rayo Vallecano,82503,Aridane Hernández,35,1356.0
2024,Rayo Vallecano,363057,Pedro Díaz,26,1450.0
2024,Rayo Vallecano,192009,Unai López,28,1770.0
2024,Rayo Vallecano,517753,Óscar Valentín,29,2009.0
2024,Rayo Vallecano,525578,Pathé Ciss,30,2259.0
2024,Rayo Vallecano,88103,James Rodríguez,32,205.0
2024,Rayo Vallecano,268670,Gerard Gumbau,29,1042.0
2024,Rayo Vallecano,560483,Randy Nteka,26,1356.0
2024,Rayo Vallecano,343273,Joni Montiel,25,27.0
2024,Rayo Vallecano,932349,Diego Méndez,20,27.0
2024,Rayo Vallecano,30321,Óscar Trejo,36,794.0
2024,Rayo Vallecano,455181,Jorge de Frutos,27,2664.0
2024,Rayo Vallecano,505674,Sergio Camello,23,1236.0
2024,Rayo Vallecano,362086,Isi Palazón,29,2227.0
2024,Rayo Vallecano,257062,Álvaro García,31,2647.0
2024,Rayo Vallecano,288318,Adrián Embarba,32,1788.0
2024,Rayo Vallecano,162038,Raúl de Tomás,29,110.0
2024,Rayo Vallecano,707359,Etienne Eto'o,21,53.0
2024,Rayo Vallecano,256429,Sergi Guardiola,33,506.0
2024,Real Valladolid CF,493513,Karl Hein,22,2835.0
2024,Real Valladolid CF,290346,André Ferreira,28,795.0
2024,Real Valladolid CF,710474,Álvaro Aceves,20,
2024,Real Valladolid CF,636686,Arnau Rafús,21,90.0
2024,Real Valladolid CF,541555,Enzo Boyomo,22,270.0
2024,Real Valladolid CF,1121298,Juma Bah,18,953.0
2024,Real Valladolid CF,938146,Adam Aznou,18,874.0
2024,Real Valladolid CF,468309,Lucas Rosa,24,2023.0
2024,Real Valladolid CF,615350,Cenk Özkacar,23,846.0
2024,Real Valladolid CF,298583,Eray Cömert,26,1961.0
2024,Real Valladolid CF,857832,David Torres,21,1686.0
2024,Real Valladolid CF,358250,Joseph Aidoo,28,582.0
2024,Real Valladolid CF,358115,Luis Pérez,29,2696.0
2024,Real Valladolid CF,340853,Javi Sánchez,27,2087.0
2024,Real Valladolid CF,392881,Antonio Candela,24,913.0
2024,Real Valladolid CF,204072,Henrique Silva,30,354.0
2024,Real Valladolid CF,834486,Raúl Chasco,20,315.0
2024,Real Valladolid CF,895333,Koke Iglesias,19,
2024,Real Valladolid CF,1061260,Iago Parente,18,72.0
2024,Real Valladolid CF,948273,Mario Martín,20,1859.0
2024,Real Valladolid CF,926763,Chuki,20,785.0
2024,Real Valladolid CF,527698,Kike Pérez,27,1407.0
2024,Real Valladolid CF,195736,Florian Grillitsch,28,629.0
2024,Real Valladolid CF,658269,Víctor Meseguer,25,567.0
2024,Real Valladolid CF,388125,Stanko Juric,27,1873.0
2024,Real Valladolid CF,377219,Selim Amallah,27,1446.0
2024,Real Valladolid CF,633056,Tamás Nikitscher,24,855.0
2024,Real Valladolid CF,1367276,Ibrahim Alani,17,159.0
2024,Real Valladolid CF,710484,Mario Maroto,20,87.0
2024,Real Valladolid CF,226261,César de la Hoz,32,120.0
2024,Real Valladolid CF,702662,Adrián Verde,21,
2024,Real Valladolid CF,624942,Raúl Moro,21,2436.0
2024,Real Valladolid CF,587520,Stipe Biuk,21,
2024,Real Valladolid CF,1176519,Adrián Arnu,17,45.0
2024,Real Valladolid CF,623521,Juanmi Latasa,23,1572.0
2024,Real Valladolid CF,166683,Mamadou Sylla,30,1583.0
2024,Real Valladolid CF,281404,Kenedy,28,7.0
2024,Real Valladolid CF,327126,Anuar,29,1847.0
2024,Real Valladolid CF,481084,Marcos André,27,1307.0
2024,Real Valladolid CF,339820,Amath Ndiaye,27,614.0
2024,Real Valladolid CF,221311,Iván Sánchez,31,1546.0
2024,Real Valladolid CF,211251,Darwin Machís,31,692.0
2024,Real Valladolid CF,709971,Xavi Moreno,19,45.0
2024,Leganes,251892,Juan Soriano,26,1020.0
2024,Leganes,94308,Marko Dmitrovic,32,2880.0
2024,Leganes,1055833,Alvin Abajas,21,
2024,Leganes,991158,Guillermo Ruiz,20,
2024,Leganes,441170,Valentin Rosier,27,2859.0
2024,Leganes,491616,Jackson Porozo,23,136.0
2024,Leganes,422466,Javi Hernández,26,2722.0
2024,Leganes,466807,Adrià Altimira,23,1939.0
2024,Leganes,715679,Lalo Aguilar,22,
2024,Leganes,434602,Aritz Arambarri,26,178.0
2024,Leganes,340339,Jorge Sáenz,27,1901.0
2024,Leganes,308989,Sergio González,32,3257.0
2024,Leganes,282700,Enric Franquesa,27,640.0
2024,Leganes,143559,Matija Nastasić,31,2382.0
2024,Leganes,39125,Borna Barisic,31,10.0
2024,Leganes,866541,Joao Urbáez,21,
2024,Leganes,618805,Iker Bachiller,21,34.0
2024,Leganes,543537,Seydouba Cissé,23,2686.0
2024,Leganes,469669,Yvan Neyou,27,2467.0
2024,Leganes,284884,Óscar Rodríguez,26,1541.0
2024,Leganes,277137,Renato Tapia,28,2622.0
2024,Leganes,569866,Roberto López,24,655.0
2024,Leganes,401583,Julián Chicco,26,466.0
2024,Leganes,1054429,Carlos Guirao,21,
2024,Leganes,945767,Hugo Solozábal,21,
2024,Leganes,95641,Darko Brasanac,32,1952.0
2024,Leganes,932350,Álex Gil,21,
2024,Leganes,710007,Fer Rodríguez,21,
2024,Leganes,1390649,Yan Diomande,17,542.0
2024,Leganes,480883,Miguel de la Fuente,24,1805.0
2024,Leganes,535959,Duk,24,171.0
2024,Leganes,585700,Juan Cruz,24,2638.0
2024,Leganes,852727,Diego García,24,1469.0
2024,Leganes,223725,Munir El Haddadi,28,1195.0
2024,Leganes,413262,Dani Raba,28,2052.0
2024,Leganes,181375,Sébastien Haller,30,525.0
2024,Leganes,715683,Naim García,22,
2024,Leganes,935300,Piri,20,
2024,Leganes,1065256,Adrián Rosell,19,
2024,Leganes,1338488,Suleiman El Haddadi,18,
2025,Real Madrid,108390,Thibaut Courtois,33,4005.0
2025,Real Madrid,404839,Andriy Lunin,26,1035.0
2025,Real Madrid,1055220,Fran González,20,
2025,Real Madrid,973314,Sergio Mestre,20,
2025,Real Madrid,962120,Álvaro González,18,
2025,Real Madrid,1328089,Javi Navarro,18,
2025,Real Madrid,314353,Trent Alexander-Arnold,26,1794.0
2025,Real Madrid,890290,Dean Huijsen,20,3038.0
2025,Real Madrid,811778,Álvaro Carreras,22,3402.0
2025,Real Madrid,401530,Éder Militão,27,1530.0
2025,Real Madrid,935245,Raúl Asencio,22,2516.0
2025,Real Madrid,341264,Fran García,25,1352.0
2025,Real Madrid,86202,Antonio Rüdiger,32,2190.0
2025,Real Madrid,935281,David Jiménez,21,244.0
2025,Real Madrid,964563,Joan Martínez,17,
2025,Real Madrid,1186245,Víctor Valdepeñas,18,78.0
2025,Real Madrid,1208520,Diego Aguado,18,29.0
2025,Real Madrid,138927,Daniel Carvajal,33,1086.0
2025,Real Madrid,291417,Ferland Mendy,30,452.0
2025,Real Madrid,937950,Jesús Fortea,18,
2025,Real Madrid,1365849,Lamini Fati,19,
2025,Real Madrid,59016,David Alaba,33,577.0
2025,Real Madrid,940464,Manu Serrano,21,6.0
2025,Real Madrid,581678,Jude Bellingham,22,2718.0
2025,Real Madrid,369081,Federico Valverde,26,4158.0
2025,Real Madrid,861410,Arda Güler,20,3255.0
2025,Real Madrid,413112,Aurélien Tchouaméni,25,3941.0
2025,Real Madrid,640428,Eduardo Camavinga,22,2199.0
2025,Real Madrid,1375227,Thiago Pitarch,17,817.0
2025,Real Madrid,1186235,Jorge Cestero,19,114.0
2025,Real Madrid,948272,César Palacios,20,100.0
2025,Real Madrid,319745,Dani Ceballos,28,828.0
2025,Real Madrid,741293,Pol Fortuny,20,
2025,Real Madrid,646824,Manuel Ángel,21,129.0
2025,Real Madrid,948259,Daniel Mesonero,19,7.0
2025,Real Madrid,342229,Kylian Mbappé,26,3622.0
2025,Real Madrid,371998,Vinicius Junior,24,4249.0
2025,Real Madrid,412363,Rodrygo,24,1106.0
2025,Real Madrid,1057316,Franco Mastantuono,17,1484.0
2025,Real Madrid,971570,Endrick,18,99.0
2025,Real Madrid,314678,Brahim Díaz,25,1666.0
2025,Real Madrid,935230,Gonzalo García,21,1471.0
2025,Real Madrid,962124,Daniel Yáñez,18,45.0
2025,Real Madrid,875306,Álvaro Leiva,20,3.0
2025,Barcelona,561613,Joan García,24,4042.0
2025,Barcelona,283170,Iñaki Peña,26,
2025,Barcelona,74857,Marc-André ter Stegen,33,90.0
2025,Barcelona,938144,Diego Kochen,19,
2025,Barcelona,44058,Wojciech Szczesny,35,998.0
2025,Barcelona,1066202,Eder Aller,18,
2025,Barcelona,962110,Pau Cubarsí,18,3977.0
2025,Barcelona,411975,Jules Koundé,26,3529.0
2025,Barcelona,636688,Alejandro Balde,21,2806.0
2025,Barcelona,466794,Eric García,24,3955.0
2025,Barcelona,705395,Gerard Martín,23,3223.0
2025,Barcelona,480267,Ronald Araujo,26,1614.0
2025,Barcelona,182712,João Cancelo,31,1432.0
2025,Barcelona,196948,Andreas Christensen,29,543.0
2025,Barcelona,1018912,Xavi Espart,18,190.0
2025,Barcelona,924610,Álvaro Cortés,20,90.0
2025,Barcelona,1009765,Jofre Torrents,18,110.0
2025,Barcelona,683840,Pedri,22,3094.0
2025,Barcelona,636703,Fermín López,22,3053.0
2025,Barcelona,293385,Dani Olmo,27,2838.0
2025,Barcelona,326330,Frenkie de Jong,28,2569.0
2025,Barcelona,646740,Gavi,20,700.0
2025,Barcelona,1018920,Marc Bernal,18,1313.0
2025,Barcelona,636695,Marc Casadó,21,1397.0
2025,Barcelona,1071596,Dro Fernández,17,148.0
2025,Barcelona,938156,Tommy Marqués,18,9.0
2025,Barcelona,1050120,Guille Fernández,17,
2025,Barcelona,1066206,Toni Fernández,16,45.0
2025,Barcelona,962118,Juan Hernández,17,
2025,Barcelona,937958,Lamine Yamal,17,3702.0
2025,Barcelona,411295,Raphinha,28,2194.0
2025,Barcelona,398184,Ferran Torres,25,2693.0
2025,Barcelona,258923,Marcus Rashford,27,2622.0
2025,Barcelona,792331,Roony Bardghji,19,872.0
2025,Barcelona,38253,Robert Lewandowski,36,2486.0
2025,Barcelona,834470,Dani Rodríguez,19,
2025,Atletico Madrid,121483,Jan Oblak,32,3870.0
2025,Atletico Madrid,242359,Juan Musso,31,1650.0
2025,Atletico Madrid,895330,Salvi Esquivel,19,
2025,Atletico Madrid,717952,Mario de Luis,23,
2025,Atletico Madrid,935486,Álvaro Moreno,19,
2025,Atletico Madrid,404418,Dávid Hancko,27,4074.0
2025,Atletico Madrid,844637,Marc Pubill,22,2775.0
2025,Atletico Madrid,616631,Matteo Ruggeri,22,3485.0
2025,Atletico Madrid,282411,Marcos Llorente,30,3861.0
2025,Atletico Madrid,351809,Robin Le Normand,28,2845.0
2025,Atletico Madrid,424042,Nahuel Molina,27,2400.0
2025,Atletico Madrid,250845,José María Giménez,30,1521.0
2025,Atletico Madrid,182904,Clément Lenglet,30,1694.0
2025,Atletico Madrid,448628,Javi Galán,30,313.0
2025,Atletico Madrid,741253,Javier Boñar,20,299.0
2025,Atletico Madrid,945753,Julio Díaz,20,311.0
2025,Atletico Madrid,699233,Aleksa Puric,21,46.0
2025,Atletico Madrid,945763,Dani Martinez,21,90.0
2025,Atletico Madrid,614988,Ilias Kostis,22,
2025,Atletico Madrid,1158985,Gerónimo Spina,20,
2025,Atletico Madrid,775605,Pablo Barrios,22,2452.0
2025,Atletico Madrid,488362,Conor Gallagher,25,1081.0
2025,Atletico Madrid,961297,Rodrigo Mendoza,20,471.0
2025,Atletico Madrid,689505,Johnny Cardoso,23,1715.0
2025,Atletico Madrid,889435,Obed Vargas,19,750.0
2025,Atletico Madrid,74229,Koke,33,3610.0
2025,Atletico Madrid,668177,Javi Serrano,22,
2025,Atletico Madrid,945500,Rayane Belaid,20,134.0
2025,Atletico Madrid,1209287,Jano Monserrate,19,21.0
2025,Atletico Madrid,1250522,Javi Morcillo,19,169.0
2025,Atletico Madrid,1114187,Taufik Seidu,17,22.0
2025,Atletico Madrid,576024,Julián Alvarez,25,3549.0
2025,Atletico Madrid,548111,Álex Baena,23,2305.0
2025,Atletico Madrid,742201,Giuliano Simeone,22,3803.0
2025,Atletico Madrid,406040,Ademola Lookman,27,1381.0
2025,Atletico Madrid,405885,Giacomo Raspadori,25,435.0
2025,Atletico Madrid,486031,Nico González,27,1914.0
2025,Atletico Madrid,576028,Thiago Almada,24,1704.0
2025,Atletico Madrid,238407,Alexander Sørloth,29,2816.0
2025,Atletico Madrid,125781,Antoine Griezmann,34,2868.0
2025,Atletico Madrid,1179482,Iker Luque,20,27.0
2025,Atletico Madrid,1453065,Miguel Cubo,17,48.0
2025,Atletico Madrid,618813,Carlos Martín,23,66.0
2025,Atletico Madrid,1319952,Sergio Esteban,18,
2025,Villarreal,712107,Luiz Júnior,24,2970.0
2025,Villarreal,466783,Arnau Tenas,24,1380.0
2025,Villarreal,341713,Diego Conde,26,90.0
2025,Villarreal,709336,Rubén Gómez,23,
2025,Villarreal,805714,Renato Veiga,21,3352.0
2025,Villarreal,953901,Santiago Mouriño,23,2917.0
2025,Villarreal,484988,Logan Costa,24,28.0
2025,Villarreal,1061336,Pau Navarro,20,2201.0
2025,Villarreal,662261,Rafa Marín,23,2665.0
2025,Villarreal,985806,Alex Freeman,20,340.0
2025,Villarreal,678406,Sergi Cardona,25,2647.0
2025,Villarreal,480763,Juan Foyth,27,1314.0
2025,Villarreal,780630,Willy Kambwala,20,86.0
2025,Villarreal,356197,Alfonso Pedraza,29,2034.0
2025,Villarreal,466807,Adrià Altimira,24,254.0
2025,Villarreal,937942,Daniel Budesca,19,21.0
2025,Villarreal,718195,Ismael Sierra,22,
2025,Villarreal,1305564,Jean Ives Valou,19,
2025,Villarreal,485963,Pape Gueye,26,2834.0
2025,Villarreal,380598,Santi Comesaña,28,3152.0
2025,Villarreal,1453066,Carlos Macià,16,134.0
2025,Villarreal,230784,Thomas Partey,32,1325.0
2025,Villarreal,165007,Denis Suárez,31,
2025,Villarreal,59561,Dani Parejo,36,1695.0
2025,Villarreal,1249340,Alassane Diatta,20,89.0
2025,Villarreal,733576,Alberto Moleiro,21,2828.0
2025,Villarreal,568157,Yéremy Pino,22,160.0
2025,Villarreal,729814,Georges Mikautadze,24,2694.0
2025,Villarreal,1038950,Karl Etta Eyong,21,257.0
2025,Villarreal,709969,Ilias Akhomach,21,361.0
2025,Villarreal,638793,Tajon Buchanan,26,2331.0
2025,Villarreal,396638,Manor Solomon,25,358.0
2025,Villarreal,972465,Tani Oluwaseyi,25,1535.0
2025,Villarreal,343052,Nicolas Pépé,30,3183.0
2025,Villarreal,246968,Ayoze Pérez,31,1583.0
2025,Villarreal,357628,Alfon González,26,330.0
2025,Villarreal,177467,Gerard Moreno,33,1395.0
2025,Villarreal,1331450,Hugo López,18,180.0
2025,Villarreal,1063553,Pau Cabanes,20,15.0
2025,Villarreal,1176512,Joselillo Gaitán,18,
2025,Villarreal,1132630,Mahamoud Barry,19,
2025,Real Sociedad,212862,Álex Remiro,30,3510.0
2025,Real Sociedad,668313,Aitor Fraga,22,
2025,Real Sociedad,625657,Unai Marrero,23,690.0
2025,Real Sociedad,1178818,Theo Folgado,20,
2025,Real Sociedad,1018938,Jon Martín,19,2851.0
2025,Real Sociedad,661145,Jon Aramburu,22,3291.0
2025,Real Sociedad,366930,Sergio Gómez,24,3263.0
2025,Real Sociedad,355628,Igor Zubeldia,28,2383.0
2025,Real Sociedad,580560,Jon Pacheco,24,
2025,Real Sociedad,238266,Duje Caleta-Car,28,2629.0
2025,Real Sociedad,517842,Aihen Muñoz,27,1214.0
2025,Real Sociedad,915258,Kazunari Kita,19,
2025,Real Sociedad,297070,Hamari Traoré,33,
2025,Real Sociedad,229804,Aritz Elustondo,31,876.0
2025,Real Sociedad,964190,Luken Beitia,21,139.0
2025,Real Sociedad,280730,Álvaro Odriozola,29,439.0
2025,Real Sociedad,1055860,Iñaki Rupérez,22,1.0
2025,Real Sociedad,711374,Jon Gorrotxategi,23,2636.0
2025,Real Sociedad,625651,Urko González de Zárate,24,10.0
2025,Real Sociedad,634431,Beñat Turrientes,23,1878.0
2025,Real Sociedad,502722,Luka Sucic,22,1351.0
2025,Real Sociedad,555143,Arsen Zakharyan,22,696.0
2025,Real Sociedad,309110,Brais Méndez,28,1819.0
2025,Real Sociedad,907813,Pablo Marín,21,1829.0
2025,Real Sociedad,372246,Carlos Soler,28,2883.0
2025,Real Sociedad,378293,Yangel Herrera,27,562.0
2025,Real Sociedad,709215,Mikel Goti,23,254.0
2025,Real Sociedad,1283968,Tomy Carbonell,20,
2025,Real Sociedad,1354775,Ibai Aguirre,18,5.0
2025,Real Sociedad,979325,Alex Lebarbier,20,
2025,Real Sociedad,351478,Mikel Oyarzabal,28,3195.0
2025,Real Sociedad,660438,Orri Óskarsson,20,912.0
2025,Real Sociedad,405398,Takefusa Kubo,24,1746.0
2025,Real Sociedad,616369,Ander Barrenetxea,23,1996.0
2025,Real Sociedad,225122,Gonçalo Guedes,28,2329.0
2025,Real Sociedad,337715,Umar Sadiq,28,275.0
2025,Real Sociedad,1063598,Gorka Carrera,20,123.0
2025,Real Sociedad,1007378,Wesley,20,84.0
2025,Real Sociedad,1201529,Lander Astiazaran,19,6.0
2025,Real Sociedad,937945,Dani Díaz,19,33.0
2025,Real Sociedad,1105810,Job Ochieng,22,94.0
2025,Real Sociedad,1201530,Alex Marchal,17,
2025,Real Sociedad,711382,Jon Karrikaburu,22,153.0
2025,Real Sociedad,962145,Arkaitz Mariezkurrena,20,1.0
2025,Real Betis,417913,Álvaro Valles,27,2970.0
2025,Real Betis,286415,Pau López,30,1440.0
2025,Real Betis,1225038,Manu González,18,
2025,Real Betis,1061277,Germán García,21,
2025,Real Betis,71271,Adrián San Miguel,38,540.0
2025,Real Betis,735568,Natan,24,3755.0
2025,Real Betis,985383,Valentín Gómez,22,2856.0
2025,Real Betis,933908,Ángel Ortiz,20,1379.0
2025,Real Betis,374139,Junior Firpo,28,1000.0
2025,Real Betis,246291,Diego Llorente,31,2192.0
2025,Real Betis,191217,Héctor Bellerín,30,1988.0
2025,Real Betis,86784,Ricardo Rodríguez,32,2446.0
2025,Real Betis,99922,Marc Bartra,34,2499.0
2025,Real Betis,1052283,Darling Bladi,21,2.0
2025,Real Betis,961945,Félix Garreta,21,
2025,Real Betis,1054909,Pablo Busto,19,
2025,Real Betis,1307658,Carlos de Roa,17,
2025,Real Betis,466801,Sergi Altimira,23,2171.0
2025,Real Betis,287579,Sofyan Amrabat,28,1612.0
2025,Real Betis,907559,Nelson Deossa,25,1491.0
2025,Real Betis,357885,Pablo Fornals,29,3709.0
2025,Real Betis,348795,Giovani Lo Celso,29,1777.0
2025,Real Betis,261503,Álvaro Fidalgo,28,749.0
2025,Real Betis,336869,Marc Roca,28,2717.0
2025,Real Betis,85288,Isco,33,237.0
2025,Real Betis,972730,Mawuli Mensah,21,
2025,Real Betis,895331,Dani Pérez,19,23.0
2025,Real Betis,1111831,Iván Corralejo,18,41.0
2025,Real Betis,602105,Antony,25,3498.0
2025,Real Betis,724520,Abde Ezzalzouli,23,3171.0
2025,Real Betis,459463,Cucho Hernández,26,3130.0
2025,Real Betis,961087,Pablo García,19,714.0
2025,Real Betis,461617,Rodrigo Riquelme,25,1432.0
2025,Real Betis,378139,Aitor Ruibal,29,2703.0
2025,Real Betis,1061285,Rodrigo Marina,18,
2025,Real Betis,632741,Iker Losada,23,
2025,Real Betis,167721,Chimy Ávila,31,1020.0
2025,Real Betis,127048,Cédric Bakambu,34,1175.0
2025,Real Betis,1335870,José Antonio Morante,18,22.0
2025,Athletic Club,262396,Unai Simón,28,4140.0
2025,Athletic Club,834483,Álex Padilla,21,600.0
2025,Athletic Club,1056956,Mikel Santos,20,
2025,Athletic Club,524000,Dani Vivian,25,3478.0
2025,Athletic Club,176553,Aymeric Laporte,31,2434.0
2025,Athletic Club,591916,Aitor Paredes,25,2503.0
2025,Athletic Club,488626,Jesús Areso,25,1964.0
2025,Athletic Club,289255,Andoni Gorosabel,28,2051.0
2025,Athletic Club,710671,Adama Boiro,23,1535.0
2025,Athletic Club,1124051,Iker Monreal,19,180.0
2025,Athletic Club,61812,Yuri Berchiche,35,3183.0
2025,Athletic Club,255488,Yeray Álvarez,30,514.0
2025,Athletic Club,905015,Jon de Luis,21,
2025,Athletic Club,834485,Unai Egiluz,23,
2025,Athletic Club,834488,Aimar Duñabeitia,22,
2025,Athletic Club,1189292,Ander Izagirre,22,
2025,Athletic Club,255501,Iñigo Lekue,32,1229.0
2025,Athletic Club,938729,Mikel Jauregizar,21,3816.0
2025,Athletic Club,571020,Oihan Sancet,25,2466.0
2025,Athletic Club,625047,Beñat Prados,24,85.0
2025,Athletic Club,834752,Unai Gómez,22,1433.0
2025,Athletic Club,834491,Alejandro Rego,22,2058.0
2025,Athletic Club,1312698,Selton Sánchez,18,403.0
2025,Athletic Club,126751,Iñigo Ruiz de Galarreta,31,2744.0
2025,Athletic Club,610083,Unai Vencedor,24,
2025,Athletic Club,300168,Mikel Vesga,32,829.0
2025,Athletic Club,979324,Eder García,21,36.0
2025,Athletic Club,938730,Ibon Sánchez,21,10.0
2025,Athletic Club,709187,Nico Williams,22,2101.0
2025,Athletic Club,255508,Iñaki Williams,31,2708.0
2025,Athletic Club,563137,Robert Navarro,23,2038.0
2025,Athletic Club,340205,Gorka Guruzeta,28,3282.0
2025,Athletic Club,338425,Álex Berenguer,29,2821.0
2025,Athletic Club,1054934,Maroan Sannadi,24,361.0
2025,Athletic Club,668183,Nico Serrano,22,577.0
2025,Athletic Club,610622,Urko Izeta,25,346.0
2025,Athletic Club,1038182,Elijah Gift,19,
2025,Athletic Club,1056970,Asier Hierro,20,71.0
2025,Athletic Club,1162017,Adrián Pérez,18,
2025,Athletic Club,1120228,Endika Buján,22,
2025,Celta Vigo,303657,Ionuț Radu,28,4500.0
2025,Celta Vigo,297194,Iván Villar,27,510.0
2025,Celta Vigo,541621,Marc Vidal,25,
2025,Celta Vigo,1131898,Marcos González,19,
2025,Celta Vigo,331505,Óscar Mingueza,26,2939.0
2025,Celta Vigo,1076815,Javi Rodríguez,22,3633.0
2025,Celta Vigo,545647,Sergio Carreira,24,3515.0
2025,Celta Vigo,652331,Javi Rueda,23,2081.0
2025,Celta Vigo,258987,Carl Starfelt,30,2394.0
2025,Celta Vigo,626953,Álvaro Núñez,24,332.0
2025,Celta Vigo,939374,Yoel Lago,21,1385.0
2025,Celta Vigo,636093,Carlos Domínguez,24,927.0
2025,Celta Vigo,638124,Manu Fernández,24,1117.0
2025,Celta Vigo,112515,Marcos Alonso,34,3759.0
2025,Celta Vigo,358250,Joseph Aidoo,29,875.0
2025,Celta Vigo,271455,Mihailo Ristic,29,743.0
2025,Celta Vigo,996418,Pablo Meixús,22,25.0
2025,Celta Vigo,1064471,Fer López,21,1432.0
2025,Celta Vigo,617074,Ilaix Moriba,22,3509.0
2025,Celta Vigo,892932,Miguel Román,22,2004.0
2025,Celta Vigo,892221,Hugo Sotelo,21,1605.0
2025,Celta Vigo,423444,Fran Beltrán,26,960.0
2025,Celta Vigo,715628,Damián Rodríguez,22,377.0
2025,Celta Vigo,143812,Matías Vecino,33,492.0
2025,Celta Vigo,961085,Óscar Marcos,19,45.0
2025,Celta Vigo,1262787,Hugo Burcio,18,7.0
2025,Celta Vigo,1293040,Andrés Antañón,18,87.0
2025,Celta Vigo,764859,Williot Swedberg,21,1975.0
2025,Celta Vigo,599231,Ferran Jutglà,26,2281.0
2025,Celta Vigo,713644,Bryan Zaragoza,23,1420.0
2025,Celta Vigo,892929,Hugo Álvarez,21,1922.0
2025,Celta Vigo,960571,Jones El-Abdellaoui,19,1169.0
2025,Celta Vigo,905997,Pablo Durán,24,1876.0
2025,Celta Vigo,278359,Borja Iglesias,32,2710.0
2025,Celta Vigo,72047,Iago Aspas,37,2047.0
2025,Celta Vigo,707279,Hugo González,22,72.0
2025,Celta Vigo,341110,Franco Cervi,31,165.0
2025,Celta Vigo,1064465,Ángel Arcos,19,80.0
2025,Girona,205927,Dominik Livakovic,30,
2025,Girona,74857,Marc-André ter Stegen,33,180.0
2025,Girona,195488,Paulo Gazzaniga,33,3193.0
2025,Girona,199321,Rubén Blanco,29,
2025,Girona,1169436,Vladyslav Krapyvtsov,20,257.0
2025,Girona,1135665,Aleksandar Andreev,19,
2025,Girona,120705,Juan Carlos,37,
2025,Girona,1005575,Vitor Reis,19,3287.0
2025,Girona,345911,Ladislav Krejci,26,180.0
2025,Girona,826224,Arnau Martínez,22,2739.0
2025,Girona,834487,Hugo Rincón,22,1928.0
2025,Girona,632896,Alejandro Francés,22,1200.0
2025,Girona,193098,Álex Moreno,32,2558.0
2025,Girona,12282,Daley Blind,35,2610.0
2025,Girona,129444,David López,35,293.0
2025,Girona,1060647,Pol Arnau,20,16.0
2025,Girona,1184096,Antonio Salguero,20,120.0
2025,Girona,1319444,Gibert Jordana,18,23.0
2025,Girona,593482,Azzedine Ounahi,25,1766.0
2025,Girona,994536,Claudio Echeverri,19,618.0
2025,Girona,378293,Yangel Herrera,27,112.0
2025,Girona,341278,Iván Martín,26,2594.0
2025,Girona,742521,Jhon Solís,20,531.0
2025,Girona,423444,Fran Beltrán,26,1014.0
2025,Girona,288255,Donny van de Beek,28,41.0
2025,Girona,205562,Thomas Lemar,29,1304.0
2025,Girona,35047,Axel Witsel,36,2533.0
2025,Girona,974251,Lass Kourouma,21,249.0
2025,Girona,1060650,Javi Sarasa,19,67.0
2025,Girona,906025,Ricard Artero,22,
2025,Girona,264372,Viktor Tsygankov,27,2728.0
2025,Girona,631821,Vladyslav Vanat,23,2061.0
2025,Girona,857818,Yáser Asprilla,21,770.0
2025,Girona,537382,Bryan Gil,24,1642.0
2025,Girona,895326,Joel Roca,20,1558.0
2025,Girona,476219,Bojan Miovski,26,43.0
2025,Girona,340376,Abel Ruiz,25,278.0
2025,Girona,99353,Portu,33,532.0
2025,Girona,891923,Dawda Camara,22,71.0
2025,Girona,59323,Cristhian Stuani,38,471.0
2025,Girona,1337084,Papa Ba,21,194.0
2025,Girona,1025582,Juan Arango,19,16.0
2025,Sevilla,124419,Odysseas Vlachodimos,31,3060.0
2025,Sevilla,73517,Ørjan Nyland,34,630.0
2025,Sevilla,766552,Alberto Flores,21,
2025,Sevilla,833884,Rafa Romero,21,
2025,Sevilla,1057001,Loren Luchino,19,
2025,Sevilla,766583,Kike Salas,23,2383.0
2025,Sevilla,711625,José Ángel Carmona,23,2719.0
2025,Sevilla,676042,Juanlu Sánchez,21,2201.0
2025,Sevilla,1032280,Oso,21,1648.0
2025,Sevilla,385105,Gabriel Suazo,27,2127.0
2025,Sevilla,719999,Andrés Castrín,22,1388.0
2025,Sevilla,501418,Adrià Pedrosa,27,5.0
2025,Sevilla,439022,Marcão,29,937.0
2025,Sevilla,155025,Fábio Cardoso,31,388.0
2025,Sevilla,538996,Tanguy Nianzou,23,647.0
2025,Sevilla,882710,Ramón Martínez,22,181.0
2025,Sevilla,660735,Federico Gattoni,26,9.0
2025,Sevilla,803003,Iker Muñoz,21,
2025,Sevilla,57500,César Azpilicueta,35,1218.0
2025,Sevilla,569384,Lucien Agoumé,23,2805.0
2025,Sevilla,395234,Batista Mendy,25,1641.0
2025,Sevilla,212723,Djibril Sow,28,2289.0
2025,Sevilla,743387,Stanis Idumbo,20,45.0
2025,Sevilla,74294,Nemanja Gudelj,33,2549.0
2025,Sevilla,766723,Manu Bueno,20,428.0
2025,Sevilla,1236856,Nico Guillén,17,
2025,Sevilla,263727,Joan Jordán,30,166.0
2025,Sevilla,1056935,Edu Altozano,18,
2025,Sevilla,303259,Dodi Lukébakio,27,180.0
2025,Sevilla,607034,Akor Adams,25,2150.0
2025,Sevilla,345886,Rubén Vargas,26,1620.0
2025,Sevilla,687609,Isaac Romero,25,1670.0
2025,Sevilla,217115,Neal Maupay,28,871.0
2025,Sevilla,500067,Chidera Ejuke,27,1016.0
2025,Sevilla,357628,Alfon González,26,463.0
2025,Sevilla,639733,Peque Fernández,22,1148.0
2025,Sevilla,40433,Alexis Sánchez,36,1400.0
2025,Sevilla,177847,Adnan Januzaj,30,384.0
2025,Sevilla,1064105,Miguel Sierra,20,65.0
2025,Sevilla,1166534,Álex Costa,22,
2025,Valencia,625014,Julen Agirrezabala,24,1710.0
2025,Valencia,165467,Stole Dimitrievski,31,2190.0
2025,Valencia,741251,Vicent Abril,20,
2025,Valencia,398131,Cristian Rivero,27,
2025,Valencia,632913,Pere García,23,
2025,Valencia,707274,César Tárrega,23,2762.0
2025,Valencia,520840,José Copete,25,1910.0
2025,Valencia,221322,José Gayà,30,2462.0
2025,Valencia,623024,Jesús Vázquez,22,1441.0
2025,Valencia,338285,Unai Núñez,28,912.0
2025,Valencia,367466,Thierry Correia,26,1451.0
2025,Valencia,298583,Eray Cömert,27,1729.0
2025,Valencia,346289,Mouctar Diakhaby,28,591.0
2025,Valencia,268642,Renzo Saravia,32,354.0
2025,Valencia,170472,Dimitri Foulquier,32,1404.0
2025,Valencia,668212,Rubén Iranzo,22,295.0
2025,Valencia,1063331,Marcos Navarro,21,
2025,Valencia,1141157,Alejandro Panach,19,88.0
2025,Valencia,1364996,Rubén Muñoz de Morales,18,
2025,Valencia,1353687,Joel Fontanet,19,
2025,Valencia,834764,Javi Guerra,22,2359.0
2025,Valencia,328480,Pepelu,26,2383.0
2025,Valencia,375382,André Almeida,25,1188.0
2025,Valencia,394236,Filip Ugrinic,26,1699.0
2025,Valencia,342385,Guido Rodríguez,31,1309.0
2025,Valencia,285323,Baptiste Santamaria,30,1015.0
2025,Valencia,646743,Javi Navarro,21,
2025,Valencia,1200328,Lucas Núñez,19,20.0
2025,Valencia,1515724,Aaron Mayol,17,
2025,Valencia,573775,Hugo Duro,25,2202.0
2025,Valencia,617081,Diego López,23,2006.0
2025,Valencia,628366,Lucas Beltrán,24,1604.0
2025,Valencia,518644,Largie Ramazani,24,1464.0
2025,Valencia,337715,Umar Sadiq,28,1026.0
2025,Valencia,355861,Arnaut Danjuma,28,1814.0
2025,Valencia,278837,Luis Rioja,31,2859.0
2025,Valencia,413262,Dani Raba,29,497.0
2025,Valencia,1009766,David Otorbi,17,72.0
2025,Valencia,941867,Mario Domínguez,21,
2025,Valencia,1000630,Pablo López,19,
2025,Valencia,1060658,Marc Jurado,19,2.0
2025,Valencia,1254646,Aimar Blázquez,19,
2025,RCD Espanyol Barcelona,94308,Marko Dmitrovic,33,3330.0
2025,RCD Espanyol Barcelona,628487,Ángel Fortuño,23,270.0
2025,RCD Espanyol Barcelona,1141128,Llorenç Serred,19,
2025,RCD Espanyol Barcelona,605528,Pol Tristán,23,
2025,RCD Espanyol Barcelona,709372,Carlos Romero,23,3195.0
2025,RCD Espanyol Barcelona,822331,Omar El Hilali,21,2918.0
2025,RCD Espanyol Barcelona,692070,Clemens Riedel,21,1487.0
2025,RCD Espanyol Barcelona,357884,Fernando Calero,29,2240.0
2025,RCD Espanyol Barcelona,819590,José Salinas,24,429.0
2025,RCD Espanyol Barcelona,705813,Rubén Sánchez,24,878.0
2025,RCD Espanyol Barcelona,583510,Miguel Rubio,27,378.0
2025,RCD Espanyol Barcelona,629511,Pablo Ramón,24,
2025,RCD Espanyol Barcelona,1204959,Roger Hinojo,20,
2025,RCD Espanyol Barcelona,102423,Leandro Cabrera,34,3330.0
2025,RCD Espanyol Barcelona,1258838,José Ángel López,19,
2025,RCD Espanyol Barcelona,1154003,Adama Timera,20,
2025,RCD Espanyol Barcelona,625651,Urko González de Zárate,24,2735.0
2025,RCD Espanyol Barcelona,412045,Pol Lozano,25,2170.0
2025,RCD Espanyol Barcelona,506248,Edu Expósito,28,2618.0
2025,RCD Espanyol Barcelona,783396,Ramón Terrats,24,1117.0
2025,RCD Espanyol Barcelona,243879,Charles Pickel,28,856.0
2025,RCD Espanyol Barcelona,946279,Javi Hernández,21,78.0
2025,RCD Espanyol Barcelona,1178721,Rafel Bauzà,20,
2025,RCD Espanyol Barcelona,1254170,Ferran Gómez,19,14.0
2025,RCD Espanyol Barcelona,1310047,Miguel Londoño,17,
2025,RCD Espanyol Barcelona,720518,Roberto Fernández,22,2444.0
2025,RCD Espanyol Barcelona,647435,Tyrhys Dolan,23,2464.0
2025,RCD Espanyol Barcelona,408471,Javi Puado,27,678.0
2025,RCD Espanyol Barcelona,358032,Cyril Ngonge,25,426.0
2025,RCD Espanyol Barcelona,745461,Luca Koleosho,20,226.0
2025,RCD Espanyol Barcelona,628498,Jofre Carreras,24,983.0
2025,RCD Espanyol Barcelona,834744,Antoniu Roca,22,371.0
2025,RCD Espanyol Barcelona,225593,Pere Milla,32,1988.0
2025,RCD Espanyol Barcelona,93936,Kike García,35,1878.0
2025,RCD Espanyol Barcelona,1101356,Lluc Castell,18,18.0
2025,RCD Espanyol Barcelona,946269,Alex Almansa,21,
2025,Levante,128969,Mathew Ryan,33,3240.0
2025,Levante,617059,Pablo Campos,23,450.0
2025,Levante,939445,Álex Primo,20,
2025,Levante,1063330,Cayetano Romero,20,
2025,Levante,1144700,Matías Moreno,21,2281.0
2025,Levante,618809,Manu Sánchez,24,2818.0
2025,Levante,861981,Alan Matturro,20,1096.0
2025,Levante,341263,Adrián Dela,26,2890.0
2025,Levante,129674,Jeremy Toljan,30,3206.0
2025,Levante,505493,Diego Pampín,25,714.0
2025,Levante,1063333,Jorge Cabello,21,544.0
2025,Levante,255495,Unai Elgezabal,32,1023.0
2025,Levante,1371830,Nacho Pérez,16,218.0
2025,Levante,1105075,Martín Krug,18,90.0
2025,Levante,1476968,Huseini Nakoha,18,25.0
2025,Levante,668179,Carlos Álvarez,21,1898.0
2025,Levante,568835,Pablo Martínez,27,1959.0
2025,Levante,707230,Ugo Raghouber,21,705.0
2025,Levante,625660,Jon Ander Olasagasti,24,1881.0
2025,Levante,526050,Kervin Arriaga,27,1572.0
2025,Levante,293388,Oriol Rey,27,1454.0
2025,Levante,610083,Unai Vencedor,24,993.0
2025,Levante,341277,Sergio Lozano,26,11.0
2025,Levante,692207,Dani Cervera,22,
2025,Levante,897016,Joan Ruiz,22,
2025,Levante,1049278,Pablo Rosón,20,1.0
2025,Levante,1063338,Carlos Espí,19,1438.0
2025,Levante,1038950,Karl Etta Eyong,21,1427.0
2025,Levante,628886,Iván Romero,24,2320.0
2025,Levante,525140,Goduine Koyalipou,25,387.0
2025,Levante,557057,Roger Brugué,28,1093.0
2025,Levante,1063340,Kareem Tunde,19,1144.0
2025,Levante,632741,Iker Losada,23,1158.0
2025,Levante,590690,Víctor García,27,1220.0
2025,Levante,1232057,Paco Cortés,17,471.0
2025,Levante,921345,Tay Abed,20,87.0
2025,Levante,252677,José Luis Morales,37,612.0
2025,Rayo Vallecano,275218,Augusto Batalla,29,4410.0
2025,Rayo Vallecano,397676,Dani Cárdenas,28,750.0
2025,Rayo Vallecano,1322790,Adrián Molina,19,
2025,Rayo Vallecano,708370,Juanpe Gil,24,
2025,Rayo Vallecano,527966,Andrei Rațiu,27,3866.0
2025,Rayo Vallecano,596122,Pep Chavarría,27,3519.0
2025,Rayo Vallecano,1034853,Nobel Mendy,20,1932.0
2025,Rayo Vallecano,451801,Abdul Mumin,27,78.0
2025,Rayo Vallecano,457931,Luiz Felipe,28,1095.0
2025,Rayo Vallecano,765467,Jozhua Vertrouwd,20,1177.0
2025,Rayo Vallecano,127108,Florian Lejeune,34,4778.0
2025,Rayo Vallecano,85295,Iván Balliu,33,1452.0
2025,Rayo Vallecano,311044,Alfonso Espino,33,2442.0
2025,Rayo Vallecano,692208,Pelayo Fernández,22,52.0
2025,Rayo Vallecano,948254,Marco de las Sías,19,90.0
2025,Rayo Vallecano,1384902,Sergio Lozano,19,
2025,Rayo Vallecano,363057,Pedro Díaz,27,2294.0
2025,Rayo Vallecano,192009,Unai López,29,2577.0
2025,Rayo Vallecano,517753,Óscar Valentín,30,2952.0
2025,Rayo Vallecano,525578,Pathé Ciss,31,3119.0
2025,Rayo Vallecano,268670,Gerard Gumbau,30,1967.0
2025,Rayo Vallecano,560483,Randy Nteka,27,550.0
2025,Rayo Vallecano,1384911,Samu Becerra,19,112.0
2025,Rayo Vallecano,1429733,Marco Román,19,
2025,Rayo Vallecano,30321,Óscar Trejo,37,677.0
2025,Rayo Vallecano,709969,Ilias Akhomach,21,992.0
2025,Rayo Vallecano,455181,Jorge de Frutos,28,3366.0
2025,Rayo Vallecano,560417,Alemão,27,1740.0
2025,Rayo Vallecano,505674,Sergio Camello,24,1623.0
2025,Rayo Vallecano,362086,Isi Palazón,30,3394.0
2025,Rayo Vallecano,622988,Fran Pérez,22,2046.0
2025,Rayo Vallecano,618813,Carlos Martín,23,516.0
2025,Rayo Vallecano,257062,Álvaro García,32,3080.0
2025,Elche,283170,Iñaki Peña,26,1440.0
2025,Elche,618801,Alejandro Iturbe,21,
2025,Elche,144128,Matías Dituro,38,2370.0
2025,Elche,452483,David Affengruber,24,3096.0
2025,Elche,937955,Héctor Fort,18,623.0
2025,Elche,962125,Buba Sangaré,17,541.0
2025,Elche,626953,Álvaro Núñez,24,1652.0
2025,Elche,495625,Víctor Chust,25,2301.0
2025,Elche,501418,Adrià Pedrosa,27,1387.0
2025,Elche,412829,Léo Pétrot,28,1913.0
2025,Elche,627290,John Donald,24,862.0
2025,Elche,435493,Bambo Diaby,27,301.0
2025,Elche,337946,Jairo Izquierdo,31,25.0
2025,Elche,203043,Pedro Bigas,35,2114.0
2025,Elche,1456236,David Delgado,17,32.0
2025,Elche,1064504,Nico Salvador,19,64.0
2025,Elche,1118682,Pablo Felipe,20,
2025,Elche,1483854,Alex Herráiz,16,
2025,Elche,1183198,Bema Sina,22,
2025,Elche,1196497,Albert Niculăesei,17,
2025,Elche,961297,Rodrigo Mendoza,20,1126.0
2025,Elche,217144,Aleix Febas,29,3256.0
2025,Elche,549027,Martim Neto,22,1530.0
2025,Elche,531404,Marc Aguado,25,2641.0
2025,Elche,909758,Federico Redondo,22,501.0
2025,Elche,398163,Gonzalo Villar,27,718.0
2025,Elche,1186240,Antonio Martínez,19,
2025,Elche,948275,Álvaro Rodríguez,20,2321.0
2025,Elche,548188,Germán Valera,23,2892.0
2025,Elche,361254,Rafa Mir,28,1900.0
2025,Elche,198008,André Silva,29,1899.0
2025,Elche,527972,Mourad El Ghezouani,27,50.0
2025,Elche,912392,Lucas Cepeda,22,399.0
2025,Elche,342048,Grady Diangana,27,950.0
2025,Elche,339816,Tete Morente,28,933.0
2025,Elche,706947,Yago Santiago,22,414.0
2025,Elche,1064506,Adam Boayar,19,441.0
2025,Elche,1064538,Ali Houary,19,278.0
2025,Elche,935300,Piri,21,
2025,Elche,1060657,Juan Piera,20,
2025,Elche,1064543,Nordin Al Lal,20,
2025,Elche,277533,Josan,35,841.0
2025,Elche,1186244,Álex Sánchez,19,5.0
2025,Osasuna,248738,Sergio Herrera,32,3285.0
2025,Osasuna,118997,Aitor Fernández,34,555.0
2025,Osasuna,890817,Dimitrios Stamatakis,22,
2025,Osasuna,929864,Rafa Fernández,21,
2025,Osasuna,541555,Enzo Boyomo,23,2665.0
2025,Osasuna,555500,Jorge Herrando,24,1922.0
2025,Osasuna,658115,Abel Bretones,24,1747.0
2025,Osasuna,441170,Valentin Rosier,28,2611.0
2025,Osasuna,449796,Alejandro Catena,30,3249.0
2025,Osasuna,448628,Javi Galán,30,1732.0
2025,Osasuna,169497,Juan Cruz,32,994.0
2025,Osasuna,1065442,Iñigo Arguibide,20,403.0
2025,Osasuna,834486,Raúl Chasco,21,29.0
2025,Osasuna,705881,Mikel Serrano,22,5.0
2025,Osasuna,1065454,Unai Santos,19,
2025,Osasuna,634131,Aimar Oroz,23,2154.0
2025,Osasuna,552425,Jon Moncayola,27,3201.0
2025,Osasuna,213670,Lucas Torró,30,2398.0
2025,Osasuna,710677,Iker Muñoz,22,1310.0
2025,Osasuna,175449,Moi Gómez,31,1478.0
2025,Osasuna,1038512,Asier Osambela,20,588.0
2025,Osasuna,941080,Jon García,22,45.0
2025,Osasuna,1065440,Mauro Echegoyen,20,66.0
2025,Osasuna,935231,Víctor Muñoz,21,2766.0
2025,Osasuna,624942,Raúl Moro,22,623.0
2025,Osasuna,631002,Raúl García,24,1384.0
2025,Osasuna,46413,Ante Budimir,33,3013.0
2025,Osasuna,213260,Rubén García,31,2384.0
2025,Osasuna,188888,Sheraldo Becker,30,360.0
2025,Osasuna,298575,Kike Barja,28,691.0
2025,Osasuna,710679,Iker Benito,22,245.0
2025,Osasuna,928726,Roberto Arroyo,21,113.0
2025,Osasuna,1164330,Martin Pedroarena,21,128.0
2025,Osasuna,1460495,Aly Kall Doumbia,17,
2025,Getafe,226012,David Soria,32,3420.0
2025,Getafe,339079,Jiri Letacek,26,300.0
2025,Getafe,1298885,Diego Ferrer,18,
2025,Getafe,1135452,Jorge Benito,19,
2025,Getafe,390688,Juan Iglesias,26,3217.0
2025,Getafe,559979,Abdel Abqar,26,1462.0
2025,Getafe,741142,Zaid Romero,25,1350.0
2025,Getafe,898352,Sebastián Boselli,21,374.0
2025,Getafe,221150,Dakonam Djené,33,2585.0
2025,Getafe,249513,Diego Rico,32,1964.0
2025,Getafe,1268764,Davinchi,17,698.0
2025,Getafe,257376,Domingos Duarte,30,2999.0
2025,Getafe,76467,Kiko Femenía,34,2052.0
2025,Getafe,1164331,Ismael Bekhoucha,20,182.0
2025,Getafe,735895,Lucas Laso,22,255.0
2025,Getafe,854056,Marc Vilaplana,22,45.0
2025,Getafe,111508,Allan Nyom,37,673.0
2025,Getafe,1013810,Jorge Montes,21,191.0
2025,Getafe,1294868,Alberto Cordero,20,45.0
2025,Getafe,948273,Mario Martín,21,2238.0
2025,Getafe,290249,Mauro Arambarri,29,3255.0
2025,Getafe,281989,Luis Milla,30,3322.0
2025,Getafe,469669,Yvan Neyou,28,279.0
2025,Getafe,282421,Javi Muñoz,30,826.0
2025,Getafe,1118201,Alejandro Mestanza,20,70.0
2025,Getafe,845638,Damián Cáceres,22,151.0
2025,Getafe,945767,Hugo Solozábal,22,87.0
2025,Getafe,1255616,Alberto Risco,19,
2025,Getafe,1313717,Adrián Riquelme,19,
2025,Getafe,1124005,Christantus Uche,22,270.0
2025,Getafe,640109,Martín Satriano,24,1607.0
2025,Getafe,298976,Borja Mayoral,28,1220.0
2025,Getafe,419648,Veljko Birmancevic,27,138.0
2025,Getafe,1061122,Adrián Liso,20,1801.0
2025,Getafe,696764,Abu Kamara,21,320.0
2025,Getafe,844516,Luis Vázquez,24,1205.0
2025,Getafe,434990,Álex Sola,26,12.0
2025,Getafe,710004,Peter Federico,22,
2025,Getafe,1033005,Coba da Costa,22,505.0
2025,Getafe,560705,Álex Sancris,28,905.0
2025,Getafe,126737,Juanmi,32,394.0
2025,Getafe,1000135,Joselu Pérez,21,168.0
2025,Getafe,1184137,Yassin Tallal,20,152.0
2025,Getafe,1122007,Mykyta Aleksandrov,20,
2025,Mallorca,562742,Leo Román,24,2970.0
2025,Mallorca,490606,Lucas Bergström,22,630.0
2025,Mallorca,27493,Iván Cuéllar,41,90.0
2025,Mallorca,705259,Nil Torreguitart,23,
2025,Mallorca,1388066,Rareș Vlad,19,
2025,Mallorca,371371,Marash Kumbulla,25,594.0
2025,Mallorca,251876,Pablo Maffeo,27,2691.0
2025,Mallorca,277384,Martin Valjent,29,3362.0
2025,Mallorca,262939,Johan Mojica,32,2726.0
2025,Mallorca,388513,Mateu Morey,25,950.0
2025,Mallorca,320271,Toni Lato,27,697.0
2025,Mallorca,947431,David López,22,1074.0
2025,Mallorca,278296,Antonio Raíllo,33,2070.0
2025,Mallorca,1180809,Iliesse Salhi,17,147.0
2025,Mallorca,1385448,Javier Olaizola,18,140.0
2025,Mallorca,1393997,Miguel Calatayud,19,41.0
2025,Mallorca,1487239,Luis Orejuela,17,90.0
2025,Mallorca,1526308,Leo Sánchez,18,
2025,Mallorca,657430,Samú Costa,24,2811.0
2025,Mallorca,720038,Pablo Torre,22,1829.0
2025,Mallorca,142021,Sergi Darder,31,2720.0
2025,Mallorca,335225,Manu Morlanes,26,1852.0
2025,Mallorca,513031,Antonio Sánchez,28,1319.0
2025,Mallorca,142031,Omar Mascarell,32,2348.0
2025,Mallorca,1063574,Jan Salas,19,15.0
2025,Mallorca,139435,Dani Rodríguez,37,67.0
2025,Mallorca,1309820,Cesc Riba,18,
2025,Mallorca,1321412,Jandro García,19,
2025,Mallorca,1301775,Jan Virgili,18,1825.0
2025,Mallorca,256267,Vedat Muriqi,31,3137.0
2025,Mallorca,834742,Mateo Joseph,21,1716.0
2025,Mallorca,666547,Zito Luvumbo,23,509.0
2025,Mallorca,245744,Takuma Asano,30,837.0
2025,Mallorca,1296876,Marc Domènech,18,303.0
2025,Mallorca,177452,Abdón Prats,32,401.0
2025,Mallorca,706138,Javi Llabrés,22,429.0
2025,Mallorca,1101641,Justin Kalumba,20,79.0
2025,Mallorca,857830,Daniel Luna,22,
2025,Alaves,298197,Antonio Sivera,28,3420.0
2025,Alaves,1063990,Grégoire Swiderski,19,
2025,Alaves,54217,Raúl Fernández,37,450.0
2025,Alaves,948253,Rubén Montero,19,
2025,Alaves,580560,Jon Pacheco,24,2004.0
2025,Alaves,741289,Youssef Enríquez,19,1611.0
2025,Alaves,591957,Victor Parada,23,2291.0
2025,Alaves,533568,Nahuel Tenaglia,29,3510.0
2025,Alaves,175446,Jonny Otto,31,3112.0
2025,Alaves,694509,Moussa Diarra,24,399.0
2025,Alaves,581326,Ville Koski,23,281.0
2025,Alaves,258475,Nikola Maras,29,
2025,Alaves,1064391,Egoitz Muñoz,21,135.0
2025,Alaves,941155,Xanet Oláiz,19,1.0
2025,Alaves,1064403,Álvaro García,19,
2025,Alaves,1064116,Paco Sanz,20,
2025,Alaves,945760,Carlos Ballestero,21,62.0
2025,Alaves,533354,Facundo Garcés,25,792.0
2025,Alaves,495621,Antonio Blanco,24,3241.0
2025,Alaves,785353,Pablo Ibáñez,26,2420.0
2025,Alaves,284854,Carles Aleñá,27,2203.0
2025,Alaves,465967,Ander Guevara,27,993.0
2025,Alaves,289257,Jon Guridi,30,1424.0
2025,Alaves,798114,Calebe,25,888.0
2025,Alaves,165007,Denis Suárez,31,1581.0
2025,Alaves,431190,Carlos Protesoni,27,655.0
2025,Alaves,895591,Lander Pinillos,21,30.0
2025,Alaves,302371,Toni Martínez,28,3079.0
2025,Alaves,540536,Carlos Vicente,26,1539.0
2025,Alaves,334222,Lucas Boyé,29,1998.0
2025,Alaves,1124136,Ángel Pérez,23,1297.0
2025,Alaves,718034,Abde Rebbach,26,1731.0
2025,Alaves,620696,Ibrahim Diabate,25,581.0
2025,Alaves,935232,Aitor Mañas,22,364.0
2025,Alaves,225020,Mariano Díaz,31,420.0
2025,Alaves,1035156,Diego Morcillo,22,38.0
2025,Alaves,1427912,Izei Hernández,18,6.0
2025,Real Oviedo,284430,Aarón Escandell,29,3240.0
2025,Real Oviedo,525438,Horațiu Moldovan,27,300.0
2025,Real Oviedo,854158,Miguel Narváez,23,
2025,Real Oviedo,498237,David Carmo,25,1787.0
2025,Real Oviedo,568158,Javi López,23,1769.0
2025,Real Oviedo,929899,Rahim Alhassane,23,1774.0
2025,Real Oviedo,286384,Eric Bailly,31,1356.0
2025,Real Oviedo,276111,David Costas,30,2064.0
2025,Real Oviedo,216870,Nacho Vidal,30,2272.0
2025,Real Oviedo,326416,Dani Calvo,31,1729.0
2025,Real Oviedo,447823,Oier Luengo,27,225.0
2025,Real Oviedo,349884,Lucas Ahijado,30,1212.0
2025,Real Oviedo,1065832,Marco Esteban,19,45.0
2025,Real Oviedo,1094227,Diego Espinosa,20,
2025,Real Oviedo,1038133,Omar Falah,21,13.0
2025,Real Oviedo,1065830,Adrián Fernández,19,
2025,Real Oviedo,462070,Nicolás Fonseca,26,1020.0
2025,Real Oviedo,395122,Santiago Colombatto,28,2134.0
2025,Real Oviedo,603696,Alberto Reina,27,2536.0
2025,Real Oviedo,168157,Leander Dendoncker,30,1333.0
2025,Real Oviedo,538006,Kwasi Sibo,27,1806.0
2025,Real Oviedo,429790,Luka Ilic,25,802.0
2025,Real Oviedo,1081496,Pablo Agudín,17,148.0
2025,Real Oviedo,719737,Álex Cardero,21,
2025,Real Oviedo,1065837,Diego Menéndez,20,
2025,Real Oviedo,1065836,Cheli Pereda,19,
2025,Real Oviedo,15799,Santi Cazorla,40,924.0
2025,Real Oviedo,620164,Haissem Hassan,23,2024.0
2025,Real Oviedo,1127730,Thiago Fernández,21,822.0
2025,Real Oviedo,593412,Ilyas Chaira,24,2482.0
2025,Real Oviedo,578419,Federico Viñas,27,2507.0
2025,Real Oviedo,743951,Thiago Borbas,23,168.0
2025,Real Oviedo,293169,Josip Brekalo,27,548.0
2025,Real Oviedo,709380,Álex Forés,24,448.0
2025,Real Oviedo,804708,Brandon Dominguès,25,39.0
2025,Real Oviedo,337284,Ovie Ejaria,27,196.0
2025,Real Oviedo,80197,Salomón Rondón,35,1038.0
2025,Real Oviedo,217155,Borja Sánchez,29,13.0
2025,Real Oviedo,1118685,Lamine Gueye,20,
