season,team,direction,player_id,player_name,age,other_club,fee_type,fee_eur,fee_m
2018,Barcelona,arrival,323704,Malcom,21,G. BordeauxLigue 1,permanent,41000000.0,41.0
2018,Barcelona,arrival,182904,Clément Lenglet,23,Sevilla FCLaLiga,permanent,35900000.0,35.9
2018,Barcelona,arrival,362842,Arthur Melo,21,GrêmioSérie A,permanent,31000000.0,31.0
2018,Barcelona,arrival,37666,Arturo Vidal,31,Bayern MunichBundesliga,permanent,18000000.0,18.0
2018,Barcelona,arrival,476344,Emerson Royal,20,Atlético-MGSérie A,permanent,12000000.0,12.0
2018,Barcelona,arrival,131102,Jeison Murillo,26,ValenciaLaLiga,loan,1200000.0,1.2
2018,Barcelona,arrival,16922,Kevin-Prince Boateng,31,SassuoloSerie A,loan,1000000.0,1.0
2018,Barcelona,arrival,605184,Jean-Clair Todibo,19,ToulouseLigue 1,permanent,1000000.0,1.0
2018,Barcelona,arrival,284854,Carles Aleñá,20,Barça Atlètic2ª B - Grupo III,unknown,,
2018,Barcelona,arrival,284857,Marc Cucurella,19,Barça Atlètic2ª B - Grupo III,unknown,,
2018,Barcelona,arrival,268176,Sergi Palencia,22,Barça Atlètic2ª B - Grupo III,unknown,,
2018,Barcelona,arrival,142033,Adrián Ortolá,24,Barça Atlètic2ª B - Grupo III,unknown,,
2018,Barcelona,arrival,443222,Marc Cardona,22,Barça Atlètic2ª B - Grupo III,unknown,,
2018,Barcelona,arrival,57229,Paulinho,30,GuaZ FCSuper League,loan,,
2018,Barcelona,arrival,129473,Rafinha,25,InterSerie A,loan,,
2018,Barcelona,arrival,129476,Gerard Deulofeu,24,WatfordPremier League,loan,,
2018,Barcelona,arrival,223725,Munir El Haddadi,22,AlavésLaLiga,loan,,
2018,Barcelona,arrival,273236,Marlon,22,NiceLigue 1,loan,,
2018,Barcelona,arrival,58426,Douglas,27,BenficaLiga Portugal,loan,,
2018,Barcelona,departure,57229,Paulinho,30,GuaZ FCSuper League,permanent,42000000.0,42.0
2018,Barcelona,departure,289446,Yerry Mina,23,EvertonPremier League,permanent,30250000.0,30.25
2018,Barcelona,departure,126664,Lucas Digne,25,EvertonPremier League,permanent,20200000.0,20.2
2018,Barcelona,departure,129476,Gerard Deulofeu,24,WatfordPremier League,permanent,13000000.0,13.0
2018,Barcelona,departure,273236,Marlon,22,SassuoloSerie A,permanent,12000000.0,12.0
2018,Barcelona,departure,88490,Aleix Vidal,28,Sevilla FCLaLiga,permanent,9300000.0,9.3
2018,Barcelona,departure,476344,Emerson Royal,20,Real BetisLaLiga,permanent,6000000.0,6.0
2018,Barcelona,departure,57229,Paulinho,29,GuaZ FCSuper League,loan,5500000.0,5.5
2018,Barcelona,departure,165007,Denis Suárez,25,ArsenalPremier League,loan,2500000.0,2.5
2018,Barcelona,departure,221025,André Gomes,25,EvertonPremier League,loan,2250000.0,2.25
2018,Barcelona,departure,126716,Paco Alcácer,24,DortmundBundesliga,loan,2000000.0,2.0
2018,Barcelona,departure,223725,Munir El Haddadi,23,Sevilla FCLaLiga,permanent,1050000.0,1.05
2018,Barcelona,departure,7600,Andrés Iniesta,34,Vissel KobeJ1 League,free,0.0,0.0
2018,Barcelona,departure,181112,Sergi Samper,24,Vissel KobeJ1 League,free,0.0,0.0
2018,Barcelona,departure,284857,Marc Cucurella,20,SD EibarLaLiga,loan,,
2018,Barcelona,departure,268176,Sergi Palencia,22,G. BordeauxLigue 1,loan,,
2018,Barcelona,departure,142033,Adrián Ortolá,24,Dep. A CoruñaLaLiga2,loan,,
2018,Barcelona,departure,58426,Douglas,27,SivassporSüper Lig,loan,,
2018,Barcelona,departure,443222,Marc Cardona,23,SD EibarLaLiga,loan,,
2018,Atletico Madrid,arrival,205562,Thomas Lemar,22,MonacoLigue 1,permanent,72000000.0,72.0
2018,Atletico Madrid,arrival,257448,Gelson Martins,23,SportingLiga Portugal,permanent,22000000.0,22.0
2018,Atletico Madrid,arrival,357565,Rodri,22,VillarrealLaLiga,permanent,20000000.0,20.0
2018,Atletico Madrid,arrival,128223,Álvaro Morata,26,ChelseaPremier League,loan,18000000.0,18.0
2018,Atletico Madrid,arrival,36371,Nikola Kalinić,30,AC MilanSerie A,permanent,14500000.0,14.5
2018,Atletico Madrid,arrival,120443,Santiago Arias,26,PSVEredivisie,permanent,11000000.0,11.0
2018,Atletico Madrid,arrival,175446,Jonny Otto,24,Celta de VigoLaLiga,permanent,7000000.0,7.0
2018,Atletico Madrid,arrival,491693,Nehuén Pérez,18,Argentinos U20Argentina,permanent,2000000.0,2.0
2018,Atletico Madrid,arrival,44062,Antonio Adán,31,Real BetisLaLiga,permanent,1500000.0,1.5
2018,Atletico Madrid,arrival,420064,Caio Henrique,21,Atl. Madrileño2ª B - Grupo I,unknown,,
2018,Atletico Madrid,arrival,505673,Víctor Mollejo,17,Atl. Madrileño2ª B - Grupo I,unknown,,
2018,Atletico Madrid,arrival,175446,Jonny Otto,24,WolvesPremier League,loan,,
2018,Atletico Madrid,arrival,340950,Diogo Jota,21,WolvesChampionship,loan,,
2018,Atletico Madrid,arrival,214316,Luciano Vietto,24,ValenciaLaLiga,loan,,
2018,Atletico Madrid,arrival,324321,Bernard Mensah,23,KasimpasaSüper Lig,loan,,
2018,Atletico Madrid,arrival,189458,Emiliano Velázquez,24,Rayo VallecanoLaLiga2,loan,,
2018,Atletico Madrid,arrival,326363,André Moreira,23,Aston VillaChampionship,loan,,
2018,Atletico Madrid,arrival,326363,André Moreira,22,BelenensesLiga Portugal,loan,,
2018,Atletico Madrid,arrival,236734,Axel Werner,22,SD HuescaLaLiga,loan,,
2018,Atletico Madrid,arrival,273738,Héctor Hernández,23,Málaga CFLaLiga2,loan,,
2018,Atletico Madrid,arrival,273738,Héctor Hernández,22,AlbaceteLaLiga2,loan,,
2018,Atletico Madrid,arrival,491693,Nehuén Pérez,18,Argentinos Jrs.Liga Profesional (- 23/24),loan,,
2018,Atletico Madrid,departure,175446,Jonny Otto,24,WolvesPremier League,permanent,21000000.0,21.0
2018,Atletico Madrid,departure,27389,Kévin Gameiro,31,ValenciaLaLiga,permanent,16000000.0,16.0
2018,Atletico Madrid,departure,340950,Diogo Jota,21,WolvesPremier League,permanent,14000000.0,14.0
2018,Atletico Madrid,departure,76061,Sime Vrsaljko,26,InterSerie A,loan,6500000.0,6.5
2018,Atletico Madrid,departure,324321,Bernard Mensah,23,KayserisporSüper Lig,loan,400000.0,0.4
2018,Atletico Madrid,departure,7767,Fernando Torres,34,Sagan TosuJ1 League,free,0.0,0.0
2018,Atletico Madrid,departure,22969,Gabi,34,Al-SaddStars League,free,0.0,0.0
2018,Atletico Madrid,departure,189458,Emiliano Velázquez,24,Rayo VallecanoLaLiga,free,0.0,0.0
2018,Atletico Madrid,departure,257448,Gelson Martins,23,MonacoLigue 1,loan,,
2018,Atletico Madrid,departure,175446,Jonny Otto,24,WolvesPremier League,loan,,
2018,Atletico Madrid,departure,214316,Luciano Vietto,24,FulhamPremier League,loan,,
2018,Atletico Madrid,departure,326363,André Moreira,23,FeirenseLiga Portugal,loan,,
2018,Atletico Madrid,departure,326363,André Moreira,22,Aston VillaChampionship,loan,,
2018,Atletico Madrid,departure,236734,Axel Werner,22,SD HuescaLaLiga,loan,,
2018,Atletico Madrid,departure,236734,Axel Werner,22,Málaga CFLaLiga2,loan,,
2018,Atletico Madrid,departure,420064,Caio Henrique,21,FluminenseSérie A,loan,,
2018,Atletico Madrid,departure,273738,Héctor Hernández,23,R. MajadahondaLaLiga2,loan,,
2018,Atletico Madrid,departure,273738,Héctor Hernández,22,Málaga CFLaLiga2,loan,,
2018,Atletico Madrid,departure,491693,Nehuén Pérez,18,Argentinos Jrs.Liga Profesional (- 23/24),loan,,
2018,Real Madrid,arrival,371998,Vinicius Junior,18,FlamengoSérie A,permanent,45000000.0,45.0
2018,Real Madrid,arrival,108390,Thibaut Courtois,26,ChelseaPremier League,permanent,35000000.0,35.0
2018,Real Madrid,arrival,280730,Álvaro Odriozola,22,Real SociedadLaLiga,permanent,32000000.0,32.0
2018,Real Madrid,arrival,225020,Mariano Díaz,25,LyonLigue 1,permanent,21500000.0,21.5
2018,Real Madrid,arrival,314678,Brahim Díaz,19,Man CityPremier League,permanent,17000000.0,17.0
2018,Real Madrid,arrival,404839,Andriy Lunin,19,Zorya LuganskPremier Liga,permanent,8500000.0,8.5
2018,Real Madrid,arrival,142031,Omar Mascarell,25,FrankfurtBundesliga,permanent,4000000.0,4.0
2018,Real Madrid,arrival,213670,Lucas Torró,23,CA OsasunaLaLiga2,permanent,1750000.0,1.75
2018,Real Madrid,arrival,369081,Federico Valverde,19,RM Castilla2ª B - Grupo I,unknown,,
2018,Real Madrid,arrival,162038,Raúl de Tomás,23,RM Castilla2ª B - Grupo I,unknown,,
2018,Real Madrid,arrival,284884,Óscar Rodríguez,20,RM Castilla2ª B - Grupo I,unknown,,
2018,Real Madrid,arrival,282429,Sergio Reguilón,21,RM Castilla2ª B - Grupo I,unknown,,
2018,Real Madrid,arrival,283489,Luca Zidane,20,RM Castilla2ª B - Grupo I,unknown,,
2018,Real Madrid,arrival,33648,Fábio Coentrão,30,SportingLiga Portugal,loan,,
2018,Real Madrid,arrival,316264,Martin Ødegaard,19,HeerenveenEredivisie,loan,,
2018,Real Madrid,arrival,225657,Philipp Lienhart,21,FreiburgBundesliga,loan,,
2018,Real Madrid,departure,8198,Cristiano Ronaldo,33,JuventusSerie A,permanent,117000000.0,117.0
2018,Real Madrid,departure,142031,Omar Mascarell,25,FC Schalke 04Bundesliga,permanent,10000000.0,10.0
2018,Real Madrid,departure,213670,Lucas Torró,23,FrankfurtBundesliga,permanent,3500000.0,3.5
2018,Real Madrid,departure,298976,Borja Mayoral,21,LevanteLaLiga,loan,2000000.0,2.0
2018,Real Madrid,departure,225657,Philipp Lienhart,21,FreiburgBundesliga,permanent,2000000.0,2.0
2018,Real Madrid,departure,162038,Raúl de Tomás,23,Rayo VallecanoLaLiga,loan,1000000.0,1.0
2018,Real Madrid,departure,284884,Óscar Rodríguez,20,CD LeganésLaLiga,loan,600000.0,0.6
2018,Real Madrid,departure,33648,Fábio Coentrão,30,Rio AveLiga Portugal,free,0.0,0.0
2018,Real Madrid,departure,27486,Kiko Casilla,32,LeedsChampionship,free,0.0,0.0
2018,Real Madrid,departure,51471,Mateo Kovacic,24,ChelseaPremier League,loan,,
2018,Real Madrid,departure,339808,Theo Hernández,20,Real SociedadLaLiga,loan,,
2018,Real Madrid,departure,404839,Andriy Lunin,19,CD LeganésLaLiga,loan,,
2018,Real Madrid,departure,398073,Achraf Hakimi,19,DortmundBundesliga,loan,,
2018,Real Madrid,departure,316264,Martin Ødegaard,19,VitesseEredivisie,loan,,
2018,Valencia,arrival,225122,Gonçalo Guedes,21,PSGLigue 1,permanent,40000000.0,40.0
2018,Valencia,arrival,127189,Geoffrey Kondogbia,25,InterSerie A,permanent,22000000.0,22.0
2018,Valencia,arrival,27389,Kévin Gameiro,31,AtléticoLaLiga,permanent,16000000.0,16.0
2018,Valencia,arrival,346289,Mouctar Diakhaby,21,LyonLigue 1,permanent,15000000.0,15.0
2018,Valencia,arrival,131102,Jeison Murillo,26,InterSerie A,permanent,12000000.0,12.0
2018,Valencia,arrival,163086,Cristiano Piccini,25,SportingLiga Portugal,permanent,8000000.0,8.0
2018,Valencia,arrival,63463,Daniel Wass,29,Celta de VigoLaLiga,permanent,6000000.0,6.0
2018,Valencia,arrival,85383,Rubén Sobrino,26,AlavésLaLiga,permanent,5000000.0,5.0
2018,Valencia,arrival,179184,Michy Batshuayi,24,ChelseaPremier League,loan,3000000.0,3.0
2018,Valencia,arrival,417575,Uros Racic,20,Red StarSuper liga Srbije,permanent,2200000.0,2.2
2018,Valencia,arrival,98322,Denis Cheryshev,27,VillarrealLaLiga,loan,,
2018,Valencia,arrival,61546,Facundo Roncaglia,31,Celta de VigoLaLiga,loan,,
2018,Valencia,arrival,557149,Kang-in Lee,17,Valencia B2ª B - Grupo III,unknown,,
2018,Valencia,arrival,311680,Fran Villalba,20,Valencia B2ª B - Grupo III,unknown,,
2018,Valencia,arrival,328914,Álex Blanco,20,Valencia B2ª B - Grupo III,unknown,,
2018,Valencia,arrival,182712,João Cancelo,24,InterSerie A,loan,,
2018,Valencia,arrival,33706,Nani,31,LazioSerie A,loan,,
2018,Valencia,arrival,159142,Aderllan Santos,29,EC VitóriaSérie A,loan,,
2018,Valencia,arrival,60890,Fabián Orellana,32,SD EibarLaLiga,loan,,
2018,Valencia,arrival,253839,Álvaro Medrán,24,AlavésLaLiga,loan,,
2018,Valencia,arrival,203378,Zakaria Bakkali,22,Dep. A CoruñaLaLiga,loan,,
2018,Valencia,arrival,336731,Nacho Gil,22,UD Las PalmasLaLiga,loan,,
2018,Valencia,departure,182712,João Cancelo,24,JuventusSerie A,permanent,40400000.0,40.4
2018,Valencia,departure,273152,Nemanja Maksimovic,23,GetafeLaLiga,permanent,10000000.0,10.0
2018,Valencia,departure,68645,Martín Montoya,27,BrightonPremier League,permanent,7000000.0,7.0
2018,Valencia,departure,159142,Aderllan Santos,29,Al-AhliSaudi Pro League,permanent,5000000.0,5.0
2018,Valencia,departure,96828,Simone Zaza,27,TorinoSerie A,loan,2000000.0,2.0
2018,Valencia,departure,60890,Fabián Orellana,32,SD EibarLaLiga,permanent,2000000.0,2.0
2018,Valencia,departure,131102,Jeison Murillo,26,BarcelonaLaLiga,loan,1200000.0,1.2
2018,Valencia,departure,203378,Zakaria Bakkali,22,RSC AnderlechtJupiler Pro League,permanent,1200000.0,1.2
2018,Valencia,departure,33706,Nani,31,SportingLiga Portugal,free,0.0,0.0
2018,Valencia,departure,216870,Nacho Vidal,23,CA OsasunaLaLiga2,free,0.0,0.0
2018,Valencia,departure,257851,Rúben Vezo,24,LevanteLaLiga,loan,,
2018,Valencia,departure,417575,Uros Racic,20,CD TenerifeLaLiga2,loan,,
2018,Valencia,departure,253839,Álvaro Medrán,24,Rayo VallecanoLaLiga,loan,,
2018,Valencia,departure,336731,Nacho Gil,23,Elche CFLaLiga2,loan,,
2018,Valencia,departure,311680,Fran Villalba,20,CD NumanciaLaLiga2,loan,,
2018,Valencia,departure,328914,Álex Blanco,20,AlavésLaLiga,loan,,
2018,Valencia,departure,225122,Gonçalo Guedes,21,PSGLigue 1,loan,,
2018,Valencia,departure,179184,Michy Batshuayi,25,ChelseaPremier League,loan,,
2018,Valencia,departure,127189,Geoffrey Kondogbia,25,InterSerie A,loan,,
2018,Valencia,departure,131102,Jeison Murillo,26,InterSerie A,loan,,
2018,Valencia,departure,214316,Luciano Vietto,24,AtléticoLaLiga,loan,,
2018,Valencia,departure,203394,Andreas Pereira,22,Man UtdPremier League,loan,,
2018,Sevilla,arrival,182381,Quincy Promes,26,Spartak MoscowPremier Liga,permanent,21000000.0,21.0
2018,Sevilla,arrival,205503,Ibrahim Amadou,25,LilleLigue 1,permanent,14400000.0,14.4
2018,Sevilla,arrival,378954,Joris Gnagnon,21,Stade RennaisLigue 1,permanent,13500000.0,13.5
2018,Sevilla,arrival,88490,Aleix Vidal,28,BarcelonaLaLiga,permanent,9300000.0,9.3
2018,Sevilla,arrival,202984,Roque Mesa,29,SwanseaChampionship,permanent,6000000.0,6.0
2018,Sevilla,arrival,64000,Tomáš Vaclík,29,BaselSuper League,permanent,6000000.0,6.0
2018,Sevilla,arrival,92947,Sergi Gómez,26,Celta de VigoLaLiga,permanent,5500000.0,5.5
2018,Sevilla,arrival,198008,André Silva,22,AC MilanSerie A,loan,3800000.0,3.8
2018,Sevilla,arrival,223725,Munir El Haddadi,23,BarcelonaLaLiga,permanent,1050000.0,1.05
2018,Sevilla,arrival,317482,Marko Rog,23,NapoliSerie A,loan,500000.0,0.5
2018,Sevilla,arrival,263361,Maximilian Wöber,20,AjaxEredivisie,loan,,
2018,Sevilla,arrival,60542,Maxime Gonalons,29,RomaSerie A,loan,,
2018,Sevilla,arrival,341272,Álex Pozo,19,Sevilla Atl.2ª B - Grupo IV,unknown,,
2018,Sevilla,arrival,376486,Marc Gual,22,Sevilla Atl.2ª B - Grupo IV,unknown,,
2018,Sevilla,arrival,216464,Carlos Fernández,22,Sevilla Atl.2ª B - Grupo IV,unknown,,
2018,Sevilla,arrival,251892,Juan Soriano,20,Sevilla Atl.2ª B - Grupo IV,unknown,,
2018,Sevilla,arrival,537382,Bryan Gil,17,Sevilla Atl.2ª B - Grupo IV,unknown,,
2018,Sevilla,arrival,67920,Ganso,29,Amiens SCLigue 1,loan,,
2018,Sevilla,arrival,268949,Borja Lasso,24,CA OsasunaLaLiga2,loan,,
2018,Sevilla,arrival,268958,Juan Muñoz,22,UD AlmeríaLaLiga2,loan,,
2018,Sevilla,departure,182904,Clément Lenglet,23,BarcelonaLaLiga,permanent,35900000.0,35.9
2018,Sevilla,departure,73734,Steven Nzonzi,29,RomaSerie A,permanent,26650000.0,26.65
2018,Sevilla,departure,227081,Joaquín Correa,23,LazioSerie A,permanent,17850000.0,17.85
2018,Sevilla,departure,105899,Guido Pizarro,28,Tigres UANLLiga MX Apertura,permanent,8700000.0,8.7
2018,Sevilla,departure,226012,David Soria,25,GetafeLaLiga,permanent,3000000.0,3.0
2018,Sevilla,departure,119228,Luis Muriel,27,FiorentinaSerie A,loan,1000000.0,1.0
2018,Sevilla,departure,102744,Sébastien Corchia,27,BenficaLiga Portugal,loan,700000.0,0.7
2018,Sevilla,departure,67920,Ganso,29,FluminenseSérie A,free,0.0,0.0
2018,Sevilla,departure,41281,Nicolás Pareja,34,AtlasLiga MX Apertura,free,0.0,0.0
2018,Sevilla,departure,268949,Borja Lasso,25,CD TenerifeLaLiga2,free,0.0,0.0
2018,Sevilla,departure,268958,Juan Muñoz,22,AD AlcorcónLaLiga2,free,0.0,0.0
2018,Sevilla,departure,207302,Sergio Rico,24,FulhamPremier League,loan,,
2018,Sevilla,departure,67920,Ganso,28,Amiens SCLigue 1,loan,,
2018,Sevilla,departure,341272,Álex Pozo,19,Granada CFLaLiga2,loan,,
2018,Sevilla,departure,376486,Marc Gual,22,Real ZaragozaLaLiga2,loan,,
2018,Sevilla,departure,216464,Carlos Fernández,22,Dep. A CoruñaLaLiga2,loan,,
2018,Sevilla,departure,186848,Giorgi Aburjania,23,CD LugoLaLiga2,loan,,
2018,Sevilla,departure,199369,Sandro Ramírez,22,EvertonPremier League,loan,,
2018,Sevilla,departure,202984,Roque Mesa,29,SwanseaChampionship,loan,,
2018,Sevilla,departure,58576,Miguel Layún,30,PortoLiga Portugal,loan,,
2018,Sevilla,departure,89650,Johannes Geis,24,FC Schalke 04Bundesliga,loan,,
2018,Sevilla,departure,11530,Lionel Carole,27,GalatasaraySüper Lig,loan,,
2018,Real Sociedad,arrival,338424,Mikel Merino,22,NewcastlePremier League,permanent,12000000.0,12.0
2018,Real Sociedad,arrival,339808,Theo Hernández,20,Real MadridLaLiga,loan,,
2018,Real Sociedad,arrival,199369,Sandro Ramírez,23,EvertonPremier League,loan,,
2018,Real Sociedad,arrival,289255,Andoni Gorosabel,21,Real Sociedad B2ª B - Grupo II,unknown,,
2018,Real Sociedad,arrival,289241,Eneko Capilla,23,Real Sociedad B2ª B - Grupo II,unknown,,
2018,Real Sociedad,arrival,289257,Jon Guridi,23,Real Sociedad B2ª B - Grupo II,unknown,,
2018,Real Sociedad,arrival,289272,Martín Merquelanz,23,Real Sociedad B2ª B - Grupo II,unknown,,
2018,Real Sociedad,arrival,289286,Luca Sangalli,23,Real Sociedad B2ª B - Grupo II,unknown,,
2018,Real Sociedad,arrival,197135,Joseba Zaldua,26,CD LeganésLaLiga,loan,,
2018,Real Sociedad,arrival,51426,Markel Bergara,32,GetafeLaLiga,loan,,
2018,Real Sociedad,arrival,222805,Srdjan Babic,22,Red StarSuper liga Srbije,loan,,
2018,Real Sociedad,arrival,221986,Héctor Hernández,27,AlavésLaLiga,loan,,
2018,Real Sociedad,departure,280730,Álvaro Odriozola,22,Real MadridLaLiga,permanent,32000000.0,32.0
2018,Real Sociedad,departure,222805,Srdjan Babic,22,Red StarSuper liga Srbije,permanent,800000.0,0.8
2018,Real Sociedad,departure,66106,Sergio Canales,27,Real BetisLaLiga,free,0.0,0.0
2018,Real Sociedad,departure,51426,Markel Bergara,32,GetafeLaLiga,free,0.0,0.0
2018,Real Sociedad,departure,73319,Alberto de la Bella,32,UD Las PalmasLaLiga2,free,0.0,0.0
2018,Real Sociedad,departure,58074,Carlos Martínez,32,Real OviedoLaLiga2,free,0.0,0.0
2018,Real Sociedad,departure,76285,Toño,31,AEK LarnacaCyprus League,free,0.0,0.0
2018,Real Sociedad,departure,221986,Héctor Hernández,27,CD TenerifeLaLiga2,free,0.0,0.0
2018,Real Sociedad,departure,304250,David Concha,22,Gamba OsakaJ1 League,loan,,
2018,Real Sociedad,departure,289241,Eneko Capilla,23,CyD Leonesa2ª B - Grupo I,loan,,
2018,Real Sociedad,departure,289257,Jon Guridi,23,CD Mirandés2ª B - Grupo II,loan,,
2018,Real Sociedad,departure,15693,Xabi Prieto,34,Retired,unknown,,
2018,Real Sociedad,departure,37501,Imanol Agirretxe,31,Retired,unknown,,
2018,Real Sociedad,departure,289257,Jon Guridi,23,Real Sociedad B2ª B - Grupo II,unknown,,
2018,Real Betis,arrival,100131,William Carvalho,26,SportingLiga Portugal,permanent,18500000.0,18.5
2018,Real Betis,arrival,371174,Diego Lainez,18,AméricaLiga MX Apertura,permanent,14000000.0,14.0
2018,Real Betis,arrival,476344,Emerson Royal,20,BarcelonaLaLiga,permanent,6000000.0,6.0
2018,Real Betis,arrival,27374,Sidnei,28,Dep. A CoruñaLaLiga2,permanent,4500000.0,4.5
2018,Real Betis,arrival,348795,Giovani Lo Celso,22,PSGLigue 1,loan,3000000.0,3.0
2018,Real Betis,arrival,32522,Antonio Barragán,31,MiddlesbroughChampionship,permanent,1000000.0,1.0
2018,Real Betis,arrival,98249,Takashi Inui,30,SD EibarLaLiga,free,0.0,0.0
2018,Real Betis,arrival,66106,Sergio Canales,27,Real SociedadLaLiga,free,0.0,0.0
2018,Real Betis,arrival,286415,Pau López,23,EspanyolLaLiga,free,0.0,0.0
2018,Real Betis,arrival,101118,Joel Robles,28,EvertonPremier League,free,0.0,0.0
2018,Real Betis,arrival,134936,Jesé,25,PSGLigue 1,loan,,
2018,Real Betis,arrival,355763,Liberto Beltrán,21,Betis DeportivoSpain,unknown,,
2018,Real Betis,arrival,256120,Wilfrid Kaptoum,22,Betis DeportivoSpain,unknown,,
2018,Real Betis,arrival,113133,Germán Pezzella,27,FiorentinaSerie A,loan,,
2018,Real Betis,arrival,95641,Darko Brasanac,26,CD LeganésLaLiga,loan,,
2018,Real Betis,arrival,148004,Alin Toșca,26,BeneventoSerie A,loan,,
2018,Real Betis,arrival,178187,Álex Alegría,26,Rayo VallecanoLaLiga,loan,,
2018,Real Betis,arrival,178187,Álex Alegría,25,LevanteLaLiga,loan,,
2018,Real Betis,arrival,213595,Juanjo Narváez,23,Córdoba CFLaLiga2,loan,,
2018,Real Betis,departure,350219,Fabián Ruiz,22,NapoliSerie A,permanent,30000000.0,30.0
2018,Real Betis,departure,113133,Germán Pezzella,27,FiorentinaSerie A,permanent,9750000.0,9.75
2018,Real Betis,departure,135208,Riza Durmisi,24,LazioSerie A,permanent,7500000.0,7.5
2018,Real Betis,departure,44062,Antonio Adán,31,AtléticoLaLiga,permanent,1500000.0,1.5
2018,Real Betis,departure,234523,Antonio Sanabria,22,GenoaSerie A,loan,550000.0,0.55
2018,Real Betis,departure,25316,Rubén Castro,37,UD Las PalmasLaLiga2,free,0.0,0.0
2018,Real Betis,departure,351746,Rafa Navarro,24,AlavésLaLiga,free,0.0,0.0
2018,Real Betis,departure,71801,Dani Giménez,34,Dep. A CoruñaLaLiga2,free,0.0,0.0
2018,Real Betis,departure,77826,Ryad Boudebouz,28,Celta de VigoLaLiga,loan,,
2018,Real Betis,departure,263856,Víctor Camarasa,24,CardiffPremier League,loan,,
2018,Real Betis,departure,98249,Takashi Inui,30,AlavésLaLiga,loan,,
2018,Real Betis,departure,95641,Darko Brasanac,26,AlavésLaLiga,loan,,
2018,Real Betis,departure,148004,Alin Toșca,26,PAOKSuper League 1,loan,,
2018,Real Betis,departure,178187,Álex Alegría,26,Sporting GijónLaLiga2,loan,,
2018,Real Betis,departure,178187,Álex Alegría,25,Rayo VallecanoLaLiga,loan,,
2018,Real Betis,departure,213595,Juanjo Narváez,23,UD AlmeríaLaLiga2,loan,,
2018,Real Betis,departure,355763,Liberto Beltrán,21,CyD Leonesa2ª B - Grupo I,loan,,
2018,Real Betis,departure,85289,Jordi Amat,26,SwanseaChampionship,loan,,
2018,Real Betis,departure,131248,Joel Campbell,26,ArsenalPremier League,loan,,
2018,Real Betis,departure,32522,Antonio Barragán,31,MiddlesbroughChampionship,loan,,
2018,Athletic Club,arrival,61812,Yuri Berchiche,28,PSGLigue 1,permanent,24750000.0,24.75
2018,Athletic Club,arrival,127837,Ibai Gómez,29,AlavésLaLiga,permanent,4000000.0,4.0
2018,Athletic Club,arrival,197545,Ander Capa,26,SD EibarLaLiga,permanent,3000000.0,3.0
2018,Athletic Club,arrival,262117,Cristian Ganea,26,FCV FarulSuperLiga,permanent,1000000.0,1.0
2018,Athletic Club,arrival,197126,Kenan Kodro,25,CopenhagenSuperliga,permanent,900000.0,0.9
2018,Athletic Club,arrival,178425,Dani García,28,SD EibarLaLiga,free,0.0,0.0
2018,Athletic Club,arrival,340206,Andoni López,22,Bilbao Athletic2ª B - Grupo II,unknown,,
2018,Athletic Club,arrival,262396,Unai Simón,21,Bilbao Athletic2ª B - Grupo II,unknown,,
2018,Athletic Club,arrival,192009,Unai López,22,Rayo VallecanoLaLiga2,loan,,
2018,Athletic Club,arrival,212862,Álex Remiro,23,SD HuescaLaLiga2,loan,,
2018,Athletic Club,arrival,255499,Urtzi Iriondo,23,Granada CFLaLiga2,loan,,
2018,Athletic Club,departure,192279,Kepa Arrizabalaga,23,ChelseaPremier League,permanent,80000000.0,80.0
2018,Athletic Club,departure,85372,Enric Saborit,26,M. Tel AvivLigat ha'Al,free,0.0,0.0
2018,Athletic Club,departure,255499,Urtzi Iriondo,23,Union SGChallenger Pro League,free,0.0,0.0
2018,Athletic Club,departure,300168,Mikel Vesga,25,CD LeganésLaLiga,loan,,
2018,Athletic Club,departure,71559,Xabi Etxeita,30,SD HuescaLaLiga,loan,,
2018,Athletic Club,departure,192736,Sabin Merino,26,CD LeganésLaLiga,loan,,
2018,Athletic Club,departure,262117,Cristian Ganea,26,CD NumanciaLaLiga2,loan,,
2018,Athletic Club,departure,340206,Andoni López,22,UD AlmeríaLaLiga2,loan,,
2018,Athletic Club,departure,51532,Kike Sola,32,Retired,unknown,,
2018,Celta Vigo,arrival,423444,Fran Beltrán,19,Rayo VallecanoLaLiga,permanent,8000000.0,8.0
2018,Celta Vigo,arrival,64134,Néstor Araújo,26,Santos LagunaLiga MX Apertura,permanent,7000000.0,7.0
2018,Celta Vigo,arrival,137616,Okay Yokuşlu,24,TrabzonsporSüper Lig,permanent,6000000.0,6.0
2018,Celta Vigo,arrival,319859,Mathias Jensen,22,NordsjaellandSuperliga,permanent,5000000.0,5.0
2018,Celta Vigo,arrival,259930,Gabriel Fernández,24,PeñarolLiga AUF Clausura,permanent,3500000.0,3.5
2018,Celta Vigo,arrival,216240,Lucas Olaza,24,Boca JuniorsLiga Profesional (- 23/24),loan,500000.0,0.5
2018,Celta Vigo,arrival,164055,David Juncà,24,SD EibarLaLiga,free,0.0,0.0
2018,Celta Vigo,arrival,253765,Wesley Hoedt,24,SouthamptonPremier League,loan,,
2018,Celta Vigo,arrival,232271,Sofiane Boufal,24,SouthamptonPremier League,loan,,
2018,Celta Vigo,arrival,77826,Ryad Boudebouz,28,Real BetisLaLiga,loan,,
2018,Celta Vigo,arrival,273000,Júnior Alonso,25,LilleLigue 1,loan,,
2018,Celta Vigo,arrival,309110,Brais Méndez,21,Celta Fortuna2ª B - Grupo I,unknown,,
2018,Celta Vigo,arrival,278359,Borja Iglesias,25,Celta Fortuna2ª B - Grupo I,unknown,,
2018,Celta Vigo,arrival,249303,Dennis Eckert Ayensa,21,Celta Fortuna2ª B - Grupo I,unknown,,
2018,Celta Vigo,arrival,221315,Kevin Vázquez,25,Celta Fortuna2ª B - Grupo I,unknown,,
2018,Celta Vigo,arrival,349873,Juan Hernández,23,Celta Fortuna2ª B - Grupo I,unknown,,
2018,Celta Vigo,arrival,98596,John Guidetti,26,AlavésLaLiga,loan,,
2018,Celta Vigo,arrival,276111,David Costas,23,Barça AtlèticLaLiga2,loan,,
2018,Celta Vigo,arrival,280701,Théo Bongonda,22,Zulte WaregemJupiler Pro League,loan,,
2018,Celta Vigo,arrival,58818,Claudio Beauvue,30,CD LeganésLaLiga,loan,,
2018,Celta Vigo,arrival,167798,Andrew Hjulsager,23,Granada CFLaLiga2,loan,,
2018,Celta Vigo,arrival,230222,Álvaro Lemos,25,CD LugoLaLiga2,loan,,
2018,Celta Vigo,arrival,297194,Iván Villar,20,LevanteLaLiga,loan,,
2018,Celta Vigo,departure,278359,Borja Iglesias,25,EspanyolLaLiga,permanent,10000000.0,10.0
2018,Celta Vigo,departure,175446,Jonny Otto,24,AtléticoLaLiga,permanent,7000000.0,7.0
2018,Celta Vigo,departure,63463,Daniel Wass,29,ValenciaLaLiga,permanent,6000000.0,6.0
2018,Celta Vigo,departure,92947,Sergi Gómez,26,Sevilla FCLaLiga,permanent,5500000.0,5.5
2018,Celta Vigo,departure,98596,John Guidetti,26,AlavésLaLiga,permanent,4000000.0,4.0
2018,Celta Vigo,departure,280701,Théo Bongonda,22,Zulte WaregemJupiler Pro League,permanent,1600000.0,1.6
2018,Celta Vigo,departure,91763,Pablo Hernández,31,IndependienteLiga Profesional (- 23/24),permanent,1300000.0,1.3
2018,Celta Vigo,departure,230222,Álvaro Lemos,25,UD Las PalmasLaLiga2,permanent,300000.0,0.3
2018,Celta Vigo,departure,65237,Andreu Fontàs,28,Kansas CityMLS,free,0.0,0.0
2018,Celta Vigo,departure,61546,Facundo Roncaglia,31,ValenciaLaLiga,loan,,
2018,Celta Vigo,departure,58818,Claudio Beauvue,30,SM CaenLigue 1,loan,,
2018,Celta Vigo,departure,249303,Dennis Eckert Ayensa,22,ExcelsiorEredivisie,loan,,
2018,Celta Vigo,departure,259930,Gabriel Fernández,24,PeñarolLiga AUF Clausura,loan,,
2018,Celta Vigo,departure,349873,Juan Hernández,23,Cádiz CFLaLiga2,loan,,
2018,Celta Vigo,departure,181619,Robert Mazan,24,VeneziaSerie B,loan,,
2018,Celta Vigo,departure,297194,Iván Villar,20,Celta Fortuna2ª B - Grupo I,unknown,,
2018,Celta Vigo,departure,273000,Júnior Alonso,25,LilleLigue 1,loan,,
2018,Celta Vigo,departure,334222,Lucas Boyé,22,TorinoSerie A,loan,,
2018,Villarreal,arrival,177467,Gerard Moreno,26,EspanyolLaLiga,permanent,20000000.0,20.0
2018,Villarreal,arrival,315110,Karl Toko Ekambi,25,Angers SCOLigue 1,permanent,18000000.0,18.0
2018,Villarreal,arrival,285771,Roger Martínez,24,Jiangsu FCSuper League,permanent,14900000.0,14.9
2018,Villarreal,arrival,65467,Vicente Iborra,30,LeicesterPremier League,permanent,10000000.0,10.0
2018,Villarreal,arrival,466298,Santiago Cáseres,21,Vélez SarsfieldLiga Profesional (- 23/24),permanent,10000000.0,10.0
2018,Villarreal,arrival,11111,Ramiro Funes Mori,27,EvertonPremier League,permanent,9000000.0,9.0
2018,Villarreal,arrival,119235,Carlos Bacca,31,AC MilanSerie A,permanent,7000000.0,7.0
2018,Villarreal,arrival,58576,Miguel Layún,30,PortoLiga Portugal,permanent,4000000.0,4.0
2018,Villarreal,arrival,15799,Santi Cazorla,33,ArsenalPremier League,free,0.0,0.0
2018,Villarreal,arrival,40428,Manuel Iturra,34,Málaga CFLaLiga2,free,0.0,0.0
2018,Villarreal,arrival,413262,Dani Raba,22,Villarreal CF B2ª B - Grupo III,unknown,,
2018,Villarreal,arrival,335225,Manu Morlanes,19,Villarreal CF B2ª B - Grupo III,unknown,,
2018,Villarreal,arrival,399776,Pau Torres,21,Villarreal CF B2ª B - Grupo III,unknown,,
2018,Villarreal,arrival,401922,Samuel Chukwueze,19,Villarreal CF B2ª B - Grupo III,unknown,,
2018,Villarreal,arrival,294894,Leo Suárez,22,Villarreal CF B2ª B - Grupo III,unknown,,
2018,Villarreal,arrival,399775,Miguel Llambrich,22,Villarreal CF B2ª B - Grupo III,unknown,,
2018,Villarreal,arrival,411294,Juan Ibiza,22,Villarreal CF B2ª B - Grupo III,unknown,,
2018,Villarreal,arrival,63186,Roberto Soriano,27,TorinoSerie A,loan,,
2018,Villarreal,arrival,77737,Alfred N'Diaye,28,WolvesChampionship,loan,,
2018,Villarreal,arrival,356197,Alfonso Pedraza,22,AlavésLaLiga,loan,,
2018,Villarreal,arrival,278992,Cristian Espinoza,23,Boca JuniorsLiga Profesional (- 23/24),loan,,
2018,Villarreal,arrival,197602,Rúben Semedo,24,SD HuescaLaLiga,loan,,
2018,Villarreal,arrival,294894,Leo Suárez,22,Real ValladolidLaLiga,loan,,
2018,Villarreal,arrival,263843,Matías Nahuel,21,Barça AtlèticLaLiga2,loan,,
2018,Villarreal,departure,195171,Samu Castillejo,23,AC MilanSerie A,permanent,21300000.0,21.3
2018,Villarreal,departure,357565,Rodri,22,AtléticoLaLiga,permanent,20000000.0,20.0
2018,Villarreal,departure,285771,Roger Martínez,24,AméricaLiga MX Apertura,permanent,8500000.0,8.5
2018,Villarreal,departure,58576,Miguel Layún,30,MonterreyLiga MX Apertura,permanent,4000000.0,4.0
2018,Villarreal,departure,63186,Roberto Soriano,27,TorinoSerie A,loan,1000000.0,1.0
2018,Villarreal,departure,27924,Antonio Rukavina,34,FC AstanaPremier Liga,free,0.0,0.0
2018,Villarreal,departure,295414,Adrián Marín,21,AlavésLaLiga,free,0.0,0.0
2018,Villarreal,departure,263843,Matías Nahuel,21,OlympiacosSuper League 1,free,0.0,0.0
2018,Villarreal,departure,40428,Manuel Iturra,34,Maccabi HaifaLigat ha'Al,free,0.0,0.0
2018,Villarreal,departure,98322,Denis Cheryshev,27,ValenciaLaLiga,loan,,
2018,Villarreal,departure,251106,Enes Ünal,21,Real ValladolidLaLiga,loan,,
2018,Villarreal,departure,63186,Roberto Soriano,27,BolognaSerie A,loan,,
2018,Villarreal,departure,82048,Nicola Sansone,27,BolognaSerie A,loan,,
2018,Villarreal,departure,77737,Alfred N'Diaye,28,Málaga CFLaLiga2,loan,,
2018,Villarreal,departure,278992,Cristian Espinoza,23,SJ EarthquakesMLS,loan,,
2018,Villarreal,departure,197602,Rúben Semedo,24,Rio AveLiga Portugal,loan,,
2018,Villarreal,departure,197602,Rúben Semedo,24,SD HuescaLaLiga,loan,,
2018,Villarreal,departure,294894,Leo Suárez,22,RCD MallorcaLaLiga2,loan,,
2018,Villarreal,departure,399776,Pau Torres,21,Málaga CFLaLiga2,loan,,
2018,Villarreal,departure,294894,Leo Suárez,22,Real ValladolidLaLiga,loan,,
2018,Villarreal,departure,411294,Juan Ibiza,22,UD AlmeríaLaLiga2,loan,,
2018,Villarreal,departure,119235,Carlos Bacca,31,AC MilanSerie A,loan,,
2018,Villarreal,departure,285771,Roger Martínez,24,Jiangsu FCSuper League,loan,,
2018,Villarreal,departure,195332,Salem Al-Dawsari,26,Al-HilalSaudi Pro League,loan,,
2018,RCD Espanyol Barcelona,arrival,278359,Borja Iglesias,25,Celta de VigoLaLiga,permanent,10000000.0,10.0
2018,RCD Espanyol Barcelona,arrival,142021,Sergi Darder,24,LyonLigue 1,permanent,8000000.0,8.0
2018,RCD Espanyol Barcelona,arrival,93795,Facundo Ferreyra,27,BenficaLiga Portugal,loan,2200000.0,2.2
2018,RCD Espanyol Barcelona,arrival,140436,Lei Wu,27,SH PortSuper League,permanent,1500000.0,1.5
2018,RCD Espanyol Barcelona,arrival,359210,Alfa Semedo,21,BenficaLiga Portugal,loan,400000.0,0.4
2018,RCD Espanyol Barcelona,arrival,38270,Sergio Sánchez,32,Rubin KazanPremier Liga,free,0.0,0.0
2018,RCD Espanyol Barcelona,arrival,49500,Roberto Rosales,29,Málaga CFLaLiga2,loan,,
2018,RCD Espanyol Barcelona,arrival,423166,Pipa,20,RCD Espanyol B2ª B - Grupo III,unknown,,
2018,RCD Espanyol Barcelona,arrival,313113,Álex López,21,RCD Espanyol B2ª B - Grupo III,unknown,,
2018,RCD Espanyol Barcelona,arrival,408471,Javi Puado,20,RCD Espanyol B2ª B - Grupo III,unknown,,
2018,RCD Espanyol Barcelona,arrival,37403,Roberto,32,Málaga CFLaLiga,loan,,
2018,RCD Espanyol Barcelona,arrival,73636,Hernán Pérez,29,AlavésLaLiga,loan,,
2018,RCD Espanyol Barcelona,arrival,141835,Álvaro Vázquez,27,GimnàsticLaLiga2,loan,,
2018,RCD Espanyol Barcelona,departure,177467,Gerard Moreno,26,VillarrealLaLiga,permanent,20000000.0,20.0
2018,RCD Espanyol Barcelona,departure,221899,Léo Baptistão,26,WH YangtzeSuper League,permanent,5800000.0,5.8
2018,RCD Espanyol Barcelona,departure,251878,Aarón Martín,21,MainzBundesliga,loan,3000000.0,3.0
2018,RCD Espanyol Barcelona,departure,335245,Marc Navarro,22,WatfordPremier League,permanent,2000000.0,2.0
2018,RCD Espanyol Barcelona,departure,286415,Pau López,23,Real BetisLaLiga,free,0.0,0.0
2018,RCD Espanyol Barcelona,departure,28261,José Manuel Jurado,32,Al-AhliSaudi Pro League,free,0.0,0.0
2018,RCD Espanyol Barcelona,departure,126741,Jairo Morillas,25,V-V. NagasakiJ1 League,free,0.0,0.0
2018,RCD Espanyol Barcelona,departure,141835,Álvaro Vázquez,27,Real ZaragozaLaLiga2,loan,,
2018,RCD Espanyol Barcelona,departure,423166,Pipa,20,GimnàsticLaLiga2,loan,,
2018,RCD Espanyol Barcelona,departure,38270,Sergio Sánchez,32,Without Club,unknown,,
2018,RCD Espanyol Barcelona,departure,142021,Sergi Darder,24,LyonLigue 1,loan,,
2018,RCD Espanyol Barcelona,departure,51226,Carlos Sánchez,32,FiorentinaSerie A,loan,,
2018,RCD Espanyol Barcelona,departure,38270,Sergio Sánchez,32,Rubin KazanPremier Liga,loan,,
2018,Getafe,arrival,273152,Nemanja Maksimovic,23,ValenciaLaLiga,permanent,10000000.0,10.0
2018,Getafe,arrival,70245,Ignasi Miquel,25,Málaga CFLaLiga2,permanent,5000000.0,5.0
2018,Getafe,arrival,281755,Iván Alejo,23,SD EibarLaLiga,permanent,4000000.0,4.0
2018,Getafe,arrival,226012,David Soria,25,Sevilla FCLaLiga,permanent,3000000.0,3.0
2018,Getafe,arrival,44699,Antunes,31,Dynamo KyivPremier Liga,permanent,2500000.0,2.5
2018,Getafe,arrival,290249,Mauro Arambarri,22,Boston RiverLiga AUF Clausura,permanent,2150000.0,2.15
2018,Getafe,arrival,102423,Leandro Cabrera,27,CrotoneSerie B,permanent,600000.0,0.6
2018,Getafe,arrival,106282,Oswaldo Alanís,29,ChivasLiga MX Apertura,free,0.0,0.0
2018,Getafe,arrival,227961,Jaime Mata,29,Real ValladolidLaLiga,free,0.0,0.0
2018,Getafe,arrival,51426,Markel Bergara,32,Real SociedadLaLiga,free,0.0,0.0
2018,Getafe,arrival,95736,Leandro Chichizola,28,UD Las PalmasLaLiga2,free,0.0,0.0
2018,Getafe,arrival,280147,Ayoub Abou,20,R. MajadahondaLaLiga2,free,0.0,0.0
2018,Getafe,arrival,282410,José Carlos Lazo,22,RM Castilla2ª B - Grupo I,free,0.0,0.0
2018,Getafe,arrival,131506,Samu Saiz,27,LeedsChampionship,loan,,
2018,Getafe,arrival,256429,Sergi Guardiola,27,Córdoba CFLaLiga2,loan,,
2018,Getafe,arrival,170472,Dimitri Foulquier,25,WatfordPremier League,loan,,
2018,Getafe,arrival,188157,Sebastián Cristóforo,25,FiorentinaSerie A,loan,,
2018,Getafe,arrival,398886,Merveil Ndockyt,19,Getafe CF BSpain,unknown,,
2018,Getafe,arrival,17396,Mathieu Flamini,34,Without Club,unknown,,
2018,Getafe,arrival,321247,Emiliano Buendía,21,CyD LeonesaLaLiga2,loan,,
2018,Getafe,arrival,77932,Jefferson Montero,28,CS EmelecSerie A Segunda Etapa,loan,,
2018,Getafe,arrival,242532,Rober Ibáñez,25,CA OsasunaLaLiga2,loan,,
2018,Getafe,arrival,398886,Merveil Ndockyt,20,RCD MallorcaLaLiga2,loan,,
2018,Getafe,arrival,376514,Mathías Olivera,21,AlbaceteLaLiga2,loan,,
2018,Getafe,arrival,58497,Alberto García,33,Rayo VallecanoLaLiga2,loan,,
2018,Getafe,arrival,61464,Karim Yoda,29,Reus DeportiuLaLiga2,loan,,
2018,Getafe,arrival,129515,Chuli,27,CD LugoLaLiga2,loan,,
2018,Getafe,arrival,246335,Rubén Yáñez,24,Cádiz CFLaLiga2,loan,,
2018,Getafe,departure,256429,Sergi Guardiola,27,Córdoba CFLaLiga2,loan,1500000.0,1.5
2018,Getafe,departure,174344,Fayçal Fajr,30,SM CaenLigue 1,permanent,1500000.0,1.5
2018,Getafe,departure,321247,Emiliano Buendía,21,NorwichChampionship,permanent,1500000.0,1.5
2018,Getafe,departure,58497,Alberto García,33,Rayo VallecanoLaLiga,permanent,500000.0,0.5
2018,Getafe,departure,64399,Vicente Guaita,31,Crystal PalacePremier League,free,0.0,0.0
2018,Getafe,departure,106282,Oswaldo Alanís,29,Real OviedoLaLiga2,free,0.0,0.0
2018,Getafe,departure,28285,Dani Pacheco,27,Málaga CFLaLiga2,free,0.0,0.0
2018,Getafe,departure,27487,Francisco Molinero,32,Sporting GijónLaLiga2,free,0.0,0.0
2018,Getafe,departure,61464,Karim Yoda,29,Reus DeportiuLaLiga2,free,0.0,0.0
2018,Getafe,departure,280147,Ayoub Abou,20,RM Castilla2ª B - Grupo I,free,0.0,0.0
2018,Getafe,departure,281755,Iván Alejo,23,Málaga CFLaLiga2,loan,,
2018,Getafe,departure,333323,Filip Manojlovic,22,PanioniosSuper League 1,loan,,
2018,Getafe,departure,242532,Rober Ibáñez,25,CA OsasunaLaLiga2,loan,,
2018,Getafe,departure,398886,Merveil Ndockyt,20,RCD MallorcaLaLiga2,loan,,
2018,Getafe,departure,398886,Merveil Ndockyt,20,Barça Atlètic2ª B - Grupo III,loan,,
2018,Getafe,departure,282406,Álvaro Jiménez,23,Sporting GijónLaLiga2,loan,,
2018,Getafe,departure,376514,Mathías Olivera,20,AlbaceteLaLiga2,loan,,
2018,Getafe,departure,129515,Chuli,27,ExtremaduraLaLiga2,loan,,
2018,Getafe,departure,282410,José Carlos Lazo,22,CD LugoLaLiga2,loan,,
2018,Getafe,departure,17396,Mathieu Flamini,34,Without Club,unknown,,
2018,Getafe,departure,62611,Sergio Mora,38,Retired,unknown,,
2018,Getafe,departure,45121,Loïc Rémy,31,UD Las PalmasLaLiga2,loan,,
2018,Getafe,departure,44699,Antunes,31,Dynamo KyivPremier Liga,loan,,
2018,Getafe,departure,290249,Mauro Arambarri,22,Boston RiverLiga AUF Clausura,loan,,
2018,Getafe,departure,51426,Markel Bergara,32,Real SociedadLaLiga,loan,,
2018,Getafe,departure,77932,Jefferson Montero,28,SwanseaChampionship,loan,,
2018,Getafe,departure,111873,Emiliano Martínez,25,ArsenalPremier League,loan,,
2018,Getafe,departure,102423,Leandro Cabrera,27,CrotoneSerie B,loan,,
2018,Leganes,arrival,433049,Youssef En-Nesyri,21,Málaga CFLaLiga2,permanent,6000000.0,6.0
2018,Leganes,arrival,364603,José Manuel Arnáiz,23,Barça Atlètic2ª B - Grupo III,permanent,5000000.0,5.0
2018,Leganes,arrival,245048,Vasyl Kravets,21,CD LugoLaLiga2,permanent,2500000.0,2.5
2018,Leganes,arrival,150948,Recio,27,Málaga CFLaLiga2,permanent,1500000.0,1.5
2018,Leganes,arrival,193938,Diego Rolán,25,Dep. A CoruñaLaLiga2,loan,1000000.0,1.0
2018,Leganes,arrival,131708,Kenneth Omeruo,24,ChelseaPremier League,loan,800000.0,0.8
2018,Leganes,arrival,284884,Óscar Rodríguez,20,Real MadridLaLiga,loan,600000.0,0.6
2018,Leganes,arrival,427683,Josua Mejías,20,Carabobo FCLiga FUTVE Clausura,permanent,450000.0,0.45
2018,Leganes,arrival,189453,Jonathan Silva,24,SportingLiga Portugal,loan,400000.0,0.4
2018,Leganes,arrival,571079,Facundo García,18,OlimpoPrimera Nacional,permanent,350000.0,0.35
2018,Leganes,arrival,64411,Juanfran Moreno,29,Dep. A CoruñaLaLiga2,loan,300000.0,0.3
2018,Leganes,arrival,113045,Rubén Pérez,29,Granada CFLaLiga2,free,0.0,0.0
2018,Leganes,arrival,162079,Fede Vico,24,CD LugoLaLiga2,free,0.0,0.0
2018,Leganes,arrival,203617,Rodri Tarín,21,Barça Atlètic2ª B - Grupo III,free,0.0,0.0
2018,Leganes,arrival,238032,Andrés Prieto,25,Málaga CFLaLiga2,free,0.0,0.0
2018,Leganes,arrival,111621,Dani Ojeda,23,Lorca FCSpain,free,0.0,0.0
2018,Leganes,arrival,184672,Guido Carrillo,27,SouthamptonPremier League,loan,,
2018,Leganes,arrival,404839,Andriy Lunin,19,Real MadridLaLiga,loan,,
2018,Leganes,arrival,95732,Martin Braithwaite,27,MiddlesbroughChampionship,loan,,
2018,Leganes,arrival,111508,Allan Nyom,30,West BromChampionship,loan,,
2018,Leganes,arrival,131090,Diego Reyes,26,FenerbahçeSüper Lig,loan,,
2018,Leganes,arrival,300168,Mikel Vesga,25,Athletic ClubLaLiga,loan,,
2018,Leganes,arrival,178107,Michael Santos,25,Málaga CFLaLiga2,loan,,
2018,Leganes,arrival,192736,Sabin Merino,26,Athletic ClubLaLiga,loan,,
2018,Leganes,arrival,583607,William de Camargo,19,CD Leganés BSpain,unknown,,
2018,Leganes,arrival,223560,Luciano,25,PanathinaikosSuper League 1,loan,,
2018,Leganes,arrival,171165,Mamadou Koné,26,KAS EupenJupiler Pro League,loan,,
2018,Leganes,arrival,457782,Owusu Kwabena,21,FC Cartagena2ª B - Grupo IV,loan,,
2018,Leganes,arrival,427683,Josua Mejías,20,GimnàsticLaLiga2,loan,,
2018,Leganes,arrival,427683,Josua Mejías,20,FC Cartagena2ª B - Grupo IV,loan,,
2018,Leganes,departure,249513,Diego Rico,25,BournemouthPremier League,permanent,15000000.0,15.0
2018,Leganes,departure,167291,Gabriel Pires,24,BenficaLiga Portugal,permanent,9600000.0,9.6
2018,Leganes,departure,137704,Miguel Ángel Guerrero,27,OlympiacosSuper League 1,free,0.0,0.0
2018,Leganes,departure,55240,Mauro dos Santos,29,CD TenerifeLaLiga2,free,0.0,0.0
2018,Leganes,departure,128295,Tito,33,Rayo VallecanoLaLiga,free,0.0,0.0
2018,Leganes,departure,139434,Raúl Carnero,29,GironaLaLiga,free,0.0,0.0
2018,Leganes,departure,71835,Jon Ander Serantes,29,Avispa FukuokaJ2 League,free,0.0,0.0
2018,Leganes,departure,73180,Martín Mantovani,33,UD Las PalmasLaLiga2,free,0.0,0.0
2018,Leganes,departure,223560,Luciano,25,FluminenseSérie A,loan,,
2018,Leganes,departure,171165,Mamadou Koné,26,Málaga CFLaLiga2,loan,,
2018,Leganes,departure,162079,Fede Vico,24,Granada CFLaLiga2,loan,,
2018,Leganes,departure,111621,Dani Ojeda,24,Granada CFLaLiga2,loan,,
2018,Leganes,departure,571079,Facundo García,18,AEK LarnacaCyprus League,loan,,
2018,Leganes,departure,457782,Owusu Kwabena,21,Salamanca CF2ª B - Grupo I,loan,,
2018,Leganes,departure,427683,Josua Mejías,20,FC Cartagena2ª B - Grupo IV,loan,,
2018,Leganes,departure,427683,Josua Mejías,20,GimnàsticLaLiga2,loan,,
2018,Leganes,departure,583607,William de Camargo,19,KarpatyPremier Liga,loan,,
2018,Leganes,departure,58112,Omar Ramos,30,Without Club,unknown,,
2018,Leganes,departure,113045,Rubén Pérez,29,Granada CFLaLiga2,loan,,
2018,Leganes,departure,197135,Joseba Zaldua,26,Real SociedadLaLiga,loan,,
2018,Leganes,departure,55619,Nordin Amrabat,31,WatfordPremier League,loan,,
2018,Leganes,departure,58818,Claudio Beauvue,30,Celta de VigoLaLiga,loan,,
2018,Leganes,departure,193938,Diego Rolán,25,Dep. A CoruñaLaLiga2,loan,,
2018,Leganes,departure,95641,Darko Brasanac,26,Real BetisLaLiga,loan,,
2018,Leganes,departure,272679,José Naranjo,23,GenkJupiler Pro League,loan,,
2018,Leganes,departure,150788,Yahya Al-Shehri,28,Al-NassrSaudi Pro League,loan,,
2018,Leganes,departure,19958,Nereo Champagne,33,OlimpoPrimera Nacional,loan,,
2018,Leganes,departure,427683,Josua Mejías,20,Carabobo FCLiga FUTVE Clausura,loan,,
2018,Alaves,arrival,98596,John Guidetti,26,Celta de VigoLaLiga,permanent,4000000.0,4.0
2018,Alaves,arrival,188651,Patrick Twumasi,24,FC AstanaPremier Liga,permanent,3000000.0,3.0
2018,Alaves,arrival,184767,Ximo Navarro,28,UD Las PalmasLaLiga2,permanent,1500000.0,1.5
2018,Alaves,arrival,139895,Tomás Pina,30,Club BruggeJupiler Pro League,permanent,1500000.0,1.5
2018,Alaves,arrival,295414,Adrián Marín,21,VillarrealLaLiga,free,0.0,0.0
2018,Alaves,arrival,351746,Rafa Navarro,24,Real BetisLaLiga,free,0.0,0.0
2018,Alaves,arrival,282421,Javi Muñoz,23,RM Castilla2ª B - Grupo I,free,0.0,0.0
2018,Alaves,arrival,297661,Madger Gomes,21,FC SochauxLigue 2,free,0.0,0.0
2018,Alaves,arrival,284727,Jonathan Calleri,24,CD MaldonadoSegunda División,loan,,
2018,Alaves,arrival,98249,Takashi Inui,30,Real BetisLaLiga,loan,,
2018,Alaves,arrival,193938,Diego Rolán,25,Dep. A CoruñaLaLiga2,loan,,
2018,Alaves,arrival,95641,Darko Brasanac,26,Real BetisLaLiga,loan,,
2018,Alaves,arrival,228761,Jony,26,Málaga CFLaLiga2,loan,,
2018,Alaves,arrival,85324,Borja Bastón,25,SwanseaChampionship,loan,,
2018,Alaves,arrival,328914,Álex Blanco,20,ValenciaLaLiga,loan,,
2018,Alaves,arrival,483573,Martín Aguirregabiria,22,Alavés BSpain,unknown,,
2018,Alaves,arrival,335457,Ermedin Demirovic,20,Alavés BSpain,unknown,,
2018,Alaves,arrival,355335,Adrián Diéguez,22,Alavés BSpain,unknown,,
2018,Alaves,arrival,251046,Einar Galilea,24,Alavés BSpain,unknown,,
2018,Alaves,arrival,139915,Aleksandar Katai,27,ChicagoMLS,loan,,
2018,Alaves,arrival,335457,Ermedin Demirovic,20,FC SochauxLigue 2,loan,,
2018,Alaves,arrival,337977,Nando García,24,FC SochauxLigue 2,loan,,
2018,Alaves,arrival,337977,Nando García,24,Lorca FCLaLiga2,loan,,
2018,Alaves,arrival,204097,Juanan Entrena,22,NK RudesSuperSport HNL,loan,,
2018,Alaves,arrival,533060,Anderson Cruz,22,NK RudesSuperSport HNL,loan,,
2018,Alaves,arrival,251046,Einar Galilea,24,FC SochauxLigue 2,loan,,
2018,Alaves,arrival,268258,Rafa Páez,23,NK RudesSuperSport HNL,loan,,
2018,Alaves,arrival,380365,Antonio Glauder,22,NK RudesSuperSport HNL,loan,,
2018,Alaves,departure,85383,Rubén Sobrino,26,ValenciaLaLiga,permanent,5000000.0,5.0
2018,Alaves,departure,127837,Ibai Gómez,29,Athletic ClubLaLiga,permanent,4000000.0,4.0
2018,Alaves,departure,7781,Alexis Ruano,32,Al-AhliSaudi Pro League,free,0.0,0.0
2018,Alaves,departure,50487,Christian Santos,30,Dep. A CoruñaLaLiga2,free,0.0,0.0
2018,Alaves,departure,204097,Juanan Entrena,22,Omonia NicosiaCyprus League,free,0.0,0.0
2018,Alaves,departure,139915,Aleksandar Katai,27,ChicagoMLS,unknown,,
2018,Alaves,departure,335457,Ermedin Demirovic,20,UD AlmeríaLaLiga2,loan,,
2018,Alaves,departure,335457,Ermedin Demirovic,20,FC SochauxLigue 2,loan,,
2018,Alaves,departure,93142,Dani Torres,29,AlbaceteLaLiga2,loan,,
2018,Alaves,departure,351746,Rafa Navarro,24,FC SochauxLigue 2,loan,,
2018,Alaves,departure,337977,Nando García,24,FC SochauxLigue 2,loan,,
2018,Alaves,departure,337977,Nando García,24,ExtremaduraLaLiga2,loan,,
2018,Alaves,departure,355335,Adrián Diéguez,22,SD HuescaLaLiga,loan,,
2018,Alaves,departure,282421,Javi Muñoz,23,Real OviedoLaLiga2,loan,,
2018,Alaves,departure,533060,Anderson Cruz,22,FC SochauxLigue 2,loan,,
2018,Alaves,departure,251046,Einar Galilea,24,FC SochauxLigue 2,loan,,
2018,Alaves,departure,251046,Einar Galilea,24,NK IstraSuperSport HNL,loan,,
2018,Alaves,departure,297661,Madger Gomes,21,NK IstraSuperSport HNL,loan,,
2018,Alaves,departure,268258,Rafa Páez,23,FC SochauxLigue 2,loan,,
2018,Alaves,departure,380365,Antonio Glauder,22,CF Fuenlabrada2ª B - Grupo I,loan,,
2018,Alaves,departure,223725,Munir El Haddadi,22,BarcelonaLaLiga,loan,,
2018,Alaves,departure,98596,John Guidetti,26,Celta de VigoLaLiga,loan,,
2018,Alaves,departure,356197,Alfonso Pedraza,22,VillarrealLaLiga,loan,,
2018,Alaves,departure,139895,Tomás Pina,30,Club BruggeJupiler Pro League,loan,,
2018,Alaves,departure,253839,Álvaro Medrán,24,ValenciaLaLiga,loan,,
2018,Alaves,departure,44675,Bojan Krkic,27,Stoke CityChampionship,loan,,
2018,Alaves,departure,73636,Hernán Pérez,29,EspanyolLaLiga,loan,,
2018,Alaves,departure,221986,Héctor Hernández,27,Real SociedadLaLiga,loan,,
2018,Levante,arrival,151470,Nikola Vukcevic,26,BragaLiga Portugal,permanent,8500000.0,8.5
2018,Levante,arrival,254290,Raphael Dwamena,22,FC ZürichSuper League,permanent,6200000.0,6.2
2018,Levante,arrival,274862,Moses Simon,23,KAA GentJupiler Pro League,permanent,3500000.0,3.5
2018,Levante,arrival,298976,Borja Mayoral,21,Real MadridLaLiga,loan,2000000.0,2.0
2018,Levante,arrival,302991,Erick Cabaco,23,NacionalLiga AUF Clausura,permanent,2000000.0,2.0
2018,Levante,arrival,71905,Coke,31,FC Schalke 04Bundesliga,permanent,1500000.0,1.5
2018,Levante,arrival,67548,Rubén Rochina,27,Rubin KazanPremier Liga,permanent,1400000.0,1.4
2018,Levante,arrival,118997,Aitor Fernández,27,CD NumanciaLaLiga2,permanent,1200000.0,1.2
2018,Levante,arrival,125783,Sanjin Prcic,24,Stade RennaisLigue 1,free,0.0,0.0
2018,Levante,arrival,257851,Rúben Vezo,24,ValenciaLaLiga,loan,,
2018,Levante,arrival,387129,Róber Pier,23,Dep. A CoruñaLaLiga2,loan,,
2018,Levante,arrival,282371,Ivi López,24,Real ValladolidLaLiga,loan,,
2018,Levante,arrival,213260,Rubén García,24,Sporting GijónLaLiga2,loan,,
2018,Levante,arrival,208890,Samu García,27,Málaga CFLaLiga,loan,,
2018,Levante,arrival,128219,Javier Espinosa,25,Granada CFLaLiga2,loan,,
2018,Levante,arrival,26199,Verza,31,UD AlmeríaLaLiga2,loan,,
2018,Levante,arrival,240360,Esteban Saveljich,27,AlbaceteLaLiga2,loan,,
2018,Levante,departure,262980,Jefferson Lerma,23,BournemouthPremier League,permanent,30500000.0,30.5
2018,Levante,departure,332612,Emmanuel Boateng,22,DL ProSuper League,permanent,11000000.0,11.0
2018,Levante,departure,54217,Raúl Fernández,30,UD Las PalmasLaLiga2,free,0.0,0.0
2018,Levante,departure,128219,Javier Espinosa,25,FC TwenteKeuken Kampioen Divisie,free,0.0,0.0
2018,Levante,departure,26199,Verza,31,R. MajadahondaLaLiga2,free,0.0,0.0
2018,Levante,departure,125783,Sanjin Prcic,25,R. StrasbourgLigue 1,loan,,
2018,Levante,departure,282371,Ivi López,24,Real ValladolidLaLiga,loan,,
2018,Levante,departure,213260,Rubén García,25,CA OsasunaLaLiga2,loan,,
2018,Levante,departure,282371,Ivi López,24,Sporting GijónLaLiga2,loan,,
2018,Levante,departure,140082,Armando Sadiku,27,FC LuganoSuper League,loan,,
2018,Levante,departure,240360,Esteban Saveljich,27,UD AlmeríaLaLiga2,loan,,
2018,Levante,departure,203778,Iván López,25,GimnàsticLaLiga2,loan,,
2018,Levante,departure,208890,Samu García,28,Retired,unknown,,
2018,Levante,departure,71905,Coke,31,FC Schalke 04Bundesliga,loan,,
2018,Levante,departure,387129,Róber Pier,23,Dep. A CoruñaLaLiga2,loan,,
2018,Levante,departure,67548,Rubén Rochina,27,Rubin KazanPremier Liga,loan,,
2018,Levante,departure,302991,Erick Cabaco,23,NacionalLiga AUF Clausura,loan,,
2018,Levante,departure,245056,Saša Lukić,21,TorinoSerie A,loan,,
2018,Levante,departure,193153,Fahad Al-Muwallad,23,Al-IttihadSaudi Pro League,loan,,
2018,Levante,departure,19447,Giampaolo Pazzini,33,Hellas VeronaSerie B,loan,,
2018,Levante,departure,178187,Álex Alegría,25,Real BetisLaLiga,loan,,
2018,Levante,departure,297194,Iván Villar,20,Celta de VigoLaLiga,loan,,
2018,Girona,arrival,262939,Johan Mojica,25,Rayo VallecanoLaLiga,permanent,5000000.0,5.0
2018,Girona,arrival,74228,Marc Muniesa,26,Stoke CityChampionship,permanent,5000000.0,5.0
2018,Girona,arrival,337946,Jairo Izquierdo,24,ExtremaduraLaLiga2,permanent,200000.0,0.2
2018,Girona,arrival,75287,Seydou Doumbia,30,SportingLiga Portugal,free,0.0,0.0
2018,Girona,arrival,139434,Raúl Carnero,29,CD LeganésLaLiga,free,0.0,0.0
2018,Girona,arrival,225452,Patrick Roberts,21,Man CityPremier League,loan,,
2018,Girona,arrival,553875,Pedro Porro,18,CF Peralada2ª B - Grupo III,unknown,,
2018,Girona,arrival,331496,Valery Fernández,19,CF Peralada2ª B - Grupo III,unknown,,
2018,Girona,arrival,247250,Rubén Alcaraz,27,UD AlmeríaLaLiga2,loan,,
2018,Girona,arrival,243715,Sebas Coris,25,CA OsasunaLaLiga2,loan,,
2018,Girona,arrival,202318,Farid Boulaya,25,FC MetzLigue 1,loan,,
2018,Girona,departure,158795,David Timor,28,UD Las PalmasLaLiga2,permanent,1500000.0,1.5
2018,Girona,departure,247250,Rubén Alcaraz,27,Real ValladolidLaLiga,permanent,1000000.0,1.0
2018,Girona,departure,202318,Farid Boulaya,25,FC MetzLigue 2,permanent,800000.0,0.8
2018,Girona,departure,73222,Eloi Amagat,33,New York CityMLS,free,0.0,0.0
2018,Girona,departure,243715,Sebas Coris,25,GimnàsticLaLiga2,loan,,
2018,Girona,departure,337946,Jairo Izquierdo,24,Cádiz CFLaLiga2,loan,,
2018,Girona,departure,569979,Marcel Lizak,22,CF Peralada2ª B - Grupo III,unknown,,
2018,Girona,departure,251876,Pablo Maffeo,20,Man CityPremier League,loan,,
2018,Girona,departure,262939,Johan Mojica,25,Rayo VallecanoLaLiga,loan,,
2018,Girona,departure,74228,Marc Muniesa,26,Stoke CityChampionship,loan,,
2018,Girona,departure,263482,Michael Olunga,24,GuiZ FCSuper League,loan,,
2018,Eibar,arrival,138935,Sergio Álvarez,26,Sporting GijónLaLiga2,permanent,4000000.0,4.0
2018,Eibar,arrival,75446,Pablo de Blasis,30,MainzBundesliga,permanent,2000000.0,2.0
2018,Eibar,arrival,60890,Fabián Orellana,32,ValenciaLaLiga,permanent,2000000.0,2.0
2018,Eibar,arrival,311287,José Antonio Martínez,25,Barça Atlètic2ª B - Grupo III,free,0.0,0.0
2018,Eibar,arrival,284857,Marc Cucurella,20,BarcelonaLaLiga,loan,,
2018,Eibar,arrival,203043,Pedro Bigas,28,UD Las PalmasLaLiga2,loan,,
2018,Eibar,arrival,443222,Marc Cardona,23,BarcelonaLaLiga,loan,,
2018,Eibar,arrival,128488,Alejandro Gálvez,29,UD Las PalmasLaLiga,loan,,
2018,Eibar,arrival,286849,Jordi Calavera,22,Sporting GijónLaLiga2,loan,,
2018,Eibar,arrival,153427,Bebé,27,Rayo VallecanoLaLiga2,loan,,
2018,Eibar,arrival,142027,Pablo Hervías,25,Real ValladolidLaLiga2,loan,,
2018,Eibar,arrival,225593,Pere Milla,25,CD NumanciaLaLiga2,loan,,
2018,Eibar,arrival,374077,Christian Rivera,20,Barça AtlèticLaLiga2,loan,,
2018,Eibar,arrival,305956,Nano Mesa,23,Sporting GijónLaLiga2,loan,,
2018,Eibar,arrival,255495,Unai Elgezabal,25,CD NumanciaLaLiga2,loan,,
2018,Eibar,departure,281755,Iván Alejo,23,GetafeLaLiga,permanent,4000000.0,4.0
2018,Eibar,departure,197545,Ander Capa,26,Athletic ClubLaLiga,permanent,3000000.0,3.0
2018,Eibar,departure,153427,Bebé,28,Rayo VallecanoLaLiga,permanent,750000.0,0.75
2018,Eibar,departure,98249,Takashi Inui,30,Real BetisLaLiga,free,0.0,0.0
2018,Eibar,departure,178425,Dani García,28,Athletic ClubLaLiga,free,0.0,0.0
2018,Eibar,departure,128488,Alejandro Gálvez,29,Rayo VallecanoLaLiga,free,0.0,0.0
2018,Eibar,departure,164055,David Juncà,24,Celta de VigoLaLiga,free,0.0,0.0
2018,Eibar,departure,374077,Christian Rivera,21,UD Las PalmasLaLiga2,unknown,,
2018,Eibar,departure,58115,Yoel Rodríguez,30,Real ValladolidLaLiga,loan,,
2018,Eibar,departure,142027,Pablo Hervías,25,Real ValladolidLaLiga,loan,,
2018,Eibar,departure,305956,Nano Mesa,23,CD TenerifeLaLiga2,loan,,
2018,Eibar,departure,311287,José Antonio Martínez,25,Granada CFLaLiga2,loan,,
2018,Eibar,departure,255495,Unai Elgezabal,25,AD AlcorcónLaLiga2,loan,,
2018,Eibar,departure,63723,David Lombán,31,Without Club,unknown,,
2018,Eibar,departure,264140,Vukasin Jovanovic,22,G. BordeauxLigue 1,loan,,
2018,Eibar,departure,60890,Fabián Orellana,32,ValenciaLaLiga,loan,,
2018,Eibar,departure,63689,Fran Rico,30,Granada CFLaLiga2,loan,,
2018,Rayo Vallecano,arrival,257062,Álvaro García,25,Cádiz CFLaLiga2,permanent,4500000.0,4.5
2018,Rayo Vallecano,arrival,74297,Gaël Kakuta,27,HB FCSuper League,permanent,2000000.0,2.0
2018,Rayo Vallecano,arrival,195605,José Pozo,22,UD AlmeríaLaLiga2,permanent,1300000.0,1.3
2018,Rayo Vallecano,arrival,162038,Raúl de Tomás,23,Real MadridLaLiga,loan,1000000.0,1.0
2018,Rayo Vallecano,arrival,85289,Jordi Amat,26,SwanseaChampionship,permanent,1000000.0,1.0
2018,Rayo Vallecano,arrival,165467,Stole Dimitrievski,25,GimnàsticLaLiga2,permanent,900000.0,0.9
2018,Rayo Vallecano,arrival,153427,Bebé,28,SD EibarLaLiga,permanent,750000.0,0.75
2018,Rayo Vallecano,arrival,58497,Alberto García,33,GetafeLaLiga,permanent,500000.0,0.5
2018,Rayo Vallecano,arrival,103890,Luis Advíncula,28,Tigres UANLLiga MX Apertura,loan,350000.0,0.35
2018,Rayo Vallecano,arrival,59783,Franco Di Santo,29,FC Schalke 04Bundesliga,free,0.0,0.0
2018,Rayo Vallecano,arrival,37337,Mario Suárez,31,GuiZ FCLeague One,free,0.0,0.0
2018,Rayo Vallecano,arrival,128488,Alejandro Gálvez,29,SD EibarLaLiga,free,0.0,0.0
2018,Rayo Vallecano,arrival,189458,Emiliano Velázquez,24,AtléticoLaLiga,free,0.0,0.0
2018,Rayo Vallecano,arrival,128295,Tito,33,CD LeganésLaLiga,free,0.0,0.0
2018,Rayo Vallecano,arrival,449796,Alejandro Catena,24,Reus DeportiuLaLiga2,free,0.0,0.0
2018,Rayo Vallecano,arrival,281773,José León,23,RM Castilla2ª B - Grupo I,free,0.0,0.0
2018,Rayo Vallecano,arrival,130756,Giannelli Imbula,25,Stoke CityChampionship,loan,,
2018,Rayo Vallecano,arrival,262689,Uche Agbo,23,Standard LiègeJupiler Pro League,loan,,
2018,Rayo Vallecano,arrival,253839,Álvaro Medrán,24,ValenciaLaLiga,loan,,
2018,Rayo Vallecano,arrival,178187,Álex Alegría,25,Real BetisLaLiga,loan,,
2018,Rayo Vallecano,arrival,165467,Stole Dimitrievski,24,GimnàsticLaLiga2,loan,,
2018,Rayo Vallecano,arrival,608531,Mario Hernández,19,Rayo BSpain,unknown,,
2018,Rayo Vallecano,arrival,531825,Sergio Benito,19,Rayo BSpain,unknown,,
2018,Rayo Vallecano,arrival,262939,Johan Mojica,25,GironaLaLiga,loan,,
2018,Rayo Vallecano,arrival,182963,Lass Bangoura,26,UD AlmeríaLaLiga2,loan,,
2018,Rayo Vallecano,arrival,126731,Javi Noblejas,25,Córdoba CFLaLiga2,loan,,
2018,Rayo Vallecano,arrival,281990,Nacho Monsalve,24,Recr. Huelva2ª B - Grupo IV,loan,,
2018,Rayo Vallecano,arrival,343273,Joni Montiel,19,CD Toledo2ª B - Grupo I,loan,,
2018,Rayo Vallecano,departure,423444,Fran Beltrán,19,Celta de VigoLaLiga,permanent,8000000.0,8.0
2018,Rayo Vallecano,departure,262939,Johan Mojica,25,GironaLaLiga,permanent,5000000.0,5.0
2018,Rayo Vallecano,departure,77752,Baiano,31,AlanyasporSüper Lig,free,0.0,0.0
2018,Rayo Vallecano,departure,73009,Ernesto Galán,32,R. MajadahondaLaLiga2,free,0.0,0.0
2018,Rayo Vallecano,departure,57693,Mario Fernández,30,FC Cartagena2ª B - Grupo IV,free,0.0,0.0
2018,Rayo Vallecano,departure,125107,Francisco Cerro,30,DefensaLiga Profesional (- 23/24),free,0.0,0.0
2018,Rayo Vallecano,departure,278345,Diego Aguirre,27,Real ZaragozaLaLiga2,free,0.0,0.0
2018,Rayo Vallecano,departure,71904,Antonio Amaya,35,UCAM Murcia2ª B - Grupo IV,free,0.0,0.0
2018,Rayo Vallecano,departure,70898,Chechu Dorado,36,Real ZaragozaLaLiga2,free,0.0,0.0
2018,Rayo Vallecano,departure,126731,Javi Noblejas,25,Sporting GijónLaLiga2,free,0.0,0.0
2018,Rayo Vallecano,departure,281990,Nacho Monsalve,24,FC TwenteKeuken Kampioen Divisie,free,0.0,0.0
2018,Rayo Vallecano,departure,281773,José León,24,AFC EskilstunaAllsvenskan,loan,,
2018,Rayo Vallecano,departure,182963,Lass Bangoura,26,VancouverMLS,loan,,
2018,Rayo Vallecano,departure,343273,Joni Montiel,19,Depor Fabril2ª B - Grupo I,loan,,
2018,Rayo Vallecano,departure,608531,Mario Hernández,19,UD Melilla2ª B - Grupo IV,loan,,
2018,Rayo Vallecano,departure,531825,Sergio Benito,19,Barakaldo CF2ª B - Grupo II,loan,,
2018,Rayo Vallecano,departure,30747,Emiliano Armenteros,32,Without Club,unknown,,
2018,Rayo Vallecano,departure,18958,Alejandro Domínguez,37,Retired,unknown,,
2018,Rayo Vallecano,departure,64484,Manucho,35,Without Club,unknown,,
2018,Rayo Vallecano,departure,162038,Raúl de Tomás,23,RM Castilla2ª B - Grupo I,loan,,
2018,Rayo Vallecano,departure,192009,Unai López,22,Athletic ClubLaLiga,loan,,
2018,Rayo Vallecano,departure,153427,Bebé,27,SD EibarLaLiga,loan,,
2018,Rayo Vallecano,departure,165467,Stole Dimitrievski,25,GimnàsticLaLiga2,loan,,
2018,Rayo Vallecano,departure,189458,Emiliano Velázquez,24,AtléticoLaLiga,loan,,
2018,Rayo Vallecano,departure,178187,Álex Alegría,26,Real BetisLaLiga,loan,,
2018,Rayo Vallecano,departure,58497,Alberto García,33,GetafeLaLiga,loan,,
2018,Rayo Vallecano,departure,324633,Abdulmajeed Al-Sulayhim,24,Al-ShababSaudi Pro League,loan,,
2018,Real Valladolid CF,arrival,256429,Sergi Guardiola,27,Córdoba CFLaLiga2,permanent,3000000.0,3.0
2018,Real Valladolid CF,arrival,591375,Stiven Plaza,19,IndependienteLigaPro Serie A,permanent,2000000.0,2.0
2018,Real Valladolid CF,arrival,449496,Álvaro Aguado,22,Córdoba CFLaLiga2,permanent,2000000.0,2.0
2018,Real Valladolid CF,arrival,221321,Joaquín Fernández,22,UD AlmeríaLaLiga2,permanent,1100000.0,1.1
2018,Real Valladolid CF,arrival,247250,Rubén Alcaraz,27,GironaLaLiga,permanent,1000000.0,1.0
2018,Real Valladolid CF,arrival,46415,Duje Cop,28,Standard LiègeJupiler Pro League,loan,500000.0,0.5
2018,Real Valladolid CF,arrival,307519,Fede San Emeterio,21,Sevilla Atl.2ª B - Grupo IV,permanent,500000.0,0.5
2018,Real Valladolid CF,arrival,268946,José Antonio Caro,24,Sevilla Atl.2ª B - Grupo IV,free,0.0,0.0
2018,Real Valladolid CF,arrival,251106,Enes Ünal,21,VillarrealLaLiga,loan,,
2018,Real Valladolid CF,arrival,256361,Daniele Verde,22,RomaSerie A,loan,,
2018,Real Valladolid CF,arrival,66112,Keko Gontán,26,Málaga CFLaLiga2,loan,,
2018,Real Valladolid CF,arrival,282371,Ivi López,24,LevanteLaLiga,loan,,
2018,Real Valladolid CF,arrival,58115,Yoel Rodríguez,30,SD EibarLaLiga,loan,,
2018,Real Valladolid CF,arrival,142027,Pablo Hervías,25,SD EibarLaLiga,loan,,
2018,Real Valladolid CF,arrival,294894,Leo Suárez,22,VillarrealLaLiga,loan,,
2018,Real Valladolid CF,arrival,260230,Moi Delgado,24,Valladolid Prom2ª B - Grupo I,unknown,,
2018,Real Valladolid CF,arrival,288453,Antonio Domínguez,25,Valladolid Prom2ª B - Grupo I,unknown,,
2018,Real Valladolid CF,arrival,404688,Waldo Rubio,23,Valladolid Prom2ª B - Grupo I,unknown,,
2018,Real Valladolid CF,arrival,355629,David Mayoral,21,Valladolid Prom2ª B - Grupo I,unknown,,
2018,Real Valladolid CF,arrival,230895,Alberto Guitián,27,Sporting GijónLaLiga2,loan,,
2018,Real Valladolid CF,arrival,250358,Iban Salvador,22,CyD LeonesaLaLiga2,loan,,
2018,Real Valladolid CF,departure,227961,Jaime Mata,29,GetafeLaLiga,free,0.0,0.0
2018,Real Valladolid CF,departure,93330,Deivid,29,UD Las PalmasLaLiga2,free,0.0,0.0
2018,Real Valladolid CF,departure,230895,Alberto Guitián,28,Real ZaragozaLaLiga2,free,0.0,0.0
2018,Real Valladolid CF,departure,250358,Iban Salvador,22,Celta Fortuna2ª B - Grupo I,free,0.0,0.0
2018,Real Valladolid CF,departure,56540,Isaac Becerra,30,GimnàsticLaLiga2,free,0.0,0.0
2018,Real Valladolid CF,departure,199330,Antonio Cotán,23,GimnàsticLaLiga2,free,0.0,0.0
2018,Real Valladolid CF,departure,307519,Fede San Emeterio,21,Granada CFLaLiga2,loan,,
2018,Real Valladolid CF,departure,268946,José Antonio Caro,24,AlbaceteLaLiga2,loan,,
2018,Real Valladolid CF,departure,449496,Álvaro Aguado,22,Córdoba CFLaLiga2,loan,,
2018,Real Valladolid CF,departure,288453,Antonio Domínguez,25,CE Sabadell2ª B - Grupo III,loan,,
2018,Real Valladolid CF,departure,355629,David Mayoral,21,AD AlcorcónLaLiga2,loan,,
2018,Real Valladolid CF,departure,538810,Chris Ramos,21,Sevilla Atl.2ª B - Grupo IV,loan,,
2018,Real Valladolid CF,departure,59124,Lukas Rotpuller,27,Retired,unknown,,
2018,Real Valladolid CF,departure,298983,Javi Ontiveros,20,Málaga CFLaLiga2,loan,,
2018,Real Valladolid CF,departure,282371,Ivi López,24,LevanteLaLiga,loan,,
2018,Real Valladolid CF,departure,302371,Toni Martínez,21,West Ham U21Premier League 2,loan,,
2018,Real Valladolid CF,departure,294894,Leo Suárez,22,VillarrealLaLiga,loan,,
2018,Real Valladolid CF,departure,142027,Pablo Hervías,25,SD EibarLaLiga,loan,,
2018,Real Valladolid CF,departure,136643,Giannis Gianniotas,25,OlympiacosSuper League 1,loan,,
2018,Real Valladolid CF,departure,311277,Borja Herrera,25,UD Las PalmasLaLiga2,loan,,
2018,Real Valladolid CF,departure,264046,Sulayman Marreh,22,Watford U21England,loan,,
2018,Real Valladolid CF,departure,267975,Noah Al-Mousa,27,Al-FatehSaudi Pro League,loan,,
2018,SD Huesca,arrival,114060,Enric Gallego,32,ExtremaduraLaLiga2,permanent,3000000.0,3.0
2018,SD Huesca,arrival,98512,Serdar Gürler,26,SB Ankaraspor1.Lig,permanent,2500000.0,2.5
2018,SD Huesca,arrival,67823,Damián Musto,31,Club TijuanaLiga MX Apertura,loan,1000000.0,1.0
2018,SD Huesca,arrival,256567,Aleksandar Jovanovic,25,Aarhus GFSuperliga,permanent,1000000.0,1.0
2018,SD Huesca,arrival,448628,Javi Galán,24,Córdoba CFLaLiga2,permanent,1000000.0,1.0
2018,SD Huesca,arrival,531829,Dani Escriche,20,CD LugoLaLiga2,permanent,500000.0,0.5
2018,SD Huesca,arrival,56777,Luisinho,33,Dep. A CoruñaLaLiga2,free,0.0,0.0
2018,SD Huesca,arrival,223073,Eugeni,23,Valencia B2ª B - Grupo III,free,0.0,0.0
2018,SD Huesca,arrival,228917,Jorge Miramón,29,Reus DeportiuLaLiga2,free,0.0,0.0
2018,SD Huesca,arrival,382773,Jonathan Rubio Toro,21,Gil VicentePortugal,free,0.0,0.0
2018,SD Huesca,arrival,171362,Pablo Insua,24,FC Schalke 04Bundesliga,loan,,
2018,SD Huesca,arrival,71559,Xabi Etxeita,30,Athletic ClubLaLiga,loan,,
2018,SD Huesca,arrival,256680,Juanpi,25,Málaga CFLaLiga2,loan,,
2018,SD Huesca,arrival,124560,Samuele Longo,26,InterSerie A,loan,,
2018,SD Huesca,arrival,197602,Rúben Semedo,24,VillarrealLaLiga,loan,,
2018,SD Huesca,arrival,236734,Axel Werner,22,AtléticoLaLiga,loan,,
2018,SD Huesca,arrival,378293,Yangel Herrera,21,Man CityPremier League,loan,,
2018,SD Huesca,arrival,374077,Christian Rivera,21,UD Las PalmasLaLiga2,loan,,
2018,SD Huesca,arrival,73180,Martín Mantovani,34,UD Las PalmasLaLiga2,loan,,
2018,SD Huesca,arrival,355335,Adrián Diéguez,22,AlavésLaLiga,loan,,
2018,SD Huesca,arrival,58341,Javi Varas,36,Without Club,unknown,,
2018,SD Huesca,arrival,382773,Jonathan Rubio Toro,22,VarzimLiga Portugal 2,loan,,
2018,SD Huesca,departure,98512,Serdar Gürler,27,GöztepeSüper Lig,loan,400000.0,0.4
2018,SD Huesca,departure,147562,Alexander González,25,Elche CFLaLiga2,free,0.0,0.0
2018,SD Huesca,departure,162074,Álvaro Vadillo,23,Granada CFLaLiga2,free,0.0,0.0
2018,SD Huesca,departure,128479,Jair Amador,28,M. Tel AvivLigat ha'Al,free,0.0,0.0
2018,SD Huesca,departure,60289,Rajko Brezancic,29,Málaga CFLaLiga2,free,0.0,0.0
2018,SD Huesca,departure,8108,Lluis Sastre,32,AEK LarnacaCyprus League,free,0.0,0.0
2018,SD Huesca,departure,95480,Luso Delgado,33,R. MajadahondaLaLiga2,free,0.0,0.0
2018,SD Huesca,departure,65342,Carlos David,32,Union SGChallenger Pro League,free,0.0,0.0
2018,SD Huesca,departure,320447,Rulo Prieto,22,AD AlcorcónLaLiga2,free,0.0,0.0
2018,SD Huesca,departure,75238,Iñigo López,36,ExtremaduraLaLiga2,free,0.0,0.0
2018,SD Huesca,departure,263858,Kilian Grant,24,UCAM Murcia2ª B - Grupo IV,free,0.0,0.0
2018,SD Huesca,departure,223073,Eugeni,24,AlbaceteLaLiga2,loan,,
2018,SD Huesca,departure,382773,Jonathan Rubio Toro,22,CoimbraLiga Portugal 2,loan,,
2018,SD Huesca,departure,382773,Jonathan Rubio Toro,21,VarzimLiga Portugal 2,loan,,
2018,SD Huesca,departure,229798,Ander Bardají,23,CF Fuenlabrada2ª B - Grupo I,loan,,
2018,SD Huesca,departure,531829,Dani Escriche,20,CD LugoLaLiga2,loan,,
2018,SD Huesca,departure,290275,Antonio Valera,21,CD Teruel2ª B - Grupo III,loan,,
2018,SD Huesca,departure,73257,Nagore,37,Retired,unknown,,
2018,SD Huesca,departure,212862,Álex Remiro,23,Athletic ClubLaLiga,loan,,
2018,SD Huesca,departure,124560,Samuele Longo,27,InterSerie A,loan,,
2018,SD Huesca,departure,197602,Rúben Semedo,24,VillarrealLaLiga,loan,,
2018,SD Huesca,departure,236734,Axel Werner,22,AtléticoLaLiga,loan,,
2018,SD Huesca,departure,164477,Ezequiel Rescaldani,26,Atl. NacionalLiga DIMAYOR II,loan,,
2019,Barcelona,arrival,125781,Antoine Griezmann,28,AtléticoLaLiga,permanent,120000000.0,120.0
2019,Barcelona,arrival,326330,Frenkie de Jong,22,AjaxEredivisie,permanent,86000000.0,86.0
2019,Barcelona,arrival,111819,Neto,29,ValenciaLaLiga,permanent,26000000.0,26.0
2019,Barcelona,arrival,683840,Pedri,16,UD Las PalmasLaLiga2,permanent,23000000.0,23.0
2019,Barcelona,arrival,374139,Junior Firpo,22,Real BetisLaLiga,permanent,20000000.0,20.0
2019,Barcelona,arrival,95732,Martin Braithwaite,28,CD LeganésLaLiga,permanent,18000000.0,18.0
2019,Barcelona,arrival,351892,Matheus Fernandes,21,PalmeirasSérie A,permanent,7000000.0,7.0
2019,Barcelona,arrival,284857,Marc Cucurella,20,SD EibarLaLiga,permanent,4000000.0,4.0
2019,Barcelona,arrival,364240,Moussa Wagué,20,Barça Atlètic2ª B - Grupo III,unknown,,
2019,Barcelona,arrival,341227,Juan Miranda,19,Barça Atlètic2ª B - Grupo III,unknown,,
2019,Barcelona,arrival,282810,Carles Pérez,21,Barça Atlètic2ª B - Grupo III,unknown,,
2019,Barcelona,arrival,126716,Paco Alcácer,25,DortmundBundesliga,loan,,
2019,Barcelona,arrival,221025,André Gomes,25,EvertonPremier League,loan,,
2019,Barcelona,arrival,165007,Denis Suárez,25,ArsenalPremier League,loan,,
2019,Barcelona,arrival,284857,Marc Cucurella,20,SD EibarLaLiga,loan,,
2019,Barcelona,arrival,683840,Pedri,17,UD Las PalmasLaLiga2,loan,,
2019,Barcelona,arrival,268176,Sergi Palencia,23,G. BordeauxLigue 1,loan,,
2019,Barcelona,arrival,351892,Matheus Fernandes,22,Real ValladolidLaLiga,loan,,
2019,Barcelona,arrival,58426,Douglas,28,SivassporSüper Lig,loan,,
2019,Barcelona,arrival,443222,Marc Cardona,23,SD EibarLaLiga,loan,,
2019,Barcelona,arrival,142033,Adrián Ortolá,25,Dep. A CoruñaLaLiga2,loan,,
2019,Barcelona,arrival,21369,Arda Turan,32,BasaksehirSüper Lig,loan,,
2019,Barcelona,departure,323704,Malcom,22,Zenit S-PbPremier Liga,permanent,41500000.0,41.5
2019,Barcelona,departure,146227,Jasper Cillessen,30,ValenciaLaLiga,permanent,35000000.0,35.0
2019,Barcelona,departure,221025,André Gomes,25,EvertonPremier League,permanent,25000000.0,25.0
2019,Barcelona,departure,126716,Paco Alcácer,25,DortmundBundesliga,permanent,21000000.0,21.0
2019,Barcelona,departure,165007,Denis Suárez,25,Celta de VigoLaLiga,permanent,12900000.0,12.9
2019,Barcelona,departure,80444,Philippe Coutinho,27,Bayern MunichBundesliga,loan,8500000.0,8.5
2019,Barcelona,departure,443222,Marc Cardona,23,CA OsasunaLaLiga,permanent,2500000.0,2.5
2019,Barcelona,departure,284857,Marc Cucurella,20,SD EibarLaLiga,permanent,2000000.0,2.0
2019,Barcelona,departure,268176,Sergi Palencia,23,Saint-ÉtienneLigue 1,permanent,2000000.0,2.0
2019,Barcelona,departure,129473,Rafinha,26,Celta de VigoLaLiga,loan,1500000.0,1.5
2019,Barcelona,departure,605184,Jean-Clair Todibo,20,FC Schalke 04Bundesliga,loan,1500000.0,1.5
2019,Barcelona,departure,282810,Carles Pérez,21,RomaSerie A,loan,1000000.0,1.0
2019,Barcelona,departure,15904,Thomas Vermaelen,33,Vissel KobeJ1 League,free,0.0,0.0
2019,Barcelona,departure,58426,Douglas,28,BesiktasSüper Lig,free,0.0,0.0
2019,Barcelona,departure,142033,Adrián Ortolá,25,CD TenerifeLaLiga2,free,0.0,0.0
2019,Barcelona,departure,284854,Carles Aleñá,21,Real BetisLaLiga,loan,,
2019,Barcelona,departure,284857,Marc Cucurella,20,GetafeLaLiga,loan,,
2019,Barcelona,departure,364240,Moussa Wagué,21,NiceLigue 1,loan,,
2019,Barcelona,departure,341227,Juan Miranda,19,FC Schalke 04Bundesliga,loan,,
2019,Barcelona,departure,351892,Matheus Fernandes,21,Real ValladolidLaLiga,loan,,
2019,Barcelona,departure,683840,Pedri,16,UD Las PalmasLaLiga2,loan,,
2019,Barcelona,departure,131102,Jeison Murillo,27,ValenciaLaLiga,loan,,
2019,Barcelona,departure,16922,Kevin-Prince Boateng,32,SassuoloSerie A,loan,,
2019,Real Madrid,arrival,50202,Eden Hazard,28,ChelseaPremier League,permanent,120800000.0,120.8
2019,Real Madrid,arrival,257462,Luka Jović,21,FrankfurtBundesliga,permanent,63000000.0,63.0
2019,Real Madrid,arrival,401530,Éder Militão,21,PortoLiga Portugal,permanent,50000000.0,50.0
2019,Real Madrid,arrival,291417,Ferland Mendy,24,LyonLigue 1,permanent,48000000.0,48.0
2019,Real Madrid,arrival,412363,Rodrygo,18,SantosSérie A,permanent,45000000.0,45.0
2019,Real Madrid,arrival,627226,Reinier,18,FlamengoSérie A,permanent,30000000.0,30.0
2019,Real Madrid,arrival,487688,Alberto Soro,20,Real ZaragozaLaLiga2,permanent,2500000.0,2.5
2019,Real Madrid,arrival,120629,Alphonse Areola,26,PSGLigue 1,loan,2000000.0,2.0
2019,Real Madrid,arrival,405398,Takefusa Kubo,18,FC TokyoJ1 League,free,0.0,0.0
2019,Real Madrid,arrival,455181,Jorge de Frutos,22,RM Castilla2ª B - Grupo I,unknown,,
2019,Real Madrid,arrival,340853,Javi Sánchez,22,RM Castilla2ª B - Grupo I,unknown,,
2019,Real Madrid,arrival,422460,Dani Gómez,20,RM Castilla2ª B - Grupo I,unknown,,
2019,Real Madrid,arrival,88103,James Rodríguez,27,Bayern MunichBundesliga,loan,,
2019,Real Madrid,arrival,51471,Mateo Kovacic,25,ChelseaPremier League,loan,,
2019,Real Madrid,arrival,162038,Raúl de Tomás,24,Rayo VallecanoLaLiga,loan,,
2019,Real Madrid,arrival,339808,Theo Hernández,21,Real SociedadLaLiga,loan,,
2019,Real Madrid,arrival,316264,Martin Ødegaard,20,VitesseEredivisie,loan,,
2019,Real Madrid,arrival,251896,Jesús Vallejo,23,WolvesPremier League,loan,,
2019,Real Madrid,arrival,404839,Andriy Lunin,20,CD LeganésLaLiga,loan,,
2019,Real Madrid,arrival,298976,Borja Mayoral,22,LevanteLaLiga,loan,,
2019,Real Madrid,arrival,404839,Andriy Lunin,20,Real ValladolidLaLiga,loan,,
2019,Real Madrid,arrival,455181,Jorge de Frutos,22,Real ValladolidLaLiga,loan,,
2019,Real Madrid,arrival,218118,Lucas Silva,26,CruzeiroSérie A,loan,,
2019,Real Madrid,departure,51471,Mateo Kovacic,25,ChelseaPremier League,permanent,45000000.0,45.0
2019,Real Madrid,departure,282411,Marcos Llorente,24,AtléticoLaLiga,permanent,30000000.0,30.0
2019,Real Madrid,departure,339808,Theo Hernández,21,AC MilanSerie A,permanent,22800000.0,22.8
2019,Real Madrid,departure,162038,Raúl de Tomás,24,BenficaLiga Portugal,permanent,20000000.0,20.0
2019,Real Madrid,departure,79422,Keylor Navas,32,PSGLigue 1,permanent,15000000.0,15.0
2019,Real Madrid,departure,316264,Martin Ødegaard,20,Real SociedadLaLiga,loan,2000000.0,2.0
2019,Real Madrid,departure,298976,Borja Mayoral,22,LevanteLaLiga,loan,2000000.0,2.0
2019,Real Madrid,departure,319745,Dani Ceballos,22,ArsenalPremier League,loan,,
2019,Real Madrid,departure,280730,Álvaro Odriozola,24,Bayern MunichBundesliga,loan,,
2019,Real Madrid,departure,282429,Sergio Reguilón,22,Sevilla FCLaLiga,loan,,
2019,Real Madrid,departure,251896,Jesús Vallejo,23,Granada CFLaLiga,loan,,
2019,Real Madrid,departure,251896,Jesús Vallejo,22,WolvesPremier League,loan,,
2019,Real Madrid,departure,404839,Andriy Lunin,20,Real ValladolidLaLiga,loan,,
2019,Real Madrid,departure,455181,Jorge de Frutos,22,Real ValladolidLaLiga,loan,,
2019,Real Madrid,departure,487688,Alberto Soro,20,Real ZaragozaLaLiga2,loan,,
2019,Real Madrid,departure,404839,Andriy Lunin,20,Real OviedoLaLiga2,loan,,
2019,Real Madrid,departure,455181,Jorge de Frutos,22,Rayo VallecanoLaLiga2,loan,,
2019,Real Madrid,departure,340853,Javi Sánchez,22,Real ValladolidLaLiga,loan,,
2019,Real Madrid,departure,405398,Takefusa Kubo,18,RCD MallorcaLaLiga,loan,,
2019,Real Madrid,departure,283489,Luca Zidane,21,RacingLaLiga2,loan,,
2019,Real Madrid,departure,422460,Dani Gómez,20,CD TenerifeLaLiga2,loan,,
2019,Real Madrid,departure,218118,Lucas Silva,26,Without Club,unknown,,
2019,Atletico Madrid,arrival,462250,João Félix,19,BenficaLiga Portugal,permanent,127200000.0,127.2
2019,Atletico Madrid,arrival,282411,Marcos Llorente,24,Real MadridLaLiga,permanent,30000000.0,30.0
2019,Atletico Madrid,arrival,281769,Mario Hermoso,24,EspanyolLaLiga,permanent,25000000.0,25.0
2019,Atletico Madrid,arrival,95810,Kieran Trippier,28,TottenhamPremier League,permanent,22000000.0,22.0
2019,Atletico Madrid,arrival,476352,Renan Lodi,21,Athletico-PRSérie A,permanent,21750000.0,21.75
2019,Atletico Madrid,arrival,156501,Felipe,30,PortoLiga Portugal,permanent,20000000.0,20.0
2019,Atletico Madrid,arrival,267753,Nicolás Ibáñez,24,San LuisLiga MX Apertura,permanent,900000.0,0.9
2019,Atletico Madrid,arrival,274347,Ivan Saponjic,21,Benfica BLiga Portugal 2,permanent,500000.0,0.5
2019,Atletico Madrid,arrival,122043,Héctor Herrera,29,PortoLiga Portugal,free,0.0,0.0
2019,Atletico Madrid,arrival,140776,Yannick Carrasco,26,DL ProSuper League,loan,,
2019,Atletico Madrid,arrival,396333,Javi Montero,20,Atl. Madrileño2ª B - Grupo I,unknown,,
2019,Atletico Madrid,arrival,257448,Gelson Martins,24,MonacoLigue 1,loan,,
2019,Atletico Madrid,arrival,76061,Sime Vrsaljko,27,InterSerie A,loan,,
2019,Atletico Madrid,arrival,214316,Luciano Vietto,25,FulhamPremier League,loan,,
2019,Atletico Madrid,arrival,324321,Bernard Mensah,24,KayserisporSüper Lig,loan,,
2019,Atletico Madrid,arrival,420064,Caio Henrique,22,FluminenseSérie A,loan,,
2019,Atletico Madrid,arrival,420064,Caio Henrique,22,GrêmioSérie A,loan,,
2019,Atletico Madrid,arrival,326363,André Moreira,23,FeirenseLiga Portugal,loan,,
2019,Atletico Madrid,arrival,273738,Héctor Hernández,23,R. MajadahondaLaLiga2,loan,,
2019,Atletico Madrid,arrival,236734,Axel Werner,23,Málaga CFLaLiga2,loan,,
2019,Atletico Madrid,departure,125781,Antoine Griezmann,28,BarcelonaLaLiga,permanent,120000000.0,120.0
2019,Atletico Madrid,departure,281963,Lucas Hernández,23,Bayern MunichBundesliga,permanent,80000000.0,80.0
2019,Atletico Madrid,departure,357565,Rodri,23,Man CityPremier League,permanent,70000000.0,70.0
2019,Atletico Madrid,departure,257448,Gelson Martins,24,MonacoLigue 1,permanent,30000000.0,30.0
2019,Atletico Madrid,departure,214316,Luciano Vietto,25,SportingLiga Portugal,permanent,11000000.0,11.0
2019,Atletico Madrid,departure,324321,Bernard Mensah,24,KayserisporSüper Lig,permanent,2800000.0,2.8
2019,Atletico Madrid,departure,36371,Nikola Kalinić,31,RomaSerie A,loan,2000000.0,2.0
2019,Atletico Madrid,departure,420064,Caio Henrique,22,GrêmioSérie A,loan,500000.0,0.5
2019,Atletico Madrid,departure,54928,Diego Godín,33,InterSerie A,free,0.0,0.0
2019,Atletico Madrid,departure,16635,Juanfran Torres,34,São PauloSérie A,free,0.0,0.0
2019,Atletico Madrid,departure,21725,Filipe Luís,33,FlamengoSérie A,free,0.0,0.0
2019,Atletico Madrid,departure,326363,André Moreira,23,B SADLiga Portugal,free,0.0,0.0
2019,Atletico Madrid,departure,273738,Héctor Hernández,23,CF FuenlabradaLaLiga2,free,0.0,0.0
2019,Atletico Madrid,departure,396333,Javi Montero,20,Dep. A CoruñaLaLiga2,loan,,
2019,Atletico Madrid,departure,491693,Nehuén Pérez,19,FamalicãoLiga Portugal,loan,,
2019,Atletico Madrid,departure,505673,Víctor Mollejo,18,Dep. A CoruñaLaLiga2,loan,,
2019,Atletico Madrid,departure,267753,Nicolás Ibáñez,24,San LuisLiga MX Apertura,loan,,
2019,Atletico Madrid,departure,236734,Axel Werner,23,San LuisLiga MX Apertura,loan,,
2019,Atletico Madrid,departure,140776,Yannick Carrasco,26,DL ProSuper League,loan,,
2019,Valencia,arrival,146227,Jasper Cillessen,30,BarcelonaLaLiga,permanent,35000000.0,35.0
2019,Valencia,arrival,396894,Maxi Gómez,22,Celta de VigoLaLiga,permanent,14500000.0,14.5
2019,Valencia,arrival,367466,Thierry Correia,20,SportingLiga Portugal,permanent,12000000.0,12.0
2019,Valencia,arrival,98322,Denis Cheryshev,28,VillarrealLaLiga,permanent,6000000.0,6.0
2019,Valencia,arrival,527350,Manu Vallejo,22,Cádiz CFLaLiga2,permanent,5500000.0,5.5
2019,Valencia,arrival,340339,Jorge Sáenz,22,CD TenerifeLaLiga2,permanent,2000000.0,2.0
2019,Valencia,arrival,90681,Eliaquim Mangala,28,Man CityPremier League,free,0.0,0.0
2019,Valencia,arrival,263860,Jason Remeseiro,24,LevanteLaLiga,free,0.0,0.0
2019,Valencia,arrival,162063,Salva Ruiz,24,RCD MallorcaLaLiga,free,0.0,0.0
2019,Valencia,arrival,262389,Àlex Carbonell,21,Córdoba CF2ª B - Grupo IV,free,0.0,0.0
2019,Valencia,arrival,130365,Alessandro Florenzi,28,RomaSerie A,loan,,
2019,Valencia,arrival,65318,Jaume Costa,31,VillarrealLaLiga,loan,,
2019,Valencia,arrival,423443,Álex Centelles,19,Valencia B2ª B - Grupo III,unknown,,
2019,Valencia,arrival,96828,Simone Zaza,28,TorinoSerie A,loan,,
2019,Valencia,arrival,131102,Jeison Murillo,27,BarcelonaLaLiga,loan,,
2019,Valencia,arrival,131102,Jeison Murillo,27,SampdoriaSerie A,loan,,
2019,Valencia,arrival,257851,Rúben Vezo,25,LevanteLaLiga,loan,,
2019,Valencia,arrival,417575,Uros Racic,21,CD TenerifeLaLiga2,loan,,
2019,Valencia,arrival,108830,Aymen Abdennour,29,MarseilleLigue 1,loan,,
2019,Valencia,arrival,320271,Toni Lato,22,PSVEredivisie,loan,,
2019,Valencia,arrival,311680,Fran Villalba,21,CD NumanciaLaLiga2,loan,,
2019,Valencia,arrival,253839,Álvaro Medrán,25,Rayo VallecanoLaLiga,loan,,
2019,Valencia,arrival,336731,Nacho Gil,23,Elche CFLaLiga2,loan,,
2019,Valencia,arrival,328914,Álex Blanco,20,AlavésLaLiga,loan,,
2019,Valencia,departure,111819,Neto,29,BarcelonaLaLiga,permanent,26000000.0,26.0
2019,Valencia,departure,131102,Jeison Murillo,27,SampdoriaSerie A,permanent,13300000.0,13.3
2019,Valencia,departure,96828,Simone Zaza,28,TorinoSerie A,permanent,12000000.0,12.0
2019,Valencia,departure,257851,Rúben Vezo,25,LevanteLaLiga,permanent,5000000.0,5.0
2019,Valencia,departure,255653,Santi Mina,23,Celta de VigoLaLiga,free,0.0,0.0
2019,Valencia,departure,108830,Aymen Abdennour,29,KayserisporSüper Lig,free,0.0,0.0
2019,Valencia,departure,311680,Fran Villalba,21,BirminghamChampionship,free,0.0,0.0
2019,Valencia,departure,336731,Nacho Gil,23,PonferradinaLaLiga2,free,0.0,0.0
2019,Valencia,departure,162063,Salva Ruiz,24,Dep. A CoruñaLaLiga2,free,0.0,0.0
2019,Valencia,departure,131102,Jeison Murillo,27,SampdoriaSerie A,loan,,
2019,Valencia,departure,263860,Jason Remeseiro,25,GetafeLaLiga,loan,,
2019,Valencia,departure,417575,Uros Racic,21,FamalicãoLiga Portugal,loan,,
2019,Valencia,departure,320271,Toni Lato,21,PSVEredivisie,loan,,
2019,Valencia,departure,340339,Jorge Sáenz,22,Celta de VigoLaLiga,loan,,
2019,Valencia,departure,320271,Toni Lato,22,CA OsasunaLaLiga,loan,,
2019,Valencia,departure,423443,Álex Centelles,19,FamalicãoLiga Portugal,loan,,
2019,Valencia,departure,328914,Álex Blanco,20,Real ZaragozaLaLiga2,loan,,
2019,Valencia,departure,262389,Àlex Carbonell,21,Fortuna SittardEredivisie,loan,,
2019,Valencia,departure,253839,Álvaro Medrán,25,Without Club,unknown,,
2019,Valencia,departure,98322,Denis Cheryshev,28,VillarrealLaLiga,loan,,
2019,Valencia,departure,61546,Facundo Roncaglia,32,Celta de VigoLaLiga,loan,,
2019,Real Sociedad,arrival,349066,Alexander Isak,19,DortmundBundesliga,permanent,15000000.0,15.0
2019,Real Sociedad,arrival,99353,Portu,27,GironaLaLiga2,permanent,10000000.0,10.0
2019,Real Sociedad,arrival,524925,Modibo Sagnan,20,LensLigue 2,permanent,4500000.0,4.5
2019,Real Sociedad,arrival,316264,Martin Ødegaard,20,Real MadridLaLiga,loan,2000000.0,2.0
2019,Real Sociedad,arrival,43003,Nacho Monreal,33,ArsenalPremier League,permanent,250000.0,0.25
2019,Real Sociedad,arrival,212862,Álex Remiro,24,Athletic ClubLaLiga,free,0.0,0.0
2019,Real Sociedad,arrival,616369,Ander Barrenetxea,17,Real Sociedad B2ª B - Grupo II,unknown,,
2019,Real Sociedad,arrival,517842,Aihen Muñoz,21,Real Sociedad B2ª B - Grupo II,unknown,,
2019,Real Sociedad,arrival,351809,Robin Le Normand,22,Real Sociedad B2ª B - Grupo II,unknown,,
2019,Real Sociedad,arrival,465967,Ander Guevara,21,Real Sociedad B2ª B - Grupo II,unknown,,
2019,Real Sociedad,arrival,289241,Eneko Capilla,24,CyD Leonesa2ª B - Grupo I,loan,,
2019,Real Sociedad,arrival,289257,Jon Guridi,24,CD Mirandés2ª B - Grupo II,loan,,
2019,Real Sociedad,arrival,304250,David Concha,23,Gamba OsakaJ1 League,loan,,
2019,Real Sociedad,departure,126737,Juanmi,26,Real BetisLaLiga,permanent,8000000.0,8.0
2019,Real Sociedad,departure,229604,Gerónimo Rulli,27,MontpellierLigue 1,loan,1500000.0,1.5
2019,Real Sociedad,departure,51046,Héctor Moreno,31,Al-GharafaStars League,free,0.0,0.0
2019,Real Sociedad,departure,99352,Rubén Pardo,27,G. BordeauxLigue 1,free,0.0,0.0
2019,Real Sociedad,departure,289241,Eneko Capilla,24,Asteras AktorSuper League 1,free,0.0,0.0
2019,Real Sociedad,departure,142419,Raúl Navas,31,CA OsasunaLaLiga,loan,,
2019,Real Sociedad,departure,206947,Kévin Rodrigues,25,CD LeganésLaLiga,loan,,
2019,Real Sociedad,departure,524925,Modibo Sagnan,20,CD MirandésLaLiga2,loan,,
2019,Real Sociedad,departure,289236,Jon Bautista,24,KAS EupenJupiler Pro League,loan,,
2019,Real Sociedad,departure,289272,Martín Merquelanz,24,CD MirandésLaLiga2,loan,,
2019,Real Sociedad,departure,289257,Jon Guridi,24,CD MirandésLaLiga2,loan,,
2019,Real Sociedad,departure,304250,David Concha,23,Without Club,unknown,,
2019,Real Sociedad,departure,339808,Theo Hernández,21,Real MadridLaLiga,loan,,
2019,Real Sociedad,departure,199369,Sandro Ramírez,23,EvertonPremier League,loan,,
2019,Sevilla,arrival,411975,Jules Koundé,20,G. BordeauxLigue 1,permanent,35000000.0,35.0
2019,Sevilla,arrival,174694,Rony Lopes,23,MonacoLigue 1,permanent,25000000.0,25.0
2019,Sevilla,arrival,433049,Youssef En-Nesyri,22,CD LeganésLaLiga,permanent,20000000.0,20.0
2019,Sevilla,arrival,145866,Munas Dabbur,27,SalzburgBundesliga,permanent,17000000.0,17.0
2019,Sevilla,arrival,189441,Lucas Ocampos,24,MarseilleLigue 1,permanent,15000000.0,15.0
2019,Sevilla,arrival,329145,Diego Carlos,26,FC NantesLigue 1,permanent,15000000.0,15.0
2019,Sevilla,arrival,263727,Joan Jordán,24,SD EibarLaLiga,permanent,14000000.0,14.0
2019,Sevilla,arrival,72522,Luuk de Jong,28,PSVEredivisie,permanent,12500000.0,12.5
2019,Sevilla,arrival,214775,Óliver Torres,24,PortoLiga Portugal,permanent,11000000.0,11.0
2019,Sevilla,arrival,263361,Maximilian Wöber,21,AjaxEredivisie,permanent,10500000.0,10.5
2019,Sevilla,arrival,50935,Chicharito,31,West HamPremier League,permanent,7750000.0,7.75
2019,Sevilla,arrival,51174,Fernando,31,GalatasaraySüper Lig,permanent,4500000.0,4.5
2019,Sevilla,arrival,111961,Suso,26,AC MilanSerie A,loan,980000.0,0.98
2019,Sevilla,arrival,297784,Yan Eteki,21,UD AlmeríaLaLiga2,permanent,500000.0,0.5
2019,Sevilla,arrival,74294,Nemanja Gudelj,27,GuaZ FCSuper League,free,0.0,0.0
2019,Sevilla,arrival,282429,Sergio Reguilón,22,Real MadridLaLiga,loan,,
2019,Sevilla,arrival,207834,Yassine Bounou,28,GironaLaLiga2,loan,,
2019,Sevilla,arrival,396107,Javi Díaz,22,Sevilla Atl.2ª B - Grupo IV,unknown,,
2019,Sevilla,arrival,119228,Luis Muriel,28,FiorentinaSerie A,loan,,
2019,Sevilla,arrival,207302,Sergio Rico,25,FulhamPremier League,loan,,
2019,Sevilla,arrival,207302,Sergio Rico,26,PSGLigue 1,loan,,
2019,Sevilla,arrival,205503,Ibrahim Amadou,26,NorwichPremier League,loan,,
2019,Sevilla,arrival,48859,Simon Kjaer,30,AtalantaSerie A,loan,,
2019,Sevilla,arrival,346766,Guilherme Arana,22,AtalantaSerie A,loan,,
2019,Sevilla,arrival,341272,Álex Pozo,20,Granada CFLaLiga2,loan,,
2019,Sevilla,arrival,102744,Sébastien Corchia,28,BenficaLiga Portugal,loan,,
2019,Sevilla,arrival,216464,Carlos Fernández,23,Dep. A CoruñaLaLiga2,loan,,
2019,Sevilla,arrival,376486,Marc Gual,23,GironaLaLiga2,loan,,
2019,Sevilla,arrival,376486,Marc Gual,23,Real ZaragozaLaLiga2,loan,,
2019,Sevilla,arrival,186848,Giorgi Aburjania,24,CD LugoLaLiga2,loan,,
2019,Sevilla,departure,146854,Wissam Ben Yedder,29,MonacoLigue 1,permanent,40000000.0,40.0
2019,Sevilla,departure,119228,Luis Muriel,28,AtalantaSerie A,permanent,21200000.0,21.2
2019,Sevilla,departure,74230,Pablo Sarabia,27,PSGLigue 1,permanent,18000000.0,18.0
2019,Sevilla,departure,182381,Quincy Promes,27,AjaxEredivisie,permanent,15700000.0,15.7
2019,Sevilla,departure,145866,Munas Dabbur,27,HoffenheimBundesliga,permanent,12000000.0,12.0
2019,Sevilla,departure,263361,Maximilian Wöber,21,SalzburgBundesliga,permanent,10500000.0,10.5
2019,Sevilla,departure,50935,Chicharito,31,LA GalaxyMLS,permanent,8500000.0,8.5
2019,Sevilla,departure,346766,Guilherme Arana,22,Atlético-MGSérie A,loan,2500000.0,2.5
2019,Sevilla,departure,37712,Daniel Carriço,31,WH YangtzeSuper League,permanent,2000000.0,2.0
2019,Sevilla,departure,297784,Yan Eteki,21,Granada CFLaLiga,permanent,1000000.0,1.0
2019,Sevilla,departure,45319,Gabriel Mercado,32,Al-RayyanStars League,free,0.0,0.0
2019,Sevilla,departure,70934,Nolito,33,Celta de VigoLaLiga,free,0.0,0.0
2019,Sevilla,departure,207302,Sergio Rico,26,PSGLigue 1,loan,,
2019,Sevilla,departure,537382,Bryan Gil,18,CD LeganésLaLiga,loan,,
2019,Sevilla,departure,48859,Simon Kjaer,30,AtalantaSerie A,loan,,
2019,Sevilla,departure,202984,Roque Mesa,30,CD LeganésLaLiga,loan,,
2019,Sevilla,departure,205503,Ibrahim Amadou,26,CD LeganésLaLiga,loan,,
2019,Sevilla,departure,205503,Ibrahim Amadou,26,NorwichPremier League,loan,,
2019,Sevilla,departure,48859,Simon Kjaer,30,AC MilanSerie A,loan,,
2019,Sevilla,departure,378954,Joris Gnagnon,22,Stade RennaisLigue 1,loan,,
2019,Sevilla,departure,341272,Álex Pozo,20,RCD MallorcaLaLiga,loan,,
2019,Sevilla,departure,88490,Aleix Vidal,29,AlavésLaLiga,loan,,
2019,Sevilla,departure,346766,Guilherme Arana,22,AtalantaSerie A,loan,,
2019,Sevilla,departure,251892,Juan Soriano,21,CD LeganésLaLiga,loan,,
2019,Sevilla,departure,102744,Sébastien Corchia,28,EspanyolLaLiga,loan,,
2019,Sevilla,departure,216464,Carlos Fernández,23,Granada CFLaLiga,loan,,
2019,Sevilla,departure,376486,Marc Gual,23,RM Castilla2ª B - Grupo I,loan,,
2019,Sevilla,departure,376486,Marc Gual,23,GironaLaLiga2,loan,,
2019,Sevilla,departure,186848,Giorgi Aburjania,24,FC TwenteEredivisie,loan,,
2019,Sevilla,departure,198008,André Silva,23,AC MilanSerie A,loan,,
2019,Sevilla,departure,263361,Maximilian Wöber,21,AjaxEredivisie,loan,,
2019,Sevilla,departure,317482,Marko Rog,23,NapoliSerie A,loan,,
2019,Sevilla,departure,60542,Maxime Gonalons,30,RomaSerie A,loan,,
2019,Real Betis,arrival,278359,Borja Iglesias,26,EspanyolLaLiga,permanent,28000000.0,28.0
2019,Real Betis,arrival,348795,Giovani Lo Celso,23,PSGLigue 1,permanent,22000000.0,22.0
2019,Real Betis,arrival,203496,Nabil Fekir,26,LyonLigue 1,permanent,19750000.0,19.75
2019,Real Betis,arrival,193098,Álex Moreno,26,Rayo VallecanoLaLiga2,permanent,9700000.0,9.7
2019,Real Betis,arrival,126737,Juanmi,26,Real SociedadLaLiga,permanent,8000000.0,8.0
2019,Real Betis,arrival,335221,Dani Martín,21,Sporting GijónLaLiga2,permanent,5000000.0,5.0
2019,Real Betis,arrival,342385,Guido Rodríguez,25,AméricaLiga MX Apertura,permanent,4000000.0,4.0
2019,Real Betis,arrival,356197,Alfonso Pedraza,23,VillarrealLaLiga,loan,,
2019,Real Betis,arrival,284854,Carles Aleñá,21,BarcelonaLaLiga,loan,,
2019,Real Betis,arrival,378139,Aitor Ruibal,23,Betis DeportivoSpain,unknown,,
2019,Real Betis,arrival,630990,Ismael Gutiérrez,19,Betis DeportivoSpain,unknown,,
2019,Real Betis,arrival,263856,Víctor Camarasa,25,CardiffPremier League,loan,,
2019,Real Betis,arrival,77826,Ryad Boudebouz,29,Celta de VigoLaLiga,loan,,
2019,Real Betis,arrival,263856,Víctor Camarasa,25,Crystal PalacePremier League,loan,,
2019,Real Betis,arrival,98249,Takashi Inui,31,AlavésLaLiga,loan,,
2019,Real Betis,arrival,256120,Wilfrid Kaptoum,24,UD AlmeríaLaLiga2,loan,,
2019,Real Betis,arrival,95641,Darko Brasanac,27,AlavésLaLiga,loan,,
2019,Real Betis,arrival,148004,Alin Toșca,27,PAOKSuper League 1,loan,,
2019,Real Betis,arrival,178187,Álex Alegría,26,Sporting GijónLaLiga2,loan,,
2019,Real Betis,arrival,213595,Juanjo Narváez,24,UD AlmeríaLaLiga2,loan,,
2019,Real Betis,arrival,355763,Liberto Beltrán,22,CyD Leonesa2ª B - Grupo I,loan,,
2019,Real Betis,departure,286415,Pau López,24,RomaSerie A,permanent,23500000.0,23.5
2019,Real Betis,departure,374139,Junior Firpo,22,BarcelonaLaLiga,permanent,20000000.0,20.0
2019,Real Betis,departure,348795,Giovani Lo Celso,23,TottenhamPremier League,loan,16000000.0,16.0
2019,Real Betis,departure,145769,Sergio León,30,LevanteLaLiga,permanent,4000000.0,4.0
2019,Real Betis,departure,77826,Ryad Boudebouz,29,Saint-ÉtienneLigue 1,permanent,3500000.0,3.5
2019,Real Betis,departure,98249,Takashi Inui,31,SD EibarLaLiga,permanent,2000000.0,2.0
2019,Real Betis,departure,263856,Víctor Camarasa,25,Crystal PalacePremier League,loan,1500000.0,1.5
2019,Real Betis,departure,95641,Darko Brasanac,27,CA OsasunaLaLiga,permanent,1000000.0,1.0
2019,Real Betis,departure,256120,Wilfrid Kaptoum,23,UD AlmeríaLaLiga2,loan,500000.0,0.5
2019,Real Betis,departure,148004,Alin Toșca,27,Gaziantep FKSüper Lig,free,0.0,0.0
2019,Real Betis,departure,178187,Álex Alegría,26,RCD MallorcaLaLiga,free,0.0,0.0
2019,Real Betis,departure,263856,Víctor Camarasa,25,AlavésLaLiga,loan,,
2019,Real Betis,departure,370691,Francis Guerrero,23,UD AlmeríaLaLiga2,loan,,
2019,Real Betis,departure,378139,Aitor Ruibal,23,CD LeganésLaLiga,loan,,
2019,Real Betis,departure,630990,Ismael Gutiérrez,19,AlavésLaLiga,loan,,
2019,Real Betis,departure,213595,Juanjo Narváez,24,UD Las PalmasLaLiga2,loan,,
2019,Real Betis,departure,355763,Liberto Beltrán,22,Lleida CF2ª B - Grupo III,loan,,
2019,Real Betis,departure,348795,Giovani Lo Celso,23,PSGLigue 1,loan,,
2019,Real Betis,departure,134936,Jesé,26,PSGLigue 1,loan,,
2019,Athletic Club,arrival,447052,Peru Nolaskoain,20,Bilbao Athletic2ª B - Grupo II,unknown,,
2019,Athletic Club,arrival,251897,Asier Villalibre,21,Bilbao Athletic2ª B - Grupo II,unknown,,
2019,Athletic Club,arrival,335216,Iñigo Vicente,21,Bilbao Athletic2ª B - Grupo II,unknown,,
2019,Athletic Club,arrival,439465,Gaizka Larrazabal,21,Bilbao Athletic2ª B - Grupo II,unknown,,
2019,Athletic Club,arrival,338286,Hodei Oleaga,22,Bilbao Athletic2ª B - Grupo II,unknown,,
2019,Athletic Club,arrival,300168,Mikel Vesga,26,CD LeganésLaLiga,loan,,
2019,Athletic Club,arrival,71559,Xabi Etxeita,31,SD HuescaLaLiga,loan,,
2019,Athletic Club,arrival,262117,Cristian Ganea,27,CD NumanciaLaLiga2,loan,,
2019,Athletic Club,arrival,192736,Sabin Merino,27,CD LeganésLaLiga,loan,,
2019,Athletic Club,arrival,340206,Andoni López,23,UD AlmeríaLaLiga2,loan,,
2019,Athletic Club,departure,71571,Ander Iturraspe,30,EspanyolLaLiga,free,0.0,0.0
2019,Athletic Club,departure,71559,Xabi Etxeita,31,GetafeLaLiga,free,0.0,0.0
2019,Athletic Club,departure,212862,Álex Remiro,24,Real SociedadLaLiga,free,0.0,0.0
2019,Athletic Club,departure,192736,Sabin Merino,27,CD LeganésLaLiga,free,0.0,0.0
2019,Athletic Club,departure,51474,Mikel Rico,34,SD HuescaLaLiga2,free,0.0,0.0
2019,Athletic Club,departure,447052,Peru Nolaskoain,20,Dep. A CoruñaLaLiga2,loan,,
2019,Athletic Club,departure,262117,Cristian Ganea,27,FCV FarulSuperLiga,loan,,
2019,Athletic Club,departure,335216,Iñigo Vicente,21,CD MirandésLaLiga2,loan,,
2019,Athletic Club,departure,340206,Andoni López,23,Elche CFLaLiga2,loan,,
2019,Athletic Club,departure,338286,Hodei Oleaga,22,UD Melilla2ª B - Grupo I,loan,,
2019,Athletic Club,departure,54245,Markel Susaeta,31,Without Club,unknown,,
2019,Athletic Club,departure,29124,Aritz Aduriz,39,Retired,unknown,,
2019,Villarreal,arrival,126716,Paco Alcácer,26,DortmundBundesliga,permanent,25000000.0,25.0
2019,Villarreal,arrival,238868,Rubén Peña,27,SD EibarLaLiga,permanent,8000000.0,8.0
2019,Villarreal,arrival,298983,Javi Ontiveros,21,Málaga CFLaLiga2,permanent,7500000.0,7.5
2019,Villarreal,arrival,15452,Raúl Albiol,33,NapoliSerie A,permanent,4000000.0,4.0
2019,Villarreal,arrival,175449,Moi Gómez,25,Sporting GijónLaLiga2,permanent,1300000.0,1.3
2019,Villarreal,arrival,207917,Alberto Moreno,27,LiverpoolPremier League,free,0.0,0.0
2019,Villarreal,arrival,354361,Frank Anguissa,23,FulhamChampionship,loan,,
2019,Villarreal,arrival,204102,Xavi Quintillà,22,Villarreal CF B2ª B - Grupo III,unknown,,
2019,Villarreal,arrival,236956,Soufiane Chakla,26,Villarreal CF B2ª B - Grupo III,unknown,,
2019,Villarreal,arrival,282700,Enric Franquesa,22,Villarreal CF B2ª B - Grupo III,unknown,,
2019,Villarreal,arrival,82048,Nicola Sansone,27,BolognaSerie A,loan,,
2019,Villarreal,arrival,63186,Roberto Soriano,28,BolognaSerie A,loan,,
2019,Villarreal,arrival,98322,Denis Cheryshev,28,ValenciaLaLiga,loan,,
2019,Villarreal,arrival,399776,Pau Torres,22,Málaga CFLaLiga2,loan,,
2019,Villarreal,arrival,77737,Alfred N'Diaye,29,Málaga CFLaLiga2,loan,,
2019,Villarreal,arrival,197602,Rúben Semedo,25,Rio AveLiga Portugal,loan,,
2019,Villarreal,arrival,278992,Cristian Espinoza,24,SJ EarthquakesMLS,loan,,
2019,Villarreal,arrival,294894,Leo Suárez,23,RCD MallorcaLaLiga2,loan,,
2019,Villarreal,arrival,411294,Juan Ibiza,23,UD AlmeríaLaLiga2,loan,,
2019,Villarreal,departure,357885,Pablo Fornals,23,West HamPremier League,permanent,28000000.0,28.0
2019,Villarreal,departure,82048,Nicola Sansone,27,BolognaSerie A,permanent,8000000.0,8.0
2019,Villarreal,departure,63186,Roberto Soriano,28,BolognaSerie A,permanent,8000000.0,8.0
2019,Villarreal,departure,98322,Denis Cheryshev,28,ValenciaLaLiga,permanent,6000000.0,6.0
2019,Villarreal,departure,77737,Alfred N'Diaye,29,Al-ShababSaudi Pro League,permanent,6000000.0,6.0
2019,Villarreal,departure,197602,Rúben Semedo,25,OlympiacosSuper League 1,permanent,4500000.0,4.5
2019,Villarreal,departure,315110,Karl Toko Ekambi,27,LyonLigue 1,loan,4000000.0,4.0
2019,Villarreal,departure,62920,Víctor Ruiz,30,BesiktasSüper Lig,permanent,2500000.0,2.5
2019,Villarreal,departure,278992,Cristian Espinoza,24,SJ EarthquakesMLS,permanent,2300000.0,2.3
2019,Villarreal,departure,56134,Javi Fuego,35,Sporting GijónLaLiga2,free,0.0,0.0
2019,Villarreal,departure,411294,Juan Ibiza,23,UD AlmeríaLaLiga2,free,0.0,0.0
2019,Villarreal,departure,294894,Leo Suárez,23,AméricaLiga MX Apertura,unknown,,
2019,Villarreal,departure,356197,Alfonso Pedraza,23,Real BetisLaLiga,loan,,
2019,Villarreal,departure,183647,Álvaro González,29,MarseilleLigue 1,loan,,
2019,Villarreal,departure,466298,Santiago Cáseres,22,AméricaLiga MX Apertura,loan,,
2019,Villarreal,departure,65318,Jaume Costa,31,ValenciaLaLiga,loan,,
2019,Villarreal,departure,413262,Dani Raba,23,SD HuescaLaLiga2,loan,,
2019,Villarreal,departure,399775,Miguel Llambrich,23,SD HuescaLaLiga2,loan,,
2019,Villarreal,departure,282700,Enric Franquesa,22,CD MirandésLaLiga2,loan,,
2019,Villarreal,departure,5856,Daniele Bonera,38,Retired,unknown,,
2019,Getafe,arrival,302991,Erick Cabaco,24,LevanteLaLiga,permanent,8000000.0,8.0
2019,Getafe,arrival,114060,Enric Gallego,32,SD HuescaLaLiga2,permanent,6000000.0,6.0
2019,Getafe,arrival,111508,Allan Nyom,31,West BromChampionship,permanent,3000000.0,3.0
2019,Getafe,arrival,174344,Fayçal Fajr,31,SM CaenLigue 2,permanent,1500000.0,1.5
2019,Getafe,arrival,248330,Chema Rodríguez,27,Nott'm ForestChampionship,permanent,1500000.0,1.5
2019,Getafe,arrival,147524,Jack Harper,23,Málaga CFLaLiga2,permanent,1500000.0,1.5
2019,Getafe,arrival,71559,Xabi Etxeita,31,Athletic ClubLaLiga,free,0.0,0.0
2019,Getafe,arrival,158795,David Timor,29,UD Las PalmasLaLiga2,free,0.0,0.0
2019,Getafe,arrival,139434,Raúl Carnero,30,GironaLaLiga2,free,0.0,0.0
2019,Getafe,arrival,281404,Kenedy,23,ChelseaPremier League,loan,,
2019,Getafe,arrival,284857,Marc Cucurella,20,BarcelonaLaLiga,loan,,
2019,Getafe,arrival,263860,Jason Remeseiro,25,ValenciaLaLiga,loan,,
2019,Getafe,arrival,409106,Peter Etebo,24,Stoke CityChampionship,loan,,
2019,Getafe,arrival,243541,Deyverson,28,PalmeirasSérie A,loan,,
2019,Getafe,arrival,281755,Iván Alejo,24,Málaga CFLaLiga2,loan,,
2019,Getafe,arrival,242532,Rober Ibáñez,26,CA OsasunaLaLiga2,loan,,
2019,Getafe,arrival,282410,José Carlos Lazo,23,CD LugoLaLiga2,loan,,
2019,Getafe,arrival,398886,Merveil Ndockyt,20,Barça Atlètic2ª B - Grupo III,loan,,
2019,Getafe,arrival,282406,Álvaro Jiménez,24,Sporting GijónLaLiga2,loan,,
2019,Getafe,arrival,129515,Chuli,28,ExtremaduraLaLiga2,loan,,
2019,Getafe,arrival,333323,Filip Manojlovic,23,PanioniosSuper League 1,loan,,
2019,Getafe,departure,102423,Leandro Cabrera,28,EspanyolLaLiga,permanent,9000000.0,9.0
2019,Getafe,departure,242532,Rober Ibáñez,26,CA OsasunaLaLiga,permanent,2000000.0,2.0
2019,Getafe,departure,282410,José Carlos Lazo,23,UD AlmeríaLaLiga2,loan,250000.0,0.25
2019,Getafe,departure,129693,Gaku Shibasaki,27,Dep. A CoruñaLaLiga2,free,0.0,0.0
2019,Getafe,departure,188838,Bruno González,29,LevanteLaLiga,free,0.0,0.0
2019,Getafe,departure,129515,Chuli,28,Recr. Huelva2ª B - Grupo IV,free,0.0,0.0
2019,Getafe,departure,70245,Ignasi Miquel,26,GironaLaLiga2,loan,,
2019,Getafe,departure,114060,Enric Gallego,33,CA OsasunaLaLiga,loan,,
2019,Getafe,departure,147524,Jack Harper,23,AD AlcorcónLaLiga2,loan,,
2019,Getafe,departure,281755,Iván Alejo,24,Cádiz CFLaLiga2,loan,,
2019,Getafe,departure,139434,Raúl Carnero,30,Real ValladolidLaLiga,loan,,
2019,Getafe,departure,398886,Merveil Ndockyt,21,NK OsijekSuperSport HNL,loan,,
2019,Getafe,departure,282406,Álvaro Jiménez,24,AlbaceteLaLiga2,loan,,
2019,Getafe,departure,246335,Rubén Yáñez,25,SD HuescaLaLiga2,loan,,
2019,Getafe,departure,17396,Mathieu Flamini,35,Retired,unknown,,
2019,Getafe,departure,51426,Markel Bergara,33,Retired,unknown,,
2019,Getafe,departure,170472,Dimitri Foulquier,26,WatfordPremier League,loan,,
2019,Getafe,departure,131506,Samu Saiz,28,LeedsChampionship,loan,,
2019,Getafe,departure,188157,Sebastián Cristóforo,25,FiorentinaSerie A,loan,,
2019,Celta Vigo,arrival,165007,Denis Suárez,25,BarcelonaLaLiga,permanent,12900000.0,12.9
2019,Celta Vigo,arrival,358250,Joseph Aidoo,23,GenkJupiler Pro League,permanent,8000000.0,8.0
2019,Celta Vigo,arrival,129473,Rafinha,26,BarcelonaLaLiga,loan,1500000.0,1.5
2019,Celta Vigo,arrival,131102,Jeison Murillo,27,SampdoriaSerie A,loan,1000000.0,1.0
2019,Celta Vigo,arrival,50355,Fedor Smolov,29,Loko MoscowPremier Liga,loan,700000.0,0.7
2019,Celta Vigo,arrival,336828,Pape Cheikh,22,LyonLigue 1,loan,500000.0,0.5
2019,Celta Vigo,arrival,255653,Santi Mina,23,ValenciaLaLiga,free,0.0,0.0
2019,Celta Vigo,arrival,70934,Nolito,33,Sevilla FCLaLiga,free,0.0,0.0
2019,Celta Vigo,arrival,238486,Filip Bradaric,28,CagliariSerie A,loan,,
2019,Celta Vigo,arrival,340339,Jorge Sáenz,22,ValenciaLaLiga,loan,,
2019,Celta Vigo,arrival,297194,Iván Villar,21,Celta Fortuna2ª B - Grupo I,unknown,,
2019,Celta Vigo,arrival,259930,Gabriel Fernández,25,PeñarolLiga AUF Clausura,loan,,
2019,Celta Vigo,arrival,61546,Facundo Roncaglia,32,ValenciaLaLiga,loan,,
2019,Celta Vigo,arrival,58818,Claudio Beauvue,31,SM CaenLigue 1,loan,,
2019,Celta Vigo,arrival,283223,Emre Mor,22,GalatasaraySüper Lig,loan,,
2019,Celta Vigo,arrival,249303,Dennis Eckert Ayensa,22,ExcelsiorEredivisie,loan,,
2019,Celta Vigo,arrival,349873,Juan Hernández,24,Cádiz CFLaLiga2,loan,,
2019,Celta Vigo,arrival,181619,Robert Mazan,25,VeneziaSerie B,loan,,
2019,Celta Vigo,departure,192735,Stanislav Lobotka,25,NapoliSerie A,permanent,24000000.0,24.0
2019,Celta Vigo,departure,396894,Maxi Gómez,22,ValenciaLaLiga,permanent,14500000.0,14.5
2019,Celta Vigo,departure,319859,Mathias Jensen,23,BrentfordChampionship,permanent,3800000.0,3.8
2019,Celta Vigo,departure,167798,Andrew Hjulsager,24,KV OostendeJupiler Pro League,permanent,500000.0,0.5
2019,Celta Vigo,departure,283223,Emre Mor,22,OlympiacosSuper League 1,loan,410000.0,0.41
2019,Celta Vigo,departure,61546,Facundo Roncaglia,32,CA OsasunaLaLiga,permanent,250000.0,0.25
2019,Celta Vigo,departure,283223,Emre Mor,22,GalatasaraySüper Lig,loan,190000.0,0.19
2019,Celta Vigo,departure,168959,Nemanja Radoja,26,LevanteLaLiga,free,0.0,0.0
2019,Celta Vigo,departure,30677,Gustavo Cabral,33,PachucaLiga MX Apertura,free,0.0,0.0
2019,Celta Vigo,departure,58818,Claudio Beauvue,31,Dep. A CoruñaLaLiga2,free,0.0,0.0
2019,Celta Vigo,departure,249303,Dennis Eckert Ayensa,22,FC Ingolstadt3. Liga,free,0.0,0.0
2019,Celta Vigo,departure,207924,Jozabed Sánchez,28,GironaLaLiga2,loan,,
2019,Celta Vigo,departure,276111,David Costas,24,UD AlmeríaLaLiga2,loan,,
2019,Celta Vigo,departure,181619,Robert Mazan,25,CD TenerifeLaLiga2,loan,,
2019,Celta Vigo,departure,232271,Sofiane Boufal,25,SouthamptonPremier League,loan,,
2019,Celta Vigo,departure,253765,Wesley Hoedt,25,SouthamptonPremier League,loan,,
2019,Celta Vigo,departure,77826,Ryad Boudebouz,29,Real BetisLaLiga,loan,,
2019,RCD Espanyol Barcelona,arrival,162038,Raúl de Tomás,25,BenficaLiga Portugal,permanent,22500000.0,22.5
2019,RCD Espanyol Barcelona,arrival,376211,Matías Vargas,22,Vélez SarsfieldLiga Profesional (- 23/24),permanent,10500000.0,10.5
2019,RCD Espanyol Barcelona,arrival,288318,Adrián Embarba,27,Rayo VallecanoLaLiga2,permanent,10000000.0,10.0
2019,RCD Espanyol Barcelona,arrival,102423,Leandro Cabrera,28,GetafeLaLiga,permanent,9000000.0,9.0
2019,RCD Espanyol Barcelona,arrival,357884,Fernando Calero,23,Real ValladolidLaLiga,permanent,8000000.0,8.0
2019,RCD Espanyol Barcelona,arrival,8176,Oier Olazábal,30,LevanteLaLiga,permanent,1500000.0,1.5
2019,RCD Espanyol Barcelona,arrival,71571,Ander Iturraspe,30,Athletic ClubLaLiga,free,0.0,0.0
2019,RCD Espanyol Barcelona,arrival,238032,Andrés Prieto,25,CD LeganésLaLiga,free,0.0,0.0
2019,RCD Espanyol Barcelona,arrival,284727,Jonathan Calleri,25,CD MaldonadoSegunda División,loan,,
2019,RCD Espanyol Barcelona,arrival,64598,Bernardo Espinosa,29,GironaLaLiga2,loan,,
2019,RCD Espanyol Barcelona,arrival,102744,Sébastien Corchia,28,Sevilla FCLaLiga,loan,,
2019,RCD Espanyol Barcelona,arrival,501418,Adrià Pedrosa,21,RCD Espanyol B2ª B - Grupo III,unknown,,
2019,RCD Espanyol Barcelona,arrival,394285,Víctor Campuzano,22,RCD Espanyol B2ª B - Grupo III,unknown,,
2019,RCD Espanyol Barcelona,arrival,262391,Lluís López,22,RCD Espanyol B2ª B - Grupo III,unknown,,
2019,RCD Espanyol Barcelona,arrival,495601,Víctor Gómez,19,RCD Espanyol B2ª B - Grupo III,unknown,,
2019,RCD Espanyol Barcelona,arrival,251878,Aarón Martín,22,MainzBundesliga,loan,,
2019,RCD Espanyol Barcelona,arrival,141835,Álvaro Vázquez,28,Real ZaragozaLaLiga2,loan,,
2019,RCD Espanyol Barcelona,arrival,408471,Javi Puado,22,Real ZaragozaLaLiga2,loan,,
2019,RCD Espanyol Barcelona,arrival,423166,Pipa,21,GimnàsticLaLiga2,loan,,
2019,RCD Espanyol Barcelona,departure,278359,Borja Iglesias,26,Real BetisLaLiga,permanent,28000000.0,28.0
2019,RCD Espanyol Barcelona,departure,281769,Mario Hermoso,24,AtléticoLaLiga,permanent,25000000.0,25.0
2019,RCD Espanyol Barcelona,departure,251878,Aarón Martín,22,MainzBundesliga,permanent,8000000.0,8.0
2019,RCD Espanyol Barcelona,departure,44065,Esteban Granero,32,Marbella2ª B - Grupo IV,free,0.0,0.0
2019,RCD Espanyol Barcelona,departure,56067,Pablo Piatti,30,TorontoMLS,free,0.0,0.0
2019,RCD Espanyol Barcelona,departure,37403,Roberto,33,West HamPremier League,free,0.0,0.0
2019,RCD Espanyol Barcelona,departure,73636,Hernán Pérez,30,Al-Ahli SCStars League,free,0.0,0.0
2019,RCD Espanyol Barcelona,departure,175323,Óscar Duarte,30,LevanteLaLiga,free,0.0,0.0
2019,RCD Espanyol Barcelona,departure,141835,Álvaro Vázquez,28,Sporting GijónLaLiga2,free,0.0,0.0
2019,RCD Espanyol Barcelona,departure,262391,Lluís López,22,CD TenerifeLaLiga2,loan,,
2019,RCD Espanyol Barcelona,departure,408471,Javi Puado,21,Real ZaragozaLaLiga2,loan,,
2019,RCD Espanyol Barcelona,departure,313113,Álex López,22,CD LugoLaLiga2,loan,,
2019,RCD Espanyol Barcelona,departure,7922,Sergio García,36,Without Club,unknown,,
2019,RCD Espanyol Barcelona,departure,49500,Roberto Rosales,30,Málaga CFLaLiga2,loan,,
2019,RCD Espanyol Barcelona,departure,359210,Alfa Semedo,21,BenficaLiga Portugal,loan,,
2019,Leganes,arrival,131708,Kenneth Omeruo,25,ChelseaPremier League,permanent,7000000.0,7.0
2019,Leganes,arrival,95732,Martin Braithwaite,28,MiddlesbroughChampionship,permanent,5000000.0,5.0
2019,Leganes,arrival,189453,Jonathan Silva,25,SportingLiga Portugal,permanent,2700000.0,2.7
2019,Leganes,arrival,268958,Juan Muñoz,23,AD AlcorcónLaLiga2,permanent,1500000.0,1.5
2019,Leganes,arrival,49500,Roberto Rosales,30,Málaga CFLaLiga2,permanent,1200000.0,1.2
2019,Leganes,arrival,309980,Federico Varela,23,FC Porto BLiga Portugal 2,permanent,1000000.0,1.0
2019,Leganes,arrival,457782,Owusu Kwabena,22,Córdoba CF2ª B - Grupo IV,loan,50000.0,0.05
2019,Leganes,arrival,192736,Sabin Merino,27,Athletic ClubLaLiga,free,0.0,0.0
2019,Leganes,arrival,345083,Álex Martín,21,RM Castilla2ª B - Grupo I,free,0.0,0.0
2019,Leganes,arrival,1014512,Brian Melendres,18,Unknown,free,0.0,0.0
2019,Leganes,arrival,537382,Bryan Gil,18,Sevilla FCLaLiga,loan,,
2019,Leganes,arrival,184672,Guido Carrillo,28,SouthamptonPremier League,loan,,
2019,Leganes,arrival,263183,Roger Assalé,26,Young BoysSuper League,loan,,
2019,Leganes,arrival,202984,Roque Mesa,30,Sevilla FCLaLiga,loan,,
2019,Leganes,arrival,205503,Ibrahim Amadou,26,Sevilla FCLaLiga,loan,,
2019,Leganes,arrival,358143,Chidozie Awaziem,22,PortoLiga Portugal,loan,,
2019,Leganes,arrival,206947,Kévin Rodrigues,25,Real SociedadLaLiga,loan,,
2019,Leganes,arrival,374077,Christian Rivera,22,UD Las PalmasLaLiga2,loan,,
2019,Leganes,arrival,251892,Juan Soriano,21,Sevilla FCLaLiga,loan,,
2019,Leganes,arrival,137704,Miguel Ángel Guerrero,29,OlympiacosSuper League 1,loan,,
2019,Leganes,arrival,378139,Aitor Ruibal,23,Real BetisLaLiga,loan,,
2019,Leganes,arrival,466800,Kleandro Lleshi,19,CD Leganés BSpain,unknown,,
2019,Leganes,arrival,223560,Luciano,26,FluminenseSérie A,loan,,
2019,Leganes,arrival,162079,Fede Vico,24,Granada CFLaLiga2,loan,,
2019,Leganes,arrival,171165,Mamadou Koné,27,Málaga CFLaLiga2,loan,,
2019,Leganes,arrival,571079,Facundo García,19,AEK LarnacaCyprus League,loan,,
2019,Leganes,arrival,111621,Dani Ojeda,24,Granada CFLaLiga2,loan,,
2019,Leganes,arrival,457782,Owusu Kwabena,22,Salamanca CF2ª B - Grupo I,loan,,
2019,Leganes,arrival,427683,Josua Mejías,21,FC Cartagena2ª B - Grupo IV,loan,,
2019,Leganes,arrival,466800,Kleandro Lleshi,20,CF FuenlabradaLaLiga2,loan,,
2019,Leganes,arrival,583607,William de Camargo,20,KarpatyPremier Liga,loan,,
2019,Leganes,departure,433049,Youssef En-Nesyri,22,Sevilla FCLaLiga,permanent,20000000.0,20.0
2019,Leganes,departure,95732,Martin Braithwaite,28,BarcelonaLaLiga,permanent,18000000.0,18.0
2019,Leganes,departure,223560,Luciano,26,GrêmioSérie A,permanent,1000000.0,1.0
2019,Leganes,departure,268670,Gerard Gumbau,24,GironaLaLiga2,permanent,500000.0,0.5
2019,Leganes,departure,364603,José Manuel Arnáiz,24,CA OsasunaLaLiga,loan,500000.0,0.5
2019,Leganes,departure,457782,Owusu Kwabena,22,QarabağPremyer Liqa,permanent,300000.0,0.3
2019,Leganes,departure,268958,Juan Muñoz,23,UD AlmeríaLaLiga2,loan,270000.0,0.27
2019,Leganes,departure,162079,Fede Vico,24,Granada CFLaLiga,permanent,250000.0,0.25
2019,Leganes,departure,37917,Nabil El Zhar,32,Al-Ahli SCStars League,free,0.0,0.0
2019,Leganes,departure,75127,Ezequiel Muñoz,28,LanúsLiga Profesional (- 23/24),free,0.0,0.0
2019,Leganes,departure,192736,Sabin Merino,28,Dep. A CoruñaLaLiga2,free,0.0,0.0
2019,Leganes,departure,238032,Andrés Prieto,25,EspanyolLaLiga,free,0.0,0.0
2019,Leganes,departure,245048,Vasyl Kravets,22,CD LugoLaLiga2,loan,,
2019,Leganes,departure,309980,Federico Varela,23,UD Las PalmasLaLiga2,loan,,
2019,Leganes,departure,171165,Mamadou Koné,27,Dep. A CoruñaLaLiga2,loan,,
2019,Leganes,departure,571079,Facundo García,19,AEK LarnacaCyprus League,loan,,
2019,Leganes,departure,111621,Dani Ojeda,24,AlbaceteLaLiga2,loan,,
2019,Leganes,departure,457782,Owusu Kwabena,22,Córdoba CF2ª B - Grupo IV,loan,,
2019,Leganes,departure,427683,Josua Mejías,21,Atl. Madrileño2ª B - Grupo I,loan,,
2019,Leganes,departure,583607,William de Camargo,20,FC Cartagena2ª B - Grupo IV,loan,,
2019,Leganes,departure,466800,Kleandro Lleshi,20,Recr. Huelva2ª B - Grupo IV,loan,,
2019,Leganes,departure,466800,Kleandro Lleshi,19,CF FuenlabradaLaLiga2,loan,,
2019,Leganes,departure,345083,Álex Martín,21,FC Cartagena2ª B - Grupo IV,loan,,
2019,Leganes,departure,95732,Martin Braithwaite,28,MiddlesbroughChampionship,loan,,
2019,Leganes,departure,184672,Guido Carrillo,28,SouthamptonPremier League,loan,,
2019,Leganes,departure,404839,Andriy Lunin,20,Real MadridLaLiga,loan,,
2019,Leganes,departure,131708,Kenneth Omeruo,25,ChelseaPremier League,loan,,
2019,Leganes,departure,300168,Mikel Vesga,26,Athletic ClubLaLiga,loan,,
2019,Leganes,departure,111508,Allan Nyom,31,West BromChampionship,loan,,
2019,Leganes,departure,189453,Jonathan Silva,25,SportingLiga Portugal,loan,,
2019,Leganes,departure,64411,Juanfran Moreno,30,Dep. A CoruñaLaLiga2,loan,,
2019,Leganes,departure,131090,Diego Reyes,26,FenerbahçeSüper Lig,loan,,
2019,Leganes,departure,178107,Michael Santos,26,Málaga CFLaLiga2,loan,,
2019,Leganes,departure,374077,Christian Rivera,22,UD Las PalmasLaLiga2,loan,,
2019,Leganes,departure,192736,Sabin Merino,27,Athletic ClubLaLiga,loan,,
2019,Alaves,arrival,73185,Lucas Pérez,30,West HamPremier League,permanent,2300000.0,2.3
2019,Alaves,arrival,81999,Joselu,29,NewcastlePremier League,permanent,2240000.0,2.24
2019,Alaves,arrival,435022,Ramón Miérez,22,TigrePrimera Nacional,permanent,2230000.0,2.23
2019,Alaves,arrival,242497,Pere Pons,26,GironaLaLiga2,permanent,2000000.0,2.0
2019,Alaves,arrival,278837,Luis Rioja,25,UD AlmeríaLaLiga2,permanent,2000000.0,2.0
2019,Alaves,arrival,375710,Jeando Fuchs,21,FC SochauxLigue 2,permanent,1000000.0,1.0
2019,Alaves,arrival,249471,Saúl García,24,Dep. A CoruñaLaLiga2,free,0.0,0.0
2019,Alaves,arrival,504125,Olivier Verdon,23,FC SochauxLigue 2,free,0.0,0.0
2019,Alaves,arrival,354697,Tachi,21,Atl. Madrileño2ª B - Grupo I,free,0.0,0.0
2019,Alaves,arrival,133794,Edgar Méndez,30,CD Cruz AzulLiga MX Apertura,unknown,,
2019,Alaves,arrival,341317,Oliver Burke,22,West BromChampionship,loan,,
2019,Alaves,arrival,66736,Lisandro Magallán,25,AjaxEredivisie,loan,,
2019,Alaves,arrival,263856,Víctor Camarasa,25,Real BetisLaLiga,loan,,
2019,Alaves,arrival,88490,Aleix Vidal,29,Sevilla FCLaLiga,loan,,
2019,Alaves,arrival,46110,Ljubomir Fejsa,31,BenficaLiga Portugal,loan,,
2019,Alaves,arrival,37403,Roberto,33,West HamPremier League,loan,,
2019,Alaves,arrival,630990,Ismael Gutiérrez,19,Real BetisLaLiga,loan,,
2019,Alaves,arrival,634461,Borja Sainz,18,Alavés U19Spain,unknown,,
2019,Alaves,arrival,375710,Jeando Fuchs,22,Maccabi HaifaLigat ha'Al,loan,,
2019,Alaves,arrival,335457,Ermedin Demirovic,21,UD AlmeríaLaLiga2,loan,,
2019,Alaves,arrival,93142,Dani Torres,29,AlbaceteLaLiga2,loan,,
2019,Alaves,arrival,351746,Rafa Navarro,25,FC SochauxLigue 2,loan,,
2019,Alaves,arrival,282421,Javi Muñoz,24,Real OviedoLaLiga2,loan,,
2019,Alaves,arrival,337977,Nando García,25,ExtremaduraLaLiga2,loan,,
2019,Alaves,arrival,268258,Rafa Páez,24,FC SochauxLigue 2,loan,,
2019,Alaves,arrival,355335,Adrián Diéguez,23,SD HuescaLaLiga,loan,,
2019,Alaves,arrival,380365,Antonio Glauder,23,CF Fuenlabrada2ª B - Grupo I,loan,,
2019,Alaves,arrival,533060,Anderson Cruz,23,FC SochauxLigue 2,loan,,
2019,Alaves,arrival,297661,Madger Gomes,22,NK IstraSuperSport HNL,loan,,
2019,Alaves,departure,249730,Guillermo Maripán,25,MonacoLigue 1,permanent,18000000.0,18.0
2019,Alaves,departure,45639,Mubarak Wakaso,29,Jiangsu FCSuper League,permanent,4000000.0,4.0
2019,Alaves,departure,98596,John Guidetti,27,Hannover 962. Bundesliga,loan,500000.0,0.5
2019,Alaves,departure,93142,Dani Torres,30,Real ZaragozaLaLiga2,free,0.0,0.0
2019,Alaves,departure,263627,Carlos Vigaray,24,Real ZaragozaLaLiga2,free,0.0,0.0
2019,Alaves,departure,337977,Nando García,25,Arka GdyniaEkstraklasa,free,0.0,0.0
2019,Alaves,departure,380365,Antonio Glauder,23,CF FuenlabradaLaLiga2,free,0.0,0.0
2019,Alaves,departure,297661,Madger Gomes,22,DoncasterLeague One,unknown,,
2019,Alaves,departure,375710,Jeando Fuchs,21,Maccabi HaifaLigat ha'Al,loan,,
2019,Alaves,departure,246277,Burgui,26,Real ZaragozaLaLiga2,loan,,
2019,Alaves,departure,298197,Antonio Sivera,23,UD AlmeríaLaLiga2,loan,,
2019,Alaves,departure,188651,Patrick Twumasi,25,Gaziantep FKSüper Lig,loan,,
2019,Alaves,departure,335457,Ermedin Demirovic,21,FC St. GallenSuper League,loan,,
2019,Alaves,departure,249471,Saúl García,24,Rayo VallecanoLaLiga2,loan,,
2019,Alaves,departure,435022,Ramón Miérez,22,CD TenerifeLaLiga2,loan,,
2019,Alaves,departure,504125,Olivier Verdon,23,KAS EupenJupiler Pro League,loan,,
2019,Alaves,departure,268258,Rafa Páez,24,NK IstraSuperSport HNL,loan,,
2019,Alaves,departure,282421,Javi Muñoz,24,CD TenerifeLaLiga2,loan,,
2019,Alaves,departure,355335,Adrián Diéguez,23,AD AlcorcónLaLiga2,loan,,
2019,Alaves,departure,533060,Anderson Cruz,23,CF FuenlabradaLaLiga2,loan,,
2019,Alaves,departure,228761,Jony,27,Málaga CFLaLiga2,loan,,
2019,Alaves,departure,284727,Jonathan Calleri,25,CD MaldonadoSegunda División,loan,,
2019,Alaves,departure,98249,Takashi Inui,31,Real BetisLaLiga,loan,,
2019,Alaves,departure,95641,Darko Brasanac,27,Real BetisLaLiga,loan,,
2019,Alaves,departure,193938,Diego Rolán,26,Dep. A CoruñaLaLiga2,loan,,
2019,Alaves,departure,85324,Borja Bastón,26,SwanseaChampionship,loan,,
2019,Alaves,departure,328914,Álex Blanco,20,ValenciaLaLiga,loan,,
2019,Levante,arrival,257851,Rúben Vezo,25,ValenciaLaLiga,permanent,5000000.0,5.0
2019,Levante,arrival,145769,Sergio León,30,Real BetisLaLiga,permanent,4000000.0,4.0
2019,Levante,arrival,162056,Gonzalo Melero,25,SD HuescaLaLiga2,permanent,3600000.0,3.6
2019,Levante,arrival,298976,Borja Mayoral,22,Real MadridLaLiga,loan,2000000.0,2.0
2019,Levante,arrival,228917,Jorge Miramón,30,SD HuescaLaLiga2,free,0.0,0.0
2019,Levante,arrival,168959,Nemanja Radoja,26,Celta de VigoLaLiga,free,0.0,0.0
2019,Levante,arrival,172142,Hernâni,27,PortoLiga Portugal,free,0.0,0.0
2019,Levante,arrival,387129,Róber Pier,24,Dep. A CoruñaLaLiga2,free,0.0,0.0
2019,Levante,arrival,193784,Carlos Clerc,27,CA OsasunaLaLiga,free,0.0,0.0
2019,Levante,arrival,188838,Bruno González,29,GetafeLaLiga,free,0.0,0.0
2019,Levante,arrival,175323,Óscar Duarte,30,EspanyolLaLiga,free,0.0,0.0
2019,Levante,arrival,385084,Fran Manzanara,22,Atl. Levante2ª B - Grupo III,unknown,,
2019,Levante,arrival,328480,Pepelu,20,Atl. Levante2ª B - Grupo III,unknown,,
2019,Levante,arrival,125783,Sanjin Prcic,25,R. StrasbourgLigue 1,loan,,
2019,Levante,arrival,213260,Rubén García,25,CA OsasunaLaLiga2,loan,,
2019,Levante,arrival,240360,Esteban Saveljich,28,UD AlmeríaLaLiga2,loan,,
2019,Levante,arrival,282371,Ivi López,25,Sporting GijónLaLiga2,loan,,
2019,Levante,arrival,282371,Ivi López,25,SD HuescaLaLiga2,loan,,
2019,Levante,arrival,140082,Armando Sadiku,28,FC LuganoSuper League,loan,,
2019,Levante,arrival,299715,Koke Vegas,24,Dep. A CoruñaLaLiga2,loan,,
2019,Levante,arrival,203778,Iván López,25,GimnàsticLaLiga2,loan,,
2019,Levante,departure,302991,Erick Cabaco,24,GetafeLaLiga,permanent,8000000.0,8.0
2019,Levante,departure,213260,Rubén García,25,CA OsasunaLaLiga,permanent,3500000.0,3.5
2019,Levante,departure,8176,Oier Olazábal,30,EspanyolLaLiga,permanent,1500000.0,1.5
2019,Levante,departure,125783,Sanjin Prcic,25,R. StrasbourgLigue 1,permanent,1000000.0,1.0
2019,Levante,departure,248330,Chema Rodríguez,27,Nott'm ForestChampionship,permanent,500000.0,0.5
2019,Levante,departure,240360,Esteban Saveljich,28,Rayo VallecanoLaLiga2,permanent,400000.0,0.4
2019,Levante,departure,263860,Jason Remeseiro,24,ValenciaLaLiga,free,0.0,0.0
2019,Levante,departure,25412,Pedro López,35,SD HuescaLaLiga2,free,0.0,0.0
2019,Levante,departure,274862,Moses Simon,24,FC NantesLigue 1,loan,,
2019,Levante,departure,254290,Raphael Dwamena,23,Real ZaragozaLaLiga2,loan,,
2019,Levante,departure,126516,Antonio Luna,28,Rayo VallecanoLaLiga2,loan,,
2019,Levante,departure,129679,Cheick Doukouré,26,SD HuescaLaLiga2,loan,,
2019,Levante,departure,282371,Ivi López,25,SD HuescaLaLiga2,loan,,
2019,Levante,departure,282371,Ivi López,25,PonferradinaLaLiga2,loan,,
2019,Levante,departure,299715,Koke Vegas,23,Dep. A CoruñaLaLiga2,loan,,
2019,Levante,departure,140082,Armando Sadiku,28,Málaga CFLaLiga2,loan,,
2019,Levante,departure,385084,Fran Manzanara,22,PonferradinaLaLiga2,loan,,
2019,Levante,departure,328480,Pepelu,20,TondelaLiga Portugal,loan,,
2019,Levante,departure,257851,Rúben Vezo,25,ValenciaLaLiga,loan,,
2019,Levante,departure,298976,Borja Mayoral,22,Real MadridLaLiga,loan,,
2019,Levante,departure,387129,Róber Pier,24,Dep. A CoruñaLaLiga2,loan,,
2019,Real Valladolid CF,arrival,142027,Pablo Hervías,26,SD EibarLaLiga,permanent,1000000.0,1.0
2019,Real Valladolid CF,arrival,337070,Sekou Gassama,24,UD AlmeríaLaLiga2,permanent,400000.0,0.4
2019,Real Valladolid CF,arrival,553875,Pedro Porro,19,Man CityPremier League,loan,,
2019,Real Valladolid CF,arrival,404839,Andriy Lunin,20,Real MadridLaLiga,loan,,
2019,Real Valladolid CF,arrival,455181,Jorge de Frutos,22,Real MadridLaLiga,loan,,
2019,Real Valladolid CF,arrival,199369,Sandro Ramírez,23,EvertonPremier League,loan,,
2019,Real Valladolid CF,arrival,351892,Matheus Fernandes,21,BarcelonaLaLiga,loan,,
2019,Real Valladolid CF,arrival,165873,Federico Barba,25,Chievo VeronaSerie B,loan,,
2019,Real Valladolid CF,arrival,340853,Javi Sánchez,22,Real MadridLaLiga,loan,,
2019,Real Valladolid CF,arrival,139434,Raúl Carnero,30,GetafeLaLiga,loan,,
2019,Real Valladolid CF,arrival,18900,Hatem Ben Arfa,32,Without Club,unknown,,
2019,Real Valladolid CF,arrival,481084,Marcos André,22,Valladolid Prom2ª B - Grupo II,unknown,,
2019,Real Valladolid CF,arrival,563963,Mohammed Salisu,20,Valladolid Prom2ª B - Grupo II,unknown,,
2019,Real Valladolid CF,arrival,321629,Moctar El Hacen,22,Valladolid Prom2ª B - Grupo II,unknown,,
2019,Real Valladolid CF,arrival,307519,Fede San Emeterio,22,Granada CFLaLiga2,loan,,
2019,Real Valladolid CF,arrival,268946,José Antonio Caro,25,PonferradinaLaLiga2,loan,,
2019,Real Valladolid CF,arrival,449496,Álvaro Aguado,23,Córdoba CFLaLiga2,loan,,
2019,Real Valladolid CF,arrival,268946,José Antonio Caro,25,AlbaceteLaLiga2,loan,,
2019,Real Valladolid CF,arrival,355629,David Mayoral,22,AD AlcorcónLaLiga2,loan,,
2019,Real Valladolid CF,arrival,538810,Chris Ramos,22,Sevilla Atl.2ª B - Grupo IV,loan,,
2019,Real Valladolid CF,arrival,288453,Antonio Domínguez,26,CE Sabadell2ª B - Grupo III,loan,,
2019,Real Valladolid CF,departure,357884,Fernando Calero,23,EspanyolLaLiga,permanent,8000000.0,8.0
2019,Real Valladolid CF,departure,355629,David Mayoral,22,UCAM Murcia2ª B - Grupo IV,free,0.0,0.0
2019,Real Valladolid CF,departure,288453,Antonio Domínguez,26,Algeciras CF2ª B - Grupo IV,free,0.0,0.0
2019,Real Valladolid CF,departure,327126,Anuar,24,PanathinaikosSuper League 1,loan,,
2019,Real Valladolid CF,departure,207922,Luismi Sánchez,27,Real OviedoLaLiga2,loan,,
2019,Real Valladolid CF,departure,449496,Álvaro Aguado,23,CD NumanciaLaLiga2,loan,,
2019,Real Valladolid CF,departure,337070,Sekou Gassama,24,CF FuenlabradaLaLiga2,loan,,
2019,Real Valladolid CF,departure,268946,José Antonio Caro,25,PonferradinaLaLiga2,loan,,
2019,Real Valladolid CF,departure,481084,Marcos André,22,CD MirandésLaLiga2,loan,,
2019,Real Valladolid CF,departure,260230,Moi Delgado,25,RacingLaLiga2,loan,,
2019,Real Valladolid CF,departure,538810,Chris Ramos,22,CD Badajoz2ª B - Grupo IV,loan,,
2019,Real Valladolid CF,departure,321629,Moctar El Hacen,22,CD LugoLaLiga2,loan,,
2019,Real Valladolid CF,departure,7512,Borja Fernández,38,Retired,unknown,,
2019,Real Valladolid CF,departure,351892,Matheus Fernandes,22,BarcelonaLaLiga,loan,,
2019,Real Valladolid CF,departure,404839,Andriy Lunin,20,Real MadridLaLiga,loan,,
2019,Real Valladolid CF,departure,256361,Daniele Verde,23,RomaSerie A,loan,,
2019,Real Valladolid CF,departure,455181,Jorge de Frutos,22,Real MadridLaLiga,loan,,
2019,Real Valladolid CF,departure,66112,Keko Gontán,27,Málaga CFLaLiga2,loan,,
2019,Real Valladolid CF,departure,58115,Yoel Rodríguez,30,SD EibarLaLiga,loan,,
2019,Real Valladolid CF,departure,46415,Duje Cop,29,Standard LiègeJupiler Pro League,loan,,
2019,Real Valladolid CF,departure,165873,Federico Barba,26,Chievo VeronaSerie B,loan,,
2019,Real Valladolid CF,departure,142027,Pablo Hervías,26,SD EibarLaLiga,loan,,
2019,Mallorca,arrival,46413,Ante Budimir,27,CrotoneSerie B,permanent,2200000.0,2.2
2019,Mallorca,arrival,79893,Yannis Salibur,28,GuingampLigue 2,permanent,2000000.0,2.0
2019,Mallorca,arrival,277384,Martin Valjent,23,Chievo VeronaSerie B,permanent,1500000.0,1.5
2019,Mallorca,arrival,343965,Igor Zlatanovic,21,RadnikSuper liga Srbije,permanent,1300000.0,1.3
2019,Mallorca,arrival,187530,Leonardo Koutris,24,OlympiacosSuper League 1,loan,500000.0,0.5
2019,Mallorca,arrival,81796,Sung-yueng Ki,31,NewcastlePremier League,free,0.0,0.0
2019,Mallorca,arrival,217144,Aleix Febas,23,RM Castilla2ª B - Grupo I,free,0.0,0.0
2019,Mallorca,arrival,118732,Pablo Chavarría,31,Stade ReimsLigue 1,free,0.0,0.0
2019,Mallorca,arrival,142920,Aleksandar Trajkovski,26,PalermoSerie D - I,free,0.0,0.0
2019,Mallorca,arrival,237499,Aleksandar Sedlar,27,Piast GliwiceEkstraklasa,free,0.0,0.0
2019,Mallorca,arrival,178187,Álex Alegría,26,Real BetisLaLiga,free,0.0,0.0
2019,Mallorca,arrival,161267,Josep Señé,27,CyD Leonesa2ª B - Grupo II,free,0.0,0.0
2019,Mallorca,arrival,126751,Iñigo Ruiz de Galarreta,26,UD Las PalmasLaLiga2,unknown,,
2019,Mallorca,arrival,459463,Cucho Hernández,20,WatfordPremier League,loan,,
2019,Mallorca,arrival,224884,Abdul Rahman Baba,25,ChelseaPremier League,loan,,
2019,Mallorca,arrival,341272,Álex Pozo,20,Sevilla FCLaLiga,loan,,
2019,Mallorca,arrival,45882,Fabri,31,FulhamChampionship,loan,,
2019,Mallorca,arrival,405398,Takefusa Kubo,18,Real MadridLaLiga,loan,,
2019,Mallorca,arrival,344393,Lumor Agbenyenu,22,SportingLiga Portugal,loan,,
2019,Mallorca,arrival,277093,Carlos Castro,24,Elche CFLaLiga2,loan,,
2019,Mallorca,arrival,361878,Sergio Moyita,26,FC Cartagena2ª B - Grupo IV,loan,,
2019,Mallorca,arrival,268186,Sergio Buenacasa,23,PonferradinaLaLiga2,loan,,
2019,Mallorca,arrival,536156,Pierre Cornud,23,Oviedo Vetusta2ª B - Grupo I,loan,,
2019,Mallorca,arrival,536156,Pierre Cornud,22,R. B. Linense2ª B - Grupo IV,loan,,
2019,Mallorca,arrival,166680,Pol Roigé,25,Hércules CF2ª B - Grupo III,loan,,
2019,Mallorca,arrival,199324,Álvaro Bustos,24,Pontevedra CF2ª B - Grupo I,loan,,
2019,Mallorca,arrival,312619,Fer Cano,24,Lleida CF2ª B - Grupo III,loan,,
2019,Mallorca,arrival,513031,Antonio Sánchez,22,Barakaldo CF2ª B - Grupo II,loan,,
2019,Mallorca,arrival,88067,Alejandro Faurlín,32,Marbella2ª B - Grupo IV,loan,,
2019,Mallorca,arrival,440312,Bryan Reyna,21,Barakaldo CF2ª B - Grupo II,loan,,
2019,Mallorca,arrival,440312,Bryan Reyna,20,CD Alcoyano2ª B - Grupo III,loan,,
2019,Mallorca,departure,76032,Aridai Cabrera,31,UD Las PalmasLaLiga2,free,0.0,0.0
2019,Mallorca,departure,162063,Salva Ruiz,24,ValenciaLaLiga,free,0.0,0.0
2019,Mallorca,departure,77038,Leandro Montagud,30,CyD Leonesa2ª B - Grupo II,free,0.0,0.0
2019,Mallorca,departure,166680,Pol Roigé,25,GIF SundsvallAllsvenskan,free,0.0,0.0
2019,Mallorca,departure,199324,Álvaro Bustos,24,Pontevedra CF2ª B - Grupo I,free,0.0,0.0
2019,Mallorca,departure,312619,Fer Cano,24,Lleida CF2ª B - Grupo III,free,0.0,0.0
2019,Mallorca,departure,88067,Alejandro Faurlín,32,Marbella2ª B - Grupo IV,free,0.0,0.0
2019,Mallorca,departure,126751,Iñigo Ruiz de Galarreta,26,UD Las PalmasLaLiga2,loan,,
2019,Mallorca,departure,343965,Igor Zlatanovic,21,CD NumanciaLaLiga2,loan,,
2019,Mallorca,departure,178187,Álex Alegría,27,ExtremaduraLaLiga2,loan,,
2019,Mallorca,departure,277093,Carlos Castro,24,CD LugoLaLiga2,loan,,
2019,Mallorca,departure,365313,Pablo Valcarce,26,PonferradinaLaLiga2,loan,,
2019,Mallorca,departure,166674,Álex López,25,ExtremaduraLaLiga2,loan,,
2019,Mallorca,departure,361878,Sergio Moyita,26,R. Majadahonda2ª B - Grupo I,loan,,
2019,Mallorca,departure,271021,Stoichkov,25,AD AlcorcónLaLiga2,loan,,
2019,Mallorca,departure,378463,Franco Russo,24,PonferradinaLaLiga2,loan,,
2019,Mallorca,departure,268186,Sergio Buenacasa,23,Málaga CFLaLiga2,loan,,
2019,Mallorca,departure,536156,Pierre Cornud,23,UD Ibiza2ª B - Grupo I,loan,,
2019,Mallorca,departure,268186,Sergio Buenacasa,23,PonferradinaLaLiga2,loan,,
2019,Mallorca,departure,536156,Pierre Cornud,22,Oviedo Vetusta2ª B - Grupo I,loan,,
2019,Mallorca,departure,513031,Antonio Sánchez,22,CD MirandésLaLiga2,loan,,
2019,Mallorca,departure,443290,Enzo Lombardo,22,RacingLaLiga2,loan,,
2019,Mallorca,departure,440312,Bryan Reyna,21,Las Rozas CF2ª B - Grupo I,loan,,
2019,Mallorca,departure,440312,Bryan Reyna,20,Barakaldo CF2ª B - Grupo II,loan,,
2019,Mallorca,departure,349599,Pervis Estupiñán,21,WatfordPremier League,loan,,
2019,Mallorca,departure,277384,Martin Valjent,23,Chievo VeronaSerie B,loan,,
2019,Mallorca,departure,46413,Ante Budimir,27,CrotoneSerie B,loan,,
2019,Mallorca,departure,294894,Leo Suárez,23,VillarrealLaLiga,loan,,
2019,Mallorca,departure,113504,Nikola Stojiljkovic,26,BragaLiga Portugal,loan,,
2019,Osasuna,arrival,213260,Rubén García,25,LevanteLaLiga,permanent,3500000.0,3.5
2019,Osasuna,arrival,167721,Chimy Ávila,25,San LorenzoLiga Profesional (- 23/24),permanent,2700000.0,2.7
2019,Osasuna,arrival,443222,Marc Cardona,23,BarcelonaLaLiga,permanent,2500000.0,2.5
2019,Osasuna,arrival,251680,Brandon Thomas,24,Stade RennaisLigue 1,permanent,2000000.0,2.0
2019,Osasuna,arrival,242532,Rober Ibáñez,26,GetafeLaLiga,permanent,2000000.0,2.0
2019,Osasuna,arrival,95641,Darko Brasanac,27,Real BetisLaLiga,permanent,1000000.0,1.0
2019,Osasuna,arrival,364603,José Manuel Arnáiz,24,CD LeganésLaLiga,loan,500000.0,0.5
2019,Osasuna,arrival,61546,Facundo Roncaglia,32,Celta de VigoLaLiga,permanent,250000.0,0.25
2019,Osasuna,arrival,45383,Adrián López,31,PortoLiga Portugal,free,0.0,0.0
2019,Osasuna,arrival,340864,Jaume Grau,22,RM Castilla2ª B - Grupo I,free,0.0,0.0
2019,Osasuna,arrival,142419,Raúl Navas,31,Real SociedadLaLiga,loan,,
2019,Osasuna,arrival,320271,Toni Lato,22,ValenciaLaLiga,loan,,
2019,Osasuna,arrival,349599,Pervis Estupiñán,21,WatfordPremier League,loan,,
2019,Osasuna,arrival,114060,Enric Gallego,33,GetafeLaLiga,loan,,
2019,Osasuna,arrival,298613,Juan Pérez,22,Osasuna B2ª B - Grupo II,unknown,,
2019,Osasuna,arrival,514514,Iván Barbero,21,Osasuna B2ª B - Grupo II,unknown,,
2019,Osasuna,arrival,552425,Jon Moncayola,21,Osasuna B2ª B - Grupo II,unknown,,
2019,Osasuna,arrival,455056,Imanol García,23,GimnàsticLaLiga2,loan,,
2019,Osasuna,arrival,57950,David Rodríguez,33,CD NumanciaLaLiga2,loan,,
2019,Osasuna,arrival,374082,Antonio Otegui,21,UD Melilla2ª B - Grupo IV,loan,,
2019,Osasuna,arrival,162040,Miguel Díaz,25,Real Murcia2ª B - Grupo IV,loan,,
2019,Osasuna,departure,514514,Iván Barbero,21,UD AlmeríaLaLiga2,loan,300000.0,0.3
2019,Osasuna,departure,193784,Carlos Clerc,27,LevanteLaLiga,free,0.0,0.0
2019,Osasuna,departure,62913,Lillo Castellano,30,Maccabi HaifaLigat ha'Al,free,0.0,0.0
2019,Osasuna,departure,455056,Imanol García,23,Córdoba CF2ª B - Grupo IV,free,0.0,0.0
2019,Osasuna,departure,57950,David Rodríguez,33,RacingLaLiga2,free,0.0,0.0
2019,Osasuna,departure,162040,Miguel Díaz,25,CD Tudelano2ª B - Grupo II,free,0.0,0.0
2019,Osasuna,departure,251680,Brandon Thomas,24,GironaLaLiga2,loan,,
2019,Osasuna,departure,85500,Juan Villar,31,Rayo VallecanoLaLiga2,loan,,
2019,Osasuna,departure,396328,Luis Perea,22,AD AlcorcónLaLiga2,loan,,
2019,Osasuna,departure,340864,Jaume Grau,22,CD LugoLaLiga2,loan,,
2019,Osasuna,departure,374082,Antonio Otegui,21,CD NumanciaLaLiga2,loan,,
2019,Osasuna,departure,34564,Xisco,33,Without Club,unknown,,
2019,Osasuna,departure,298607,Miguel Olavide,23,Without Club,unknown,,
2019,Osasuna,departure,213260,Rubén García,25,LevanteLaLiga,loan,,
2019,Osasuna,departure,251680,Brandon Thomas,24,Stade RennaisLigue 1,loan,,
2019,Osasuna,departure,242532,Rober Ibáñez,26,GetafeLaLiga,loan,,
2019,Granada,arrival,211251,Darwin Machís,26,UdineseSerie A,permanent,5000000.0,5.0
2019,Granada,arrival,257376,Domingos Duarte,24,SportingLiga Portugal,permanent,3490000.0,3.49
2019,Granada,arrival,610336,Antoñín,19,Málaga CFLaLiga2,permanent,1500000.0,1.5
2019,Granada,arrival,297784,Yan Eteki,21,Sevilla FCLaLiga,permanent,1000000.0,1.0
2019,Granada,arrival,162079,Fede Vico,24,CD LeganésLaLiga,permanent,250000.0,0.25
2019,Granada,arrival,34870,Roberto Soldado,34,FenerbahçeSüper Lig,free,0.0,0.0
2019,Granada,arrival,468700,Neyder Lozano,25,Elche CFLaLiga2,free,0.0,0.0
2019,Granada,arrival,74641,İsmail Köybaşı,30,FenerbahçeSüper Lig,free,0.0,0.0
2019,Granada,arrival,251896,Jesús Vallejo,23,Real MadridLaLiga,loan,,
2019,Granada,arrival,60542,Maxime Gonalons,30,RomaSerie A,loan,,
2019,Granada,arrival,329723,Gil Dias,23,MonacoLigue 1,loan,,
2019,Granada,arrival,170472,Dimitri Foulquier,26,WatfordPremier League,loan,,
2019,Granada,arrival,216464,Carlos Fernández,23,Sevilla FCLaLiga,loan,,
2019,Granada,arrival,378293,Yangel Herrera,21,Man CityPremier League,loan,,
2019,Granada,arrival,311287,José Antonio Martínez,26,SD EibarLaLiga,loan,,
2019,Granada,arrival,448844,Carlos Neva,23,Recre Granada2ª B - Grupo IV,unknown,,
2019,Granada,arrival,74557,Raúl Baena,30,Melb. VictoryA-League Men,loan,,
2019,Granada,arrival,224672,Sergio Peña,23,TondelaLiga Portugal,loan,,
2019,Granada,arrival,203775,Bernardo Cruz,26,AD AlcorcónLaLiga2,loan,,
2019,Granada,arrival,446516,Pablo Vázquez,24,CyD Leonesa2ª B - Grupo I,loan,,
2019,Granada,departure,253826,Adri Castellano,25,CD NumanciaLaLiga2,permanent,300000.0,0.3
2019,Granada,departure,73782,Adrián Ramos,33,CD AméricaLiga DIMAYOR I,free,0.0,0.0
2019,Granada,departure,74557,Raúl Baena,30,AtromitosSuper League 1,free,0.0,0.0
2019,Granada,departure,224672,Sergio Peña,23,FC EmmenEredivisie,free,0.0,0.0
2019,Granada,departure,446516,Pablo Vázquez,24,CD Badajoz2ª B - Grupo IV,free,0.0,0.0
2019,Granada,departure,203775,Bernardo Cruz,26,AD AlcorcónLaLiga2,loan,,
2019,Granada,departure,203775,Bernardo Cruz,26,CD NumanciaLaLiga2,loan,,
2019,Granada,departure,292604,José Antonio González,23,Córdoba CF2ª B - Grupo IV,loan,,
2019,Granada,departure,88166,Nicolás Aguirre,29,Without Club,unknown,,
2019,Granada,departure,117549,Rodri Ríos,29,Without Club,unknown,,
2019,Granada,departure,210153,Alberto Martín,30,Without Club,unknown,,
2019,Granada,departure,63689,Fran Rico,31,Retired,unknown,,
2019,Granada,departure,307519,Fede San Emeterio,22,Real ValladolidLaLiga,loan,,
2019,Granada,departure,341272,Álex Pozo,20,Sevilla FCLaLiga,loan,,
2019,Granada,departure,162079,Fede Vico,24,CD LeganésLaLiga,loan,,
2019,Granada,departure,311287,José Antonio Martínez,26,SD EibarLaLiga,loan,,
2019,Granada,departure,111621,Dani Ojeda,24,CD LeganésLaLiga,loan,,
2019,Eibar,arrival,506248,Edu Expósito,22,Dep. A CoruñaLaLiga2,permanent,4000000.0,4.0
2019,Eibar,arrival,79352,Quique González,29,Dep. A CoruñaLaLiga2,permanent,3300000.0,3.3
2019,Eibar,arrival,203043,Pedro Bigas,29,UD Las PalmasLaLiga2,permanent,3000000.0,3.0
2019,Eibar,arrival,242299,Roberto Olabe,23,Atl. Madrileño2ª B - Grupo I,permanent,3000000.0,3.0
2019,Eibar,arrival,284857,Marc Cucurella,20,BarcelonaLaLiga,permanent,2000000.0,2.0
2019,Eibar,arrival,98249,Takashi Inui,31,Real BetisLaLiga,permanent,2000000.0,2.0
2019,Eibar,arrival,290273,Álvaro Tejero,22,RM Castilla2ª B - Grupo I,free,0.0,0.0
2019,Eibar,arrival,337922,Esteban Burgos,27,AD AlcorcónLaLiga2,free,0.0,0.0
2019,Eibar,arrival,223890,Rober Correa,26,Cádiz CFLaLiga2,free,0.0,0.0
2019,Eibar,arrival,379220,Rubén Lobato,25,Oviedo Vetusta2ª B - Grupo I,free,0.0,0.0
2019,Eibar,arrival,466847,Asier Benito,24,Bilbao Athletic2ª B - Grupo II,free,0.0,0.0
2019,Eibar,arrival,198006,Rafa Soares,24,Vit. GuimarãesLiga Portugal,loan,,
2019,Eibar,arrival,188157,Sebastián Cristóforo,26,FiorentinaSerie A,loan,,
2019,Eibar,arrival,58115,Yoel Rodríguez,30,Real ValladolidLaLiga,loan,,
2019,Eibar,arrival,311287,José Antonio Martínez,26,Granada CFLaLiga2,loan,,
2019,Eibar,arrival,242299,Roberto Olabe,23,AlbaceteLaLiga2,loan,,
2019,Eibar,arrival,142027,Pablo Hervías,26,Real ValladolidLaLiga,loan,,
2019,Eibar,arrival,305956,Nano Mesa,24,CD TenerifeLaLiga2,loan,,
2019,Eibar,arrival,255495,Unai Elgezabal,26,AD AlcorcónLaLiga2,loan,,
2019,Eibar,departure,263727,Joan Jordán,24,Sevilla FCLaLiga,permanent,14000000.0,14.0
2019,Eibar,departure,238868,Rubén Peña,27,VillarrealLaLiga,permanent,8000000.0,8.0
2019,Eibar,departure,284857,Marc Cucurella,20,BarcelonaLaLiga,permanent,4000000.0,4.0
2019,Eibar,departure,142027,Pablo Hervías,26,Real ValladolidLaLiga,permanent,1000000.0,1.0
2019,Eibar,departure,225593,Pere Milla,26,Elche CFLaLiga2,free,0.0,0.0
2019,Eibar,departure,23338,Asier Riesgo,35,GironaLaLiga2,free,0.0,0.0
2019,Eibar,departure,255495,Unai Elgezabal,26,AD AlcorcónLaLiga2,free,0.0,0.0
2019,Eibar,departure,379220,Rubén Lobato,25,Getafe CF B2ª B - Grupo I,free,0.0,0.0
2019,Eibar,departure,311287,José Antonio Martínez,26,Granada CFLaLiga,loan,,
2019,Eibar,departure,242299,Roberto Olabe,23,ExtremaduraLaLiga2,loan,,
2019,Eibar,departure,242299,Roberto Olabe,23,AlbaceteLaLiga2,loan,,
2019,Eibar,departure,305956,Nano Mesa,24,Cádiz CFLaLiga2,loan,,
2019,Eibar,departure,286849,Jordi Calavera,24,GironaLaLiga2,loan,,
2019,Eibar,departure,466847,Asier Benito,24,PonferradinaLaLiga2,loan,,
2019,Eibar,departure,284857,Marc Cucurella,20,BarcelonaLaLiga,loan,,
2019,Eibar,departure,203043,Pedro Bigas,29,UD Las PalmasLaLiga2,loan,,
2019,Eibar,departure,443222,Marc Cardona,23,BarcelonaLaLiga,loan,,
2020,Barcelona,arrival,44162,Miralem Pjanić,30,JuventusSerie A,permanent,60000000.0,60.0
2020,Barcelona,arrival,412669,Francisco Trincão,20,BragaLiga Portugal,permanent,30940000.0,30.94
2020,Barcelona,arrival,361104,Sergiño Dest,19,AjaxEredivisie,permanent,21000000.0,21.0
2020,Barcelona,arrival,466810,Ansu Fati,17,Barça Atlètic2ª B - Grupo III,unknown,,
2020,Barcelona,arrival,480267,Ronald Araujo,21,Barça Atlètic2ª B - Grupo III,unknown,,
2020,Barcelona,arrival,331511,Riqui Puig,20,Barça Atlètic2ª B - Grupo III,unknown,,
2020,Barcelona,arrival,282727,Monchu,20,Barça Atlètic2ª B - Grupo III,unknown,,
2020,Barcelona,arrival,331505,Óscar Mingueza,21,Barça Atlètic2ª B - Grupo III,unknown,,
2020,Barcelona,arrival,80444,Philippe Coutinho,28,Bayern MunichBundesliga,loan,,
2020,Barcelona,arrival,284854,Carles Aleñá,22,Real BetisLaLiga,loan,,
2020,Barcelona,arrival,284857,Marc Cucurella,21,GetafeLaLiga,loan,,
2020,Barcelona,arrival,605184,Jean-Clair Todibo,21,BenficaLiga Portugal,loan,,
2020,Barcelona,arrival,129473,Rafinha,27,Celta de VigoLaLiga,loan,,
2020,Barcelona,arrival,282810,Carles Pérez,22,RomaSerie A,loan,,
2020,Barcelona,arrival,605184,Jean-Clair Todibo,20,FC Schalke 04Bundesliga,loan,,
2020,Barcelona,arrival,364240,Moussa Wagué,21,NiceLigue 1,loan,,
2020,Barcelona,arrival,364240,Moussa Wagué,22,PAOKSuper League 1,loan,,
2020,Barcelona,arrival,341227,Juan Miranda,20,FC Schalke 04Bundesliga,loan,,
2020,Barcelona,departure,362842,Arthur Melo,24,JuventusSerie A,permanent,80600000.0,80.6
2020,Barcelona,departure,231572,Nélson Semedo,26,WolvesPremier League,permanent,32000000.0,32.0
2020,Barcelona,departure,282810,Carles Pérez,22,RomaSerie A,permanent,13000000.0,13.0
2020,Barcelona,departure,284857,Marc Cucurella,21,GetafeLaLiga,permanent,11800000.0,11.8
2020,Barcelona,departure,44352,Luis Suárez,33,AtléticoLaLiga,permanent,9000000.0,9.0
2020,Barcelona,departure,32467,Ivan Rakitic,32,Sevilla FCLaLiga,permanent,3500000.0,3.5
2020,Barcelona,departure,605184,Jean-Clair Todibo,20,BenficaLiga Portugal,loan,2000000.0,2.0
2020,Barcelona,departure,129473,Rafinha,27,PSGLigue 1,permanent,1500000.0,1.5
2020,Barcelona,departure,37666,Arturo Vidal,33,InterSerie A,permanent,1000000.0,1.0
2020,Barcelona,departure,21369,Arda Turan,33,GalatasaraySüper Lig,free,0.0,0.0
2020,Barcelona,departure,284854,Carles Aleñá,23,GetafeLaLiga,loan,,
2020,Barcelona,departure,605184,Jean-Clair Todibo,21,NiceLigue 1,loan,,
2020,Barcelona,departure,364240,Moussa Wagué,21,PAOKSuper League 1,loan,,
2020,Barcelona,departure,341227,Juan Miranda,20,Real BetisLaLiga,loan,,
2020,Barcelona,departure,282727,Monchu,21,GironaLaLiga2,loan,,
2020,Real Madrid,arrival,398073,Achraf Hakimi,21,DortmundBundesliga,loan,,
2020,Real Madrid,arrival,316264,Martin Ødegaard,21,Real SociedadLaLiga,loan,,
2020,Real Madrid,arrival,282429,Sergio Reguilón,23,Sevilla FCLaLiga,loan,,
2020,Real Madrid,arrival,405398,Takefusa Kubo,19,VillarrealLaLiga,loan,,
2020,Real Madrid,arrival,280730,Álvaro Odriozola,24,Bayern MunichBundesliga,loan,,
2020,Real Madrid,arrival,405398,Takefusa Kubo,19,RCD MallorcaLaLiga2,loan,,
2020,Real Madrid,arrival,284884,Óscar Rodríguez,22,CD LeganésLaLiga2,loan,,
2020,Real Madrid,arrival,251896,Jesús Vallejo,23,Granada CFLaLiga,loan,,
2020,Real Madrid,arrival,298976,Borja Mayoral,23,LevanteLaLiga,loan,,
2020,Real Madrid,arrival,487688,Alberto Soro,21,Real ZaragozaLaLiga2,loan,,
2020,Real Madrid,arrival,404839,Andriy Lunin,21,Real OviedoLaLiga2,loan,,
2020,Real Madrid,arrival,455181,Jorge de Frutos,23,Rayo VallecanoLaLiga2,loan,,
2020,Real Madrid,arrival,283489,Luca Zidane,22,Racing2ª B - Grupo II,loan,,
2020,Real Madrid,arrival,340853,Javi Sánchez,23,Real ValladolidLaLiga,loan,,
2020,Real Madrid,arrival,422460,Dani Gómez,21,CD TenerifeLaLiga2,loan,,
2020,Real Madrid,departure,398073,Achraf Hakimi,21,InterSerie A,permanent,43000000.0,43.0
2020,Real Madrid,departure,282429,Sergio Reguilón,23,TottenhamPremier League,permanent,30000000.0,30.0
2020,Real Madrid,departure,284884,Óscar Rodríguez,22,Sevilla FCLaLiga,permanent,13500000.0,13.5
2020,Real Madrid,departure,455181,Jorge de Frutos,23,LevanteLaLiga,permanent,6000000.0,6.0
2020,Real Madrid,departure,340853,Javi Sánchez,23,Real ValladolidLaLiga,permanent,3000000.0,3.0
2020,Real Madrid,departure,298976,Borja Mayoral,23,RomaSerie A,loan,2500000.0,2.5
2020,Real Madrid,departure,487688,Alberto Soro,21,Granada CFLaLiga,permanent,2500000.0,2.5
2020,Real Madrid,departure,316264,Martin Ødegaard,22,ArsenalPremier League,loan,2000000.0,2.0
2020,Real Madrid,departure,422460,Dani Gómez,22,LevanteLaLiga,permanent,2000000.0,2.0
2020,Real Madrid,departure,405398,Takefusa Kubo,19,VillarrealLaLiga,loan,1250000.0,1.25
2020,Real Madrid,departure,405398,Takefusa Kubo,19,GetafeLaLiga,loan,1250000.0,1.25
2020,Real Madrid,departure,257462,Luka Jović,23,FrankfurtBundesliga,loan,1000000.0,1.0
2020,Real Madrid,departure,314678,Brahim Díaz,21,AC MilanSerie A,loan,200000.0,0.2
2020,Real Madrid,departure,88103,James Rodríguez,29,EvertonPremier League,free,0.0,0.0
2020,Real Madrid,departure,283489,Luca Zidane,22,Rayo VallecanoLaLiga2,free,0.0,0.0
2020,Real Madrid,departure,39381,Gareth Bale,31,TottenhamPremier League,loan,,
2020,Real Madrid,departure,627226,Reinier,18,DortmundBundesliga,loan,,
2020,Real Madrid,departure,251896,Jesús Vallejo,23,Granada CFLaLiga,loan,,
2020,Real Madrid,departure,120629,Alphonse Areola,27,PSGLigue 1,loan,,
2020,Atletico Madrid,arrival,128223,Álvaro Morata,27,ChelseaPremier League,permanent,35000000.0,35.0
2020,Atletico Madrid,arrival,140776,Yannick Carrasco,27,DL ProSuper League,permanent,27000000.0,27.0
2020,Atletico Madrid,arrival,127189,Geoffrey Kondogbia,27,ValenciaLaLiga,permanent,16000000.0,16.0
2020,Atletico Madrid,arrival,44352,Luis Suárez,33,BarcelonaLaLiga,permanent,9000000.0,9.0
2020,Atletico Madrid,arrival,226073,Ivo Grbic,24,NK LokomotivaSuperSport HNL,permanent,3500000.0,3.5
2020,Atletico Madrid,arrival,229004,Moussa Dembélé,24,LyonLigue 1,loan,1500000.0,1.5
2020,Atletico Madrid,arrival,318077,Lucas Torreira,24,ArsenalPremier League,loan,,
2020,Atletico Madrid,arrival,618809,Manu Sánchez,19,Atl. Madrileño2ª B - Grupo V,unknown,,
2020,Atletico Madrid,arrival,461617,Rodrigo Riquelme,20,Atl. Madrileño2ª B - Grupo V,unknown,,
2020,Atletico Madrid,arrival,396333,Javi Montero,21,Dep. A Coruña2ª B - Grupo I,loan,,
2020,Atletico Madrid,arrival,491693,Nehuén Pérez,20,FamalicãoLiga Portugal,loan,,
2020,Atletico Madrid,arrival,36371,Nikola Kalinić,32,RomaSerie A,loan,,
2020,Atletico Madrid,arrival,505673,Víctor Mollejo,19,Dep. A Coruña2ª B - Grupo I,loan,,
2020,Atletico Madrid,arrival,505673,Víctor Mollejo,20,GetafeLaLiga,loan,,
2020,Atletico Madrid,departure,230784,Thomas Partey,27,ArsenalPremier League,permanent,50000000.0,50.0
2020,Atletico Madrid,departure,128223,Álvaro Morata,27,JuventusSerie A,loan,20000000.0,20.0
2020,Atletico Madrid,departure,420064,Caio Henrique,23,MonacoLigue 1,permanent,8000000.0,8.0
2020,Atletico Madrid,departure,120443,Santiago Arias,28,LeverkusenBundesliga,loan,3000000.0,3.0
2020,Atletico Madrid,departure,36371,Nikola Kalinić,32,Hellas VeronaSerie A,permanent,1800000.0,1.8
2020,Atletico Madrid,departure,396333,Javi Montero,21,BesiktasSüper Lig,loan,500000.0,0.5
2020,Atletico Madrid,departure,44062,Antonio Adán,33,SportingLiga Portugal,free,0.0,0.0
2020,Atletico Madrid,departure,491693,Nehuén Pérez,20,Granada CFLaLiga,loan,,
2020,Atletico Madrid,departure,618809,Manu Sánchez,20,CA OsasunaLaLiga,loan,,
2020,Atletico Madrid,departure,505673,Víctor Mollejo,19,GetafeLaLiga,loan,,
2020,Atletico Madrid,departure,505673,Víctor Mollejo,20,RCD MallorcaLaLiga2,loan,,
2020,Atletico Madrid,departure,461617,Rodrigo Riquelme,20,BournemouthChampionship,loan,,
2020,Atletico Madrid,departure,274347,Ivan Saponjic,23,Cádiz CFLaLiga,loan,,
2020,Atletico Madrid,departure,44779,Diego Costa,32,Without Club,unknown,,
2020,Atletico Madrid,departure,128223,Álvaro Morata,27,ChelseaPremier League,loan,,
2020,Sevilla,arrival,111961,Suso,26,AC MilanSerie A,permanent,21700000.0,21.7
2020,Sevilla,arrival,284884,Óscar Rodríguez,22,Real MadridLaLiga,permanent,13500000.0,13.5
2020,Sevilla,arrival,241391,Oussama Idrissi,24,AZ AlkmaarEredivisie,permanent,12000000.0,12.0
2020,Sevilla,arrival,60410,Marcos Acuña,28,SportingLiga Portugal,permanent,11250000.0,11.25
2020,Sevilla,arrival,20005,Papu Gómez,32,AtalantaSerie A,permanent,6400000.0,6.4
2020,Sevilla,arrival,207834,Yassine Bounou,29,GironaLaLiga2,permanent,4000000.0,4.0
2020,Sevilla,arrival,32467,Ivan Rakitic,32,BarcelonaLaLiga,permanent,3500000.0,3.5
2020,Sevilla,arrival,182579,Karim Rekik,25,Hertha BSCBundesliga,permanent,2000000.0,2.0
2020,Sevilla,arrival,461858,José Alonso Lara,20,Sevilla Atl.2ª B - Grupo IV,unknown,,
2020,Sevilla,arrival,461843,Juan Berrocal,21,Sevilla Atl.2ª B - Grupo IV,unknown,,
2020,Sevilla,arrival,537382,Bryan Gil,19,CD LeganésLaLiga2,loan,,
2020,Sevilla,arrival,48859,Simon Kjaer,31,AC MilanSerie A,loan,,
2020,Sevilla,arrival,202984,Roque Mesa,31,CD LeganésLaLiga2,loan,,
2020,Sevilla,arrival,205503,Ibrahim Amadou,27,CD LeganésLaLiga2,loan,,
2020,Sevilla,arrival,378954,Joris Gnagnon,23,Stade RennaisLigue 1,loan,,
2020,Sevilla,arrival,341272,Álex Pozo,21,RCD MallorcaLaLiga2,loan,,
2020,Sevilla,arrival,88490,Aleix Vidal,30,AlavésLaLiga,loan,,
2020,Sevilla,arrival,216464,Carlos Fernández,24,Granada CFLaLiga,loan,,
2020,Sevilla,arrival,102744,Sébastien Corchia,29,EspanyolLaLiga,loan,,
2020,Sevilla,arrival,251892,Juan Soriano,22,CD LeganésLaLiga2,loan,,
2020,Sevilla,arrival,376486,Marc Gual,24,RM Castilla2ª B - Grupo I,loan,,
2020,Sevilla,arrival,186848,Giorgi Aburjania,25,FC TwenteEredivisie,loan,,
2020,Sevilla,departure,216464,Carlos Fernández,24,Real SociedadLaLiga,permanent,10000000.0,10.0
2020,Sevilla,departure,207302,Sergio Rico,27,PSGLigue 1,permanent,6000000.0,6.0
2020,Sevilla,departure,48859,Simon Kjaer,31,AC MilanSerie A,permanent,3680000.0,3.68
2020,Sevilla,departure,12249,Éver Banega,32,Al-ShababSaudi Pro League,free,0.0,0.0
2020,Sevilla,departure,202984,Roque Mesa,31,Real ValladolidLaLiga,free,0.0,0.0
2020,Sevilla,departure,186848,Giorgi Aburjania,25,Real OviedoLaLiga2,free,0.0,0.0
2020,Sevilla,departure,376486,Marc Gual,24,AD AlcorcónLaLiga2,unknown,,
2020,Sevilla,departure,174694,Rony Lopes,24,NiceLigue 1,loan,,
2020,Sevilla,departure,241391,Oussama Idrissi,24,AjaxEredivisie,loan,,
2020,Sevilla,departure,537382,Bryan Gil,19,SD EibarLaLiga,loan,,
2020,Sevilla,departure,205503,Ibrahim Amadou,27,Angers SCOLigue 1,loan,,
2020,Sevilla,departure,341272,Álex Pozo,21,SD EibarLaLiga,loan,,
2020,Sevilla,departure,251892,Juan Soriano,23,Málaga CFLaLiga2,loan,,
2020,Sevilla,departure,461858,José Alonso Lara,20,Dep. A Coruña2ª B - Grupo I,loan,,
2020,Sevilla,departure,461843,Juan Berrocal,21,CD MirandésLaLiga2,loan,,
2020,Sevilla,departure,102744,Sébastien Corchia,29,Without Club,unknown,,
2020,Sevilla,departure,282429,Sergio Reguilón,23,Real MadridLaLiga,loan,,
2020,Sevilla,departure,111961,Suso,26,AC MilanSerie A,loan,,
2020,Sevilla,departure,207834,Yassine Bounou,29,GironaLaLiga2,loan,,
2020,Real Sociedad,arrival,216464,Carlos Fernández,24,Sevilla FCLaLiga,permanent,10000000.0,10.0
2020,Real Sociedad,arrival,35518,David Silva,34,Man CityPremier League,free,0.0,0.0
2020,Real Sociedad,arrival,569866,Roberto López,20,Real Sociedad B2ª B - Grupo II,unknown,,
2020,Real Sociedad,arrival,423440,Martín Zubimendi,21,Real Sociedad B2ª B - Grupo II,unknown,,
2020,Real Sociedad,arrival,229604,Gerónimo Rulli,28,MontpellierLigue 1,loan,,
2020,Real Sociedad,arrival,524925,Modibo Sagnan,21,CD MirandésLaLiga2,loan,,
2020,Real Sociedad,arrival,206947,Kévin Rodrigues,26,CD LeganésLaLiga2,loan,,
2020,Real Sociedad,arrival,289236,Jon Bautista,24,KAS EupenJupiler Pro League,loan,,
2020,Real Sociedad,arrival,142419,Raúl Navas,32,CA OsasunaLaLiga,loan,,
2020,Real Sociedad,arrival,289272,Martín Merquelanz,25,CD MirandésLaLiga2,loan,,
2020,Real Sociedad,arrival,289257,Jon Guridi,25,CD MirandésLaLiga2,loan,,
2020,Real Sociedad,departure,246291,Diego Llorente,27,LeedsPremier League,permanent,20000000.0,20.0
2020,Real Sociedad,departure,229604,Gerónimo Rulli,28,VillarrealLaLiga,permanent,5000000.0,5.0
2020,Real Sociedad,departure,122155,Willian José,29,WolvesPremier League,loan,3000000.0,3.0
2020,Real Sociedad,departure,142419,Raúl Navas,32,CA OsasunaLaLiga,permanent,250000.0,0.25
2020,Real Sociedad,departure,206947,Kévin Rodrigues,26,SD EibarLaLiga,loan,,
2020,Real Sociedad,departure,59375,David Zurutuza,34,Retired,unknown,,
2020,Real Sociedad,departure,316264,Martin Ødegaard,21,Real MadridLaLiga,loan,,
2020,Villarreal,arrival,349599,Pervis Estupiñán,22,WatfordChampionship,permanent,16399999.999999998,16.4
2020,Villarreal,arrival,74869,Francis Coquelin,29,ValenciaLaLiga,permanent,7100000.0,7.1
2020,Villarreal,arrival,229604,Gerónimo Rulli,28,Real SociedadLaLiga,permanent,5000000.0,5.0
2020,Villarreal,arrival,494880,Jorge Cuenca,20,Barça Atlètic2ª B - Grupo III,permanent,3840000.0,3.84
2020,Villarreal,arrival,59561,Dani Parejo,31,ValenciaLaLiga,permanent,2250000.0,2.25
2020,Villarreal,arrival,63494,Étienne Capoue,32,WatfordChampionship,permanent,2000000.0,2.0
2020,Villarreal,arrival,405398,Takefusa Kubo,19,Real MadridLaLiga,loan,1250000.0,1.25
2020,Villarreal,arrival,255995,Mario González,24,Clermont FootLigue 2,free,0.0,0.0
2020,Villarreal,arrival,480763,Juan Foyth,22,TottenhamPremier League,loan,,
2020,Villarreal,arrival,627294,Fer Niño,19,Villarreal CF B2ª B - Grupo III,unknown,,
2020,Villarreal,arrival,527966,Andrei Rațiu,22,Villarreal CF B2ª B - Grupo III,unknown,,
2020,Villarreal,arrival,341278,Iván Martín,21,Villarreal CF B2ª B - Grupo III,unknown,,
2020,Villarreal,arrival,548111,Álex Baena,19,Villarreal CF B2ª B - Grupo III,unknown,,
2020,Villarreal,arrival,568157,Yéremy Pino,17,FC Villarreal CSpain,unknown,,
2020,Villarreal,arrival,315110,Karl Toko Ekambi,27,LyonLigue 1,loan,,
2020,Villarreal,arrival,356197,Alfonso Pedraza,24,Real BetisLaLiga,loan,,
2020,Villarreal,arrival,183647,Álvaro González,30,MarseilleLigue 1,loan,,
2020,Villarreal,arrival,466298,Santiago Cáseres,23,AméricaLiga MX Apertura,loan,,
2020,Villarreal,arrival,251106,Enes Ünal,23,Real ValladolidLaLiga,loan,,
2020,Villarreal,arrival,65318,Jaume Costa,32,ValenciaLaLiga,loan,,
2020,Villarreal,arrival,336646,Akram Afif,23,Al-SaddStars League,loan,,
2020,Villarreal,arrival,413262,Dani Raba,24,SD HuescaLaLiga,loan,,
2020,Villarreal,arrival,399775,Miguel Llambrich,24,SD HuescaLaLiga,loan,,
2020,Villarreal,arrival,282700,Enric Franquesa,23,CD MirandésLaLiga2,loan,,
2020,Villarreal,departure,315110,Karl Toko Ekambi,27,LyonLigue 1,permanent,11500000.0,11.5
2020,Villarreal,departure,251106,Enes Ünal,23,GetafeLaLiga,permanent,9000000.0,9.0
2020,Villarreal,departure,183647,Álvaro González,30,MarseilleLigue 1,permanent,4000000.0,4.0
2020,Villarreal,departure,336646,Akram Afif,23,Al-SaddStars League,permanent,1000000.0,1.0
2020,Villarreal,departure,298983,Javi Ontiveros,23,SD HuescaLaLiga,loan,650000.0,0.65
2020,Villarreal,departure,57522,Andrés Fernández,33,SD HuescaLaLiga,permanent,500000.0,0.5
2020,Villarreal,departure,15799,Santi Cazorla,35,Al-SaddStars League,free,0.0,0.0
2020,Villarreal,departure,466298,Santiago Cáseres,23,Vélez SarsfieldLiga Profesional (- 23/24),loan,,
2020,Villarreal,departure,204102,Xavi Quintillà,23,NorwichChampionship,loan,,
2020,Villarreal,departure,494880,Jorge Cuenca,20,UD AlmeríaLaLiga2,loan,,
2020,Villarreal,departure,335225,Manu Morlanes,21,UD AlmeríaLaLiga2,loan,,
2020,Villarreal,departure,399775,Miguel Llambrich,24,EspanyolLaLiga2,loan,,
2020,Villarreal,departure,236956,Soufiane Chakla,27,GetafeLaLiga,loan,,
2020,Villarreal,departure,255995,Mario González,24,TondelaLiga Portugal,loan,,
2020,Villarreal,departure,282700,Enric Franquesa,23,GironaLaLiga2,loan,,
2020,Villarreal,departure,341278,Iván Martín,21,CD MirandésLaLiga2,loan,,
2020,Villarreal,departure,30749,Mariano Barbosa,35,Retired,unknown,,
2020,Villarreal,departure,44412,Bruno Soriano,36,Retired,unknown,,
2020,Villarreal,departure,354361,Frank Anguissa,24,FulhamPremier League,loan,,
2020,Villarreal,departure,405398,Takefusa Kubo,19,Real MadridLaLiga,loan,,
2020,Valencia,arrival,563812,Christian Oliva,24,CagliariSerie A,loan,50000.0,0.05
2020,Valencia,arrival,265078,Patrick Cutrone,23,WolvesPremier League,loan,,
2020,Valencia,arrival,294321,Ferro,23,BenficaLiga Portugal,loan,,
2020,Valencia,arrival,251860,Javi Jiménez,23,Valencia B2ª B - Grupo III,unknown,,
2020,Valencia,arrival,398131,Cristian Rivero,22,Valencia B2ª B - Grupo III,unknown,,
2020,Valencia,arrival,495629,Hugo Guillamón,20,Valencia B2ª B - Grupo III,unknown,,
2020,Valencia,arrival,503991,Yunus Musah,17,Valencia B2ª B - Grupo III,unknown,,
2020,Valencia,arrival,263860,Jason Remeseiro,26,GetafeLaLiga,loan,,
2020,Valencia,arrival,423443,Álex Centelles,20,FamalicãoLiga Portugal,loan,,
2020,Valencia,arrival,163086,Cristiano Piccini,28,AtalantaSerie A,loan,,
2020,Valencia,arrival,417575,Uros Racic,22,FamalicãoLiga Portugal,loan,,
2020,Valencia,arrival,320271,Toni Lato,22,CA OsasunaLaLiga,loan,,
2020,Valencia,arrival,328914,Álex Blanco,21,Real ZaragozaLaLiga2,loan,,
2020,Valencia,arrival,262389,Àlex Carbonell,22,Fortuna SittardEredivisie,loan,,
2020,Valencia,departure,398184,Ferran Torres,20,Man CityPremier League,permanent,33500000.0,33.5
2020,Valencia,departure,131505,Rodrigo,29,LeedsPremier League,permanent,30000000.0,30.0
2020,Valencia,departure,127189,Geoffrey Kondogbia,27,AtléticoLaLiga,permanent,16000000.0,16.0
2020,Valencia,departure,74869,Francis Coquelin,29,VillarrealLaLiga,permanent,7100000.0,7.1
2020,Valencia,departure,59561,Dani Parejo,31,VillarrealLaLiga,permanent,2250000.0,2.25
2020,Valencia,departure,423443,Álex Centelles,21,UD AlmeríaLaLiga2,free,0.0,0.0
2020,Valencia,departure,262389,Àlex Carbonell,23,FC LuzernSuper League,free,0.0,0.0
2020,Valencia,departure,163086,Cristiano Piccini,27,AtalantaSerie A,loan,,
2020,Valencia,departure,85383,Rubén Sobrino,28,Cádiz CFLaLiga,loan,,
2020,Valencia,departure,251860,Javi Jiménez,23,AlbaceteLaLiga2,loan,,
2020,Valencia,departure,35939,Ezequiel Garay,33,Without Club,unknown,,
2020,Valencia,departure,130365,Alessandro Florenzi,29,RomaSerie A,loan,,
2020,Valencia,departure,65318,Jaume Costa,32,VillarrealLaLiga,loan,,
2020,Real Betis,arrival,68645,Martín Montoya,29,BrightonPremier League,free,0.0,0.0
2020,Real Betis,arrival,62920,Víctor Ruiz,31,BesiktasSüper Lig,free,0.0,0.0
2020,Real Betis,arrival,40423,Claudio Bravo,37,Man CityPremier League,free,0.0,0.0
2020,Real Betis,arrival,341227,Juan Miranda,20,BarcelonaLaLiga,loan,,
2020,Real Betis,arrival,401624,Edgar González,23,Betis Deportivo2ª B - Grupo IV,unknown,,
2020,Real Betis,arrival,395694,Yassin Fekir,23,Betis Deportivo2ª B - Grupo IV,unknown,,
2020,Real Betis,arrival,505675,Rober González,19,Betis Deportivo2ª B - Grupo IV,unknown,,
2020,Real Betis,arrival,429901,Paul Akouokou,22,Betis Deportivo2ª B - Grupo IV,unknown,,
2020,Real Betis,arrival,348795,Giovani Lo Celso,24,TottenhamPremier League,loan,,
2020,Real Betis,arrival,234523,Antonio Sanabria,24,GenoaSerie A,loan,,
2020,Real Betis,arrival,263856,Víctor Camarasa,26,AlavésLaLiga,loan,,
2020,Real Betis,arrival,370691,Francis Guerrero,24,UD AlmeríaLaLiga2,loan,,
2020,Real Betis,arrival,378139,Aitor Ruibal,24,CD LeganésLaLiga2,loan,,
2020,Real Betis,arrival,630990,Ismael Gutiérrez,20,AlavésLaLiga,loan,,
2020,Real Betis,arrival,213595,Juanjo Narváez,25,UD Las PalmasLaLiga2,loan,,
2020,Real Betis,arrival,355763,Liberto Beltrán,23,Lleida CF2ª B - Grupo III,loan,,
2020,Real Betis,departure,348795,Giovani Lo Celso,24,TottenhamPremier League,permanent,32000000.0,32.0
2020,Real Betis,departure,234523,Antonio Sanabria,24,TorinoSerie A,permanent,6500000.0,6.5
2020,Real Betis,departure,129386,Zouhair Feddal,30,SportingLiga Portugal,permanent,4200000.0,4.2
2020,Real Betis,departure,630990,Ismael Gutiérrez,20,Atl. Madrileño2ª B - Grupo V,permanent,1000000.0,1.0
2020,Real Betis,departure,36350,Javi García,33,BoavistaLiga Portugal,free,0.0,0.0
2020,Real Betis,departure,32522,Antonio Barragán,33,Elche CFLaLiga,free,0.0,0.0
2020,Real Betis,departure,213595,Juanjo Narváez,25,Real ZaragozaLaLiga2,free,0.0,0.0
2020,Real Betis,departure,355763,Liberto Beltrán,23,AlbaceteLaLiga2,free,0.0,0.0
2020,Real Betis,departure,401624,Edgar González,23,Real OviedoLaLiga2,loan,,
2020,Real Betis,departure,505675,Rober González,19,UD Las PalmasLaLiga2,loan,,
2020,Real Betis,departure,256120,Wilfrid Kaptoum,24,Without Club,unknown,,
2020,Real Betis,departure,370691,Francis Guerrero,24,Without Club,unknown,,
2020,Real Betis,departure,284854,Carles Aleñá,22,BarcelonaLaLiga,loan,,
2020,Real Betis,departure,356197,Alfonso Pedraza,24,VillarrealLaLiga,loan,,
2020,Athletic Club,arrival,338425,Álex Berenguer,25,TorinoSerie A,permanent,11130000.0,11.13
2020,Athletic Club,arrival,571020,Oihan Sancet,20,Bilbao Athletic2ª B - Grupo II,unknown,,
2020,Athletic Club,arrival,610083,Unai Vencedor,19,Bilbao Athletic2ª B - Grupo II,unknown,,
2020,Athletic Club,arrival,524010,Oier Zarraga,22,Bilbao Athletic2ª B - Grupo II,unknown,,
2020,Athletic Club,arrival,379548,Jokin Ezkieta,23,Bilbao Athletic2ª B - Grupo II,unknown,,
2020,Athletic Club,arrival,524000,Dani Vivian,21,Bilbao Athletic2ª B - Grupo II,unknown,,
2020,Athletic Club,arrival,455349,Jon Morcillo,21,Bilbao Athletic2ª B - Grupo II,unknown,,
2020,Athletic Club,arrival,447052,Peru Nolaskoain,21,Dep. A Coruña2ª B - Grupo I,loan,,
2020,Athletic Club,arrival,335216,Iñigo Vicente,22,CD MirandésLaLiga2,loan,,
2020,Athletic Club,arrival,262117,Cristian Ganea,28,FCV FarulSuperLiga,loan,,
2020,Athletic Club,arrival,340206,Andoni López,24,Elche CFLaLiga,loan,,
2020,Athletic Club,arrival,338286,Hodei Oleaga,23,UD Melilla2ª B - Grupo I,loan,,
2020,Athletic Club,departure,439465,Gaizka Larrazabal,22,Real ZaragozaLaLiga2,free,0.0,0.0
2020,Athletic Club,departure,262117,Cristian Ganea,28,Aris SalonikiSuper League 1,free,0.0,0.0
2020,Athletic Club,departure,340206,Andoni López,24,UD LogroñésLaLiga2,free,0.0,0.0
2020,Athletic Club,departure,338286,Hodei Oleaga,23,Barakaldo CF2ª B - Grupo II,free,0.0,0.0
2020,Athletic Club,departure,251848,Iñigo Córdoba,23,AlavésLaLiga,loan,,
2020,Athletic Club,departure,197126,Kenan Kodro,27,Real ValladolidLaLiga,loan,,
2020,Athletic Club,departure,524000,Dani Vivian,21,CD MirandésLaLiga2,loan,,
2020,Athletic Club,departure,52469,Mikel San José,31,Without Club,unknown,,
2020,Athletic Club,departure,40888,Beñat Etxebarria,33,Without Club,unknown,,
2020,Getafe,arrival,284857,Marc Cucurella,21,BarcelonaLaLiga,permanent,11800000.0,11.8
2020,Getafe,arrival,251106,Enes Ünal,23,VillarrealLaLiga,permanent,9000000.0,9.0
2020,Getafe,arrival,405398,Takefusa Kubo,19,Real MadridLaLiga,loan,1250000.0,1.25
2020,Getafe,arrival,284854,Carles Aleñá,23,BarcelonaLaLiga,loan,,
2020,Getafe,arrival,459463,Cucho Hernández,21,WatfordChampionship,loan,,
2020,Getafe,arrival,148396,Abdoulay Diaby,29,SportingLiga Portugal,loan,,
2020,Getafe,arrival,505673,Víctor Mollejo,19,AtléticoLaLiga,loan,,
2020,Getafe,arrival,371003,Ante Palaversa,20,Man CityPremier League,loan,,
2020,Getafe,arrival,236956,Soufiane Chakla,27,VillarrealLaLiga,loan,,
2020,Getafe,arrival,399780,Darío Poveda,23,Atl. Madrileño2ª B - Grupo V,loan,,
2020,Getafe,arrival,573775,Hugo Duro,20,Getafe CF B2ª B - Grupo V,unknown,,
2020,Getafe,arrival,282410,José Carlos Lazo,24,UD AlmeríaLaLiga2,loan,,
2020,Getafe,arrival,114060,Enric Gallego,33,CA OsasunaLaLiga,loan,,
2020,Getafe,arrival,70245,Ignasi Miquel,27,GironaLaLiga2,loan,,
2020,Getafe,arrival,281755,Iván Alejo,25,Cádiz CFLaLiga,loan,,
2020,Getafe,arrival,139434,Raúl Carnero,31,Real ValladolidLaLiga,loan,,
2020,Getafe,arrival,147524,Jack Harper,24,AD AlcorcónLaLiga2,loan,,
2020,Getafe,arrival,398886,Merveil Ndockyt,22,NK OsijekSuperSport HNL,loan,,
2020,Getafe,arrival,147524,Jack Harper,24,FC CartagenaLaLiga2,loan,,
2020,Getafe,arrival,282406,Álvaro Jiménez,25,AlbaceteLaLiga2,loan,,
2020,Getafe,arrival,246335,Rubén Yáñez,26,SD HuescaLaLiga,loan,,
2020,Getafe,departure,282410,José Carlos Lazo,24,UD AlmeríaLaLiga2,permanent,4000000.0,4.0
2020,Getafe,departure,114060,Enric Gallego,33,CA OsasunaLaLiga,permanent,3000000.0,3.0
2020,Getafe,departure,281755,Iván Alejo,25,Cádiz CFLaLiga,permanent,2000000.0,2.0
2020,Getafe,departure,398886,Merveil Ndockyt,22,NK OsijekSuperSport HNL,permanent,550000.0,0.55
2020,Getafe,departure,139434,Raúl Carnero,31,Real ValladolidLaLiga,permanent,200000.0,0.2
2020,Getafe,departure,57825,Jorge Molina,38,Granada CFLaLiga,free,0.0,0.0
2020,Getafe,departure,44699,Antunes,33,SportingLiga Portugal,free,0.0,0.0
2020,Getafe,departure,95736,Leandro Chichizola,30,FC CartagenaLaLiga2,free,0.0,0.0
2020,Getafe,departure,333323,Filip Manojlovic,24,UD Sanse2ª B - Grupo V,free,0.0,0.0
2020,Getafe,departure,174344,Fayçal Fajr,32,SivassporSüper Lig,unknown,,
2020,Getafe,departure,282406,Álvaro Jiménez,25,AlbaceteLaLiga2,unknown,,
2020,Getafe,departure,339820,Amath Ndiaye,24,RCD MallorcaLaLiga2,loan,,
2020,Getafe,departure,573775,Hugo Duro,20,RM Castilla2ª B - Grupo V,loan,,
2020,Getafe,departure,70245,Ignasi Miquel,27,CD LeganésLaLiga2,loan,,
2020,Getafe,departure,147524,Jack Harper,24,FC CartagenaLaLiga2,loan,,
2020,Getafe,departure,147524,Jack Harper,24,Villarreal CF B2ª B - Grupo III,loan,,
2020,Getafe,departure,284857,Marc Cucurella,21,BarcelonaLaLiga,loan,,
2020,Getafe,departure,281404,Kenedy,24,ChelseaPremier League,loan,,
2020,Getafe,departure,263860,Jason Remeseiro,26,ValenciaLaLiga,loan,,
2020,Getafe,departure,243541,Deyverson,29,PalmeirasSérie A,loan,,
2020,Getafe,departure,409106,Peter Etebo,24,Stoke CityChampionship,loan,,
2020,Getafe,departure,505673,Víctor Mollejo,20,AtléticoLaLiga,loan,,
2020,Getafe,departure,371003,Ante Palaversa,20,Man CityPremier League,loan,,
2020,Getafe,departure,148396,Abdoulay Diaby,29,SportingLiga Portugal,loan,,
2020,Celta Vigo,arrival,523977,Miguel Baeza,20,RM Castilla2ª B - Grupo V,permanent,2500000.0,2.5
2020,Celta Vigo,arrival,282694,Augusto Solari,29,Racing ClubLiga Profesional (- 23/24),permanent,500000.0,0.5
2020,Celta Vigo,arrival,277137,Renato Tapia,25,FeyenoordEredivisie,free,0.0,0.0
2020,Celta Vigo,arrival,162074,Álvaro Vadillo,25,Granada CFLaLiga,free,0.0,0.0
2020,Celta Vigo,arrival,93795,Facundo Ferreyra,29,BenficaLiga Portugal,free,0.0,0.0
2020,Celta Vigo,arrival,251878,Aarón Martín,23,MainzBundesliga,loan,,
2020,Celta Vigo,arrival,276111,David Costas,25,UD AlmeríaLaLiga2,loan,,
2020,Celta Vigo,arrival,207924,Jozabed Sánchez,29,GironaLaLiga2,loan,,
2020,Celta Vigo,arrival,283223,Emre Mor,22,OlympiacosSuper League 1,loan,,
2020,Celta Vigo,arrival,181619,Robert Mazan,26,CD TenerifeLaLiga2,loan,,
2020,Celta Vigo,departure,252641,Pione Sisto,25,MidtjyllandSuperliga,permanent,2500000.0,2.5
2020,Celta Vigo,departure,181619,Robert Mazan,26,Mlada BoleslavChance Liga,free,0.0,0.0
2020,Celta Vigo,departure,137616,Okay Yokuşlu,26,West BromPremier League,loan,,
2020,Celta Vigo,departure,162074,Álvaro Vadillo,26,EspanyolLaLiga2,loan,,
2020,Celta Vigo,departure,259930,Gabriel Fernández,26,Real ZaragozaLaLiga2,loan,,
2020,Celta Vigo,departure,207924,Jozabed Sánchez,29,Málaga CFLaLiga2,loan,,
2020,Celta Vigo,departure,349873,Juan Hernández,25,CE SabadellLaLiga2,loan,,
2020,Celta Vigo,departure,129473,Rafinha,27,BarcelonaLaLiga,loan,,
2020,Celta Vigo,departure,50355,Fedor Smolov,30,Loko MoscowPremier Liga,loan,,
2020,Celta Vigo,departure,216240,Lucas Olaza,26,Boca JuniorsLiga Profesional (- 23/24),loan,,
2020,Celta Vigo,departure,336828,Pape Cheikh,22,LyonLigue 1,loan,,
2020,Celta Vigo,departure,238486,Filip Bradaric,28,CagliariSerie A,loan,,
2020,Granada,arrival,424784,Luis Suárez,22,WatfordChampionship,permanent,10000000.0,10.0
2020,Granada,arrival,281989,Luis Milla,25,CD TenerifeLaLiga2,permanent,5000000.0,5.0
2020,Granada,arrival,60542,Maxime Gonalons,31,RomaSerie A,permanent,4000000.0,4.0
2020,Granada,arrival,487688,Alberto Soro,21,Real MadridLaLiga,permanent,2500000.0,2.5
2020,Granada,arrival,170472,Dimitri Foulquier,27,WatfordChampionship,permanent,2000000.0,2.0
2020,Granada,arrival,57825,Jorge Molina,38,GetafeLaLiga,free,0.0,0.0
2020,Granada,arrival,295414,Adrián Marín,24,AlavésLaLiga,free,0.0,0.0
2020,Granada,arrival,281404,Kenedy,24,ChelseaPremier League,loan,,
2020,Granada,arrival,491693,Nehuén Pérez,20,AtléticoLaLiga,loan,,
2020,Granada,arrival,251896,Jesús Vallejo,23,Real MadridLaLiga,loan,,
2020,Granada,arrival,391719,Domingos Quina,21,WatfordChampionship,loan,,
2020,Granada,arrival,203775,Bernardo Cruz,27,CD Numancia2ª B - Grupo I,loan,,
2020,Granada,arrival,292604,José Antonio González,24,Córdoba CF2ª B - Grupo IV,loan,,
2020,Granada,departure,162074,Álvaro Vadillo,25,Celta de VigoLaLiga,free,0.0,0.0
2020,Granada,departure,203775,Bernardo Cruz,27,Córdoba CF2ª B - Grupo IV,free,0.0,0.0
2020,Granada,departure,74641,İsmail Köybaşı,31,C. RizesporSüper Lig,free,0.0,0.0
2020,Granada,departure,292604,José Antonio González,24,Recr. Huelva2ª B - Grupo IV,free,0.0,0.0
2020,Granada,departure,131667,Ramon Azeez,28,FC CartagenaLaLiga2,loan,,
2020,Granada,departure,610336,Antoñín,20,Rayo VallecanoLaLiga2,loan,,
2020,Granada,departure,186891,Álex Martínez,30,Without Club,unknown,,
2020,Granada,departure,251896,Jesús Vallejo,23,Real MadridLaLiga,loan,,
2020,Granada,departure,216464,Carlos Fernández,24,Sevilla FCLaLiga,loan,,
2020,Granada,departure,329723,Gil Dias,23,MonacoLigue 1,loan,,
2020,Granada,departure,60542,Maxime Gonalons,31,RomaSerie A,loan,,
2020,Granada,departure,170472,Dimitri Foulquier,27,WatfordChampionship,loan,,
2020,Granada,departure,311287,José Antonio Martínez,27,SD EibarLaLiga,loan,,
2020,Levante,arrival,455181,Jorge de Frutos,23,Real MadridLaLiga,permanent,6000000.0,6.0
2020,Levante,arrival,422460,Dani Gómez,22,Real MadridLaLiga,permanent,2000000.0,2.0
2020,Levante,arrival,205569,Mickaël Malsa,24,CD MirandésLaLiga2,free,0.0,0.0
2020,Levante,arrival,349856,Son,26,PonferradinaLaLiga2,free,0.0,0.0
2020,Levante,arrival,397676,Dani Cárdenas,23,Atl. Levante2ª B - Grupo III,unknown,,
2020,Levante,arrival,337781,Arturo Molina,24,Atl. Levante2ª B - Grupo III,unknown,,
2020,Levante,arrival,568835,Pablo Martínez,22,Atl. Levante2ª B - Grupo III,unknown,,
2020,Levante,arrival,274862,Moses Simon,24,FC NantesLigue 1,loan,,
2020,Levante,arrival,254290,Raphael Dwamena,24,Real ZaragozaLaLiga2,loan,,
2020,Levante,arrival,126516,Antonio Luna,29,Rayo VallecanoLaLiga2,loan,,
2020,Levante,arrival,328480,Pepelu,21,TondelaLiga Portugal,loan,,
2020,Levante,arrival,140082,Armando Sadiku,29,Málaga CFLaLiga2,loan,,
2020,Levante,arrival,129679,Cheick Doukouré,27,SD HuescaLaLiga2,loan,,
2020,Levante,arrival,282371,Ivi López,26,PonferradinaLaLiga2,loan,,
2020,Levante,arrival,385084,Fran Manzanara,23,PonferradinaLaLiga2,loan,,
2020,Levante,departure,274862,Moses Simon,24,FC NantesLigue 1,permanent,5000000.0,5.0
2020,Levante,departure,254290,Raphael Dwamena,24,Vejle BKSuperliga,free,0.0,0.0
2020,Levante,departure,188838,Bruno González,30,Real ValladolidLaLiga,free,0.0,0.0
2020,Levante,departure,126516,Antonio Luna,29,GironaLaLiga2,free,0.0,0.0
2020,Levante,departure,140082,Armando Sadiku,29,Erzurumspor FKSüper Lig,free,0.0,0.0
2020,Levante,departure,282371,Ivi López,26,RakówEkstraklasa,free,0.0,0.0
2020,Levante,departure,385084,Fran Manzanara,24,CD Numancia2ª B - Grupo I,free,0.0,0.0
2020,Levante,departure,172142,Hernâni,29,Al-WehdaSaudi Pro League,loan,,
2020,Levante,departure,328480,Pepelu,22,Vit. GuimarãesLiga Portugal,loan,,
2020,Levante,departure,299715,Koke Vegas,25,RCD MallorcaLaLiga2,loan,,
2020,Levante,departure,337781,Arturo Molina,24,CastellónLaLiga2,loan,,
2020,Levante,departure,568835,Pablo Martínez,22,CD MirandésLaLiga2,loan,,
2020,Levante,departure,203778,Iván López,26,Retired,unknown,,
2020,Levante,departure,298976,Borja Mayoral,23,Real MadridLaLiga,loan,,
2020,Osasuna,arrival,114060,Enric Gallego,33,GetafeLaLiga,permanent,3000000.0,3.0
2020,Osasuna,arrival,169497,Juan Cruz,28,Elche CFLaLiga,permanent,3000000.0,3.0
2020,Osasuna,arrival,213670,Lucas Torró,26,FrankfurtBundesliga,permanent,2000000.0,2.0
2020,Osasuna,arrival,228761,Jony,29,LazioSerie A,loan,900000.0,0.9
2020,Osasuna,arrival,142419,Raúl Navas,32,Real SociedadLaLiga,permanent,250000.0,0.25
2020,Osasuna,arrival,46413,Ante Budimir,29,RCD MallorcaLaLiga2,loan,,
2020,Osasuna,arrival,284727,Jonathan Calleri,26,CD MaldonadoLiga AUF Clausura,loan,,
2020,Osasuna,arrival,618809,Manu Sánchez,20,AtléticoLaLiga,loan,,
2020,Osasuna,arrival,69660,Jonás Ramalho,27,GironaLaLiga2,loan,,
2020,Osasuna,arrival,251680,Brandon Thomas,25,GironaLaLiga2,loan,,
2020,Osasuna,arrival,85500,Juan Villar,32,Rayo VallecanoLaLiga2,loan,,
2020,Osasuna,arrival,396328,Luis Perea,22,AD AlcorcónLaLiga2,loan,,
2020,Osasuna,arrival,374082,Antonio Otegui,22,CD Numancia2ª B - Grupo I,loan,,
2020,Osasuna,arrival,340864,Jaume Grau,23,CD LugoLaLiga2,loan,,
2020,Osasuna,arrival,514514,Iván Barbero,22,UD AlmeríaLaLiga2,loan,,
2020,Osasuna,departure,396328,Luis Perea,23,CD LeganésLaLiga2,permanent,3000000.0,3.0
2020,Osasuna,departure,85500,Juan Villar,32,UD AlmeríaLaLiga2,permanent,450000.0,0.45
2020,Osasuna,departure,42920,Fran Mérida,30,EspanyolLaLiga2,free,0.0,0.0
2020,Osasuna,departure,142419,Raúl Navas,32,FC CartagenaLaLiga2,free,0.0,0.0
2020,Osasuna,departure,374082,Antonio Otegui,22,CD Badajoz2ª B - Grupo V,free,0.0,0.0
2020,Osasuna,departure,443222,Marc Cardona,25,RCD MallorcaLaLiga2,loan,,
2020,Osasuna,departure,242532,Rober Ibáñez,27,CD LeganésLaLiga2,loan,,
2020,Osasuna,departure,251680,Brandon Thomas,25,CD LeganésLaLiga2,loan,,
2020,Osasuna,departure,340864,Jaume Grau,23,TondelaLiga Portugal,loan,,
2020,Osasuna,departure,514514,Iván Barbero,22,AD AlcorcónLaLiga2,loan,,
2020,Osasuna,departure,349599,Pervis Estupiñán,22,WatfordChampionship,loan,,
2020,Osasuna,departure,364603,José Manuel Arnáiz,25,CD LeganésLaLiga2,loan,,
2020,Osasuna,departure,320271,Toni Lato,22,ValenciaLaLiga,loan,,
2020,Osasuna,departure,114060,Enric Gallego,33,GetafeLaLiga,loan,,
2020,Osasuna,departure,142419,Raúl Navas,32,Real SociedadLaLiga,loan,,
2020,Eibar,arrival,199299,Damian Kądzior,28,Dinamo ZagrebSuperSport HNL,permanent,2000000.0,2.0
2020,Eibar,arrival,261504,Aleix García,23,FC DinamoSuperLiga,free,0.0,0.0
2020,Eibar,arrival,537382,Bryan Gil,19,Sevilla FCLaLiga,loan,,
2020,Eibar,arrival,230541,Yoshinori Muto,28,NewcastlePremier League,loan,,
2020,Eibar,arrival,341272,Álex Pozo,21,Sevilla FCLaLiga,loan,,
2020,Eibar,arrival,150948,Recio,29,CD LeganésLaLiga2,loan,,
2020,Eibar,arrival,206947,Kévin Rodrigues,26,Real SociedadLaLiga,loan,,
2020,Eibar,arrival,480955,Miguel Atienza,21,SD Eibar BSpain,unknown,,
2020,Eibar,arrival,311287,José Antonio Martínez,27,Granada CFLaLiga,loan,,
2020,Eibar,arrival,242299,Roberto Olabe,24,Extremadura2ª B - Grupo V,loan,,
2020,Eibar,arrival,286849,Jordi Calavera,25,GironaLaLiga2,loan,,
2020,Eibar,arrival,305956,Nano Mesa,25,Cádiz CFLaLiga,loan,,
2020,Eibar,arrival,466847,Asier Benito,25,PonferradinaLaLiga2,loan,,
2020,Eibar,departure,199299,Damian Kądzior,28,AlanyasporSüper Lig,loan,150000.0,0.15
2020,Eibar,departure,266795,Gonzalo Escalante,27,LazioSerie A,free,0.0,0.0
2020,Eibar,departure,60890,Fabián Orellana,34,Real ValladolidLaLiga,free,0.0,0.0
2020,Eibar,departure,154059,Charles,36,Pontevedra CF2ª B - Grupo I,free,0.0,0.0
2020,Eibar,departure,286849,Jordi Calavera,25,GironaLaLiga2,free,0.0,0.0
2020,Eibar,departure,305956,Nano Mesa,25,Cádiz CFLaLiga,free,0.0,0.0
2020,Eibar,departure,311287,José Antonio Martínez,27,DallasMLS,unknown,,
2020,Eibar,departure,290273,Álvaro Tejero,24,Real ZaragozaLaLiga2,loan,,
2020,Eibar,departure,242299,Roberto Olabe,24,TondelaLiga Portugal,loan,,
2020,Eibar,departure,466847,Asier Benito,25,CD Numancia2ª B - Grupo I,loan,,
2020,Eibar,departure,75446,Pablo de Blasis,32,Without Club,unknown,,
2020,Eibar,departure,26066,Iván Ramis,35,Retired,unknown,,
2020,Eibar,departure,188157,Sebastián Cristóforo,26,FiorentinaSerie A,loan,,
2020,Alaves,arrival,176591,Jota Peleteiro,29,Aston VillaPremier League,free,0.0,0.0
2020,Alaves,arrival,396324,Carlos Isaac,22,Atl. Madrileño2ª B - Grupo V,free,0.0,0.0
2020,Alaves,arrival,550549,Tomás Tavares,19,BenficaLiga Portugal,loan,,
2020,Alaves,arrival,676318,Facundo Pellistri,19,Man UtdPremier League,loan,,
2020,Alaves,arrival,127108,Florian Lejeune,29,NewcastlePremier League,loan,,
2020,Alaves,arrival,89297,Rodrigo Battaglia,29,SportingLiga Portugal,loan,,
2020,Alaves,arrival,243541,Deyverson,29,PalmeirasSérie A,loan,,
2020,Alaves,arrival,251848,Iñigo Córdoba,23,Athletic ClubLaLiga,loan,,
2020,Alaves,arrival,425028,José Luis Rodríguez,22,Alavés B2ª B - Grupo II,unknown,,
2020,Alaves,arrival,220999,Fabrice Ondoa,25,Without Club,unknown,,
2020,Alaves,arrival,568158,Javi López,18,Alavés B2ª B - Grupo II,unknown,,
2020,Alaves,arrival,483742,Antonio Perera,23,Alavés B2ª B - Grupo II,unknown,,
2020,Alaves,arrival,335457,Ermedin Demirovic,22,FC St. GallenSuper League,loan,,
2020,Alaves,arrival,188651,Patrick Twumasi,26,Gaziantep FKSüper Lig,loan,,
2020,Alaves,arrival,98596,John Guidetti,28,Hannover 962. Bundesliga,loan,,
2020,Alaves,arrival,246277,Burgui,26,Real ZaragozaLaLiga2,loan,,
2020,Alaves,arrival,298197,Antonio Sivera,24,UD AlmeríaLaLiga2,loan,,
2020,Alaves,arrival,435022,Ramón Miérez,23,CD TenerifeLaLiga2,loan,,
2020,Alaves,arrival,249471,Saúl García,25,Rayo VallecanoLaLiga2,loan,,
2020,Alaves,arrival,355335,Adrián Diéguez,24,AD AlcorcónLaLiga2,loan,,
2020,Alaves,arrival,504125,Olivier Verdon,24,KAS EupenJupiler Pro League,loan,,
2020,Alaves,arrival,282421,Javi Muñoz,25,CD TenerifeLaLiga2,loan,,
2020,Alaves,arrival,533060,Anderson Cruz,24,CF FuenlabradaLaLiga2,loan,,
2020,Alaves,departure,335457,Ermedin Demirovic,22,FreiburgBundesliga,permanent,3700000.0,3.7
2020,Alaves,departure,188651,Patrick Twumasi,26,Hannover 962. Bundesliga,permanent,700000.0,0.7
2020,Alaves,departure,375710,Jeando Fuchs,22,Dundee UnitedPremiership,permanent,480000.0,0.48
2020,Alaves,departure,295414,Adrián Marín,24,Granada CFLaLiga,free,0.0,0.0
2020,Alaves,departure,355335,Adrián Diéguez,24,CF FuenlabradaLaLiga2,unknown,,
2020,Alaves,departure,533060,Anderson Cruz,24,BolívarDivisión Profesional,unknown,,
2020,Alaves,departure,435022,Ramón Miérez,23,NK OsijekSuperSport HNL,loan,,
2020,Alaves,departure,249471,Saúl García,25,Sporting GijónLaLiga2,loan,,
2020,Alaves,departure,504125,Olivier Verdon,24,Ludogoretsefbet Liga,loan,,
2020,Alaves,departure,425028,José Luis Rodríguez,22,CD LugoLaLiga2,loan,,
2020,Alaves,departure,351746,Rafa Navarro,26,NK IstraSuperSport HNL,loan,,
2020,Alaves,departure,220999,Fabrice Ondoa,25,NK IstraSuperSport HNL,loan,,
2020,Alaves,departure,282421,Javi Muñoz,25,CD MirandésLaLiga2,loan,,
2020,Alaves,departure,396324,Carlos Isaac,22,AlbaceteLaLiga2,loan,,
2020,Alaves,departure,483742,Antonio Perera,23,NK IstraSuperSport HNL,loan,,
2020,Alaves,departure,550549,Tomás Tavares,19,BenficaLiga Portugal,loan,,
2020,Alaves,departure,66736,Lisandro Magallán,26,AjaxEredivisie,loan,,
2020,Alaves,departure,341317,Oliver Burke,23,West BromPremier League,loan,,
2020,Alaves,departure,263856,Víctor Camarasa,26,Real BetisLaLiga,loan,,
2020,Alaves,departure,243541,Deyverson,30,PalmeirasSérie A,loan,,
2020,Alaves,departure,88490,Aleix Vidal,30,Sevilla FCLaLiga,loan,,
2020,Alaves,departure,46110,Ljubomir Fejsa,31,BenficaLiga Portugal,loan,,
2020,Alaves,departure,630990,Ismael Gutiérrez,20,Real BetisLaLiga,loan,,
2020,Alaves,departure,37403,Roberto,34,West HamPremier League,loan,,
2020,SD Huesca,arrival,67808,Borja García,29,GironaLaLiga2,permanent,1500000.0,1.5
2020,SD Huesca,arrival,52403,Dimitrios Siovas,32,CD LeganésLaLiga2,permanent,1000000.0,1.0
2020,SD Huesca,arrival,171362,Pablo Insua,26,FC Schalke 04Bundesliga,permanent,1000000.0,1.0
2020,SD Huesca,arrival,298983,Javi Ontiveros,23,VillarrealLaLiga,loan,650000.0,0.65
2020,SD Huesca,arrival,57522,Andrés Fernández,33,VillarrealLaLiga,permanent,500000.0,0.5
2020,SD Huesca,arrival,199369,Sandro Ramírez,25,EvertonPremier League,free,0.0,0.0
2020,SD Huesca,arrival,189452,Gastón Silva,26,IndependienteCopa de la Liga (- 23/24),free,0.0,0.0
2020,SD Huesca,arrival,239962,Denis Vavro,24,LazioSerie A,loan,,
2020,SD Huesca,arrival,430579,Idrissa Doumbia,22,SportingLiga Portugal,loan,,
2020,SD Huesca,arrival,251876,Pablo Maffeo,23,StuttgartBundesliga,loan,,
2020,SD Huesca,arrival,531824,Kike Hermoso,20,SD Ejea2ª B - Grupo II,unknown,,
2020,SD Huesca,arrival,610572,Ronald Gbizie,23,SD Ejea2ª B - Grupo II,unknown,,
2020,SD Huesca,arrival,491541,Juan Peñaloza,20,SD Ejea2ª B - Grupo II,unknown,,
2020,SD Huesca,arrival,98512,Serdar Gürler,28,GöztepeSüper Lig,loan,,
2020,SD Huesca,arrival,531829,Dani Escriche,22,Elche CFLaLiga,loan,,
2020,SD Huesca,arrival,256567,Aleksandar Jovanovic,27,Aarhus GFSuperliga,loan,,
2020,SD Huesca,arrival,67823,Damián Musto,33,InternacionalSérie A,loan,,
2020,SD Huesca,arrival,256567,Aleksandar Jovanovic,27,Dep. A Coruña2ª B - Grupo I,loan,,
2020,SD Huesca,arrival,382773,Jonathan Rubio Toro,23,TondelaLiga Portugal,loan,,
2020,SD Huesca,arrival,340867,Jaime Seoane,23,CD LugoLaLiga2,loan,,
2020,SD Huesca,arrival,396334,Joaquín Muñoz,21,CD MirandésLaLiga2,loan,,
2020,SD Huesca,departure,256567,Aleksandar Jovanovic,27,Apol. LimassolCyprus League,free,0.0,0.0
2020,SD Huesca,departure,382773,Jonathan Rubio Toro,23,ChavesLiga Portugal 2,free,0.0,0.0
2020,SD Huesca,departure,531824,Kike Hermoso,21,Betis Deportivo2ª B - Grupo IV,free,0.0,0.0
2020,SD Huesca,departure,67823,Damián Musto,33,PeñarolLiga AUF Clausura,free,0.0,0.0
2020,SD Huesca,departure,98512,Serdar Gürler,28,AntalyasporSüper Lig,unknown,,
2020,SD Huesca,departure,383153,Kelechi Nwakali,22,AD AlcorcónLaLiga2,loan,,
2020,SD Huesca,departure,396334,Joaquín Muñoz,21,Málaga CFLaLiga2,loan,,
2020,SD Huesca,departure,610572,Ronald Gbizie,23,CD Numancia2ª B - Grupo I,loan,,
2020,SD Huesca,departure,491541,Juan Peñaloza,20,Racing Ferrol2ª B - Grupo I,loan,,
2020,SD Huesca,departure,339707,Cristo,22,UdineseSerie A,loan,,
2020,SD Huesca,departure,331498,Jordi Mboula,21,MonacoLigue 1,loan,,
2020,SD Huesca,departure,413262,Dani Raba,24,VillarrealLaLiga,loan,,
2020,SD Huesca,departure,399775,Miguel Llambrich,24,VillarrealLaLiga,loan,,
2020,SD Huesca,departure,139341,Josué Sá,28,RSC AnderlechtJupiler Pro League,loan,,
2020,SD Huesca,departure,171362,Pablo Insua,26,FC Schalke 04Bundesliga,loan,,
2020,SD Huesca,departure,129679,Cheick Doukouré,27,LevanteLaLiga,loan,,
2020,SD Huesca,departure,227015,Toni Datkovic,26,NK LokomotivaSuperSport HNL,loan,,
2020,SD Huesca,departure,246335,Rubén Yáñez,26,GetafeLaLiga,loan,,
2020,Real Valladolid CF,arrival,247652,Shon Weissman,24,Wolfsberger ACBundesliga,permanent,4000000.0,4.0
2020,Real Valladolid CF,arrival,340853,Javi Sánchez,23,Real MadridLaLiga,permanent,3000000.0,3.0
2020,Real Valladolid CF,arrival,196435,Saidy Janko,24,PortoLiga Portugal,permanent,1900000.0,1.9
2020,Real Valladolid CF,arrival,216240,Lucas Olaza,26,Boca JuniorsLiga Profesional (- 23/24),loan,500000.0,0.5
2020,Real Valladolid CF,arrival,235412,Jawad El Yamiq,28,GenoaSerie A,permanent,250000.0,0.25
2020,Real Valladolid CF,arrival,139434,Raúl Carnero,31,GetafeLaLiga,permanent,200000.0,0.2
2020,Real Valladolid CF,arrival,202984,Roque Mesa,31,Sevilla FCLaLiga,free,0.0,0.0
2020,Real Valladolid CF,arrival,60890,Fabián Orellana,34,SD EibarLaLiga,free,0.0,0.0
2020,Real Valladolid CF,arrival,188838,Bruno González,30,LevanteLaLiga,free,0.0,0.0
2020,Real Valladolid CF,arrival,37403,Roberto,34,West HamPremier League,free,0.0,0.0
2020,Real Valladolid CF,arrival,358115,Luis Pérez,25,CD TenerifeLaLiga2,free,0.0,0.0
2020,Real Valladolid CF,arrival,329812,Jota,21,BenficaLiga Portugal,loan,,
2020,Real Valladolid CF,arrival,197126,Kenan Kodro,27,Athletic ClubLaLiga,loan,,
2020,Real Valladolid CF,arrival,379530,Carlos Doncel,23,Valladolid Prom2ª B - Grupo I,unknown,,
2020,Real Valladolid CF,arrival,373683,Diego Alende,22,Valladolid Prom2ª B - Grupo I,unknown,,
2020,Real Valladolid CF,arrival,527698,Kike Pérez,23,Valladolid Prom2ª B - Grupo I,unknown,,
2020,Real Valladolid CF,arrival,379714,Roberto Corral,22,Valladolid Prom2ª B - Grupo I,unknown,,
2020,Real Valladolid CF,arrival,590690,Víctor García,22,Valladolid Prom2ª B - Grupo I,unknown,,
2020,Real Valladolid CF,arrival,327126,Anuar,25,PanathinaikosSuper League 1,loan,,
2020,Real Valladolid CF,arrival,481084,Marcos André,23,CD MirandésLaLiga2,loan,,
2020,Real Valladolid CF,arrival,591375,Stiven Plaza,21,TrabzonsporSüper Lig,loan,,
2020,Real Valladolid CF,arrival,207922,Luismi Sánchez,28,Real OviedoLaLiga2,loan,,
2020,Real Valladolid CF,arrival,449496,Álvaro Aguado,24,CD NumanciaLaLiga2,loan,,
2020,Real Valladolid CF,arrival,260230,Moi Delgado,26,CF FuenlabradaLaLiga2,loan,,
2020,Real Valladolid CF,arrival,260230,Moi Delgado,26,Racing2ª B - Grupo II,loan,,
2020,Real Valladolid CF,arrival,337070,Sekou Gassama,25,CF FuenlabradaLaLiga2,loan,,
2020,Real Valladolid CF,arrival,538810,Chris Ramos,23,CD Badajoz2ª B - Grupo V,loan,,
2020,Real Valladolid CF,arrival,321629,Moctar El Hacen,22,CD LugoLaLiga2,loan,,
2020,Real Valladolid CF,departure,563963,Mohammed Salisu,21,SouthamptonPremier League,permanent,12000000.0,12.0
2020,Real Valladolid CF,departure,591375,Stiven Plaza,21,TrabzonsporSüper Lig,loan,100000.0,0.1
2020,Real Valladolid CF,departure,62144,Antoñito,32,PanathinaikosSuper League 1,free,0.0,0.0
2020,Real Valladolid CF,departure,207922,Luismi Sánchez,28,Elche CFLaLiga,free,0.0,0.0
2020,Real Valladolid CF,departure,327126,Anuar,25,APOEL NicosiaCyprus League,loan,,
2020,Real Valladolid CF,departure,591375,Stiven Plaza,21,IndependienteSerie A Primera Etapa,loan,,
2020,Real Valladolid CF,departure,268946,José Antonio Caro,26,PonferradinaLaLiga2,loan,,
2020,Real Valladolid CF,departure,449496,Álvaro Aguado,24,CF FuenlabradaLaLiga2,loan,,
2020,Real Valladolid CF,departure,260230,Moi Delgado,26,CF FuenlabradaLaLiga2,loan,,
2020,Real Valladolid CF,departure,260230,Moi Delgado,26,PonferradinaLaLiga2,loan,,
2020,Real Valladolid CF,departure,337070,Sekou Gassama,25,CF FuenlabradaLaLiga2,loan,,
2020,Real Valladolid CF,departure,379530,Carlos Doncel,23,PonferradinaLaLiga2,loan,,
2020,Real Valladolid CF,departure,373683,Diego Alende,22,CD LugoLaLiga2,loan,,
2020,Real Valladolid CF,departure,379714,Roberto Corral,23,CD Numancia2ª B - Grupo I,loan,,
2020,Real Valladolid CF,departure,538810,Chris Ramos,23,CD LugoLaLiga2,loan,,
2020,Real Valladolid CF,departure,590690,Víctor García,22,CE SabadellLaLiga2,loan,,
2020,Real Valladolid CF,departure,321629,Moctar El Hacen,22,CD LugoLaLiga2,loan,,
2020,Real Valladolid CF,departure,18900,Hatem Ben Arfa,33,Without Club,unknown,,
2020,Real Valladolid CF,departure,71204,Javi Moyano,34,Without Club,unknown,,
2020,Real Valladolid CF,departure,553875,Pedro Porro,20,Man CityPremier League,loan,,
2020,Real Valladolid CF,departure,251106,Enes Ünal,23,VillarrealLaLiga,loan,,
2020,Real Valladolid CF,departure,199369,Sandro Ramírez,25,EvertonPremier League,loan,,
2020,Real Valladolid CF,departure,340853,Javi Sánchez,23,Real MadridLaLiga,loan,,
2020,Real Valladolid CF,departure,139434,Raúl Carnero,31,GetafeLaLiga,loan,,
2020,Cadiz,arrival,57935,Álvaro Giménez,29,BirminghamChampionship,permanent,2700000.0,2.7
2020,Cadiz,arrival,131275,Choco Lozano,27,GironaLaLiga2,permanent,2500000.0,2.5
2020,Cadiz,arrival,281755,Iván Alejo,25,GetafeLaLiga,permanent,2000000.0,2.0
2020,Cadiz,arrival,336747,Jorge Pombo,26,Real ZaragozaLaLiga2,permanent,1200000.0,1.2
2020,Cadiz,arrival,162652,Filip Malbasic,27,CD TenerifeLaLiga2,permanent,1000000.0,1.0
2020,Cadiz,arrival,284342,Conan Ledesma,27,Rosario CentralCopa de la Liga (- 23/24),loan,500000.0,0.5
2020,Cadiz,arrival,337946,Jairo Izquierdo,26,GironaLaLiga2,loan,200000.0,0.2
2020,Cadiz,arrival,18644,Álvaro Negredo,34,Al-NasrUAE Pro League,free,0.0,0.0
2020,Cadiz,arrival,148355,Jens Jønsson,27,KonyasporSüper Lig,free,0.0,0.0
2020,Cadiz,arrival,51663,Pedro Alcalá,31,GironaLaLiga2,free,0.0,0.0
2020,Cadiz,arrival,305956,Nano Mesa,25,SD EibarLaLiga,free,0.0,0.0
2020,Cadiz,arrival,251883,Gaspar Panadero,22,Al-WahdaUAE Pro League,free,0.0,0.0
2020,Cadiz,arrival,171170,Dani Sotres,27,Salamanca CF2ª B - Grupo I,free,0.0,0.0
2020,Cadiz,arrival,355629,David Mayoral,23,UCAM Murcia2ª B - Grupo IV,free,0.0,0.0
2020,Cadiz,arrival,85383,Rubén Sobrino,28,ValenciaLaLiga,loan,,
2020,Cadiz,arrival,274347,Ivan Saponjic,23,AtléticoLaLiga,loan,,
2020,Cadiz,arrival,331514,Bobby Adekanye,21,LazioSerie A,loan,,
2020,Cadiz,arrival,435500,Sergio González,23,Cádiz B2ª B - Grupo IV,unknown,,
2020,Cadiz,arrival,376460,Djordje Jovanovic,21,FC CartagenaLaLiga2,loan,,
2020,Cadiz,arrival,268957,José Matos,25,FC TwenteEredivisie,loan,,
2020,Cadiz,arrival,251846,David Carmona,23,Racing2ª B - Grupo II,loan,,
2020,Cadiz,arrival,271451,Dani Romera,24,AD AlcorcónLaLiga2,loan,,
2020,Cadiz,arrival,166677,Brian Oliván,26,GironaLaLiga2,loan,,
2020,Cadiz,arrival,254048,David Querol,31,AlbaceteLaLiga2,loan,,
2020,Cadiz,arrival,238471,Caye Quintana,26,CF FuenlabradaLaLiga2,loan,,
2020,Cadiz,arrival,38270,Sergio Sánchez,34,AlbaceteLaLiga2,loan,,
2020,Cadiz,arrival,203981,Jean-Pierre Rhyner,24,FC CartagenaLaLiga2,loan,,
2020,Cadiz,arrival,419247,Cristian Martínez,23,Recr. Huelva2ª B - Grupo IV,loan,,
2020,Cadiz,arrival,682500,Javi Navarro,24,AlbaceteLaLiga2,loan,,
2020,Cadiz,arrival,682500,Javi Navarro,23,PonferradinaLaLiga2,loan,,
2020,Cadiz,departure,290533,Yann Bodiger,25,CastellónLaLiga2,free,0.0,0.0
2020,Cadiz,departure,251846,David Carmona,23,Betis Deportivo2ª B - Grupo IV,free,0.0,0.0
2020,Cadiz,departure,85365,Edu Ramos,28,Marbella2ª B - Grupo IV,free,0.0,0.0
2020,Cadiz,departure,271451,Dani Romera,25,PonferradinaLaLiga2,free,0.0,0.0
2020,Cadiz,departure,166677,Brian Oliván,26,RCD MallorcaLaLiga2,free,0.0,0.0
2020,Cadiz,departure,57935,Álvaro Giménez,29,RCD MallorcaLaLiga2,loan,,
2020,Cadiz,departure,435500,Sergio González,23,CD TenerifeLaLiga2,loan,,
2020,Cadiz,departure,268957,José Matos,25,Málaga CFLaLiga2,loan,,
2020,Cadiz,departure,305956,Nano Mesa,25,UD LogroñésLaLiga2,loan,,
2020,Cadiz,departure,203981,Jean-Pierre Rhyner,24,FC CartagenaLaLiga2,loan,,
2020,Cadiz,departure,251883,Gaspar Panadero,22,PonferradinaLaLiga2,loan,,
2020,Cadiz,departure,238471,Caye Quintana,26,Málaga CFLaLiga2,loan,,
2020,Cadiz,departure,203981,Jean-Pierre Rhyner,24,FC EmmenEredivisie,loan,,
2020,Cadiz,departure,171170,Dani Sotres,27,R. Majadahonda2ª B - Grupo V,loan,,
2020,Cadiz,departure,355629,David Mayoral,23,FC HermannstadtSuperLiga,loan,,
2020,Cadiz,departure,682500,Javi Navarro,23,AlbaceteLaLiga2,loan,,
2020,Cadiz,departure,376460,Djordje Jovanovic,21,Without Club,unknown,,
2020,Cadiz,departure,254048,David Querol,31,Retired,unknown,,
2020,Cadiz,departure,38270,Sergio Sánchez,34,Retired,unknown,,
2020,Cadiz,departure,282428,Luismi Quezada,24,Without Club,unknown,,
2020,Cadiz,departure,419247,Cristian Martínez,23,Cádiz B2ª B - Grupo IV,unknown,,
2020,Cadiz,departure,682500,Javi Navarro,24,Cádiz B2ª B - Grupo IV,unknown,,
2020,Cadiz,departure,7668,Alberto Cifuentes,41,Retired,unknown,,
2020,Cadiz,departure,28261,José Manuel Jurado,34,Retired,unknown,,
2020,Cadiz,departure,57935,Álvaro Giménez,29,BirminghamChampionship,loan,,
2020,Cadiz,departure,281755,Iván Alejo,25,GetafeLaLiga,loan,,
2020,Cadiz,departure,131275,Choco Lozano,27,GironaLaLiga2,loan,,
2020,Cadiz,departure,331514,Bobby Adekanye,21,LazioSerie A,loan,,
2020,Cadiz,departure,162652,Filip Malbasic,27,CD TenerifeLaLiga2,loan,,
2020,Cadiz,departure,336747,Jorge Pombo,26,Real ZaragozaLaLiga2,loan,,
2020,Cadiz,departure,305956,Nano Mesa,25,SD EibarLaLiga,loan,,
2020,Elche,arrival,330352,Raúl Guti,23,Real ZaragozaLaLiga2,permanent,5000000.0,5.0
2020,Elche,arrival,90451,Iván Marcone,30,Boca JuniorsCopa de la Liga (- 23/24),loan,500000.0,0.5
2020,Elche,arrival,339816,Tete Morente,23,Málaga CFLaLiga2,permanent,500000.0,0.5
2020,Elche,arrival,282544,Emiliano Rigoni,27,Zenit S-PbPremier Liga,permanent,100000.0,0.1
2020,Elche,arrival,184672,Guido Carrillo,29,SouthamptonPremier League,free,0.0,0.0
2020,Elche,arrival,169249,Juan Sánchez Miño,30,IndependienteCopa de la Liga (- 23/24),free,0.0,0.0
2020,Elche,arrival,32522,Antonio Barragán,33,Real BetisLaLiga,free,0.0,0.0
2020,Elche,arrival,352567,Jeison Lucumí,25,Tigres UANLLiga MX Apertura,free,0.0,0.0
2020,Elche,arrival,349836,Diego González,25,Málaga CFLaLiga2,free,0.0,0.0
2020,Elche,arrival,175836,Miguel Cifuentes,29,Málaga CFLaLiga2,free,0.0,0.0
2020,Elche,arrival,207922,Luismi Sánchez,28,Real ValladolidLaLiga,free,0.0,0.0
2020,Elche,arrival,274484,Youssouf Koné,25,LyonLigue 1,loan,,
2020,Elche,arrival,195488,Paulo Gazzaniga,29,TottenhamPremier League,loan,,
2020,Elche,arrival,262939,Johan Mojica,28,GironaLaLiga2,loan,,
2020,Elche,arrival,334222,Lucas Boyé,24,TorinoSerie A,loan,,
2020,Elche,arrival,90800,Diego Rodríguez,31,DefensaCopa de la Liga (- 23/24),loan,,
2020,Elche,arrival,56067,Pablo Piatti,31,Without Club,unknown,,
2020,Elche,arrival,211389,Helibelton Palacios,27,Without Club,unknown,,
2020,Elche,arrival,527972,Mourad El Ghezouani,22,Elche IlicitanoSpain,unknown,,
2020,Elche,arrival,593357,Manu Justo,24,Celta Fortuna2ª B - Grupo I,loan,,
2020,Elche,arrival,73321,Jony Ñiguez,35,CD Alcoyano2ª B - Grupo III,loan,,
2020,Elche,departure,282544,Emiliano Rigoni,28,São PauloSérie A,permanent,3800000.0,3.8
2020,Elche,departure,169497,Juan Cruz,28,CA OsasunaLaLiga,permanent,3000000.0,3.0
2020,Elche,departure,544106,Óscar Gil,22,EspanyolLaLiga2,permanent,500000.0,0.5
2020,Elche,departure,169249,Juan Sánchez Miño,31,Estudiantes LPLiga Profesional (- 23/24),free,0.0,0.0
2020,Elche,departure,352567,Jeison Lucumí,25,CD AméricaLiga DIMAYOR II,free,0.0,0.0
2020,Elche,departure,58345,Jonathas,31,Sharjah FCUAE Pro League,free,0.0,0.0
2020,Elche,departure,221311,Iván Sánchez,27,BirminghamChampionship,free,0.0,0.0
2020,Elche,departure,198866,Tekio,30,Volos NFCSuper League 1,free,0.0,0.0
2020,Elche,departure,510385,Claudio Medina,27,Burgos CF2ª B - Grupo I,free,0.0,0.0
2020,Elche,departure,73321,Jony Ñiguez,35,CD Alcoyano2ª B - Grupo III,free,0.0,0.0
2020,Elche,departure,95927,Manuel Sánchez,32,Real ÁvilaSpain,free,0.0,0.0
2020,Elche,departure,286841,Ramón Folch,31,CD TenerifeLaLiga2,loan,,
2020,Elche,departure,593357,Manu Justo,24,Celta Fortuna2ª B - Grupo I,loan,,
2020,Elche,departure,527972,Mourad El Ghezouani,22,CD Alcoyano2ª B - Grupo III,loan,,
2020,Elche,departure,274484,Youssouf Koné,25,LyonLigue 1,loan,,
2020,Elche,departure,531829,Dani Escriche,22,SD HuescaLaLiga,loan,,
2020,Elche,departure,340206,Andoni López,24,Athletic ClubLaLiga,loan,,
2020,Elche,departure,90800,Diego Rodríguez,31,DefensaLiga Profesional (- 23/24),loan,,
2020,Elche,departure,396337,Miguel San Román,23,Atl. Madrileño2ª B - Grupo V,loan,,
2021,Real Madrid,arrival,640428,Eduardo Camavinga,18,Stade RennaisLigue 1,permanent,31000000.0,31.0
2021,Real Madrid,arrival,59016,David Alaba,29,Bayern MunichBundesliga,free,0.0,0.0
2021,Real Madrid,arrival,495625,Víctor Chust,21,RM CastillaPrimera Federación - Gr. II,unknown,,
2021,Real Madrid,arrival,316264,Martin Ødegaard,22,ArsenalPremier League,loan,,
2021,Real Madrid,arrival,319745,Dani Ceballos,24,ArsenalPremier League,loan,,
2021,Real Madrid,arrival,257462,Luka Jović,23,FrankfurtBundesliga,loan,,
2021,Real Madrid,arrival,39381,Gareth Bale,31,TottenhamPremier League,loan,,
2021,Real Madrid,arrival,314678,Brahim Díaz,21,AC MilanSerie A,loan,,
2021,Real Madrid,arrival,405398,Takefusa Kubo,20,GetafeLaLiga,loan,,
2021,Real Madrid,arrival,251896,Jesús Vallejo,24,Granada CFLaLiga,loan,,
2021,Real Madrid,departure,164770,Raphaël Varane,28,Man UtdPremier League,permanent,40000000.0,40.0
2021,Real Madrid,departure,316264,Martin Ødegaard,22,ArsenalPremier League,permanent,35000000.0,35.0
2021,Real Madrid,departure,314678,Brahim Díaz,21,AC MilanSerie A,loan,3000000.0,3.0
2021,Real Madrid,departure,25557,Sergio Ramos,35,PSGLigue 1,free,0.0,0.0
2021,Real Madrid,departure,405398,Takefusa Kubo,20,RCD MallorcaLaLiga,loan,,
2021,Real Madrid,departure,280730,Álvaro Odriozola,25,FiorentinaSerie A,loan,,
2021,Real Madrid,departure,495625,Víctor Chust,21,Cádiz CFLaLiga,loan,,
2021,Barcelona,arrival,398184,Ferran Torres,21,Man CityPremier League,permanent,55000000.0,55.0
2021,Barcelona,arrival,476344,Emerson Royal,22,Real BetisLaLiga,permanent,14000000.0,14.0
2021,Barcelona,arrival,548031,Yusuf Demir,18,Rapid ViennaBundesliga,loan,500000.0,0.5
2021,Barcelona,arrival,167850,Memphis Depay,27,LyonLigue 1,free,0.0,0.0
2021,Barcelona,arrival,466794,Eric García,20,Man CityPremier League,free,0.0,0.0
2021,Barcelona,arrival,26399,Sergio Agüero,33,Man CityPremier League,free,0.0,0.0
2021,Barcelona,arrival,58864,Pierre-Emerick Aubameyang,32,ArsenalPremier League,free,0.0,0.0
2021,Barcelona,arrival,204103,Adama Traoré,26,WolvesPremier League,loan,,
2021,Barcelona,arrival,72522,Luuk de Jong,31,Sevilla FCLaLiga,loan,,
2021,Barcelona,arrival,617074,Ilaix Moriba,18,Barça AtlèticPrimera Federación - Gr. II,unknown,,
2021,Barcelona,arrival,282722,Álex Collado,22,Barça AtlèticPrimera Federación - Gr. II,unknown,,
2021,Barcelona,arrival,283170,Iñaki Peña,22,Barça AtlèticPrimera Federación - Gr. II,unknown,,
2021,Barcelona,arrival,15951,Dani Alves,38,Without Club,unknown,,
2021,Barcelona,arrival,308278,Rey Manaj,24,Barça AtlèticPrimera Federación - Gr. II,unknown,,
2021,Barcelona,arrival,466805,Nico González,19,Barça AtlèticPrimera Federación - Gr. II,unknown,,
2021,Barcelona,arrival,646740,Gavi,16,Barça U19Spain,unknown,,
2021,Barcelona,arrival,284854,Carles Aleñá,23,GetafeLaLiga,loan,,
2021,Barcelona,arrival,605184,Jean-Clair Todibo,21,NiceLigue 1,loan,,
2021,Barcelona,arrival,341227,Juan Miranda,21,Real BetisLaLiga,loan,,
2021,Barcelona,arrival,282727,Monchu,21,GironaLaLiga2,loan,,
2021,Barcelona,departure,476344,Emerson Royal,22,TottenhamPremier League,permanent,25000000.0,25.0
2021,Barcelona,departure,617074,Ilaix Moriba,18,LeipzigBundesliga,permanent,16600000.000000002,16.6
2021,Barcelona,departure,605184,Jean-Clair Todibo,21,NiceLigue 1,permanent,16500000.0,16.5
2021,Barcelona,departure,374139,Junior Firpo,24,LeedsPremier League,permanent,15000000.0,15.0
2021,Barcelona,departure,125781,Antoine Griezmann,30,AtléticoLaLiga,loan,10000000.0,10.0
2021,Barcelona,departure,412669,Francisco Trincão,21,WolvesPremier League,loan,6000000.0,6.0
2021,Barcelona,departure,284854,Carles Aleñá,23,GetafeLaLiga,permanent,5000000.0,5.0
2021,Barcelona,departure,282727,Monchu,21,Granada CFLaLiga,permanent,750000.0,0.75
2021,Barcelona,departure,308278,Rey Manaj,24,Spezia CalcioSerie A,loan,510000.0,0.51
2021,Barcelona,departure,28003,Lionel Messi,34,PSGLigue 1,free,0.0,0.0
2021,Barcelona,departure,341227,Juan Miranda,21,Real BetisLaLiga,free,0.0,0.0
2021,Barcelona,departure,351892,Matheus Fernandes,23,PalmeirasSérie A,free,0.0,0.0
2021,Barcelona,departure,44162,Miralem Pjanić,31,BesiktasSüper Lig,loan,,
2021,Barcelona,departure,80444,Philippe Coutinho,29,Aston VillaPremier League,loan,,
2021,Barcelona,departure,283170,Iñaki Peña,22,GalatasaraySüper Lig,loan,,
2021,Barcelona,departure,282722,Álex Collado,22,Granada CFLaLiga,loan,,
2021,Barcelona,departure,26399,Sergio Agüero,33,Retired,unknown,,
2021,Barcelona,departure,548031,Yusuf Demir,18,Rapid ViennaBundesliga,loan,,
2021,Atletico Madrid,arrival,255901,Rodrigo De Paul,27,UdineseSerie A,permanent,35000000.0,35.0
2021,Atletico Madrid,arrival,517894,Matheus Cunha,22,Hertha BSCBundesliga,permanent,35000000.0,35.0
2021,Atletico Madrid,arrival,125781,Antoine Griezmann,30,BarcelonaLaLiga,loan,10000000.0,10.0
2021,Atletico Madrid,arrival,240692,Reinildo Mandava,28,LilleLigue 1,permanent,3000000.0,3.0
2021,Atletico Madrid,arrival,63463,Daniel Wass,32,ValenciaLaLiga,permanent,2700000.0,2.7
2021,Atletico Madrid,arrival,612496,Marcos Paulo,20,FluminenseSérie A,free,0.0,0.0
2021,Atletico Madrid,arrival,127181,Benjamin Lecomte,30,MonacoLigue 1,loan,,
2021,Atletico Madrid,arrival,566036,Borja Garcés,21,Atl. MadrileñoSpain,unknown,,
2021,Atletico Madrid,arrival,505674,Sergio Camello,20,Atl. MadrileñoSpain,unknown,,
2021,Atletico Madrid,arrival,446106,Juan Manuel Sanabria,21,Atl. MadrileñoSpain,unknown,,
2021,Atletico Madrid,arrival,618809,Manu Sánchez,20,CA OsasunaLaLiga,loan,,
2021,Atletico Madrid,arrival,120443,Santiago Arias,29,LeverkusenBundesliga,loan,,
2021,Atletico Madrid,arrival,267753,Nicolás Ibáñez,26,San LuisLiga MX Apertura,loan,,
2021,Atletico Madrid,arrival,491693,Nehuén Pérez,21,Granada CFLaLiga,loan,,
2021,Atletico Madrid,arrival,396333,Javi Montero,22,BesiktasSüper Lig,loan,,
2021,Atletico Madrid,arrival,505673,Víctor Mollejo,20,RCD MallorcaLaLiga,loan,,
2021,Atletico Madrid,arrival,461617,Rodrigo Riquelme,21,BournemouthChampionship,loan,,
2021,Atletico Madrid,arrival,236734,Axel Werner,25,San LuisLiga MX Apertura,loan,,
2021,Atletico Madrid,arrival,274347,Ivan Saponjic,23,Cádiz CFLaLiga,loan,,
2021,Atletico Madrid,departure,95810,Kieran Trippier,31,NewcastlePremier League,permanent,14000000.0,14.0
2021,Atletico Madrid,departure,148928,Saúl Ñíguez,26,ChelseaPremier League,loan,5000000.0,5.0
2021,Atletico Madrid,departure,267753,Nicolás Ibáñez,26,PachucaLiga MX Apertura,permanent,3000000.0,3.0
2021,Atletico Madrid,departure,396333,Javi Montero,22,BesiktasSüper Lig,permanent,750000.0,0.75
2021,Atletico Madrid,departure,274347,Ivan Saponjic,24,Slo. BratislavaNiké Liga,free,0.0,0.0
2021,Atletico Madrid,departure,612496,Marcos Paulo,20,FamalicãoLiga Portugal,loan,,
2021,Atletico Madrid,departure,618809,Manu Sánchez,20,CA OsasunaLaLiga,loan,,
2021,Atletico Madrid,departure,120443,Santiago Arias,29,Granada CFLaLiga,loan,,
2021,Atletico Madrid,departure,67082,Vitolo,31,GetafeLaLiga,loan,,
2021,Atletico Madrid,departure,491693,Nehuén Pérez,21,UdineseSerie A,loan,,
2021,Atletico Madrid,departure,226073,Ivo Grbic,25,LilleLigue 1,loan,,
2021,Atletico Madrid,departure,505673,Víctor Mollejo,20,CD TenerifeLaLiga2,loan,,
2021,Atletico Madrid,departure,566036,Borja Garcés,22,CD LeganésLaLiga2,loan,,
2021,Atletico Madrid,departure,505674,Sergio Camello,20,CD MirandésLaLiga2,loan,,
2021,Atletico Madrid,departure,461617,Rodrigo Riquelme,21,CD MirandésLaLiga2,loan,,
2021,Atletico Madrid,departure,446106,Juan Manuel Sanabria,21,San LuisLiga MX Apertura,loan,,
2021,Atletico Madrid,departure,236734,Axel Werner,25,Without Club,unknown,,
2021,Atletico Madrid,departure,318077,Lucas Torreira,25,ArsenalPremier League,loan,,
2021,Atletico Madrid,departure,229004,Moussa Dembélé,24,LyonLigue 1,loan,,
2021,Villarreal,arrival,355861,Arnaut Danjuma,24,BournemouthChampionship,permanent,23500000.0,23.5
2021,Villarreal,arrival,480763,Juan Foyth,23,TottenhamPremier League,permanent,15000000.0,15.0
2021,Villarreal,arrival,626913,Boulaye Dia,24,Stade ReimsLigue 1,permanent,12000000.0,12.0
2021,Villarreal,arrival,335225,Manu Morlanes,22,UD AlmeríaLaLiga2,permanent,4000000.0,4.0
2021,Villarreal,arrival,80293,Aïssa Mandi,29,Real BetisLaLiga,free,0.0,0.0
2021,Villarreal,arrival,348795,Giovani Lo Celso,25,TottenhamPremier League,loan,,
2021,Villarreal,arrival,127032,Serge Aurier,28,Without Club,unknown,,
2021,Villarreal,arrival,412041,Álex Millán,21,Villarreal CF BPrimera Federación - Gr. II,unknown,,
2021,Villarreal,arrival,494880,Jorge Cuenca,21,UD AlmeríaLaLiga2,loan,,
2021,Villarreal,arrival,466298,Santiago Cáseres,24,Vélez SarsfieldLiga Profesional (- 23/24),loan,,
2021,Villarreal,arrival,298983,Javi Ontiveros,23,SD HuescaLaLiga,loan,,
2021,Villarreal,arrival,335225,Manu Morlanes,22,UD AlmeríaLaLiga2,loan,,
2021,Villarreal,arrival,255995,Mario González,25,TondelaLiga Portugal,loan,,
2021,Villarreal,arrival,298983,Javi Ontiveros,24,CA OsasunaLaLiga,loan,,
2021,Villarreal,arrival,204102,Xavi Quintillà,24,NorwichChampionship,loan,,
2021,Villarreal,arrival,399775,Miguel Llambrich,25,EspanyolLaLiga2,loan,,
2021,Villarreal,arrival,236956,Soufiane Chakla,27,GetafeLaLiga,loan,,
2021,Villarreal,arrival,282700,Enric Franquesa,24,GironaLaLiga2,loan,,
2021,Villarreal,arrival,341278,Iván Martín,22,AlavésLaLiga,loan,,
2021,Villarreal,arrival,341278,Iván Martín,22,CD MirandésLaLiga2,loan,,
2021,Villarreal,departure,527966,Andrei Rațiu,23,SD HuescaLaLiga2,permanent,5000000.0,5.0
2021,Villarreal,departure,335225,Manu Morlanes,22,UD AlmeríaLaLiga2,permanent,3000000.0,3.0
2021,Villarreal,departure,466298,Santiago Cáseres,24,Vélez SarsfieldLiga Profesional (- 23/24),permanent,2500000.0,2.5
2021,Villarreal,departure,11111,Ramiro Funes Mori,30,Al-NassrSaudi Pro League,permanent,2500000.0,2.5
2021,Villarreal,departure,255995,Mario González,25,BragaLiga Portugal,permanent,1470000.0,1.47
2021,Villarreal,departure,399775,Miguel Llambrich,25,EspanyolLaLiga,permanent,500000.0,0.5
2021,Villarreal,departure,282700,Enric Franquesa,24,LevanteLaLiga,permanent,375000.0,0.375
2021,Villarreal,departure,65318,Jaume Costa,33,RCD MallorcaLaLiga,free,0.0,0.0
2021,Villarreal,departure,119235,Carlos Bacca,34,Granada CFLaLiga,free,0.0,0.0
2021,Villarreal,departure,413262,Dani Raba,26,Granada CFLaLiga,free,0.0,0.0
2021,Villarreal,departure,236956,Soufiane Chakla,27,OH LeuvenJupiler Pro League,free,0.0,0.0
2021,Villarreal,departure,494880,Jorge Cuenca,21,GetafeLaLiga,loan,,
2021,Villarreal,departure,298983,Javi Ontiveros,23,CA OsasunaLaLiga,loan,,
2021,Villarreal,departure,335225,Manu Morlanes,22,EspanyolLaLiga,loan,,
2021,Villarreal,departure,298983,Javi Ontiveros,24,CF FuenlabradaLaLiga2,loan,,
2021,Villarreal,departure,627294,Fer Niño,20,RCD MallorcaLaLiga,loan,,
2021,Villarreal,departure,204102,Xavi Quintillà,24,CD LeganésLaLiga2,loan,,
2021,Villarreal,departure,341278,Iván Martín,22,AlavésLaLiga,loan,,
2021,Villarreal,departure,341278,Iván Martín,22,GironaLaLiga2,loan,,
2021,Villarreal,departure,412041,Álex Millán,22,Union SGJupiler Pro League,loan,,
2021,Villarreal,departure,412041,Álex Millán,21,Cercle BruggeJupiler Pro League,loan,,
2021,Villarreal,departure,480763,Juan Foyth,23,TottenhamPremier League,loan,,
2021,Sevilla,arrival,361254,Rafa Mir,24,WolvesPremier League,permanent,16000000.0,16.0
2021,Sevilla,arrival,402733,Gonzalo Montiel,24,River PlateLiga Profesional (- 23/24),permanent,11000000.0,11.0
2021,Sevilla,arrival,91849,Thomas Delaney,29,DortmundBundesliga,permanent,6000000.0,6.0
2021,Sevilla,arrival,170646,Ludwig Augustinsson,27,Werder Bremen2. Bundesliga,permanent,5500000.0,5.5
2021,Sevilla,arrival,125165,Jesús Corona,29,PortoLiga Portugal,permanent,3000000.0,3.0
2021,Sevilla,arrival,111630,Erik Lamela,29,TottenhamPremier League,free,0.0,0.0
2021,Sevilla,arrival,94308,Marko Dmitrovic,29,SD EibarLaLiga2,free,0.0,0.0
2021,Sevilla,arrival,182877,Anthony Martial,26,Man UtdPremier League,loan,,
2021,Sevilla,arrival,537382,Bryan Gil,20,SD EibarLaLiga,loan,,
2021,Sevilla,arrival,241391,Oussama Idrissi,25,AjaxEredivisie,loan,,
2021,Sevilla,arrival,174694,Rony Lopes,25,NiceLigue 1,loan,,
2021,Sevilla,arrival,346766,Guilherme Arana,24,Atlético-MGSérie A,loan,,
2021,Sevilla,arrival,205503,Ibrahim Amadou,28,Angers SCOLigue 1,loan,,
2021,Sevilla,arrival,341272,Álex Pozo,22,SD EibarLaLiga,loan,,
2021,Sevilla,arrival,461843,Juan Berrocal,22,CD MirandésLaLiga2,loan,,
2021,Sevilla,arrival,251892,Juan Soriano,23,Málaga CFLaLiga2,loan,,
2021,Sevilla,arrival,461858,José Alonso Lara,21,Dep. A Coruña2ª B - Grupo I,loan,,
2021,Sevilla,departure,537382,Bryan Gil,20,TottenhamPremier League,permanent,25000000.0,25.0
2021,Sevilla,departure,346766,Guilherme Arana,24,Atlético-MGSérie A,permanent,2500000.0,2.5
2021,Sevilla,departure,92947,Sergi Gómez,29,EspanyolLaLiga,permanent,1000000.0,1.0
2021,Sevilla,departure,76163,Franco Vázquez,32,ParmaSerie B,free,0.0,0.0
2021,Sevilla,departure,64000,Tomáš Vaclík,32,OlympiacosSuper League 1,free,0.0,0.0
2021,Sevilla,departure,93935,Sergio Escudero,31,Granada CFLaLiga,free,0.0,0.0
2021,Sevilla,departure,205503,Ibrahim Amadou,28,FC MetzLigue 1,free,0.0,0.0
2021,Sevilla,departure,88490,Aleix Vidal,31,EspanyolLaLiga,free,0.0,0.0
2021,Sevilla,departure,251892,Juan Soriano,23,CD TenerifeLaLiga2,free,0.0,0.0
2021,Sevilla,departure,461858,José Alonso Lara,21,Betis DeportivoPrimera Federación - Gr. II,free,0.0,0.0
2021,Sevilla,departure,72522,Luuk de Jong,31,BarcelonaLaLiga,loan,,
2021,Sevilla,departure,284884,Óscar Rodríguez,23,GetafeLaLiga,loan,,
2021,Sevilla,departure,241391,Oussama Idrissi,25,Cádiz CFLaLiga,loan,,
2021,Sevilla,departure,174694,Rony Lopes,25,OlympiacosSuper League 1,loan,,
2021,Sevilla,departure,341272,Álex Pozo,22,UD AlmeríaLaLiga2,loan,,
2021,Sevilla,departure,461843,Juan Berrocal,22,Sporting GijónLaLiga2,loan,,
2021,Sevilla,departure,378954,Joris Gnagnon,24,Without Club,unknown,,
2021,Real Sociedad,arrival,238407,Alexander Sørloth,25,LeipzigBundesliga,loan,2000000.0,2.0
2021,Real Sociedad,arrival,249513,Diego Rico,28,BournemouthChampionship,permanent,500000.0,0.5
2021,Real Sociedad,arrival,128969,Mathew Ryan,29,BrightonPremier League,free,0.0,0.0
2021,Real Sociedad,arrival,129473,Rafinha,28,PSGLigue 1,loan,,
2021,Real Sociedad,arrival,563137,Robert Navarro,19,Real Sociedad BLaLiga2,unknown,,
2021,Real Sociedad,arrival,122155,Willian José,29,WolvesPremier League,loan,,
2021,Real Sociedad,arrival,206947,Kévin Rodrigues,27,SD EibarLaLiga,loan,,
2021,Real Sociedad,departure,122155,Willian José,29,Real BetisLaLiga,loan,960000.0,0.96
2021,Real Sociedad,departure,206947,Kévin Rodrigues,27,Rayo VallecanoLaLiga,loan,,
2021,Real Sociedad,departure,524925,Modibo Sagnan,22,TondelaLiga Portugal,loan,,
2021,Real Sociedad,departure,289272,Martín Merquelanz,26,Rayo VallecanoLaLiga,loan,,
2021,Real Sociedad,departure,289236,Jon Bautista,26,CD LeganésLaLiga2,loan,,
2021,Real Sociedad,departure,569866,Roberto López,21,Real Sociedad BLaLiga2,unknown,,
2021,Real Sociedad,departure,563137,Robert Navarro,19,Real Sociedad BLaLiga2,unknown,,
2021,Real Sociedad,departure,289286,Luca Sangalli,26,Real Sociedad BLaLiga2,unknown,,
2021,Real Sociedad,departure,26065,Miguel Ángel Moyá,37,Retired,unknown,,
2021,Valencia,arrival,481084,Marcos André,24,Real ValladolidLaLiga2,permanent,8500000.0,8.5
2021,Valencia,arrival,502676,Giorgi Mamardashvili,21,Dinamo TbilisiErovnuli Liga,permanent,3850000.0,3.85
2021,Valencia,arrival,170472,Dimitri Foulquier,28,Granada CFLaLiga,permanent,2500000.0,2.5
2021,Valencia,arrival,298583,Eray Cömert,23,BaselSuper League,permanent,800000.0,0.8
2021,Valencia,arrival,537382,Bryan Gil,20,TottenhamPremier League,loan,500000.0,0.5
2021,Valencia,arrival,502676,Giorgi Mamardashvili,20,Dinamo TbilisiErovnuli Liga,loan,200000.0,0.2
2021,Valencia,arrival,617074,Ilaix Moriba,19,LeipzigBundesliga,loan,,
2021,Valencia,arrival,173900,Hélder Costa,27,LeedsPremier League,loan,,
2021,Valencia,arrival,573775,Hugo Duro,21,GetafeLaLiga,loan,,
2021,Valencia,arrival,353032,Omar Alderete,24,Hertha BSCBundesliga,loan,,
2021,Valencia,arrival,569375,Koba Koindredi,20,Valencia BSpain,unknown,,
2021,Valencia,arrival,623024,Jesús Vázquez,18,Valencia BSpain,unknown,,
2021,Valencia,arrival,85383,Rubén Sobrino,29,Cádiz CFLaLiga,loan,,
2021,Valencia,arrival,340339,Jorge Sáenz,24,Celta de VigoLaLiga,loan,,
2021,Valencia,arrival,340339,Jorge Sáenz,25,MarítimoLiga Portugal,loan,,
2021,Valencia,arrival,251860,Javi Jiménez,24,AlbaceteLaLiga2,loan,,
2021,Valencia,departure,63463,Daniel Wass,32,AtléticoLaLiga,permanent,2700000.0,2.7
2021,Valencia,departure,557149,Kang-in Lee,20,RCD MallorcaLaLiga,free,0.0,0.0
2021,Valencia,departure,27389,Kévin Gameiro,34,R. StrasbourgLigue 1,free,0.0,0.0
2021,Valencia,departure,263860,Jason Remeseiro,27,AlavésLaLiga,free,0.0,0.0
2021,Valencia,departure,163086,Cristiano Piccini,29,Red StarSuper liga Srbije,free,0.0,0.0
2021,Valencia,departure,328914,Álex Blanco,23,ComoSerie B,free,0.0,0.0
2021,Valencia,departure,251860,Javi Jiménez,24,AlbacetePrimera Federación - Gr. II,free,0.0,0.0
2021,Valencia,departure,85383,Rubén Sobrino,29,Cádiz CFLaLiga,unknown,,
2021,Valencia,departure,527350,Manu Vallejo,24,AlavésLaLiga,loan,,
2021,Valencia,departure,340339,Jorge Sáenz,24,MarítimoLiga Portugal,loan,,
2021,Valencia,departure,340339,Jorge Sáenz,25,CD MirandésLaLiga2,loan,,
2021,Valencia,departure,398131,Cristian Rivero,23,AD AlcorcónLaLiga2,loan,,
2021,Valencia,departure,90681,Eliaquim Mangala,30,Without Club,unknown,,
2021,Valencia,departure,265078,Patrick Cutrone,23,WolvesPremier League,loan,,
2021,Valencia,departure,294321,Ferro,24,BenficaLiga Portugal,loan,,
2021,Valencia,departure,563812,Christian Oliva,25,CagliariSerie A,loan,,
2021,Real Betis,arrival,113133,Germán Pezzella,30,FiorentinaSerie A,permanent,3250000.0,3.25
2021,Real Betis,arrival,122155,Willian José,29,Real SociedadLaLiga,loan,960000.0,0.96
2021,Real Betis,arrival,234811,Rui Silva,27,Granada CFLaLiga,free,0.0,0.0
2021,Real Betis,arrival,341227,Juan Miranda,21,BarcelonaLaLiga,free,0.0,0.0
2021,Real Betis,arrival,135492,Youssouf Sabaly,28,G. BordeauxLigue 1,free,0.0,0.0
2021,Real Betis,arrival,191217,Héctor Bellerín,26,ArsenalPremier League,loan,,
2021,Real Betis,arrival,630995,Rodri Sánchez,21,Betis DeportivoPrimera Federación - Gr. II,unknown,,
2021,Real Betis,arrival,505675,Rober González,20,UD Las PalmasLaLiga2,loan,,
2021,Real Betis,arrival,401624,Edgar González,24,Real OviedoLaLiga2,loan,,
2021,Real Betis,departure,476344,Emerson Royal,22,BarcelonaLaLiga,permanent,14000000.0,14.0
2021,Real Betis,departure,80293,Aïssa Mandi,29,VillarrealLaLiga,free,0.0,0.0
2021,Real Betis,departure,27374,Sidnei,32,CruzeiroSérie B,free,0.0,0.0
2021,Real Betis,departure,354741,Loren Morón,27,EspanyolLaLiga,loan,,
2021,Real Betis,departure,335221,Dani Martín,23,Málaga CFLaLiga2,loan,,
2021,Real Betis,departure,505675,Rober González,21,UD Las PalmasLaLiga2,loan,,
2021,Real Betis,departure,395694,Yassin Fekir,24,Betis DeportivoPrimera Federación - Gr. II,unknown,,
2021,Real Betis,departure,341227,Juan Miranda,21,BarcelonaLaLiga,loan,,
2021,Athletic Club,arrival,527838,Álex Petxarroman,24,Real Sociedad BLaLiga2,free,0.0,0.0
2021,Athletic Club,arrival,709187,Nico Williams,18,Bilbao AthleticPrimera Federación - Gr. I,unknown,,
2021,Athletic Club,arrival,626954,Imanol García de Albéniz,21,Bilbao AthleticPrimera Federación - Gr. I,unknown,,
2021,Athletic Club,arrival,251848,Iñigo Córdoba,24,AlavésLaLiga,loan,,
2021,Athletic Club,arrival,524000,Dani Vivian,21,CD MirandésLaLiga2,loan,,
2021,Athletic Club,arrival,197126,Kenan Kodro,27,Real ValladolidLaLiga,loan,,
2021,Athletic Club,departure,71570,Iago Herrerín,33,Al-RaedSaudi Pro League,free,0.0,0.0
2021,Athletic Club,departure,197126,Kenan Kodro,28,FehérvárNB I.,free,0.0,0.0
2021,Athletic Club,departure,192009,Unai López,25,Rayo VallecanoLaLiga,loan,,
2021,Athletic Club,departure,455349,Jon Morcillo,23,Real ValladolidLaLiga2,loan,,
2021,Athletic Club,departure,251848,Iñigo Córdoba,24,Go Ahead EaglesEredivisie,loan,,
2021,Athletic Club,departure,447052,Peru Nolaskoain,23,SD AmorebietaLaLiga2,loan,,
2021,Athletic Club,departure,335216,Iñigo Vicente,23,CD MirandésLaLiga2,loan,,
2021,Athletic Club,departure,626954,Imanol García de Albéniz,21,CD MirandésLaLiga2,loan,,
2021,Athletic Club,departure,127837,Ibai Gómez,31,Without Club,unknown,,
2021,Getafe,arrival,319160,Jakub Jankto,25,SampdoriaSerie A,permanent,5160000.0,5.16
2021,Getafe,arrival,284854,Carles Aleñá,23,BarcelonaLaLiga,permanent,5000000.0,5.0
2021,Getafe,arrival,189453,Jonathan Silva,27,CD LeganésLaLiga2,permanent,2500000.0,2.5
2021,Getafe,arrival,199369,Sandro Ramírez,26,SD HuescaLaLiga2,loan,1000000.0,1.0
2021,Getafe,arrival,143029,Stefan Mitrovic,31,R. StrasbourgLigue 1,permanent,1000000.0,1.0
2021,Getafe,arrival,298976,Borja Mayoral,24,RomaSerie A,loan,500000.0,0.5
2021,Getafe,arrival,399780,Darío Poveda,24,Atl. MadrileñoSpain,free,0.0,0.0
2021,Getafe,arrival,341713,Diego Conde,22,Atl. MadrileñoSpain,free,0.0,0.0
2021,Getafe,arrival,398163,Gonzalo Villar,23,RomaSerie A,loan,,
2021,Getafe,arrival,284884,Óscar Rodríguez,23,Sevilla FCLaLiga,loan,,
2021,Getafe,arrival,357162,Florentino,22,BenficaLiga Portugal,loan,,
2021,Getafe,arrival,546047,José Juan Macías,21,ChivasLiga MX Apertura,loan,,
2021,Getafe,arrival,494880,Jorge Cuenca,21,VillarrealLaLiga,loan,,
2021,Getafe,arrival,67082,Vitolo,31,AtléticoLaLiga,loan,,
2021,Getafe,arrival,137616,Okay Yokuşlu,27,Celta de VigoLaLiga,loan,,
2021,Getafe,arrival,577486,Gastón Álvarez,21,Boston RiverLiga AUF Clausura,loan,,
2021,Getafe,arrival,390688,Juan Iglesias,22,Getafe CF BSpain,unknown,,
2021,Getafe,arrival,583510,Miguel Rubio,23,Getafe CF BSpain,unknown,,
2021,Getafe,arrival,573775,Hugo Duro,21,RM Castilla2ª B - Grupo V,loan,,
2021,Getafe,arrival,339820,Amath Ndiaye,24,RCD MallorcaLaLiga2,loan,,
2021,Getafe,arrival,70245,Ignasi Miquel,28,CD LeganésLaLiga2,loan,,
2021,Getafe,arrival,147524,Jack Harper,25,Villarreal CF B2ª B - Grupo III,loan,,
2021,Getafe,departure,284857,Marc Cucurella,23,BrightonPremier League,permanent,18000000.0,18.0
2021,Getafe,departure,339820,Amath Ndiaye,24,RCD MallorcaLaLiga,permanent,3000000.0,3.0
2021,Getafe,departure,51510,Ángel Rodríguez,34,RCD MallorcaLaLiga,free,0.0,0.0
2021,Getafe,departure,111508,Allan Nyom,33,CD LeganésLaLiga2,free,0.0,0.0
2021,Getafe,departure,158795,David Timor,32,SD HuescaLaLiga2,free,0.0,0.0
2021,Getafe,departure,138803,Francisco Portillo,31,UD AlmeríaLaLiga2,free,0.0,0.0
2021,Getafe,departure,71559,Xabi Etxeita,33,SD EibarLaLiga2,free,0.0,0.0
2021,Getafe,departure,573775,Hugo Duro,21,ValenciaLaLiga,loan,,
2021,Getafe,departure,70245,Ignasi Miquel,28,SD HuescaLaLiga2,loan,,
2021,Getafe,departure,248330,Chema Rodríguez,29,SD EibarLaLiga2,loan,,
2021,Getafe,departure,399780,Darío Poveda,24,SD HuescaLaLiga2,loan,,
2021,Getafe,departure,147524,Jack Harper,25,RacingPrimera Federación - Gr. I,loan,,
2021,Getafe,departure,583510,Miguel Rubio,23,Burgos CFLaLiga2,loan,,
2021,Getafe,departure,284854,Carles Aleñá,23,BarcelonaLaLiga,loan,,
2021,Getafe,departure,405398,Takefusa Kubo,20,Real MadridLaLiga,loan,,
2021,Getafe,departure,459463,Cucho Hernández,22,WatfordPremier League,loan,,
2021,Getafe,departure,546047,José Juan Macías,22,ChivasLiga MX Apertura,loan,,
2021,Getafe,departure,236956,Soufiane Chakla,27,VillarrealLaLiga,loan,,
2021,Getafe,departure,399780,Darío Poveda,24,Atl. MadrileñoSpain,loan,,
2021,RCD Espanyol Barcelona,arrival,311489,Landry Dimata,23,RSC AnderlechtJupiler Pro League,permanent,2200000.0,2.2
2021,RCD Espanyol Barcelona,arrival,162074,Álvaro Vadillo,26,Celta de VigoLaLiga,permanent,1800000.0,1.8
2021,RCD Espanyol Barcelona,arrival,92947,Sergi Gómez,29,Sevilla FCLaLiga,permanent,1000000.0,1.0
2021,RCD Espanyol Barcelona,arrival,182581,Tonny Vilhena,27,KrasnodarPremier Liga,loan,500000.0,0.5
2021,RCD Espanyol Barcelona,arrival,399775,Miguel Llambrich,25,VillarrealLaLiga,permanent,500000.0,0.5
2021,RCD Espanyol Barcelona,arrival,88490,Aleix Vidal,31,Sevilla FCLaLiga,free,0.0,0.0
2021,RCD Espanyol Barcelona,arrival,378293,Yangel Herrera,23,Man CityPremier League,loan,,
2021,RCD Espanyol Barcelona,arrival,354741,Loren Morón,27,Real BetisLaLiga,loan,,
2021,RCD Espanyol Barcelona,arrival,335225,Manu Morlanes,22,VillarrealLaLiga,loan,,
2021,RCD Espanyol Barcelona,arrival,561613,Joan García,20,RCD Espanyol BSegunda Federación - Gr. III,unknown,,
2021,RCD Espanyol Barcelona,arrival,495601,Víctor Gómez,21,CD MirandésLaLiga2,loan,,
2021,RCD Espanyol Barcelona,departure,262391,Lluís López,24,Real ZaragozaLaLiga2,free,0.0,0.0
2021,RCD Espanyol Barcelona,departure,495601,Víctor Gómez,21,Málaga CFLaLiga2,loan,,
2021,RCD Espanyol Barcelona,departure,376211,Matías Vargas,24,Adana DemirsporSüper Lig,loan,,
2021,RCD Espanyol Barcelona,departure,162074,Álvaro Vadillo,27,Málaga CFLaLiga2,loan,,
2021,RCD Espanyol Barcelona,departure,412045,Pol Lozano,21,GironaLaLiga2,loan,,
2021,RCD Espanyol Barcelona,departure,311489,Landry Dimata,23,RSC AnderlechtJupiler Pro League,loan,,
2021,RCD Espanyol Barcelona,departure,399775,Miguel Llambrich,25,VillarrealLaLiga,loan,,
2021,RCD Espanyol Barcelona,departure,162074,Álvaro Vadillo,26,Celta de VigoLaLiga,loan,,
2021,Celta Vigo,arrival,341110,Franco Cervi,27,BenficaLiga Portugal,permanent,5000000.0,5.0
2021,Celta Vigo,arrival,448628,Javi Galán,26,SD HuescaLaLiga2,permanent,4000000.0,4.0
2021,Celta Vigo,arrival,186399,Thiago Galhardo,32,InternacionalSérie A,loan,600000.0,0.6
2021,Celta Vigo,arrival,144128,Matías Dituro,34,U. CatólicaLiga Primera,loan,422000.0,0.422
2021,Celta Vigo,arrival,334042,Orbelín Pineda,25,CD Cruz AzulLiga MX Apertura,free,0.0,0.0
2021,Celta Vigo,arrival,131102,Jeison Murillo,29,SampdoriaSerie A,loan,,
2021,Celta Vigo,arrival,609361,José Fontán,21,Celta FortunaPrimera Federación - Gr. I,unknown,,
2021,Celta Vigo,arrival,545647,Sergio Carreira,20,Celta FortunaPrimera Federación - Gr. I,unknown,,
2021,Celta Vigo,arrival,137616,Okay Yokuşlu,27,West BromPremier League,loan,,
2021,Celta Vigo,arrival,259930,Gabriel Fernández,27,Real ZaragozaLaLiga2,loan,,
2021,Celta Vigo,arrival,207924,Jozabed Sánchez,30,Málaga CFLaLiga2,loan,,
2021,Celta Vigo,arrival,162074,Álvaro Vadillo,26,EspanyolLaLiga2,loan,,
2021,Celta Vigo,arrival,349873,Juan Hernández,26,CE SabadellLaLiga2,loan,,
2021,Celta Vigo,departure,162074,Álvaro Vadillo,26,EspanyolLaLiga,permanent,1800000.0,1.8
2021,Celta Vigo,departure,276111,David Costas,26,Real OviedoLaLiga2,free,0.0,0.0
2021,Celta Vigo,departure,207924,Jozabed Sánchez,30,Málaga CFLaLiga2,free,0.0,0.0
2021,Celta Vigo,departure,164055,David Juncà,27,GironaLaLiga2,free,0.0,0.0
2021,Celta Vigo,departure,349873,Juan Hernández,26,AD AlcorcónLaLiga2,free,0.0,0.0
2021,Celta Vigo,departure,137616,Okay Yokuşlu,27,GetafeLaLiga,loan,,
2021,Celta Vigo,departure,297194,Iván Villar,24,CD LeganésLaLiga2,loan,,
2021,Celta Vigo,departure,523977,Miguel Baeza,21,PonferradinaLaLiga2,loan,,
2021,Celta Vigo,departure,259930,Gabriel Fernández,27,FC JuárezLiga MX Apertura,loan,,
2021,Celta Vigo,departure,545647,Sergio Carreira,20,CD MirandésLaLiga2,loan,,
2021,Celta Vigo,departure,283223,Emre Mor,24,KaragümrükSüper Lig,loan,,
2021,Celta Vigo,departure,93795,Facundo Ferreyra,30,Without Club,unknown,,
2021,Celta Vigo,departure,45912,Sergio Álvarez,34,Retired,unknown,,
2021,Celta Vigo,departure,131102,Jeison Murillo,29,SampdoriaSerie A,loan,,
2021,Celta Vigo,departure,251878,Aarón Martín,24,MainzBundesliga,loan,,
2021,Celta Vigo,departure,340339,Jorge Sáenz,24,ValenciaLaLiga,loan,,
2021,Osasuna,arrival,46413,Ante Budimir,29,RCD MallorcaLaLiga,permanent,8000000.0,8.0
2021,Osasuna,arrival,69660,Jonás Ramalho,28,GironaLaLiga2,permanent,700000.0,0.7
2021,Osasuna,arrival,93936,Kike García,31,SD EibarLaLiga2,free,0.0,0.0
2021,Osasuna,arrival,87469,Cote,31,SD EibarLaLiga2,free,0.0,0.0
2021,Osasuna,arrival,488626,Jesús Areso,21,Bilbao AthleticPrimera Federación - Gr. I,free,0.0,0.0
2021,Osasuna,arrival,618809,Manu Sánchez,20,AtléticoLaLiga,loan,,
2021,Osasuna,arrival,298983,Javi Ontiveros,23,VillarrealLaLiga,loan,,
2021,Osasuna,arrival,471474,Javi Martínez,21,Osasuna BSegunda Federación - Gr. II,unknown,,
2021,Osasuna,arrival,388519,Kike Saverio,22,Osasuna BSegunda Federación - Gr. II,unknown,,
2021,Osasuna,arrival,340864,Jaume Grau,24,TondelaLiga Portugal,loan,,
2021,Osasuna,arrival,251680,Brandon Thomas,26,CD LeganésLaLiga2,loan,,
2021,Osasuna,arrival,443222,Marc Cardona,25,RCD MallorcaLaLiga2,loan,,
2021,Osasuna,arrival,242532,Rober Ibáñez,28,CD LeganésLaLiga2,loan,,
2021,Osasuna,arrival,514514,Iván Barbero,22,AD AlcorcónLaLiga2,loan,,
2021,Osasuna,departure,61546,Facundo Roncaglia,34,Aris LimassolCyprus League,free,0.0,0.0
2021,Osasuna,departure,114060,Enric Gallego,34,CD TenerifeLaLiga2,free,0.0,0.0
2021,Osasuna,departure,340864,Jaume Grau,24,Real ZaragozaLaLiga2,free,0.0,0.0
2021,Osasuna,departure,251680,Brandon Thomas,26,Málaga CFLaLiga2,free,0.0,0.0
2021,Osasuna,departure,8184,Rubén Martínez,37,AEK LarnacaCyprus League,free,0.0,0.0
2021,Osasuna,departure,443222,Marc Cardona,26,Go Ahead EaglesEredivisie,loan,,
2021,Osasuna,departure,242532,Rober Ibáñez,28,CD LeganésLaLiga2,loan,,
2021,Osasuna,departure,388519,Kike Saverio,22,PonferradinaLaLiga2,loan,,
2021,Osasuna,departure,45383,Adrián López,33,Without Club,unknown,,
2021,Osasuna,departure,46413,Ante Budimir,29,RCD MallorcaLaLiga,loan,,
2021,Osasuna,departure,618809,Manu Sánchez,20,AtléticoLaLiga,loan,,
2021,Osasuna,departure,284727,Jonathan Calleri,27,CD MaldonadoLiga AUF Clausura,loan,,
2021,Osasuna,departure,298983,Javi Ontiveros,24,VillarrealLaLiga,loan,,
2021,Osasuna,departure,228761,Jony,29,LazioSerie A,loan,,
2021,Osasuna,departure,69660,Jonás Ramalho,28,GironaLaLiga2,loan,,
2021,Granada,arrival,611426,Matías Arezo,19,River PlateLiga AUF Clausura,permanent,5700000.0,5.7
2021,Granada,arrival,367464,Luís Maximiano,22,SportingLiga Portugal,permanent,5500000.0,5.5
2021,Granada,arrival,315289,Myrto Uzuni,26,FerencvárosNB I.,permanent,5100000.0,5.1
2021,Granada,arrival,376588,Njegos Petrovic,22,Red StarSuper liga Srbije,permanent,1500000.0,1.5
2021,Granada,arrival,282727,Monchu,21,BarcelonaLaLiga,permanent,750000.0,0.75
2021,Granada,arrival,388545,Ricard Sánchez,21,Atl. MadrileñoSpain,permanent,490000.0,0.49
2021,Granada,arrival,330684,Luis Abram,25,Vélez SarsfieldLiga Profesional (- 23/24),free,0.0,0.0
2021,Granada,arrival,67548,Rubén Rochina,30,LevanteLaLiga,free,0.0,0.0
2021,Granada,arrival,93935,Sergio Escudero,31,Sevilla FCLaLiga,free,0.0,0.0
2021,Granada,arrival,119235,Carlos Bacca,34,VillarrealLaLiga,free,0.0,0.0
2021,Granada,arrival,413262,Dani Raba,26,VillarrealLaLiga,free,0.0,0.0
2021,Granada,arrival,554175,Alpha Diounkou,19,Man City U21Premier League 2,free,0.0,0.0
2021,Granada,arrival,120443,Santiago Arias,29,AtléticoLaLiga,loan,,
2021,Granada,arrival,282722,Álex Collado,22,BarcelonaLaLiga,loan,,
2021,Granada,arrival,631222,Raúl Torrente,20,Recre GranadaSegunda Federación - Gr. V,unknown,,
2021,Granada,arrival,631221,Isma Ruiz,20,Recre GranadaSegunda Federación - Gr. V,unknown,,
2021,Granada,arrival,198638,João Costa,25,Recre GranadaSegunda Federación - Gr. V,unknown,,
2021,Granada,arrival,596884,Adrián Butzke,22,Recre GranadaSegunda Federación - Gr. V,unknown,,
2021,Granada,arrival,610336,Antoñín,21,Rayo VallecanoLaLiga2,loan,,
2021,Granada,arrival,131667,Ramon Azeez,28,FC CartagenaLaLiga2,loan,,
2021,Granada,departure,170472,Dimitri Foulquier,28,ValenciaLaLiga,permanent,2500000.0,2.5
2021,Granada,departure,34870,Roberto Soldado,36,LevanteLaLiga,permanent,500000.0,0.5
2021,Granada,departure,234811,Rui Silva,27,Real BetisLaLiga,free,0.0,0.0
2021,Granada,departure,162079,Fede Vico,27,CD LeganésLaLiga2,free,0.0,0.0
2021,Granada,departure,330684,Luis Abram,25,CD Cruz AzulLiga MX Apertura,loan,,
2021,Granada,departure,282727,Monchu,22,Real ValladolidLaLiga2,loan,,
2021,Granada,departure,610336,Antoñín,21,Málaga CFLaLiga2,loan,,
2021,Granada,departure,388545,Ricard Sánchez,21,CD LugoLaLiga2,loan,,
2021,Granada,departure,295414,Adrián Marín,24,FamalicãoLiga Portugal,loan,,
2021,Granada,departure,554175,Alpha Diounkou,20,Barça AtlèticPrimera Federación - Gr. II,loan,,
2021,Granada,departure,554175,Alpha Diounkou,19,San Fernando CDPrimera Federación - Gr. II,loan,,
2021,Granada,departure,596884,Adrián Butzke,22,Paços FerreiraLiga Portugal,loan,,
2021,Granada,departure,131667,Ramon Azeez,28,Without Club,unknown,,
2021,Granada,departure,378293,Yangel Herrera,23,Man CityPremier League,loan,,
2021,Granada,departure,281404,Kenedy,25,ChelseaPremier League,loan,,
2021,Granada,departure,251896,Jesús Vallejo,24,Real MadridLaLiga,loan,,
2021,Granada,departure,491693,Nehuén Pérez,21,AtléticoLaLiga,loan,,
2021,Granada,departure,391719,Domingos Quina,21,WatfordPremier League,loan,,
2021,Levante,arrival,34870,Roberto Soldado,36,Granada CFLaLiga,permanent,500000.0,0.5
2021,Levante,arrival,282700,Enric Franquesa,24,VillarrealLaLiga,permanent,375000.0,0.375
2021,Levante,arrival,54935,Martín Cáceres,34,CagliariSerie A,free,0.0,0.0
2021,Levante,arrival,557057,Roger Brugué,24,GimnàsticPrimera Federación - Gr. II,free,0.0,0.0
2021,Levante,arrival,373916,Marcelo Saracchi,23,Without Club,unknown,,
2021,Levante,arrival,88590,Shkodran Mustafi,29,Without Club,unknown,,
2021,Levante,arrival,638235,Álex Cantero,21,Atl. LevanteSegunda Federación - Gr. V,unknown,,
2021,Levante,arrival,611198,Álex Blesa,19,Atl. LevanteSegunda Federación - Gr. V,unknown,,
2021,Levante,arrival,328480,Pepelu,22,Vit. GuimarãesLiga Portugal,loan,,
2021,Levante,arrival,172142,Hernâni,29,Al-WehdaSaudi Pro League,loan,,
2021,Levante,arrival,568835,Pablo Martínez,23,CD MirandésLaLiga2,loan,,
2021,Levante,arrival,299715,Koke Vegas,25,RCD MallorcaLaLiga2,loan,,
2021,Levante,arrival,337781,Arturo Molina,24,CastellónLaLiga2,loan,,
2021,Levante,departure,67548,Rubén Rochina,30,Granada CFLaLiga,free,0.0,0.0
2021,Levante,departure,145769,Sergio León,32,Real ValladolidLaLiga2,free,0.0,0.0
2021,Levante,departure,125931,Toño García,31,SD EibarLaLiga2,free,0.0,0.0
2021,Levante,departure,129679,Cheick Doukouré,28,CD LeganésLaLiga2,free,0.0,0.0
2021,Levante,departure,337781,Arturo Molina,25,CF FuenlabradaLaLiga2,free,0.0,0.0
2021,Levante,departure,568835,Pablo Martínez,23,SD HuescaLaLiga2,loan,,
2021,Levante,departure,611198,Álex Blesa,20,CastellónPrimera Federación - Gr. II,loan,,
2021,Levante,departure,557057,Roger Brugué,24,CD MirandésLaLiga2,loan,,
2021,Levante,departure,172142,Hernâni,30,Without Club,unknown,,
2021,Levante,departure,299715,Koke Vegas,25,Without Club,unknown,,
2021,Mallorca,arrival,678194,Matthew Hoppe,20,FC Schalke 042. Bundesliga,permanent,3500000.0,3.5
2021,Mallorca,arrival,339820,Amath Ndiaye,24,GetafeLaLiga,permanent,3000000.0,3.0
2021,Mallorca,arrival,316884,Dominik Greif,24,Slo. BratislavaNiké Liga,permanent,2500000.0,2.5
2021,Mallorca,arrival,256267,Vedat Muriqi,27,LazioSerie A,loan,500000.0,0.5
2021,Mallorca,arrival,251876,Pablo Maffeo,23,StuttgartBundesliga,loan,500000.0,0.5
2021,Mallorca,arrival,557149,Kang-in Lee,20,ValenciaLaLiga,free,0.0,0.0
2021,Mallorca,arrival,51510,Ángel Rodríguez,34,GetafeLaLiga,free,0.0,0.0
2021,Mallorca,arrival,65318,Jaume Costa,33,VillarrealLaLiga,free,0.0,0.0
2021,Mallorca,arrival,339699,Giovanni González,27,PeñarolLiga AUF Clausura,free,0.0,0.0
2021,Mallorca,arrival,405398,Takefusa Kubo,20,Real MadridLaLiga,loan,,
2021,Mallorca,arrival,207302,Sergio Rico,28,PSGLigue 1,loan,,
2021,Mallorca,arrival,89297,Rodrigo Battaglia,30,SportingLiga Portugal,loan,,
2021,Mallorca,arrival,627294,Fer Niño,20,VillarrealLaLiga,loan,,
2021,Mallorca,arrival,72479,Clément Grenier,31,Without Club,unknown,,
2021,Mallorca,arrival,46413,Ante Budimir,29,CA OsasunaLaLiga,loan,,
2021,Mallorca,arrival,271021,Stoichkov,27,CE SabadellLaLiga2,loan,,
2021,Mallorca,arrival,365313,Pablo Valcarce,28,PonferradinaLaLiga2,loan,,
2021,Mallorca,arrival,178187,Álex Alegría,28,Real ZaragozaLaLiga2,loan,,
2021,Mallorca,arrival,343965,Igor Zlatanovic,23,CastellónLaLiga2,loan,,
2021,Mallorca,arrival,161267,Josep Señé,29,CastellónLaLiga2,loan,,
2021,Mallorca,arrival,142920,Aleksandar Trajkovski,29,Aalborg BKSuperliga,loan,,
2021,Mallorca,departure,46413,Ante Budimir,29,CA OsasunaLaLiga,permanent,8000000.0,8.0
2021,Mallorca,departure,271021,Stoichkov,27,SD EibarLaLiga2,permanent,1000000.0,1.0
2021,Mallorca,departure,365313,Pablo Valcarce,28,Burgos CFLaLiga2,free,0.0,0.0
2021,Mallorca,departure,442816,Fran Gámez,29,Real ZaragozaLaLiga2,free,0.0,0.0
2021,Mallorca,departure,343965,Igor Zlatanovic,23,Maccabi NetanyaLigat ha'Al,free,0.0,0.0
2021,Mallorca,departure,161267,Josep Señé,29,CD LugoLaLiga2,free,0.0,0.0
2021,Mallorca,departure,443290,Enzo Lombardo,24,SD HuescaLaLiga2,free,0.0,0.0
2021,Mallorca,departure,142920,Aleksandar Trajkovski,29,Al-FayhaSaudi Pro League,free,0.0,0.0
2021,Mallorca,departure,242301,Miquel Parera,25,RacingPrimera Federación - Gr. I,free,0.0,0.0
2021,Mallorca,departure,401521,Braian Cufré,24,Málaga CFLaLiga2,loan,,
2021,Mallorca,departure,350364,Joan Sastre,24,PAOKSuper League 1,loan,,
2021,Mallorca,departure,331498,Jordi Mboula,22,EstorilLiga Portugal,loan,,
2021,Mallorca,departure,100722,Lago Júnior,31,SD HuescaLaLiga2,loan,,
2021,Mallorca,departure,217144,Aleix Febas,25,Málaga CFLaLiga2,loan,,
2021,Mallorca,departure,178187,Álex Alegría,28,Burgos CFLaLiga2,loan,,
2021,Mallorca,departure,142920,Aleksandar Trajkovski,28,Aalborg BKSuperliga,loan,,
2021,Mallorca,departure,166674,Álex López,27,Without Club,unknown,,
2021,Mallorca,departure,339820,Amath Ndiaye,24,GetafeLaLiga,loan,,
2021,Mallorca,departure,505673,Víctor Mollejo,20,AtléticoLaLiga,loan,,
2021,Mallorca,departure,57935,Álvaro Giménez,30,Cádiz CFLaLiga,loan,,
2021,Mallorca,departure,345061,Murilo,26,BragaLiga Portugal,loan,,
2021,Mallorca,departure,443222,Marc Cardona,25,CA OsasunaLaLiga,loan,,
2021,Mallorca,departure,299715,Koke Vegas,25,LevanteLaLiga,loan,,
2021,Elche,arrival,90451,Iván Marcone,31,Boca JuniorsLiga Profesional (- 23/24),permanent,4000000.0,4.0
2021,Elche,arrival,334222,Lucas Boyé,25,TorinoSerie A,permanent,3000000.0,3.0
2021,Elche,arrival,262939,Johan Mojica,28,GironaLaLiga2,permanent,1200000.0,1.2
2021,Elche,arrival,142031,Omar Mascarell,28,FC Schalke 042. Bundesliga,free,0.0,0.0
2021,Elche,arrival,73185,Lucas Pérez,32,AlavésLaLiga,free,0.0,0.0
2021,Elche,arrival,186862,Enzo Roco,28,KaragümrükSüper Lig,free,0.0,0.0
2021,Elche,arrival,203043,Pedro Bigas,31,SD EibarLaLiga2,free,0.0,0.0
2021,Elche,arrival,268670,Gerard Gumbau,26,GironaLaLiga2,free,0.0,0.0
2021,Elche,arrival,92693,Darío Benedetto,31,MarseilleLigue 1,loan,,
2021,Elche,arrival,296783,Ezequiel Ponce,24,Spartak MoscowPremier Liga,loan,,
2021,Elche,arrival,216240,Lucas Olaza,27,Real ValladolidLaLiga2,loan,,
2021,Elche,arrival,527698,Kike Pérez,24,Real ValladolidLaLiga2,loan,,
2021,Elche,arrival,27486,Kiko Casilla,34,LeedsPremier League,loan,,
2021,Elche,arrival,55215,Javier Pastore,32,Without Club,unknown,,
2021,Elche,arrival,236734,Axel Werner,25,Without Club,unknown,,
2021,Elche,arrival,819590,José Salinas,20,Elche IlicitanoSpain,unknown,,
2021,Elche,arrival,286841,Ramón Folch,31,CD TenerifeLaLiga2,loan,,
2021,Elche,arrival,593357,Manu Justo,25,Celta Fortuna2ª B - Grupo I,loan,,
2021,Elche,arrival,527972,Mourad El Ghezouani,23,CD Alcoyano2ª B - Grupo III,loan,,
2021,Elche,departure,73185,Lucas Pérez,33,Cádiz CFLaLiga,permanent,200000.0,0.2
2021,Elche,departure,326416,Dani Calvo,27,Real OviedoLaLiga2,free,0.0,0.0
2021,Elche,departure,203516,Nuke Mfulu,27,UD Las PalmasLaLiga2,free,0.0,0.0
2021,Elche,departure,175836,Miguel Cifuentes,30,UD IbizaLaLiga2,free,0.0,0.0
2021,Elche,departure,207922,Luismi Sánchez,29,Real OviedoLaLiga2,free,0.0,0.0
2021,Elche,departure,286841,Ramón Folch,31,CE SabadellPrimera Federación - Gr. II,free,0.0,0.0
2021,Elche,departure,236734,Axel Werner,25,Arsenal SarandíLiga Profesional (- 23/24),loan,,
2021,Elche,departure,255892,Josema,25,Real ValladolidLaLiga2,loan,,
2021,Elche,departure,593357,Manu Justo,25,RacingPrimera Federación - Gr. I,loan,,
2021,Elche,departure,527972,Mourad El Ghezouani,23,CD AlcoyanoPrimera Federación - Gr. II,loan,,
2021,Elche,departure,819590,José Salinas,20,Unionistas CFPrimera Federación - Gr. I,loan,,
2021,Elche,departure,129753,Víctor Rodríguez,31,Without Club,unknown,,
2021,Elche,departure,29178,Nino,41,Retired,unknown,,
2021,Elche,departure,92693,Darío Benedetto,31,MarseilleLigue 1,loan,,
2021,Elche,departure,334222,Lucas Boyé,25,TorinoSerie A,loan,,
2021,Elche,departure,90451,Iván Marcone,31,Boca JuniorsLiga Profesional (- 23/24),loan,,
2021,Elche,departure,195488,Paulo Gazzaniga,29,TottenhamPremier League,loan,,
2021,Elche,departure,262939,Johan Mojica,28,GironaLaLiga2,loan,,
2021,Cadiz,arrival,520947,Santiago Arzamendia,23,Cerro PorteñoPrimera División Clausura,permanent,2100000.0,2.1
2021,Cadiz,arrival,454238,Tomás Alarcón,22,O'HigginsLiga Primera,permanent,2000000.0,2.0
2021,Cadiz,arrival,284342,Conan Ledesma,28,Rosario CentralLiga Profesional (- 23/24),permanent,1800000.0,1.8
2021,Cadiz,arrival,73185,Lucas Pérez,33,Elche CFLaLiga,permanent,200000.0,0.2
2021,Cadiz,arrival,155423,Varazdat Haroyan,28,FC AstanaPremier Liga,free,0.0,0.0
2021,Cadiz,arrival,282406,Álvaro Jiménez,25,AlbaceteLaLiga2,free,0.0,0.0
2021,Cadiz,arrival,278404,Martín Calderón,22,RM CastillaPrimera Federación - Gr. II,free,0.0,0.0
2021,Cadiz,arrival,62945,Luis Hernández,32,M. Tel AvivLigat ha'Al,free,0.0,0.0
2021,Cadiz,arrival,85383,Rubén Sobrino,29,ValenciaLaLiga,unknown,,
2021,Cadiz,arrival,542819,Milutin Osmajic,21,Sutjeska NiksicMeridianbet 1. CFL,unknown,,
2021,Cadiz,arrival,241391,Oussama Idrissi,25,Sevilla FCLaLiga,loan,,
2021,Cadiz,arrival,247250,Rubén Alcaraz,30,Real ValladolidLaLiga2,loan,,
2021,Cadiz,arrival,177065,Florin Andone,28,BrightonPremier League,loan,,
2021,Cadiz,arrival,307519,Fede San Emeterio,24,Real ValladolidLaLiga2,loan,,
2021,Cadiz,arrival,495625,Víctor Chust,21,Real MadridLaLiga,loan,,
2021,Cadiz,arrival,57935,Álvaro Giménez,30,RCD MallorcaLaLiga2,loan,,
2021,Cadiz,arrival,268957,José Matos,26,Málaga CFLaLiga2,loan,,
2021,Cadiz,arrival,305956,Nano Mesa,26,UD LogroñésLaLiga2,loan,,
2021,Cadiz,arrival,435500,Sergio González,24,CD TenerifeLaLiga2,loan,,
2021,Cadiz,arrival,238471,Caye Quintana,27,Málaga CFLaLiga2,loan,,
2021,Cadiz,arrival,355629,David Mayoral,24,FC HermannstadtSuperLiga,loan,,
2021,Cadiz,arrival,203981,Jean-Pierre Rhyner,25,FC EmmenEredivisie,loan,,
2021,Cadiz,arrival,251883,Gaspar Panadero,23,PonferradinaLaLiga2,loan,,
2021,Cadiz,arrival,171170,Dani Sotres,28,R. Majadahonda2ª B - Grupo V,loan,,
2021,Cadiz,departure,247366,Marcos Mauro,31,FC JuárezLiga MX Apertura,free,0.0,0.0
2021,Cadiz,departure,268957,José Matos,26,Burgos CFLaLiga2,free,0.0,0.0
2021,Cadiz,departure,51663,Pedro Alcalá,32,FC CartagenaLaLiga2,free,0.0,0.0
2021,Cadiz,departure,435500,Sergio González,24,CD TenerifeLaLiga2,free,0.0,0.0
2021,Cadiz,departure,238471,Caye Quintana,27,Slask WroclawEkstraklasa,free,0.0,0.0
2021,Cadiz,departure,203981,Jean-Pierre Rhyner,25,Volos NFCSuper League 1,free,0.0,0.0
2021,Cadiz,departure,251883,Gaspar Panadero,23,QarabağPremyer Liqa,free,0.0,0.0
2021,Cadiz,departure,171170,Dani Sotres,28,CyD LeonesaPrimera Federación - Gr. I,free,0.0,0.0
2021,Cadiz,departure,57935,Álvaro Giménez,30,Real ZaragozaLaLiga2,loan,,
2021,Cadiz,departure,336747,Jorge Pombo,27,Real OviedoLaLiga2,loan,,
2021,Cadiz,departure,282406,Álvaro Jiménez,26,UD IbizaLaLiga2,loan,,
2021,Cadiz,departure,305956,Nano Mesa,26,Real ZaragozaLaLiga2,loan,,
2021,Cadiz,departure,278404,Martín Calderón,22,CD MirandésLaLiga2,loan,,
2021,Cadiz,departure,158704,Jon Ander Garrido,32,CD MirandésLaLiga2,loan,,
2021,Cadiz,departure,355629,David Mayoral,24,CD LugoLaLiga2,loan,,
2021,Cadiz,departure,542819,Milutin Osmajic,22,Bandirma Spor1.Lig,loan,,
2021,Cadiz,departure,162652,Filip Malbasic,28,Without Club,unknown,,
2021,Cadiz,departure,39151,Augusto Fernández,35,Retired,unknown,,
2021,Cadiz,departure,284342,Conan Ledesma,28,Rosario CentralLiga Profesional (- 23/24),loan,,
2021,Cadiz,departure,85383,Rubén Sobrino,29,ValenciaLaLiga,loan,,
2021,Cadiz,departure,274347,Ivan Saponjic,23,AtléticoLaLiga,loan,,
2021,Cadiz,departure,337946,Jairo Izquierdo,27,GironaLaLiga2,loan,,
2021,Rayo Vallecano,arrival,341264,Fran García,21,RM CastillaPrimera Federación - Gr. II,permanent,2000000.0,2.0
2021,Rayo Vallecano,arrival,560483,Randy Nteka,23,CF FuenlabradaLaLiga2,permanent,1300000.0,1.3
2021,Rayo Vallecano,arrival,525578,Pathé Ciss,27,CF FuenlabradaLaLiga2,permanent,1000000.0,1.0
2021,Rayo Vallecano,arrival,39152,Radamel Falcao,35,GalatasaraySüper Lig,free,0.0,0.0
2021,Rayo Vallecano,arrival,85295,Iván Balliu,29,UD AlmeríaLaLiga2,free,0.0,0.0
2021,Rayo Vallecano,arrival,192009,Unai López,25,Athletic ClubLaLiga,loan,,
2021,Rayo Vallecano,arrival,206947,Kévin Rodrigues,27,Real SociedadLaLiga,loan,,
2021,Rayo Vallecano,arrival,256429,Sergi Guardiola,30,Real ValladolidLaLiga2,loan,,
2021,Rayo Vallecano,arrival,289272,Martín Merquelanz,26,Real SociedadLaLiga,loan,,
2021,Rayo Vallecano,arrival,258475,Nikola Maras,25,UD AlmeríaLaLiga2,loan,,
2021,Rayo Vallecano,arrival,166683,Mamadou Sylla,27,AlavésLaLiga,loan,,
2021,Rayo Vallecano,arrival,260740,Iván Arboleda,25,Without Club,unknown,,
2021,Rayo Vallecano,arrival,717957,Jorge Moreno,19,Rayo BSpain,unknown,,
2021,Rayo Vallecano,arrival,607779,Sergio Moreno,22,CD MirandésLaLiga2,loan,,
2021,Rayo Vallecano,arrival,182963,Lass Bangoura,29,CS EmelecSerie A Primera Etapa,loan,,
2021,Rayo Vallecano,arrival,561384,Adri Carrasco,24,Las Rozas CF2ª B - Grupo V,loan,,
2021,Rayo Vallecano,departure,103890,Luis Advíncula,31,Boca JuniorsLiga Profesional (- 23/24),permanent,2200000.0,2.2
2021,Rayo Vallecano,departure,189458,Emiliano Velázquez,27,SantosSérie A,free,0.0,0.0
2021,Rayo Vallecano,departure,137704,Miguel Ángel Guerrero,31,UD IbizaLaLiga2,free,0.0,0.0
2021,Rayo Vallecano,departure,93747,Yacine Qasmi,31,CD LeganésLaLiga2,free,0.0,0.0
2021,Rayo Vallecano,departure,561384,Adri Carrasco,24,Salamanca CFSegunda Federación - Gr. I,free,0.0,0.0
2021,Rayo Vallecano,departure,260740,Iván Arboleda,25,Newell'sLiga Profesional (- 23/24),loan,,
2021,Rayo Vallecano,departure,195605,José Pozo,25,Al-Ahli SCStars League,loan,,
2021,Rayo Vallecano,departure,531277,Andrés Martín,22,CD TenerifeLaLiga2,loan,,
2021,Rayo Vallecano,departure,607780,Miguel Ángel Morro,20,CF FuenlabradaLaLiga2,loan,,
2021,Rayo Vallecano,departure,607779,Sergio Moreno,23,SD AmorebietaLaLiga2,loan,,
2021,Rayo Vallecano,departure,638588,Martín Pascual,21,Villarreal CF BPrimera Federación - Gr. II,loan,,
2021,Rayo Vallecano,departure,182963,Lass Bangoura,29,PAS LamiaSuper League 1,loan,,
2021,Rayo Vallecano,departure,343273,Joni Montiel,22,Real OviedoLaLiga2,loan,,
2021,Rayo Vallecano,departure,717957,Jorge Moreno,20,CyD LeonesaPrimera Federación - Gr. I,loan,,
2021,Rayo Vallecano,departure,58497,Alberto García,36,Retired,unknown,,
2021,Rayo Vallecano,departure,54890,Leonardo Ulloa,34,Retired,unknown,,
2021,Rayo Vallecano,departure,341264,Fran García,21,RM CastillaPrimera Federación - Gr. II,loan,,
2021,Rayo Vallecano,departure,610336,Antoñín,21,Granada CFLaLiga,loan,,
2021,Rayo Vallecano,departure,406773,Iván Martos,24,UD AlmeríaLaLiga2,loan,,
2021,Alaves,arrival,166683,Mamadou Sylla,27,GironaLaLiga2,permanent,1150000.0,1.15
2021,Alaves,arrival,533568,Nahuel Tenaglia,25,CA TalleresLiga Profesional (- 23/24),loan,450000.0,0.45
2021,Alaves,arrival,263860,Jason Remeseiro,27,ValenciaLaLiga,free,0.0,0.0
2021,Alaves,arrival,495752,Taichi Hara,22,NK IstraSuperSport HNL,free,0.0,0.0
2021,Alaves,arrival,480883,Miguel de la Fuente,21,Valladolid PromPrimera Federación - Gr. I,free,0.0,0.0
2021,Alaves,arrival,295065,Toni Moya,23,Atl. MadrileñoSpain,free,0.0,0.0
2021,Alaves,arrival,127108,Florian Lejeune,30,NewcastlePremier League,unknown,,
2021,Alaves,arrival,676318,Facundo Pellistri,19,Man UtdPremier League,loan,,
2021,Alaves,arrival,527350,Manu Vallejo,24,ValenciaLaLiga,loan,,
2021,Alaves,arrival,277118,Manu García,23,Sporting GijónLaLiga2,loan,,
2021,Alaves,arrival,245893,Matt Miazga,26,ChelseaPremier League,loan,,
2021,Alaves,arrival,364237,Mamadou Loum,24,PortoLiga Portugal,loan,,
2021,Alaves,arrival,266795,Gonzalo Escalante,28,LazioSerie A,loan,,
2021,Alaves,arrival,341278,Iván Martín,22,VillarrealLaLiga,loan,,
2021,Alaves,arrival,435022,Ramón Miérez,24,NK OsijekSuperSport HNL,loan,,
2021,Alaves,arrival,504125,Olivier Verdon,25,Ludogoretsefbet Liga,loan,,
2021,Alaves,arrival,282421,Javi Muñoz,26,CD MirandésLaLiga2,loan,,
2021,Alaves,arrival,249471,Saúl García,26,Sporting GijónLaLiga2,loan,,
2021,Alaves,arrival,425028,José Luis Rodríguez,23,CD LugoLaLiga2,loan,,
2021,Alaves,arrival,351746,Rafa Navarro,27,NK IstraSuperSport HNL,loan,,
2021,Alaves,arrival,220999,Fabrice Ondoa,25,NK IstraSuperSport HNL,loan,,
2021,Alaves,arrival,483742,Antonio Perera,24,NK IstraSuperSport HNL,loan,,
2021,Alaves,arrival,251046,Einar Galilea,27,NK IstraSuperSport HNL,loan,,
2021,Alaves,arrival,396324,Carlos Isaac,23,AlbaceteLaLiga2,loan,,
2021,Alaves,arrival,268258,Rafa Páez,26,NK IstraSuperSport HNL,loan,,
2021,Alaves,departure,435022,Ramón Miérez,24,NK OsijekSuperSport HNL,permanent,2500000.0,2.5
2021,Alaves,departure,504125,Olivier Verdon,25,Ludogoretsefbet Liga,permanent,1000000.0,1.0
2021,Alaves,departure,73185,Lucas Pérez,32,Elche CFLaLiga,free,0.0,0.0
2021,Alaves,departure,176140,Rodrigo Ely,27,Nott'm ForestChampionship,free,0.0,0.0
2021,Alaves,departure,76273,Manu García,35,Aris LimassolCyprus League,free,0.0,0.0
2021,Alaves,departure,282421,Javi Muñoz,26,SD EibarLaLiga2,free,0.0,0.0
2021,Alaves,departure,351746,Rafa Navarro,27,NK IstraSuperSport HNL,free,0.0,0.0
2021,Alaves,departure,251046,Einar Galilea,27,NK IstraSuperSport HNL,free,0.0,0.0
2021,Alaves,departure,268258,Rafa Páez,26,R.Cartagena FCSegunda Federación - Gr. V,free,0.0,0.0
2021,Alaves,departure,634461,Borja Sainz,20,Real ZaragozaLaLiga2,loan,,
2021,Alaves,departure,166683,Mamadou Sylla,27,Rayo VallecanoLaLiga,loan,,
2021,Alaves,departure,495752,Taichi Hara,22,Sint-TruidenJupiler Pro League,loan,,
2021,Alaves,departure,354697,Tachi,24,CF FuenlabradaLaLiga2,loan,,
2021,Alaves,departure,425028,José Luis Rodríguez,23,Sporting GijónLaLiga2,loan,,
2021,Alaves,departure,396324,Carlos Isaac,23,Real OviedoLaLiga2,loan,,
2021,Alaves,departure,176591,Jota Peleteiro,30,Retired,unknown,,
2021,Alaves,departure,246277,Burgui,27,Without Club,unknown,,
2021,Alaves,departure,220999,Fabrice Ondoa,25,Without Club,unknown,,
2021,Alaves,departure,676318,Facundo Pellistri,19,Man UtdPremier League,loan,,
2021,Alaves,departure,127108,Florian Lejeune,30,NewcastlePremier League,loan,,
2021,Alaves,departure,89297,Rodrigo Battaglia,29,SportingLiga Portugal,loan,,
2021,Alaves,departure,251848,Iñigo Córdoba,24,Athletic ClubLaLiga,loan,,
2021,Alaves,departure,341278,Iván Martín,22,VillarrealLaLiga,loan,,
2022,Real Madrid,arrival,413112,Aurélien Tchouaméni,22,MonacoLigue 1,permanent,80000000.0,80.0
2022,Real Madrid,arrival,86202,Antonio Rüdiger,29,ChelseaPremier League,free,0.0,0.0
2022,Real Madrid,arrival,525299,Miguel Gutiérrez,20,RM CastillaPrimera Federación - Gr. I,unknown,,
2022,Real Madrid,arrival,495621,Antonio Blanco,21,RM CastillaPrimera Federación - Gr. I,unknown,,
2022,Real Madrid,arrival,623521,Juanmi Latasa,21,RM CastillaPrimera Federación - Gr. I,unknown,,
2022,Real Madrid,arrival,280730,Álvaro Odriozola,26,FiorentinaSerie A,loan,,
2022,Real Madrid,arrival,298976,Borja Mayoral,25,RomaSerie A,loan,,
2022,Real Madrid,arrival,627226,Reinier,20,DortmundBundesliga,loan,,
2022,Real Madrid,arrival,405398,Takefusa Kubo,21,RCD MallorcaLaLiga,loan,,
2022,Real Madrid,arrival,495621,Antonio Blanco,22,Cádiz CFLaLiga,loan,,
2022,Real Madrid,arrival,495625,Víctor Chust,22,Cádiz CFLaLiga,loan,,
2022,Real Madrid,arrival,627226,Reinier,21,GironaLaLiga,loan,,
2022,Real Madrid,departure,16306,Casemiro,30,Man UtdPremier League,permanent,70000000.0,70.0
2022,Real Madrid,departure,525299,Miguel Gutiérrez,21,GironaLaLiga,permanent,11000000.0,11.0
2022,Real Madrid,departure,298976,Borja Mayoral,25,GetafeLaLiga,permanent,10000000.0,10.0
2022,Real Madrid,departure,405398,Takefusa Kubo,21,Real SociedadLaLiga,permanent,6500000.0,6.5
2022,Real Madrid,departure,495625,Víctor Chust,22,Cádiz CFLaLiga,permanent,1000000.0,1.0
2022,Real Madrid,departure,257462,Luka Jović,24,FiorentinaSerie A,free,0.0,0.0
2022,Real Madrid,departure,85288,Isco,30,Sevilla FCLaLiga,free,0.0,0.0
2022,Real Madrid,departure,44501,Marcelo,34,OlympiacosSuper League 1,free,0.0,0.0
2022,Real Madrid,departure,39381,Gareth Bale,32,LAFCMLS,free,0.0,0.0
2022,Real Madrid,departure,627226,Reinier,20,GironaLaLiga,loan,,
2022,Real Madrid,departure,495621,Antonio Blanco,22,Cádiz CFLaLiga,loan,,
2022,Real Madrid,departure,495621,Antonio Blanco,22,AlavésLaLiga2,loan,,
2022,Real Madrid,departure,623521,Juanmi Latasa,21,GetafeLaLiga,loan,,
2022,Barcelona,arrival,411295,Raphinha,25,LeedsPremier League,permanent,58000000.0,58.0
2022,Barcelona,arrival,411975,Jules Koundé,23,Sevilla FCLaLiga,permanent,50000000.0,50.0
2022,Barcelona,arrival,38253,Robert Lewandowski,33,Bayern MunichBundesliga,permanent,45000000.0,45.0
2022,Barcelona,arrival,720038,Pablo Torre,19,RacingLaLiga2,permanent,6000000.0,6.0
2022,Barcelona,arrival,294808,Franck Kessié,25,AC MilanSerie A,free,0.0,0.0
2022,Barcelona,arrival,196948,Andreas Christensen,26,ChelseaPremier League,free,0.0,0.0
2022,Barcelona,arrival,191217,Héctor Bellerín,27,ArsenalPremier League,free,0.0,0.0
2022,Barcelona,arrival,112515,Marcos Alonso,31,ChelseaPremier League,free,0.0,0.0
2022,Barcelona,arrival,724520,Abde Ezzalzouli,20,Barça AtlèticPrimera Federación - Gr. II,unknown,,
2022,Barcelona,arrival,636688,Alejandro Balde,18,Barça AtlèticPrimera Federación - Gr. II,unknown,,
2022,Barcelona,arrival,80444,Philippe Coutinho,30,Aston VillaPremier League,loan,,
2022,Barcelona,arrival,412669,Francisco Trincão,22,WolvesPremier League,loan,,
2022,Barcelona,arrival,44162,Miralem Pjanić,32,BesiktasSüper Lig,loan,,
2022,Barcelona,arrival,283170,Iñaki Peña,23,GalatasaraySüper Lig,loan,,
2022,Barcelona,arrival,282722,Álex Collado,23,Granada CFLaLiga,loan,,
2022,Barcelona,arrival,308278,Rey Manaj,25,Spezia CalcioSerie A,loan,,
2022,Barcelona,departure,80444,Philippe Coutinho,30,Aston VillaPremier League,permanent,20000000.0,20.0
2022,Barcelona,departure,58864,Pierre-Emerick Aubameyang,33,ChelseaPremier League,permanent,12000000.0,12.0
2022,Barcelona,departure,167850,Memphis Depay,28,AtléticoLaLiga,permanent,3000000.0,3.0
2022,Barcelona,departure,412669,Francisco Trincão,22,SportingLiga Portugal,loan,3000000.0,3.0
2022,Barcelona,departure,191217,Héctor Bellerín,27,SportingLiga Portugal,permanent,1000000.0,1.0
2022,Barcelona,departure,126540,Samuel Umtiti,28,LecceSerie A,loan,500000.0,0.5
2022,Barcelona,departure,44162,Miralem Pjanić,32,Sharjah FCUAE Pro League,free,0.0,0.0
2022,Barcelona,departure,331511,Riqui Puig,22,LA GalaxyMLS,free,0.0,0.0
2022,Barcelona,departure,95732,Martin Braithwaite,31,EspanyolLaLiga,free,0.0,0.0
2022,Barcelona,departure,331505,Óscar Mingueza,23,Celta de VigoLaLiga,free,0.0,0.0
2022,Barcelona,departure,111819,Neto,33,BournemouthPremier League,free,0.0,0.0
2022,Barcelona,departure,308278,Rey Manaj,25,WatfordChampionship,free,0.0,0.0
2022,Barcelona,departure,364240,Moussa Wagué,23,HNK GoricaSuperSport HNL,free,0.0,0.0
2022,Barcelona,departure,15951,Dani Alves,39,UNAM PumasLiga MX Apertura,free,0.0,0.0
2022,Barcelona,departure,466805,Nico González,20,ValenciaLaLiga,loan,,
2022,Barcelona,departure,361104,Sergiño Dest,21,AC MilanSerie A,loan,,
2022,Barcelona,departure,182904,Clément Lenglet,27,TottenhamPremier League,loan,,
2022,Barcelona,departure,724520,Abde Ezzalzouli,20,CA OsasunaLaLiga,loan,,
2022,Barcelona,departure,282722,Álex Collado,23,Elche CFLaLiga,loan,,
2022,Barcelona,departure,18944,Gerard Piqué,35,Retired,unknown,,
2022,Barcelona,departure,204103,Adama Traoré,26,WolvesPremier League,loan,,
2022,Barcelona,departure,72522,Luuk de Jong,31,Sevilla FCLaLiga,loan,,
2022,Atletico Madrid,arrival,424042,Nahuel Molina,24,UdineseSerie A,permanent,20000000.0,20.0
2022,Atletico Madrid,arrival,694928,Samuel Lino,22,Gil VicenteLiga Portugal,permanent,6500000.0,6.5
2022,Atletico Madrid,arrival,167850,Memphis Depay,28,BarcelonaLaLiga,permanent,3000000.0,3.0
2022,Atletico Madrid,arrival,171679,Matt Doherty,31,TottenhamPremier League,free,0.0,0.0
2022,Atletico Madrid,arrival,35047,Axel Witsel,33,DortmundBundesliga,free,0.0,0.0
2022,Atletico Madrid,arrival,282429,Sergio Reguilón,25,TottenhamPremier League,loan,,
2022,Atletico Madrid,arrival,775605,Pablo Barrios,19,Atl. MadrileñoSegunda Federación - Gr. V,unknown,,
2022,Atletico Madrid,arrival,742201,Giuliano Simeone,19,Atl. MadrileñoSegunda Federación - Gr. V,unknown,,
2022,Atletico Madrid,arrival,668177,Javi Serrano,19,Atl. MadrileñoSegunda Federación - Gr. V,unknown,,
2022,Atletico Madrid,arrival,128223,Álvaro Morata,29,JuventusSerie A,loan,,
2022,Atletico Madrid,arrival,148928,Saúl Ñíguez,27,ChelseaPremier League,loan,,
2022,Atletico Madrid,arrival,618809,Manu Sánchez,21,CA OsasunaLaLiga,loan,,
2022,Atletico Madrid,arrival,491693,Nehuén Pérez,22,UdineseSerie A,loan,,
2022,Atletico Madrid,arrival,612496,Marcos Paulo,21,CD MirandésLaLiga2,loan,,
2022,Atletico Madrid,arrival,612496,Marcos Paulo,21,FamalicãoLiga Portugal,loan,,
2022,Atletico Madrid,arrival,120443,Santiago Arias,30,Granada CFLaLiga,loan,,
2022,Atletico Madrid,arrival,226073,Ivo Grbic,26,LilleLigue 1,loan,,
2022,Atletico Madrid,arrival,505673,Víctor Mollejo,21,CD TenerifeLaLiga2,loan,,
2022,Atletico Madrid,arrival,505674,Sergio Camello,21,CD MirandésLaLiga2,loan,,
2022,Atletico Madrid,arrival,566036,Borja Garcés,22,CD LeganésLaLiga2,loan,,
2022,Atletico Madrid,arrival,461617,Rodrigo Riquelme,22,CD MirandésLaLiga2,loan,,
2022,Atletico Madrid,arrival,67082,Vitolo,32,GetafeLaLiga,loan,,
2022,Atletico Madrid,arrival,668177,Javi Serrano,20,CD MirandésLaLiga2,loan,,
2022,Atletico Madrid,departure,462250,João Félix,23,ChelseaPremier League,loan,11000000.0,11.0
2022,Atletico Madrid,departure,491693,Nehuén Pérez,22,UdineseSerie A,permanent,8000000.0,8.0
2022,Atletico Madrid,departure,476352,Renan Lodi,24,Nott'm ForestPremier League,loan,5000000.0,5.0
2022,Atletico Madrid,departure,156501,Felipe,33,Nott'm ForestPremier League,permanent,2300000.0,2.3
2022,Atletico Madrid,departure,63463,Daniel Wass,33,Bröndby IFSuperliga,permanent,1750000.0,1.75
2022,Atletico Madrid,departure,618809,Manu Sánchez,21,CA OsasunaLaLiga,loan,200000.0,0.2
2022,Atletico Madrid,departure,122043,Héctor Herrera,32,HoustonMLS,free,0.0,0.0
2022,Atletico Madrid,departure,76061,Sime Vrsaljko,30,OlympiacosSuper League 1,free,0.0,0.0
2022,Atletico Madrid,departure,517894,Matheus Cunha,23,WolvesPremier League,loan,,
2022,Atletico Madrid,departure,694928,Samuel Lino,22,ValenciaLaLiga,loan,,
2022,Atletico Madrid,departure,612496,Marcos Paulo,21,São PauloSérie A,loan,,
2022,Atletico Madrid,departure,612496,Marcos Paulo,21,CD MirandésLaLiga2,loan,,
2022,Atletico Madrid,departure,505673,Víctor Mollejo,21,Real ZaragozaLaLiga2,loan,,
2022,Atletico Madrid,departure,505674,Sergio Camello,21,Rayo VallecanoLaLiga,loan,,
2022,Atletico Madrid,departure,566036,Borja Garcés,22,CD TenerifeLaLiga2,loan,,
2022,Atletico Madrid,departure,461617,Rodrigo Riquelme,22,GironaLaLiga,loan,,
2022,Atletico Madrid,departure,67082,Vitolo,32,UD Las PalmasLaLiga2,loan,,
2022,Atletico Madrid,departure,668177,Javi Serrano,20,UD IbizaLaLiga2,loan,,
2022,Atletico Madrid,departure,742201,Giuliano Simeone,19,Real ZaragozaLaLiga2,loan,,
2022,Atletico Madrid,departure,668177,Javi Serrano,19,CD MirandésLaLiga2,loan,,
2022,Atletico Madrid,departure,44352,Luis Suárez,35,Without Club,unknown,,
2022,Atletico Madrid,departure,120443,Santiago Arias,30,Without Club,unknown,,
2022,Atletico Madrid,departure,127181,Benjamin Lecomte,31,MonacoLigue 1,loan,,
2022,Real Sociedad,arrival,337715,Umar Sadiq,25,UD AlmeríaLaLiga,permanent,20000000.0,20.0
2022,Real Sociedad,arrival,309110,Brais Méndez,25,Celta de VigoLaLiga,permanent,14000000.0,14.0
2022,Real Sociedad,arrival,670847,Mohamed-Ali Cho,18,Angers SCOLigue 1,permanent,13000000.0,13.0
2022,Real Sociedad,arrival,405398,Takefusa Kubo,21,Real MadridLaLiga,permanent,6500000.0,6.5
2022,Real Sociedad,arrival,238407,Alexander Sørloth,26,LeipzigBundesliga,loan,1500000.0,1.5
2022,Real Sociedad,arrival,711382,Jon Karrikaburu,19,Real Sociedad BPrimera Federación - Gr. II,unknown,,
2022,Real Sociedad,arrival,563137,Robert Navarro,20,Real Sociedad BPrimera Federación - Gr. II,unknown,,
2022,Real Sociedad,arrival,634431,Beñat Turrientes,20,Real Sociedad BPrimera Federación - Gr. II,unknown,,
2022,Real Sociedad,arrival,569866,Roberto López,22,Real Sociedad BPrimera Federación - Gr. II,unknown,,
2022,Real Sociedad,arrival,580560,Jon Pacheco,21,Real Sociedad BPrimera Federación - Gr. II,unknown,,
2022,Real Sociedad,arrival,428948,Andoni Zubiaurre,25,Real Sociedad BPrimera Federación - Gr. II,unknown,,
2022,Real Sociedad,arrival,434990,Álex Sola,23,Real Sociedad BPrimera Federación - Gr. II,unknown,,
2022,Real Sociedad,arrival,122155,Willian José,30,Real BetisLaLiga,loan,,
2022,Real Sociedad,arrival,524925,Modibo Sagnan,23,TondelaLiga Portugal,loan,,
2022,Real Sociedad,arrival,206947,Kévin Rodrigues,28,Rayo VallecanoLaLiga,loan,,
2022,Real Sociedad,arrival,289272,Martín Merquelanz,27,Rayo VallecanoLaLiga,loan,,
2022,Real Sociedad,arrival,289236,Jon Bautista,26,CD LeganésLaLiga2,loan,,
2022,Real Sociedad,departure,349066,Alexander Isak,22,NewcastlePremier League,permanent,77500000.0,77.5
2022,Real Sociedad,departure,122155,Willian José,30,Real BetisLaLiga,permanent,10000000.0,10.0
2022,Real Sociedad,departure,128969,Mathew Ryan,30,CopenhagenSuperliga,permanent,500000.0,0.5
2022,Real Sociedad,departure,177847,Adnan Januzaj,27,Sevilla FCLaLiga,free,0.0,0.0
2022,Real Sociedad,departure,197135,Joseba Zaldua,30,Cádiz CFLaLiga,free,0.0,0.0
2022,Real Sociedad,departure,206947,Kévin Rodrigues,28,Adana DemirsporSüper Lig,free,0.0,0.0
2022,Real Sociedad,departure,289257,Jon Guridi,27,AlavésLaLiga2,free,0.0,0.0
2022,Real Sociedad,departure,289236,Jon Bautista,27,SD EibarLaLiga2,free,0.0,0.0
2022,Real Sociedad,departure,99353,Portu,30,GetafeLaLiga,loan,,
2022,Real Sociedad,departure,711382,Jon Karrikaburu,20,CD LeganésLaLiga2,loan,,
2022,Real Sociedad,departure,524925,Modibo Sagnan,23,UtrechtEredivisie,loan,,
2022,Real Sociedad,departure,569866,Roberto López,22,CD MirandésLaLiga2,loan,,
2022,Real Sociedad,departure,43003,Nacho Monreal,36,Retired,unknown,,
2022,Real Sociedad,departure,238407,Alexander Sørloth,26,LeipzigBundesliga,loan,,
2022,Real Sociedad,departure,129473,Rafinha,29,PSGLigue 1,loan,,
2022,Villarreal,arrival,262939,Johan Mojica,30,Elche CFLaLiga,permanent,5500000.0,5.5
2022,Villarreal,arrival,76467,Kiko Femenía,31,WatfordChampionship,permanent,980000.0,0.98
2022,Villarreal,arrival,252677,José Luis Morales,34,LevanteLaLiga2,free,0.0,0.0
2022,Villarreal,arrival,7825,Pepe Reina,39,LazioSerie A,free,0.0,0.0
2022,Villarreal,arrival,348795,Giovani Lo Celso,26,TottenhamPremier League,loan,,
2022,Villarreal,arrival,783396,Ramón Terrats,22,GironaLaLiga,loan,,
2022,Villarreal,arrival,585323,Filip Jørgensen,20,Villarreal CF BLaLiga2,unknown,,
2022,Villarreal,arrival,776890,Nicolas Jackson,21,Villarreal CF BLaLiga2,unknown,,
2022,Villarreal,arrival,494880,Jorge Cuenca,22,GetafeLaLiga,loan,,
2022,Villarreal,arrival,335225,Manu Morlanes,23,EspanyolLaLiga,loan,,
2022,Villarreal,arrival,627294,Fer Niño,21,RCD MallorcaLaLiga,loan,,
2022,Villarreal,arrival,548111,Álex Baena,20,GironaLaLiga2,loan,,
2022,Villarreal,arrival,204102,Xavi Quintillà,25,CD LeganésLaLiga2,loan,,
2022,Villarreal,arrival,298983,Javi Ontiveros,24,CF FuenlabradaLaLiga2,loan,,
2022,Villarreal,arrival,412041,Álex Millán,23,FamalicãoLiga Portugal,loan,,
2022,Villarreal,arrival,412041,Álex Millán,22,Cercle BruggeJupiler Pro League,loan,,
2022,Villarreal,arrival,412041,Álex Millán,22,Union SGJupiler Pro League,loan,,
2022,Villarreal,departure,349599,Pervis Estupiñán,24,BrightonPremier League,permanent,17800000.0,17.8
2022,Villarreal,departure,229604,Gerónimo Rulli,30,AjaxEredivisie,permanent,8000000.0,8.0
2022,Villarreal,departure,355861,Arnaut Danjuma,25,TottenhamPremier League,loan,3000000.0,3.0
2022,Villarreal,departure,175449,Moi Gómez,28,CA OsasunaLaLiga,permanent,1800000.0,1.8
2022,Villarreal,departure,626913,Boulaye Dia,25,SalernitanaSerie A,loan,1000000.0,1.0
2022,Villarreal,departure,126716,Paco Alcácer,28,Sharjah FCUAE Pro League,free,0.0,0.0
2022,Villarreal,departure,51710,Sergio Asenjo,33,Real ValladolidLaLiga,free,0.0,0.0
2022,Villarreal,departure,73250,Mario Gaspar,31,WatfordChampionship,free,0.0,0.0
2022,Villarreal,departure,238868,Rubén Peña,30,CA OsasunaLaLiga,free,0.0,0.0
2022,Villarreal,departure,204102,Xavi Quintillà,25,Santa ClaraLiga Portugal,free,0.0,0.0
2022,Villarreal,departure,335225,Manu Morlanes,24,RCD MallorcaLaLiga,loan,,
2022,Villarreal,departure,65467,Vicente Iborra,34,LevanteLaLiga2,loan,,
2022,Villarreal,departure,412041,Álex Millán,22,FamalicãoLiga Portugal,loan,,
2022,Villarreal,departure,127032,Serge Aurier,29,Without Club,unknown,,
2022,Villarreal,departure,627294,Fer Niño,21,Villarreal CF BLaLiga2,unknown,,
2022,Villarreal,departure,298983,Javi Ontiveros,24,Villarreal CF BLaLiga2,unknown,,
2022,Villarreal,departure,412041,Álex Millán,23,Villarreal CF BLaLiga2,unknown,,
2022,Villarreal,departure,348795,Giovani Lo Celso,26,TottenhamPremier League,loan,,
2022,Valencia,arrival,375382,André Almeida,22,Vit. GuimarãesLiga Portugal,permanent,8000000.0,8.0
2022,Valencia,arrival,573775,Hugo Duro,22,GetafeLaLiga,permanent,4000000.0,4.0
2022,Valencia,arrival,615350,Cenk Özkacar,21,LyonLigue 1,loan,500000.0,0.5
2022,Valencia,arrival,48280,Edinson Cavani,35,Man UtdPremier League,free,0.0,0.0
2022,Valencia,arrival,195171,Samu Castillejo,27,AC MilanSerie A,free,0.0,0.0
2022,Valencia,arrival,466805,Nico González,20,BarcelonaLaLiga,loan,,
2022,Valencia,arrival,330659,Justin Kluivert,23,RomaSerie A,loan,,
2022,Valencia,arrival,617074,Ilaix Moriba,19,LeipzigBundesliga,loan,,
2022,Valencia,arrival,694928,Samuel Lino,22,AtléticoLaLiga,loan,,
2022,Valencia,arrival,646750,Cristhian Mosquera,18,Valencia BSegunda Federación - Gr. III,unknown,,
2022,Valencia,arrival,71570,Iago Herrerín,34,Without Club,unknown,,
2022,Valencia,arrival,527350,Manu Vallejo,25,AlavésLaLiga,loan,,
2022,Valencia,arrival,340339,Jorge Sáenz,25,CD MirandésLaLiga2,loan,,
2022,Valencia,arrival,398131,Cristian Rivero,24,AD AlcorcónLaLiga2,loan,,
2022,Valencia,departure,225122,Gonçalo Guedes,25,WolvesPremier League,permanent,32600000.0,32.6
2022,Valencia,departure,372246,Carlos Soler,25,PSGLigue 1,permanent,18000000.0,18.0
2022,Valencia,departure,396894,Maxi Gómez,26,TrabzonsporSüper Lig,permanent,3000000.0,3.0
2022,Valencia,departure,146227,Jasper Cillessen,33,NEC NijmegenEredivisie,permanent,1000000.0,1.0
2022,Valencia,departure,527350,Manu Vallejo,25,GironaLaLiga,free,0.0,0.0
2022,Valencia,departure,98322,Denis Cheryshev,31,VeneziaSerie B,free,0.0,0.0
2022,Valencia,departure,417575,Uros Racic,24,BragaLiga Portugal,loan,,
2022,Valencia,departure,569375,Koba Koindredi,20,Real OviedoLaLiga2,loan,,
2022,Valencia,departure,340339,Jorge Sáenz,25,CD LeganésLaLiga2,loan,,
2022,Valencia,departure,537382,Bryan Gil,21,TottenhamPremier League,loan,,
2022,Valencia,departure,353032,Omar Alderete,25,Hertha BSCBundesliga,loan,,
2022,Valencia,departure,573775,Hugo Duro,22,GetafeLaLiga,loan,,
2022,Valencia,departure,617074,Ilaix Moriba,19,LeipzigBundesliga,loan,,
2022,Valencia,departure,173900,Hélder Costa,28,LeedsPremier League,loan,,
2022,Valencia,departure,502676,Giorgi Mamardashvili,21,Dinamo TbilisiErovnuli Liga,loan,,
2022,Real Betis,arrival,800175,Luiz Henrique,21,FluminenseSérie A,permanent,10400000.0,10.4
2022,Real Betis,arrival,122155,Willian José,30,Real SociedadLaLiga,permanent,10000000.0,10.0
2022,Real Betis,arrival,646402,Abner,22,Athletico-PRSérie A,permanent,7000000.0,7.0
2022,Real Betis,arrival,457931,Luiz Felipe,25,LazioSerie A,free,0.0,0.0
2022,Real Betis,arrival,246968,Ayoze Pérez,29,LeicesterPremier League,loan,,
2022,Real Betis,arrival,631002,Raúl García,21,Betis DeportivoSegunda Federación - Gr. IV,unknown,,
2022,Real Betis,arrival,354741,Loren Morón,28,EspanyolLaLiga,loan,,
2022,Real Betis,arrival,371174,Diego Lainez,22,BragaLiga Portugal,loan,,
2022,Real Betis,arrival,335221,Dani Martín,23,Málaga CFLaLiga2,loan,,
2022,Real Betis,arrival,505675,Rober González,21,UD Las PalmasLaLiga2,loan,,
2022,Real Betis,departure,193098,Álex Moreno,29,Aston VillaPremier League,permanent,13500000.0,13.5
2022,Real Betis,departure,99922,Marc Bartra,31,TrabzonsporSüper Lig,permanent,1250000.0,1.25
2022,Real Betis,departure,101118,Joel Robles,32,LeedsPremier League,free,0.0,0.0
2022,Real Betis,departure,263856,Víctor Camarasa,28,Real OviedoLaLiga2,free,0.0,0.0
2022,Real Betis,departure,354741,Loren Morón,29,UD Las PalmasLaLiga2,loan,,
2022,Real Betis,departure,371174,Diego Lainez,22,Tigres UANLLiga MX Apertura,loan,,
2022,Real Betis,departure,371174,Diego Lainez,22,BragaLiga Portugal,loan,,
2022,Real Betis,departure,505675,Rober González,21,AlavésLaLiga2,loan,,
2022,Real Betis,departure,631002,Raúl García,21,CD MirandésLaLiga2,loan,,
2022,Real Betis,departure,141834,Cristian Tello,30,Without Club,unknown,,
2022,Real Betis,departure,191217,Héctor Bellerín,27,ArsenalPremier League,loan,,
2022,Real Betis,departure,122155,Willian José,30,Real SociedadLaLiga,loan,,
2022,Sevilla,arrival,538996,Tanguy Nianzou,20,Bayern MunichBundesliga,permanent,16000000.0,16.0
2022,Sevilla,arrival,439022,Marcão,26,GalatasaraySüper Lig,permanent,13000000.0,13.0
2022,Sevilla,arrival,660735,Federico Gattoni,23,San LorenzoLiga Profesional (- 23/24),permanent,1400000.0,1.4
2022,Sevilla,arrival,177847,Adnan Januzaj,27,Real SociedadLaLiga,free,0.0,0.0
2022,Sevilla,arrival,85288,Isco,30,Real MadridLaLiga,free,0.0,0.0
2022,Sevilla,arrival,255755,Alex Telles,29,Man UtdPremier League,loan,,
2022,Sevilla,arrival,283196,Kasper Dolberg,24,NiceLigue 1,loan,,
2022,Sevilla,arrival,537382,Bryan Gil,21,TottenhamPremier League,loan,,
2022,Sevilla,arrival,485963,Pape Gueye,24,MarseilleLigue 1,loan,,
2022,Sevilla,arrival,730581,Loïc Badé,22,Stade RennaisLigue 1,loan,,
2022,Sevilla,arrival,766583,Kike Salas,20,Sevilla Atl.Segunda Federación - Gr. IV,unknown,,
2022,Sevilla,arrival,628886,Iván Romero,21,Sevilla Atl.Segunda Federación - Gr. IV,unknown,,
2022,Sevilla,arrival,676042,Juanlu Sánchez,18,Sevilla Atl.Segunda Federación - Gr. IV,unknown,,
2022,Sevilla,arrival,610461,Luismi Cruz,21,Sevilla Atl.Segunda Federación - Gr. IV,unknown,,
2022,Sevilla,arrival,711625,José Ángel Carmona,20,Sevilla Atl.Segunda Federación - Gr. IV,unknown,,
2022,Sevilla,arrival,189441,Lucas Ocampos,28,AjaxEredivisie,loan,,
2022,Sevilla,arrival,284884,Óscar Rodríguez,24,GetafeLaLiga,loan,,
2022,Sevilla,arrival,72522,Luuk de Jong,31,BarcelonaLaLiga,loan,,
2022,Sevilla,arrival,170646,Ludwig Augustinsson,28,Aston VillaPremier League,loan,,
2022,Sevilla,arrival,241391,Oussama Idrissi,26,Cádiz CFLaLiga,loan,,
2022,Sevilla,arrival,174694,Rony Lopes,26,OlympiacosSuper League 1,loan,,
2022,Sevilla,arrival,341272,Álex Pozo,23,UD AlmeríaLaLiga2,loan,,
2022,Sevilla,arrival,461843,Juan Berrocal,23,Sporting GijónLaLiga2,loan,,
2022,Sevilla,departure,411975,Jules Koundé,23,BarcelonaLaLiga,permanent,50000000.0,50.0
2022,Sevilla,departure,329145,Diego Carlos,29,Aston VillaPremier League,permanent,31000000.0,31.0
2022,Sevilla,departure,189441,Lucas Ocampos,28,AjaxEredivisie,loan,4000000.0,4.0
2022,Sevilla,departure,72522,Luuk de Jong,31,PSVEredivisie,permanent,3000000.0,3.0
2022,Sevilla,departure,341272,Álex Pozo,23,UD AlmeríaLaLiga,permanent,3000000.0,3.0
2022,Sevilla,departure,170646,Ludwig Augustinsson,28,Aston VillaPremier League,loan,500000.0,0.5
2022,Sevilla,departure,223725,Munir El Haddadi,26,GetafeLaLiga,free,0.0,0.0
2022,Sevilla,departure,461843,Juan Berrocal,23,SD EibarLaLiga2,free,0.0,0.0
2022,Sevilla,departure,396107,Javi Díaz,25,CD TenerifeLaLiga2,free,0.0,0.0
2022,Sevilla,departure,284884,Óscar Rodríguez,24,Celta de VigoLaLiga,loan,,
2022,Sevilla,departure,177847,Adnan Januzaj,27,BasaksehirSüper Lig,loan,,
2022,Sevilla,departure,711625,José Ángel Carmona,20,Elche CFLaLiga,loan,,
2022,Sevilla,departure,660735,Federico Gattoni,23,San LorenzoLiga Profesional (- 23/24),loan,,
2022,Sevilla,departure,170646,Ludwig Augustinsson,28,RCD MallorcaLaLiga,loan,,
2022,Sevilla,departure,174694,Rony Lopes,26,TroyesLigue 1,loan,,
2022,Sevilla,departure,241391,Oussama Idrissi,26,FeyenoordEredivisie,loan,,
2022,Sevilla,departure,91849,Thomas Delaney,31,HoffenheimBundesliga,loan,,
2022,Sevilla,departure,766583,Kike Salas,20,CD TenerifeLaLiga2,loan,,
2022,Sevilla,departure,628886,Iván Romero,21,CD TenerifeLaLiga2,loan,,
2022,Sevilla,departure,676042,Juanlu Sánchez,18,CD MirandésLaLiga2,loan,,
2022,Sevilla,departure,610461,Luismi Cruz,21,Barça AtlèticPrimera Federación - Gr. II,loan,,
2022,Sevilla,departure,85288,Isco,30,Without Club,unknown,,
2022,Sevilla,departure,182877,Anthony Martial,26,Man UtdPremier League,loan,,
2022,Sevilla,departure,283196,Kasper Dolberg,25,NiceLigue 1,loan,,
2022,Athletic Club,arrival,99343,Ander Herrera,33,PSGLigue 1,free,0.0,0.0
2022,Athletic Club,arrival,340205,Gorka Guruzeta,25,SD AmorebietaPrimera Federación - Gr. II,free,0.0,0.0
2022,Athletic Club,arrival,99343,Ander Herrera,33,PSGLigue 1,loan,,
2022,Athletic Club,arrival,625014,Julen Agirrezabala,21,Bilbao AthleticPrimera Federación - Gr. II,unknown,,
2022,Athletic Club,arrival,668183,Nico Serrano,19,Bilbao AthleticPrimera Federación - Gr. II,unknown,,
2022,Athletic Club,arrival,626960,Juan Artola,22,Bilbao AthleticPrimera Federación - Gr. II,unknown,,
2022,Athletic Club,arrival,625047,Beñat Prados,21,Bilbao AthleticPrimera Federación - Gr. II,unknown,,
2022,Athletic Club,arrival,591916,Aitor Paredes,22,Bilbao AthleticPrimera Federación - Gr. II,unknown,,
2022,Athletic Club,arrival,480958,Ander Iru,23,Bilbao AthleticPrimera Federación - Gr. II,unknown,,
2022,Athletic Club,arrival,192009,Unai López,26,Rayo VallecanoLaLiga,loan,,
2022,Athletic Club,arrival,455349,Jon Morcillo,23,Real ValladolidLaLiga2,loan,,
2022,Athletic Club,arrival,251848,Iñigo Córdoba,25,Go Ahead EaglesEredivisie,loan,,
2022,Athletic Club,arrival,335216,Iñigo Vicente,24,CD MirandésLaLiga2,loan,,
2022,Athletic Club,arrival,447052,Peru Nolaskoain,23,SD AmorebietaLaLiga2,loan,,
2022,Athletic Club,arrival,626954,Imanol García de Albéniz,22,CD MirandésLaLiga2,loan,,
2022,Athletic Club,departure,192009,Unai López,26,Rayo VallecanoLaLiga,free,0.0,0.0
2022,Athletic Club,departure,251848,Iñigo Córdoba,25,Fortuna SittardEredivisie,free,0.0,0.0
2022,Athletic Club,departure,335216,Iñigo Vicente,24,RacingLaLiga2,free,0.0,0.0
2022,Athletic Club,departure,379548,Jokin Ezkieta,25,RacingLaLiga2,free,0.0,0.0
2022,Athletic Club,departure,338285,Unai Núñez,25,Celta de VigoLaLiga,loan,,
2022,Athletic Club,departure,251897,Asier Villalibre,25,AlavésLaLiga2,loan,,
2022,Athletic Club,departure,668183,Nico Serrano,19,CD MirandésLaLiga2,loan,,
2022,Athletic Club,departure,447052,Peru Nolaskoain,23,SD EibarLaLiga2,loan,,
2022,Athletic Club,departure,527838,Álex Petxarroman,25,FC AndorraLaLiga2,loan,,
2022,Athletic Club,departure,626954,Imanol García de Albéniz,22,SD EibarLaLiga2,loan,,
2022,Athletic Club,departure,626960,Juan Artola,22,Burgos CFLaLiga2,loan,,
2022,Athletic Club,departure,625047,Beñat Prados,21,CD MirandésLaLiga2,loan,,
2022,Athletic Club,departure,99343,Ander Herrera,33,PSGLigue 1,loan,,
2022,Osasuna,arrival,175449,Moi Gómez,28,VillarrealLaLiga,permanent,1800000.0,1.8
2022,Osasuna,arrival,618809,Manu Sánchez,21,AtléticoLaLiga,loan,200000.0,0.2
2022,Osasuna,arrival,118997,Aitor Fernández,31,LevanteLaLiga2,free,0.0,0.0
2022,Osasuna,arrival,238868,Rubén Peña,30,VillarrealLaLiga,free,0.0,0.0
2022,Osasuna,arrival,724520,Abde Ezzalzouli,20,BarcelonaLaLiga,loan,,
2022,Osasuna,arrival,785353,Pablo Ibáñez,23,Osasuna BPrimera Federación - Gr. II,unknown,,
2022,Osasuna,arrival,634131,Aimar Oroz,20,Osasuna BPrimera Federación - Gr. II,unknown,,
2022,Osasuna,arrival,471474,Javi Martínez,23,AlbaceteLaLiga2,loan,,
2022,Osasuna,arrival,242532,Rober Ibáñez,29,CD LeganésLaLiga2,loan,,
2022,Osasuna,arrival,443222,Marc Cardona,26,Go Ahead EaglesEredivisie,loan,,
2022,Osasuna,arrival,388519,Kike Saverio,23,PonferradinaLaLiga2,loan,,
2022,Osasuna,departure,443222,Marc Cardona,26,UD Las PalmasLaLiga2,permanent,250000.0,0.25
2022,Osasuna,departure,63056,Roberto Torres,33,FooladPersian Gulf League,free,0.0,0.0
2022,Osasuna,departure,87469,Cote,32,Sporting GijónLaLiga2,free,0.0,0.0
2022,Osasuna,departure,69660,Jonás Ramalho,29,Málaga CFLaLiga2,free,0.0,0.0
2022,Osasuna,departure,298613,Juan Pérez,26,SD HuescaLaLiga2,free,0.0,0.0
2022,Osasuna,departure,63040,Oier Sanjurjo,36,AEK LarnacaCyprus League,free,0.0,0.0
2022,Osasuna,departure,242532,Rober Ibáñez,29,LevanteLaLiga2,free,0.0,0.0
2022,Osasuna,departure,388519,Kike Saverio,23,Dep. A CoruñaPrimera Federación - Gr. I,free,0.0,0.0
2022,Osasuna,departure,471474,Javi Martínez,22,AlbaceteLaLiga2,loan,,
2022,Osasuna,departure,471474,Javi Martínez,23,SD HuescaLaLiga2,loan,,
2022,Osasuna,departure,488626,Jesús Areso,23,Burgos CFLaLiga2,loan,,
2022,Osasuna,departure,71579,Iñigo Pérez,34,Retired,unknown,,
2022,Osasuna,departure,514514,Iván Barbero,24,Osasuna BPrimera Federación - Gr. II,unknown,,
2022,Osasuna,departure,618809,Manu Sánchez,21,AtléticoLaLiga,loan,,
2022,Girona,arrival,525299,Miguel Gutiérrez,21,Real MadridLaLiga,permanent,11000000.0,11.0
2022,Girona,arrival,66100,Oriol Romeu,30,SouthamptonPremier League,permanent,5500000.0,5.5
2022,Girona,arrival,264372,Viktor Tsygankov,25,Dynamo KyivPremier Liga,permanent,5000000.0,5.0
2022,Girona,arrival,422466,Javi Hernández,24,CD LeganésLaLiga2,loan,500000.0,0.5
2022,Girona,arrival,527350,Manu Vallejo,25,ValenciaLaLiga,free,0.0,0.0
2022,Girona,arrival,337066,Toni Villa,27,Real ValladolidLaLiga,free,0.0,0.0
2022,Girona,arrival,147462,Alexander Callens,30,New York CityMLS,free,0.0,0.0
2022,Girona,arrival,129444,David López,32,EspanyolLaLiga,free,0.0,0.0
2022,Girona,arrival,623526,Toni Fuidias,21,RM CastillaPrimera Federación - Gr. I,free,0.0,0.0
2022,Girona,arrival,378293,Yangel Herrera,24,Man CityPremier League,loan,,
2022,Girona,arrival,522784,Taty Castellanos,23,New York CityMLS,loan,,
2022,Girona,arrival,627226,Reinier,20,Real MadridLaLiga,loan,,
2022,Girona,arrival,627228,Yan Couto,20,Man CityPremier League,loan,,
2022,Girona,arrival,195488,Paulo Gazzaniga,30,FulhamPremier League,loan,,
2022,Girona,arrival,461617,Rodrigo Riquelme,22,AtléticoLaLiga,loan,,
2022,Girona,arrival,707572,Pau Víctor,20,Girona FC BSpain,unknown,,
2022,Girona,arrival,921734,Óscar Ureña,19,Girona FC BSpain,unknown,,
2022,Girona,arrival,593412,Ilyas Chaira,21,Girona FC BSpain,unknown,,
2022,Girona,arrival,802046,Arnau Ortiz,20,Girona FC BSpain,unknown,,
2022,Girona,arrival,906948,Gabri Martínez,19,Girona FC BSpain,unknown,,
2022,Girona,arrival,582664,Álex Sala,21,Girona FC BSpain,unknown,,
2022,Girona,arrival,210143,Álex Gallar,30,FC CartagenaLaLiga2,loan,,
2022,Girona,arrival,286849,Jordi Calavera,26,Sporting GijónLaLiga2,loan,,
2022,Girona,arrival,628621,Jonathan Dubasin,22,UD LogroñésPrimera Federación - Gr. I,loan,,
2022,Girona,departure,628621,Jonathan Dubasin,22,AlbaceteLaLiga2,permanent,750000.0,0.75
2022,Girona,departure,131506,Samu Saiz,32,SivassporSüper Lig,free,0.0,0.0
2022,Girona,departure,210143,Álex Gallar,30,Málaga CFLaLiga2,free,0.0,0.0
2022,Girona,departure,337946,Jairo Izquierdo,28,FC CartagenaLaLiga2,free,0.0,0.0
2022,Girona,departure,286849,Jordi Calavera,26,CD LugoLaLiga2,free,0.0,0.0
2022,Girona,departure,142033,Adrián Ortolá,28,KMSK DeinzeChallenger Pro League,free,0.0,0.0
2022,Girona,departure,527350,Manu Vallejo,25,Real OviedoLaLiga2,loan,,
2022,Girona,departure,783396,Ramón Terrats,22,VillarrealLaLiga,loan,,
2022,Girona,departure,707572,Pau Víctor,20,CE SabadellPrimera Federación - Gr. II,loan,,
2022,Girona,departure,921734,Óscar Ureña,19,FC CartagenaLaLiga2,loan,,
2022,Girona,departure,593412,Ilyas Chaira,21,San Fernando CDPrimera Federación - Gr. I,loan,,
2022,Girona,departure,802046,Arnau Ortiz,20,Real MurciaPrimera Federación - Gr. II,loan,,
2022,Girona,departure,906948,Gabri Martínez,19,San Fernando CDPrimera Federación - Gr. I,loan,,
2022,Girona,departure,582664,Álex Sala,21,CE SabadellPrimera Federación - Gr. II,loan,,
2022,Girona,departure,164055,David Juncà,28,Without Club,unknown,,
2022,Girona,departure,63290,Víctor Sánchez,34,Retired,unknown,,
2022,Girona,departure,439629,Nahuel Bustos,23,Man CityPremier League,loan,,
2022,Girona,departure,548111,Álex Baena,20,VillarrealLaLiga,loan,,
2022,Girona,departure,627226,Reinier,21,Real MadridLaLiga,loan,,
2022,Girona,departure,668552,Darío Sarmiento,19,Man City U21Premier League 2,loan,,
2022,Girona,departure,412045,Pol Lozano,22,EspanyolLaLiga,loan,,
2022,Girona,departure,466811,Pablo Moreno,20,Man City U21Premier League 2,loan,,
2022,Celta Vigo,arrival,429983,Jørgen Strand Larsen,22,FC GroningenEredivisie,permanent,15040000.0,15.04
2022,Celta Vigo,arrival,764859,Williot Swedberg,18,HammarbyAllsvenskan,permanent,5500000.0,5.5
2022,Celta Vigo,arrival,315762,Luca de la Torre,24,Heracles AlmeloKeuken Kampioen Divisie,permanent,1400000.0,1.4
2022,Celta Vigo,arrival,282810,Carles Pérez,24,RomaSerie A,loan,1000000.0,1.0
2022,Celta Vigo,arrival,54534,Agustín Marchesín,34,PortoLiga Portugal,permanent,1000000.0,1.0
2022,Celta Vigo,arrival,625654,Julen Lobete,21,Real Sociedad BPrimera Federación - Gr. II,permanent,1000000.0,1.0
2022,Celta Vigo,arrival,181547,Gonçalo Paciência,28,FrankfurtBundesliga,permanent,790000.0,0.79
2022,Celta Vigo,arrival,331505,Óscar Mingueza,23,BarcelonaLaLiga,free,0.0,0.0
2022,Celta Vigo,arrival,338285,Unai Núñez,25,Athletic ClubLaLiga,loan,,
2022,Celta Vigo,arrival,284884,Óscar Rodríguez,24,Sevilla FCLaLiga,loan,,
2022,Celta Vigo,arrival,109256,Haris Seferovic,30,BenficaLiga Portugal,loan,,
2022,Celta Vigo,arrival,699704,Gabri Veiga,20,Celta FortunaPrimera Federación - Gr. I,unknown,,
2022,Celta Vigo,arrival,636093,Carlos Domínguez,21,Celta FortunaPrimera Federación - Gr. I,unknown,,
2022,Celta Vigo,arrival,634427,Miguel Rodríguez,19,Celta FortunaPrimera Federación - Gr. I,unknown,,
2022,Celta Vigo,arrival,42373,Diego Alves,37,Without Club,unknown,,
2022,Celta Vigo,arrival,137616,Okay Yokuşlu,28,GetafeLaLiga,loan,,
2022,Celta Vigo,arrival,283223,Emre Mor,24,KaragümrükSüper Lig,loan,,
2022,Celta Vigo,arrival,545647,Sergio Carreira,21,CD MirandésLaLiga2,loan,,
2022,Celta Vigo,arrival,297194,Iván Villar,24,CD LeganésLaLiga2,loan,,
2022,Celta Vigo,arrival,523977,Miguel Baeza,22,PonferradinaLaLiga2,loan,,
2022,Celta Vigo,departure,309110,Brais Méndez,25,Real SociedadLaLiga,permanent,14000000.0,14.0
2022,Celta Vigo,departure,64134,Néstor Araújo,30,AméricaLiga MX Apertura,permanent,3000000.0,3.0
2022,Celta Vigo,departure,165007,Denis Suárez,29,EspanyolLaLiga,loan,200000.0,0.2
2022,Celta Vigo,departure,137616,Okay Yokuşlu,28,West BromChampionship,free,0.0,0.0
2022,Celta Vigo,departure,283223,Emre Mor,24,KaragümrükSüper Lig,free,0.0,0.0
2022,Celta Vigo,departure,334042,Orbelín Pineda,26,AEK AthensSuper League 1,loan,,
2022,Celta Vigo,departure,199321,Rubén Blanco,26,MarseilleLigue 1,loan,,
2022,Celta Vigo,departure,625654,Julen Lobete,21,RKC WaalwijkEredivisie,loan,,
2022,Celta Vigo,departure,545647,Sergio Carreira,21,Villarreal CF BLaLiga2,loan,,
2022,Celta Vigo,departure,523977,Miguel Baeza,22,Rio AveLiga Portugal,loan,,
2022,Celta Vigo,departure,609361,José Fontán,22,Go Ahead EaglesEredivisie,loan,,
2022,Celta Vigo,departure,255653,Santi Mina,26,Al-ShababSaudi Pro League,loan,,
2022,Celta Vigo,departure,70934,Nolito,35,Without Club,unknown,,
2022,Celta Vigo,departure,42373,Diego Alves,37,Without Club,unknown,,
2022,Celta Vigo,departure,131102,Jeison Murillo,30,SampdoriaSerie A,loan,,
2022,Celta Vigo,departure,186399,Thiago Galhardo,32,InternacionalSérie A,loan,,
2022,Celta Vigo,departure,144128,Matías Dituro,35,U. CatólicaLiga Primera,loan,,
2022,Getafe,arrival,298976,Borja Mayoral,25,Real MadridLaLiga,permanent,10000000.0,10.0
2022,Getafe,arrival,281989,Luis Milla,27,Granada CFLaLiga2,permanent,5000000.0,5.0
2022,Getafe,arrival,257376,Domingos Duarte,27,Granada CFLaLiga2,permanent,750000.0,0.75
2022,Getafe,arrival,223725,Munir El Haddadi,26,Sevilla FCLaLiga,free,0.0,0.0
2022,Getafe,arrival,340867,Jaime Seoane,25,SD HuescaLaLiga2,free,0.0,0.0
2022,Getafe,arrival,268506,Fabrizio Angileri,28,River PlateLiga Profesional (- 23/24),free,0.0,0.0
2022,Getafe,arrival,27486,Kiko Casilla,35,LeedsPremier League,free,0.0,0.0
2022,Getafe,arrival,353032,Omar Alderete,25,Hertha BSCBundesliga,loan,,
2022,Getafe,arrival,99353,Portu,30,Real SociedadLaLiga,loan,,
2022,Getafe,arrival,241229,Jordan Amavi,28,MarseilleLigue 1,loan,,
2022,Getafe,arrival,398163,Gonzalo Villar,24,RomaSerie A,loan,,
2022,Getafe,arrival,623521,Juanmi Latasa,21,Real MadridLaLiga,loan,,
2022,Getafe,arrival,648812,Sabit Abdulai,23,Getafe CF BSpain,unknown,,
2022,Getafe,arrival,638589,Ángel Algobia,23,Getafe CF BSpain,unknown,,
2022,Getafe,arrival,573775,Hugo Duro,22,ValenciaLaLiga,loan,,
2022,Getafe,arrival,70245,Ignasi Miquel,29,SD HuescaLaLiga2,loan,,
2022,Getafe,arrival,248330,Chema Rodríguez,30,SD EibarLaLiga2,loan,,
2022,Getafe,arrival,399780,Darío Poveda,25,UD IbizaLaLiga2,loan,,
2022,Getafe,arrival,399780,Darío Poveda,25,SD HuescaLaLiga2,loan,,
2022,Getafe,arrival,583510,Miguel Rubio,24,Burgos CFLaLiga2,loan,,
2022,Getafe,arrival,147524,Jack Harper,26,RacingPrimera Federación - Gr. I,loan,,
2022,Getafe,departure,376514,Mathías Olivera,24,NapoliSerie A,permanent,16500000.0,16.5
2022,Getafe,departure,573775,Hugo Duro,22,ValenciaLaLiga,permanent,4000000.0,4.0
2022,Getafe,departure,246335,Rubén Yáñez,28,Málaga CFLaLiga2,free,0.0,0.0
2022,Getafe,departure,70245,Ignasi Miquel,29,Granada CFLaLiga2,free,0.0,0.0
2022,Getafe,departure,248330,Chema Rodríguez,30,SD EibarLaLiga2,free,0.0,0.0
2022,Getafe,departure,583510,Miguel Rubio,24,Granada CFLaLiga2,free,0.0,0.0
2022,Getafe,departure,319160,Jakub Jankto,26,Sparta PragueChance Liga,loan,,
2022,Getafe,departure,189453,Jonathan Silva,28,Granada CFLaLiga2,loan,,
2022,Getafe,departure,302991,Erick Cabaco,27,Granada CFLaLiga2,loan,,
2022,Getafe,departure,399780,Darío Poveda,25,FC CartagenaLaLiga2,loan,,
2022,Getafe,departure,399780,Darío Poveda,25,UD IbizaLaLiga2,loan,,
2022,Getafe,departure,147524,Jack Harper,26,Hércules CFSegunda Federación - Gr. III,loan,,
2022,Getafe,departure,648812,Sabit Abdulai,23,PonferradinaLaLiga2,loan,,
2022,Getafe,departure,298976,Borja Mayoral,25,RomaSerie A,loan,,
2022,Getafe,departure,284884,Óscar Rodríguez,24,Sevilla FCLaLiga,loan,,
2022,Getafe,departure,494880,Jorge Cuenca,22,VillarrealLaLiga,loan,,
2022,Getafe,departure,398163,Gonzalo Villar,24,RomaSerie A,loan,,
2022,Getafe,departure,357162,Florentino,22,BenficaLiga Portugal,loan,,
2022,Getafe,departure,199369,Sandro Ramírez,26,SD HuescaLaLiga2,loan,,
2022,Getafe,departure,137616,Okay Yokuşlu,28,Celta de VigoLaLiga,loan,,
2022,Getafe,departure,67082,Vitolo,32,AtléticoLaLiga,loan,,
2022,RCD Espanyol Barcelona,arrival,387687,César Montes,25,MonterreyLiga MX Apertura,permanent,8000000.0,8.0
2022,RCD Espanyol Barcelona,arrival,506248,Edu Expósito,26,SD EibarLaLiga2,permanent,4500000.0,4.5
2022,RCD Espanyol Barcelona,arrival,557147,José Gragera,22,Sporting GijónLaLiga2,permanent,2800000.0,2.8
2022,RCD Espanyol Barcelona,arrival,182581,Tonny Vilhena,27,KrasnodarPremier Liga,permanent,2500000.0,2.5
2022,RCD Espanyol Barcelona,arrival,172015,Fernando Pacheco,30,UD AlmeríaLaLiga,permanent,2200000.0,2.2
2022,RCD Espanyol Barcelona,arrival,453704,Álvaro Ferllo,24,SD HuescaLaLiga2,loan,400000.0,0.4
2022,RCD Espanyol Barcelona,arrival,165007,Denis Suárez,29,Celta de VigoLaLiga,loan,200000.0,0.2
2022,RCD Espanyol Barcelona,arrival,95732,Martin Braithwaite,31,BarcelonaLaLiga,free,0.0,0.0
2022,RCD Espanyol Barcelona,arrival,81999,Joselu,32,AlavésLaLiga2,free,0.0,0.0
2022,RCD Espanyol Barcelona,arrival,166677,Brian Oliván,28,RCD MallorcaLaLiga,free,0.0,0.0
2022,RCD Espanyol Barcelona,arrival,282410,José Carlos Lazo,26,UD AlmeríaLaLiga,free,0.0,0.0
2022,RCD Espanyol Barcelona,arrival,127181,Benjamin Lecomte,31,MonacoLigue 1,loan,,
2022,RCD Espanyol Barcelona,arrival,410185,Ronaël Pierre-Gabriel,24,MainzBundesliga,loan,,
2022,RCD Espanyol Barcelona,arrival,663581,Vini Souza,23,Lommel SKChallenger Pro League,loan,,
2022,RCD Espanyol Barcelona,arrival,422460,Dani Gómez,24,LevanteLaLiga2,loan,,
2022,RCD Espanyol Barcelona,arrival,822331,Omar El Hilali,19,RCD Espanyol BSegunda Federación - Gr. III,unknown,,
2022,RCD Espanyol Barcelona,arrival,705808,Max Svensson,20,RCD Espanyol BSegunda Federación - Gr. III,unknown,,
2022,RCD Espanyol Barcelona,arrival,705813,Rubén Sánchez,21,RCD Espanyol BSegunda Federación - Gr. III,unknown,,
2022,RCD Espanyol Barcelona,arrival,495600,Álvaro García,22,RCD Espanyol BSegunda Federación - Gr. III,unknown,,
2022,RCD Espanyol Barcelona,arrival,945496,Simo Keddari,17,RCD Espanyol BSegunda Federación - Gr. III,unknown,,
2022,RCD Espanyol Barcelona,arrival,628498,Jofre Carreras,21,RCD Espanyol BSegunda Federación - Gr. III,unknown,,
2022,RCD Espanyol Barcelona,arrival,376211,Matías Vargas,25,Adana DemirsporSüper Lig,loan,,
2022,RCD Espanyol Barcelona,arrival,495601,Víctor Gómez,22,Málaga CFLaLiga2,loan,,
2022,RCD Espanyol Barcelona,arrival,412045,Pol Lozano,22,GironaLaLiga2,loan,,
2022,RCD Espanyol Barcelona,arrival,162074,Álvaro Vadillo,27,Málaga CFLaLiga2,loan,,
2022,RCD Espanyol Barcelona,arrival,399775,Miguel Llambrich,26,Real OviedoLaLiga2,loan,,
2022,RCD Espanyol Barcelona,arrival,495600,Álvaro García,22,UD IbizaLaLiga2,loan,,
2022,RCD Espanyol Barcelona,departure,162038,Raúl de Tomás,27,Rayo VallecanoLaLiga,permanent,11000000.0,11.0
2022,RCD Espanyol Barcelona,departure,376211,Matías Vargas,25,SH PortSuper League,permanent,4000000.0,4.0
2022,RCD Espanyol Barcelona,departure,140436,Lei Wu,30,SH PortSuper League,permanent,1500000.0,1.5
2022,RCD Espanyol Barcelona,departure,288318,Adrián Embarba,30,UD AlmeríaLaLiga,permanent,1000000.0,1.0
2022,RCD Espanyol Barcelona,departure,182581,Tonny Vilhena,27,SalernitanaSerie A,loan,300000.0,0.3
2022,RCD Espanyol Barcelona,departure,448344,Óscar Melendo,24,Granada CFLaLiga2,free,0.0,0.0
2022,RCD Espanyol Barcelona,departure,129444,David López,32,GironaLaLiga,free,0.0,0.0
2022,RCD Espanyol Barcelona,departure,42920,Fran Mérida,32,TJ Jinmen TigerSuper League,free,0.0,0.0
2022,RCD Espanyol Barcelona,departure,34370,Diego López,40,Rayo VallecanoLaLiga,free,0.0,0.0
2022,RCD Espanyol Barcelona,departure,8176,Oier Olazábal,32,PafosCyprus League,free,0.0,0.0
2022,RCD Espanyol Barcelona,departure,495601,Víctor Gómez,22,BragaLiga Portugal,loan,,
2022,RCD Espanyol Barcelona,departure,311489,Landry Dimata,24,NEC NijmegenEredivisie,loan,,
2022,RCD Espanyol Barcelona,departure,412045,Pol Lozano,23,Granada CFLaLiga2,loan,,
2022,RCD Espanyol Barcelona,departure,162074,Álvaro Vadillo,27,SD EibarLaLiga2,loan,,
2022,RCD Espanyol Barcelona,departure,399775,Miguel Llambrich,26,Real OviedoLaLiga2,loan,,
2022,RCD Espanyol Barcelona,departure,399775,Miguel Llambrich,26,FC CartagenaLaLiga2,loan,,
2022,RCD Espanyol Barcelona,departure,705808,Max Svensson,20,Dep. A CoruñaPrimera Federación - Gr. I,loan,,
2022,RCD Espanyol Barcelona,departure,495600,Álvaro García,22,UD IbizaLaLiga2,loan,,
2022,RCD Espanyol Barcelona,departure,495600,Álvaro García,22,CF FuenlabradaPrimera Federación - Gr. I,loan,,
2022,RCD Espanyol Barcelona,departure,628498,Jofre Carreras,21,CD MirandésLaLiga2,loan,,
2022,RCD Espanyol Barcelona,departure,67090,Dídac Vilà,33,Retired,unknown,,
2022,RCD Espanyol Barcelona,departure,378293,Yangel Herrera,24,Man CityPremier League,loan,,
2022,RCD Espanyol Barcelona,departure,182581,Tonny Vilhena,27,KrasnodarPremier Liga,loan,,
2022,RCD Espanyol Barcelona,departure,335225,Manu Morlanes,23,VillarrealLaLiga,loan,,
2022,RCD Espanyol Barcelona,departure,127181,Benjamin Lecomte,31,MonacoLigue 1,loan,,
2022,RCD Espanyol Barcelona,departure,354741,Loren Morón,28,Real BetisLaLiga,loan,,
2022,Almeria,arrival,649016,El Bilal Touré,20,Stade ReimsLigue 1,permanent,8000000.0,8.0
2022,Almeria,arrival,743589,Kaiky,18,SantosSérie A,permanent,7000000.0,7.0
2022,Almeria,arrival,574772,Lázaro,20,FlamengoSérie A,permanent,7000000.0,7.0
2022,Almeria,arrival,845568,Marko Milovanović,18,PartizanSuper liga Srbije,permanent,3500000.0,3.5
2022,Almeria,arrival,341272,Álex Pozo,23,Sevilla FCLaLiga,permanent,3000000.0,3.0
2022,Almeria,arrival,696506,Gui Guedes,20,Vit. GuimarãesLiga Portugal,permanent,3000000.0,3.0
2022,Almeria,arrival,162056,Gonzalo Melero,28,LevanteLaLiga2,permanent,1900000.0,1.9
2022,Almeria,arrival,221899,Léo Baptistão,29,SantosSérie A,permanent,1500000.0,1.5
2022,Almeria,arrival,222805,Srdjan Babic,26,Red StarSuper liga Srbije,permanent,1100000.0,1.1
2022,Almeria,arrival,288318,Adrián Embarba,30,EspanyolLaLiga,permanent,1000000.0,1.0
2022,Almeria,arrival,59349,Diego Mariño,32,Sporting GijónLaLiga2,permanent,80000.0,0.08
2022,Almeria,arrival,172015,Fernando Pacheco,30,AlavésLaLiga2,free,0.0,0.0
2022,Almeria,arrival,442552,Houboulang Mendes,24,FC LorientLigue 1,free,0.0,0.0
2022,Almeria,arrival,636697,Arnau Solà,19,Barça U19Spain,free,0.0,0.0
2022,Almeria,arrival,424784,Luis Suárez,25,MarseilleLigue 1,loan,,
2022,Almeria,arrival,531274,Diego Fuoli,24,UD Almería BSpain,unknown,,
2022,Almeria,arrival,258475,Nikola Maras,26,Rayo VallecanoLaLiga,loan,,
2022,Almeria,arrival,433257,Arvin Appiah,21,CD TenerifeLaLiga2,loan,,
2022,Almeria,arrival,579346,Jonathan Vieira,24,BotafogoSérie A,loan,,
2022,Almeria,arrival,374055,Dragan Rosic,25,AlbacetePrimera Federación - Gr. II,loan,,
2022,Almeria,arrival,657746,Cristian Olivera,20,PeñarolLiga AUF Clausura,loan,,
2022,Almeria,arrival,568155,Jordi Escobar,20,Barça AtlèticPrimera Federación - Gr. II,loan,,
2022,Almeria,arrival,635332,Javi Robles,22,CF FuenlabradaPrimera Federación - Gr. I,loan,,
2022,Almeria,departure,337715,Umar Sadiq,25,Real SociedadLaLiga,permanent,20000000.0,20.0
2022,Almeria,departure,172015,Fernando Pacheco,30,EspanyolLaLiga,permanent,2200000.0,2.2
2022,Almeria,departure,282410,José Carlos Lazo,26,EspanyolLaLiga,free,0.0,0.0
2022,Almeria,departure,208116,Curro Sánchez,26,Burgos CFLaLiga2,free,0.0,0.0
2022,Almeria,departure,55977,Giorgi Makaridze,32,PonferradinaLaLiga2,free,0.0,0.0
2022,Almeria,departure,327207,Juanjo Nieto,28,SD HuescaLaLiga2,free,0.0,0.0
2022,Almeria,departure,374081,Aitor Buñuel,24,CD TenerifeLaLiga2,free,0.0,0.0
2022,Almeria,departure,85500,Juan Villar,34,SD HuescaLaLiga2,free,0.0,0.0
2022,Almeria,departure,374055,Dragan Rosic,25,Radnicki NisSuper liga Srbije,free,0.0,0.0
2022,Almeria,departure,635332,Javi Robles,22,Pontevedra CFPrimera Federación - Gr. I,free,0.0,0.0
2022,Almeria,departure,696506,Gui Guedes,20,CD LugoLaLiga2,loan,,
2022,Almeria,departure,258475,Nikola Maras,26,AlavésLaLiga2,loan,,
2022,Almeria,departure,433257,Arvin Appiah,22,Málaga CFLaLiga2,loan,,
2022,Almeria,departure,433257,Arvin Appiah,21,CD TenerifeLaLiga2,loan,,
2022,Almeria,departure,406773,Iván Martos,25,FC CartagenaLaLiga2,loan,,
2022,Almeria,departure,657746,Cristian Olivera,20,Boston RiverLiga AUF Clausura,loan,,
2022,Almeria,departure,636697,Arnau Solà,19,Real MurciaPrimera Federación - Gr. II,loan,,
2022,Almeria,departure,568155,Jordi Escobar,20,Betis DeportivoSegunda Federación - Gr. IV,loan,,
2022,Almeria,departure,635332,Javi Robles,21,CF FuenlabradaPrimera Federación - Gr. I,loan,,
2022,Almeria,departure,579346,Jonathan Vieira,24,Without Club,unknown,,
2022,Almeria,departure,37712,Daniel Carriço,33,Without Club,unknown,,
2022,Almeria,departure,341272,Álex Pozo,23,Sevilla FCLaLiga,loan,,
2022,Almeria,departure,222805,Srdjan Babic,26,Red StarSuper liga Srbije,loan,,
2022,Almeria,departure,332615,Nélson Monte,26,SC Dnipro-1Premier Liga,loan,,
2022,Mallorca,arrival,256267,Vedat Muriqi,28,LazioSerie A,permanent,11900000.0,11.9
2022,Mallorca,arrival,251876,Pablo Maffeo,24,StuttgartBundesliga,permanent,3000000.0,3.0
2022,Mallorca,arrival,190263,Predrag Rajković,26,Stade ReimsLigue 1,permanent,2000000.0,2.0
2022,Mallorca,arrival,384060,Tino Kadewere,26,LyonLigue 1,loan,400000.0,0.4
2022,Mallorca,arrival,89297,Rodrigo Battaglia,31,SportingLiga Portugal,free,0.0,0.0
2022,Mallorca,arrival,143559,Matija Nastasić,29,FiorentinaSerie A,free,0.0,0.0
2022,Mallorca,arrival,520840,José Copete,22,PonferradinaLaLiga2,free,0.0,0.0
2022,Mallorca,arrival,170646,Ludwig Augustinsson,28,Sevilla FCLaLiga,loan,,
2022,Mallorca,arrival,335225,Manu Morlanes,24,VillarrealLaLiga,loan,,
2022,Mallorca,arrival,322065,Dennis Hadzikadunic,24,RostovPremier Liga,loan,,
2022,Mallorca,arrival,562742,Leo Román,21,RCD Mallorca BSegunda Federación - Gr. III,unknown,,
2022,Mallorca,arrival,706138,Javi Llabrés,19,RCD Mallorca BSegunda Federación - Gr. III,unknown,,
2022,Mallorca,arrival,350364,Joan Sastre,25,PAOKSuper League 1,loan,,
2022,Mallorca,arrival,331498,Jordi Mboula,23,EstorilLiga Portugal,loan,,
2022,Mallorca,arrival,100722,Lago Júnior,31,SD HuescaLaLiga2,loan,,
2022,Mallorca,arrival,401521,Braian Cufré,25,Málaga CFLaLiga2,loan,,
2022,Mallorca,arrival,217144,Aleix Febas,26,Málaga CFLaLiga2,loan,,
2022,Mallorca,arrival,178187,Álex Alegría,30,CF FuenlabradaPrimera Federación - Gr. I,loan,,
2022,Mallorca,arrival,178187,Álex Alegría,29,Burgos CFLaLiga2,loan,,
2022,Mallorca,departure,678194,Matthew Hoppe,21,MiddlesbroughChampionship,permanent,3000000.0,3.0
2022,Mallorca,departure,378463,Franco Russo,28,Ludogoretsefbet Liga,permanent,1100000.0,1.1
2022,Mallorca,departure,89297,Rodrigo Battaglia,31,Atlético-MGSérie A,permanent,800000.0,0.8
2022,Mallorca,departure,350364,Joan Sastre,25,PAOKSuper League 1,permanent,400000.0,0.4
2022,Mallorca,departure,166677,Brian Oliván,28,EspanyolLaLiga,free,0.0,0.0
2022,Mallorca,departure,217144,Aleix Febas,26,Málaga CFLaLiga2,free,0.0,0.0
2022,Mallorca,departure,100722,Lago Júnior,32,Málaga CFLaLiga2,free,0.0,0.0
2022,Mallorca,departure,237499,Aleksandar Sedlar,30,AlavésLaLiga2,free,0.0,0.0
2022,Mallorca,departure,58799,Salva Sevilla,38,AlavésLaLiga2,free,0.0,0.0
2022,Mallorca,departure,29051,Manolo Reina,37,Málaga CFLaLiga2,free,0.0,0.0
2022,Mallorca,departure,178187,Álex Alegría,30,FooladPersian Gulf League,free,0.0,0.0
2022,Mallorca,departure,331498,Jordi Mboula,23,RacingLaLiga2,loan,,
2022,Mallorca,departure,401521,Braian Cufré,26,New York CityMLS,loan,,
2022,Mallorca,departure,706138,Javi Llabrés,20,CD MirandésLaLiga2,loan,,
2022,Mallorca,departure,178187,Álex Alegría,29,CF FuenlabradaPrimera Federación - Gr. I,loan,,
2022,Mallorca,departure,405398,Takefusa Kubo,21,Real MadridLaLiga,loan,,
2022,Mallorca,departure,256267,Vedat Muriqi,28,LazioSerie A,loan,,
2022,Mallorca,departure,251876,Pablo Maffeo,24,StuttgartBundesliga,loan,,
2022,Mallorca,departure,207302,Sergio Rico,28,PSGLigue 1,loan,,
2022,Mallorca,departure,627294,Fer Niño,21,VillarrealLaLiga,loan,,
2022,Mallorca,departure,89297,Rodrigo Battaglia,30,SportingLiga Portugal,loan,,
2022,Rayo Vallecano,arrival,162038,Raúl de Tomás,27,EspanyolLaLiga,permanent,11000000.0,11.0
2022,Rayo Vallecano,arrival,596122,Pep Chavarría,24,Real ZaragozaLaLiga2,permanent,1800000.0,1.8
2022,Rayo Vallecano,arrival,451801,Abdul Mumin,24,Vit. GuimarãesLiga Portugal,permanent,1500000.0,1.5
2022,Rayo Vallecano,arrival,192009,Unai López,26,Athletic ClubLaLiga,free,0.0,0.0
2022,Rayo Vallecano,arrival,246204,Salvi Sánchez,31,Cádiz CFLaLiga,free,0.0,0.0
2022,Rayo Vallecano,arrival,34370,Diego López,40,EspanyolLaLiga,free,0.0,0.0
2022,Rayo Vallecano,arrival,505674,Sergio Camello,21,AtléticoLaLiga,loan,,
2022,Rayo Vallecano,arrival,127108,Florian Lejeune,31,AlavésLaLiga2,loan,,
2022,Rayo Vallecano,arrival,260740,Iván Arboleda,26,Newell'sLiga Profesional (- 23/24),loan,,
2022,Rayo Vallecano,arrival,195605,José Pozo,26,Al-Ahli SCStars League,loan,,
2022,Rayo Vallecano,arrival,531277,Andrés Martín,22,CD TenerifeLaLiga2,loan,,
2022,Rayo Vallecano,arrival,607780,Miguel Ángel Morro,21,CF FuenlabradaLaLiga2,loan,,
2022,Rayo Vallecano,arrival,717957,Jorge Moreno,20,CyD LeonesaPrimera Federación - Gr. I,loan,,
2022,Rayo Vallecano,arrival,607779,Sergio Moreno,23,SD AmorebietaLaLiga2,loan,,
2022,Rayo Vallecano,arrival,343273,Joni Montiel,23,Real OviedoLaLiga2,loan,,
2022,Rayo Vallecano,arrival,182963,Lass Bangoura,30,PAS LamiaSuper League 1,loan,,
2022,Rayo Vallecano,arrival,638588,Martín Pascual,22,Villarreal CF BPrimera Federación - Gr. II,loan,,
2022,Rayo Vallecano,departure,560483,Randy Nteka,25,Elche CFLaLiga,loan,200000.0,0.2
2022,Rayo Vallecano,departure,283489,Luca Zidane,24,SD EibarLaLiga2,free,0.0,0.0
2022,Rayo Vallecano,departure,153427,Bebé,32,Real ZaragozaLaLiga2,loan,,
2022,Rayo Vallecano,departure,717957,Jorge Moreno,20,Córdoba CFPrimera Federación - Gr. I,loan,,
2022,Rayo Vallecano,departure,607779,Sergio Moreno,23,Osasuna BPrimera Federación - Gr. II,loan,,
2022,Rayo Vallecano,departure,343273,Joni Montiel,23,LevanteLaLiga2,loan,,
2022,Rayo Vallecano,departure,638588,Martín Pascual,22,UD IbizaLaLiga2,loan,,
2022,Rayo Vallecano,departure,260740,Iván Arboleda,26,Without Club,unknown,,
2022,Rayo Vallecano,departure,182963,Lass Bangoura,30,Without Club,unknown,,
2022,Rayo Vallecano,departure,192009,Unai López,26,Athletic ClubLaLiga,loan,,
2022,Rayo Vallecano,departure,256429,Sergi Guardiola,31,Real ValladolidLaLiga,loan,,
2022,Rayo Vallecano,departure,206947,Kévin Rodrigues,28,Real SociedadLaLiga,loan,,
2022,Rayo Vallecano,departure,289272,Martín Merquelanz,27,Real SociedadLaLiga,loan,,
2022,Rayo Vallecano,departure,166683,Mamadou Sylla,28,AlavésLaLiga2,loan,,
2022,Rayo Vallecano,departure,258475,Nikola Maras,26,UD AlmeríaLaLiga,loan,,
2022,Real Valladolid CF,arrival,592735,Gonzalo Plata,21,SportingLiga Portugal,permanent,9000000.0,9.0
2022,Real Valladolid CF,arrival,282727,Monchu,22,Granada CFLaLiga2,permanent,1200000.0,1.2
2022,Real Valladolid CF,arrival,377219,Selim Amallah,26,Standard LiègeJupiler Pro League,permanent,1000000.0,1.0
2022,Real Valladolid CF,arrival,281404,Kenedy,26,ChelseaPremier League,permanent,500000.0,0.5
2022,Real Valladolid CF,arrival,205569,Mickaël Malsa,26,LevanteLaLiga2,permanent,500000.0,0.5
2022,Real Valladolid CF,arrival,221311,Iván Sánchez,29,BirminghamChampionship,permanent,100000.0,0.1
2022,Real Valladolid CF,arrival,51710,Sergio Asenjo,33,VillarrealLaLiga,free,0.0,0.0
2022,Real Valladolid CF,arrival,211251,Darwin Machís,29,FC JuárezLiga MX Apertura,free,0.0,0.0
2022,Real Valladolid CF,arrival,129386,Zouhair Feddal,32,SportingLiga Portugal,free,0.0,0.0
2022,Real Valladolid CF,arrival,93935,Sergio Escudero,32,Granada CFLaLiga2,free,0.0,0.0
2022,Real Valladolid CF,arrival,213595,Juanjo Narváez,27,Real ZaragozaLaLiga2,free,0.0,0.0
2022,Real Valladolid CF,arrival,343463,Cyle Larin,27,Club BruggeJupiler Pro League,loan,,
2022,Real Valladolid CF,arrival,398808,Martin Hongla,24,Hellas VeronaSerie A,loan,,
2022,Real Valladolid CF,arrival,524572,Paulo Vítor,23,Valladolid PromSegunda Federación - Gr. I,unknown,,
2022,Real Valladolid CF,arrival,946883,Iván Fresneda,17,Valladolid PromSegunda Federación - Gr. I,unknown,,
2022,Real Valladolid CF,arrival,468309,Lucas Rosa,22,Valladolid PromSegunda Federación - Gr. I,unknown,,
2022,Real Valladolid CF,arrival,256429,Sergi Guardiola,31,Rayo VallecanoLaLiga,loan,,
2022,Real Valladolid CF,arrival,247250,Rubén Alcaraz,31,Cádiz CFLaLiga,loan,,
2022,Real Valladolid CF,arrival,216240,Lucas Olaza,27,Elche CFLaLiga,loan,,
2022,Real Valladolid CF,arrival,307519,Fede San Emeterio,25,Cádiz CFLaLiga,loan,,
2022,Real Valladolid CF,arrival,527698,Kike Pérez,25,Elche CFLaLiga,loan,,
2022,Real Valladolid CF,arrival,373683,Diego Alende,24,CD LugoLaLiga2,loan,,
2022,Real Valladolid CF,arrival,337070,Sekou Gassama,27,Málaga CFLaLiga2,loan,,
2022,Real Valladolid CF,arrival,590690,Víctor García,24,Dep. A CoruñaPrimera Federación - Gr. I,loan,,
2022,Real Valladolid CF,arrival,268946,José Antonio Caro,28,Burgos CFLaLiga2,loan,,
2022,Real Valladolid CF,arrival,591375,Stiven Plaza,23,IndependienteSerie A Primera Etapa,loan,,
2022,Real Valladolid CF,departure,247250,Rubén Alcaraz,31,Cádiz CFLaLiga,permanent,1000000.0,1.0
2022,Real Valladolid CF,departure,196435,Saidy Janko,26,VfL BochumBundesliga,loan,300000.0,0.3
2022,Real Valladolid CF,departure,337066,Toni Villa,27,GironaLaLiga,free,0.0,0.0
2022,Real Valladolid CF,departure,129386,Zouhair Feddal,33,AlanyasporSüper Lig,free,0.0,0.0
2022,Real Valladolid CF,departure,307519,Fede San Emeterio,25,Cádiz CFLaLiga,free,0.0,0.0
2022,Real Valladolid CF,departure,51667,Kiko Olivas,33,FC CartagenaLaLiga2,free,0.0,0.0
2022,Real Valladolid CF,departure,127554,Nacho Martínez,33,CD TenerifeLaLiga2,free,0.0,0.0
2022,Real Valladolid CF,departure,404688,Waldo Rubio,27,CD TenerifeLaLiga2,free,0.0,0.0
2022,Real Valladolid CF,departure,142027,Pablo Hervías,29,Málaga CFLaLiga2,free,0.0,0.0
2022,Real Valladolid CF,departure,373683,Diego Alende,24,FC AndorraLaLiga2,free,0.0,0.0
2022,Real Valladolid CF,departure,590690,Víctor García,24,AD AlcorcónPrimera Federación - Gr. I,free,0.0,0.0
2022,Real Valladolid CF,departure,268946,José Antonio Caro,28,Burgos CFLaLiga2,free,0.0,0.0
2022,Real Valladolid CF,departure,591375,Stiven Plaza,23,RBNY IIUSLC,free,0.0,0.0
2022,Real Valladolid CF,departure,247652,Shon Weissman,26,Granada CFLaLiga2,loan,,
2022,Real Valladolid CF,departure,256429,Sergi Guardiola,31,Cádiz CFLaLiga,loan,,
2022,Real Valladolid CF,departure,205569,Mickaël Malsa,27,KasimpasaSüper Lig,loan,,
2022,Real Valladolid CF,departure,213595,Juanjo Narváez,27,CD LeganésLaLiga2,loan,,
2022,Real Valladolid CF,departure,337070,Sekou Gassama,27,RacingLaLiga2,loan,,
2022,Real Valladolid CF,departure,628301,Hugo Vallejo,22,PonferradinaLaLiga2,loan,,
2022,Real Valladolid CF,departure,524572,Paulo Vítor,23,Rio AveLiga Portugal,loan,,
2022,Real Valladolid CF,departure,139434,Raúl Carnero,33,Dep. A CoruñaPrimera Federación - Gr. I,loan,,
2022,Real Valladolid CF,departure,37403,Roberto,36,Retired,unknown,,
2022,Real Valladolid CF,departure,592735,Gonzalo Plata,21,SportingLiga Portugal,loan,,
2022,Real Valladolid CF,departure,455349,Jon Morcillo,23,Athletic ClubLaLiga,loan,,
2022,Real Valladolid CF,departure,282727,Monchu,22,Granada CFLaLiga2,loan,,
2022,Real Valladolid CF,departure,339707,Cristo,24,UdineseSerie A,loan,,
2022,Real Valladolid CF,departure,221311,Iván Sánchez,29,BirminghamChampionship,loan,,
2022,Real Valladolid CF,departure,255892,Josema,26,Elche CFLaLiga,loan,,
2022,Elche,arrival,296783,Ezequiel Ponce,25,Spartak MoscowPremier Liga,permanent,4000000.0,4.0
2022,Elche,arrival,739315,Nicolás Fernández Mercau,22,San LorenzoLiga Profesional (- 23/24),permanent,4000000.0,4.0
2022,Elche,arrival,212391,Roger Martí,31,LevanteLaLiga2,permanent,3000000.0,3.0
2022,Elche,arrival,831161,Lautaro Blanco,23,Rosario CentralLiga Profesional (- 23/24),permanent,1960000.0,1.96
2022,Elche,arrival,560483,Randy Nteka,25,Rayo VallecanoLaLiga,loan,200000.0,0.2
2022,Elche,arrival,66736,Lisandro Magallán,29,AjaxEredivisie,free,0.0,0.0
2022,Elche,arrival,193784,Carlos Clerc,30,LevanteLaLiga2,free,0.0,0.0
2022,Elche,arrival,85475,Federico Fernández,33,NewcastlePremier League,free,0.0,0.0
2022,Elche,arrival,298975,Pol Lirola,24,MarseilleLigue 1,loan,,
2022,Elche,arrival,711625,José Ángel Carmona,20,Sevilla FCLaLiga,loan,,
2022,Elche,arrival,282722,Álex Collado,23,BarcelonaLaLiga,loan,,
2022,Elche,arrival,391719,Domingos Quina,22,WatfordChampionship,loan,,
2022,Elche,arrival,336828,Pape Cheikh,25,Without Club,unknown,,
2022,Elche,arrival,627290,John Donald,21,Elche IlicitanoSpain,unknown,,
2022,Elche,arrival,831161,Lautaro Blanco,23,Rosario CentralLiga Profesional (- 23/24),loan,,
2022,Elche,arrival,236734,Axel Werner,26,Arsenal SarandíLiga Profesional (- 23/24),loan,,
2022,Elche,arrival,255892,Josema,26,Real ValladolidLaLiga2,loan,,
2022,Elche,arrival,527972,Mourad El Ghezouani,24,CD AlcoyanoPrimera Federación - Gr. II,loan,,
2022,Elche,arrival,819590,José Salinas,21,Unionistas CFPrimera Federación - Gr. I,loan,,
2022,Elche,arrival,593357,Manu Justo,26,RacingPrimera Federación - Gr. I,loan,,
2022,Elche,departure,262939,Johan Mojica,30,VillarrealLaLiga,permanent,5500000.0,5.5
2022,Elche,departure,212391,Roger Martí,32,Cádiz CFLaLiga,permanent,2000000.0,2.0
2022,Elche,departure,90451,Iván Marcone,32,IndependienteLiga Profesional (- 23/24),permanent,1900000.0,1.9
2022,Elche,departure,184672,Guido Carrillo,31,HN FCSuper League,free,0.0,0.0
2022,Elche,departure,56067,Pablo Piatti,33,Estudiantes LPLiga Profesional (- 23/24),free,0.0,0.0
2022,Elche,departure,85475,Federico Fernández,33,Al-Duhail SCStars League,free,0.0,0.0
2022,Elche,departure,55215,Javier Pastore,33,Qatar SCStars League,free,0.0,0.0
2022,Elche,departure,255892,Josema,26,CD LeganésLaLiga2,free,0.0,0.0
2022,Elche,departure,593357,Manu Justo,26,Racing FerrolPrimera Federación - Gr. I,free,0.0,0.0
2022,Elche,departure,831161,Lautaro Blanco,23,Rosario CentralLiga Profesional (- 23/24),loan,,
2022,Elche,departure,527972,Mourad El Ghezouani,24,Burgos CFLaLiga2,loan,,
2022,Elche,departure,819590,José Salinas,21,CD MirandésLaLiga2,loan,,
2022,Elche,departure,32522,Antonio Barragán,35,Retired,unknown,,
2022,Elche,departure,296783,Ezequiel Ponce,25,Spartak MoscowPremier Liga,loan,,
2022,Elche,departure,216240,Lucas Olaza,27,Real ValladolidLaLiga,loan,,
2022,Elche,departure,391719,Domingos Quina,23,WatfordChampionship,loan,,
2022,Elche,departure,527698,Kike Pérez,25,Real ValladolidLaLiga,loan,,
2022,Elche,departure,27486,Kiko Casilla,35,LeedsPremier League,loan,,
2022,Cadiz,arrival,280701,Théo Bongonda,26,GenkJupiler Pro League,permanent,3000000.0,3.0
2022,Cadiz,arrival,538810,Chris Ramos,26,CD LugoLaLiga2,permanent,2380000.0,2.38
2022,Cadiz,arrival,212391,Roger Martí,32,Elche CFLaLiga,permanent,2000000.0,2.0
2022,Cadiz,arrival,598765,Brian Ocampo,23,NacionalLiga AUF Clausura,permanent,1900000.0,1.9
2022,Cadiz,arrival,564451,Youba Diarra,24,SalzburgBundesliga,permanent,1100000.0,1.1
2022,Cadiz,arrival,247250,Rubén Alcaraz,31,Real ValladolidLaLiga,permanent,1000000.0,1.0
2022,Cadiz,arrival,495625,Víctor Chust,22,Real MadridLaLiga,permanent,1000000.0,1.0
2022,Cadiz,arrival,197135,Joseba Zaldua,30,Real SociedadLaLiga,free,0.0,0.0
2022,Cadiz,arrival,255729,Awer Mabil,26,MidtjyllandSuperliga,free,0.0,0.0
2022,Cadiz,arrival,307519,Fede San Emeterio,25,Real ValladolidLaLiga,free,0.0,0.0
2022,Cadiz,arrival,495621,Antonio Blanco,22,Real MadridLaLiga,loan,,
2022,Cadiz,arrival,256429,Sergi Guardiola,31,Real ValladolidLaLiga,loan,,
2022,Cadiz,arrival,266795,Gonzalo Escalante,29,LazioSerie A,loan,,
2022,Cadiz,arrival,286779,Jorge Meré,25,AméricaLiga MX Apertura,loan,,
2022,Cadiz,arrival,412046,Iván Chapela,23,Cádiz BSegunda Federación - Gr. IV,unknown,,
2022,Cadiz,arrival,784719,Raúl Parra,22,Cádiz BSegunda Federación - Gr. IV,unknown,,
2022,Cadiz,arrival,490421,Momo Mbaye,24,Cádiz BSegunda Federación - Gr. IV,unknown,,
2022,Cadiz,arrival,513972,Juan Flere,24,Cádiz BSegunda Federación - Gr. IV,unknown,,
2022,Cadiz,arrival,57935,Álvaro Giménez,31,Real ZaragozaLaLiga2,loan,,
2022,Cadiz,arrival,542819,Milutin Osmajic,22,Bandirma Spor1.Lig,loan,,
2022,Cadiz,arrival,282406,Álvaro Jiménez,27,UD IbizaLaLiga2,loan,,
2022,Cadiz,arrival,336747,Jorge Pombo,28,Real OviedoLaLiga2,loan,,
2022,Cadiz,arrival,305956,Nano Mesa,27,Real ZaragozaLaLiga2,loan,,
2022,Cadiz,arrival,278404,Martín Calderón,23,CD MirandésLaLiga2,loan,,
2022,Cadiz,arrival,158704,Jon Ander Garrido,32,CD MirandésLaLiga2,loan,,
2022,Cadiz,arrival,784719,Raúl Parra,23,CD MirandésLaLiga2,loan,,
2022,Cadiz,arrival,355629,David Mayoral,25,CD LugoLaLiga2,loan,,
2022,Cadiz,departure,73185,Lucas Pérez,34,Dep. A CoruñaPrimera Federación - Gr. I,permanent,1000000.0,1.0
2022,Cadiz,departure,148355,Jens Jønsson,29,AEK AthensSuper League 1,free,0.0,0.0
2022,Cadiz,departure,246204,Salvi Sánchez,31,Rayo VallecanoLaLiga,free,0.0,0.0
2022,Cadiz,departure,155423,Varazdat Haroyan,29,AnorthosisCyprus League,free,0.0,0.0
2022,Cadiz,departure,99559,Alberto Perea,31,Granada CFLaLiga2,free,0.0,0.0
2022,Cadiz,departure,336747,Jorge Pombo,28,RacingLaLiga2,free,0.0,0.0
2022,Cadiz,departure,454238,Tomás Alarcón,23,Real ZaragozaLaLiga2,loan,,
2022,Cadiz,departure,255729,Awer Mabil,27,Sparta PragueChance Liga,loan,,
2022,Cadiz,departure,542819,Milutin Osmajic,23,VizelaLiga Portugal,loan,,
2022,Cadiz,departure,282406,Álvaro Jiménez,27,UD Las PalmasLaLiga2,loan,,
2022,Cadiz,departure,412046,Iván Chapela,23,Unionistas CFPrimera Federación - Gr. I,loan,,
2022,Cadiz,departure,278404,Martín Calderón,23,Celta FortunaPrimera Federación - Gr. I,loan,,
2022,Cadiz,departure,784719,Raúl Parra,22,CD MirandésLaLiga2,loan,,
2022,Cadiz,departure,513972,Juan Flere,24,Algeciras CFPrimera Federación - Gr. I,loan,,
2022,Cadiz,departure,225015,Carlos Akapo,29,Without Club,unknown,,
2022,Cadiz,departure,57935,Álvaro Giménez,31,Without Club,unknown,,
2022,Cadiz,departure,305956,Nano Mesa,27,Career break,unknown,,
2022,Cadiz,departure,355629,David Mayoral,25,Retired,unknown,,
2022,Cadiz,departure,241391,Oussama Idrissi,26,Sevilla FCLaLiga,loan,,
2022,Cadiz,departure,495621,Antonio Blanco,22,Real MadridLaLiga,loan,,
2022,Cadiz,departure,247250,Rubén Alcaraz,31,Real ValladolidLaLiga,loan,,
2022,Cadiz,departure,495625,Víctor Chust,22,Real MadridLaLiga,loan,,
2022,Cadiz,departure,307519,Fede San Emeterio,25,Real ValladolidLaLiga,loan,,
2022,Cadiz,departure,177065,Florin Andone,29,BrightonPremier League,loan,,
2023,Real Madrid,arrival,581678,Jude Bellingham,20,DortmundBundesliga,permanent,127000000.0,127.0
2023,Real Madrid,arrival,861410,Arda Güler,18,FenerbahçeSüper Lig,permanent,28000000.0,28.0
2023,Real Madrid,arrival,341264,Fran García,23,Rayo VallecanoLaLiga,permanent,5000000.0,5.0
2023,Real Madrid,arrival,192279,Kepa Arrizabalaga,28,ChelseaPremier League,loan,1000000.0,1.0
2023,Real Madrid,arrival,81999,Joselu,33,EspanyolLaLiga2,loan,500000.0,0.5
2023,Real Madrid,arrival,537762,Sergio Arribas,21,RM CastillaPrimera Federación - Gr. II,unknown,,
2023,Real Madrid,arrival,662261,Rafa Marín,21,RM CastillaPrimera Federación - Gr. II,unknown,,
2023,Real Madrid,arrival,314678,Brahim Díaz,23,AC MilanSerie A,loan,,
2023,Real Madrid,arrival,495621,Antonio Blanco,22,AlavésLaLiga2,loan,,
2023,Real Madrid,departure,537762,Sergio Arribas,21,UD AlmeríaLaLiga,permanent,6000000.0,6.0
2023,Real Madrid,departure,495621,Antonio Blanco,23,AlavésLaLiga,permanent,4000000.0,4.0
2023,Real Madrid,departure,280730,Álvaro Odriozola,27,Real SociedadLaLiga,permanent,3000000.0,3.0
2023,Real Madrid,departure,18922,Karim Benzema,35,Al-IttihadSaudi Pro League,free,0.0,0.0
2023,Real Madrid,departure,296622,Marco Asensio,27,PSGLigue 1,free,0.0,0.0
2023,Real Madrid,departure,225020,Mariano Díaz,30,Sevilla FCLaLiga,free,0.0,0.0
2023,Real Madrid,departure,251896,Jesús Vallejo,26,Granada CFLaLiga,loan,,
2023,Real Madrid,departure,627226,Reinier,21,FrosinoneSerie A,loan,,
2023,Real Madrid,departure,662261,Rafa Marín,21,AlavésLaLiga,loan,,
2023,Real Madrid,departure,50202,Eden Hazard,32,Without Club,unknown,,
2023,Barcelona,arrival,943837,Vitor Roque,18,Athletico-PRSérie A,permanent,30000000.0,30.0
2023,Barcelona,arrival,66100,Oriol Romeu,31,GironaLaLiga,permanent,3400000.0,3.4
2023,Barcelona,arrival,53622,İlkay Gündoğan,32,Man CityPremier League,free,0.0,0.0
2023,Barcelona,arrival,158863,Iñigo Martínez,32,Athletic ClubLaLiga,free,0.0,0.0
2023,Barcelona,arrival,182712,João Cancelo,29,Man CityPremier League,loan,,
2023,Barcelona,arrival,462250,João Félix,23,AtléticoLaLiga,loan,,
2023,Barcelona,arrival,513970,Julián Araujo,21,Barça AtlèticPrimera Federación - Gr. I,unknown,,
2023,Barcelona,arrival,938158,Marc Guiu,17,Barça U19Spain,unknown,,
2023,Barcelona,arrival,962110,Pau Cubarsí,16,Barça AtlèticPrimera Federación - Gr. I,unknown,,
2023,Barcelona,arrival,689637,Chadi Riad,20,Barça AtlèticPrimera Federación - Gr. I,unknown,,
2023,Barcelona,arrival,913539,Estanis Pedrola,19,Barça AtlèticPrimera Federación - Gr. I,unknown,,
2023,Barcelona,arrival,709957,Álex Valle,19,Barça AtlèticPrimera Federación - Gr. I,unknown,,
2023,Barcelona,arrival,636703,Fermín López,20,Barça AtlèticPrimera Federación - Gr. I,unknown,,
2023,Barcelona,arrival,937958,Lamine Yamal,15,Barça U19Spain,unknown,,
2023,Barcelona,arrival,125781,Antoine Griezmann,32,AtléticoLaLiga,loan,,
2023,Barcelona,arrival,412669,Francisco Trincão,23,SportingLiga Portugal,loan,,
2023,Barcelona,arrival,724520,Abde Ezzalzouli,21,CA OsasunaLaLiga,loan,,
2023,Barcelona,arrival,182904,Clément Lenglet,28,TottenhamPremier League,loan,,
2023,Barcelona,arrival,361104,Sergiño Dest,22,AC MilanSerie A,loan,,
2023,Barcelona,arrival,466805,Nico González,21,ValenciaLaLiga,loan,,
2023,Barcelona,arrival,126540,Samuel Umtiti,29,LecceSerie A,loan,,
2023,Barcelona,arrival,282722,Álex Collado,24,Elche CFLaLiga,loan,,
2023,Barcelona,departure,288230,Ousmane Dembélé,26,PSGLigue 1,permanent,50000000.0,50.0
2023,Barcelona,departure,125781,Antoine Griezmann,32,AtléticoLaLiga,permanent,22000000.0,22.0
2023,Barcelona,departure,466805,Nico González,21,PortoLiga Portugal,permanent,21200000.0,21.2
2023,Barcelona,departure,412669,Francisco Trincão,23,SportingLiga Portugal,permanent,18000000.0,18.0
2023,Barcelona,departure,294808,Franck Kessié,26,Al-AhliSaudi Pro League,permanent,12500000.0,12.5
2023,Barcelona,departure,724520,Abde Ezzalzouli,21,Real BetisLaLiga,permanent,7500000.0,7.5
2023,Barcelona,departure,282722,Álex Collado,24,Real BetisLaLiga,permanent,500000.0,0.5
2023,Barcelona,departure,65230,Sergio Busquets,35,MiamiMLS,free,0.0,0.0
2023,Barcelona,departure,69751,Jordi Alba,34,MiamiMLS,free,0.0,0.0
2023,Barcelona,departure,126540,Samuel Umtiti,29,LilleLigue 1,free,0.0,0.0
2023,Barcelona,departure,466810,Ansu Fati,20,BrightonPremier League,loan,,
2023,Barcelona,departure,182904,Clément Lenglet,28,Aston VillaPremier League,loan,,
2023,Barcelona,departure,466794,Eric García,22,GironaLaLiga,loan,,
2023,Barcelona,departure,361104,Sergiño Dest,22,PSVEredivisie,loan,,
2023,Barcelona,departure,513970,Julián Araujo,21,UD Las PalmasLaLiga,loan,,
2023,Barcelona,departure,720038,Pablo Torre,20,GironaLaLiga,loan,,
2023,Barcelona,departure,689637,Chadi Riad,20,Real BetisLaLiga,loan,,
2023,Barcelona,departure,913539,Estanis Pedrola,19,SampdoriaSerie B,loan,,
2023,Barcelona,departure,709957,Álex Valle,19,LevanteLaLiga2,loan,,
2023,Real Sociedad,arrival,555143,Arsen Zakharyan,20,Dynamo MoscowPremier Liga,permanent,13000000.0,13.0
2023,Real Sociedad,arrival,188888,Sheraldo Becker,28,Union BerlinBundesliga,permanent,3000000.0,3.0
2023,Real Sociedad,arrival,280730,Álvaro Odriozola,27,Real MadridLaLiga,permanent,3000000.0,3.0
2023,Real Sociedad,arrival,300716,Kieran Tierney,26,ArsenalPremier League,loan,1400000.0,1.4
2023,Real Sociedad,arrival,297070,Hamari Traoré,31,Stade RennaisLigue 1,free,0.0,0.0
2023,Real Sociedad,arrival,198008,André Silva,27,LeipzigBundesliga,loan,,
2023,Real Sociedad,arrival,448628,Javi Galán,29,AtléticoLaLiga,loan,,
2023,Real Sociedad,arrival,625660,Jon Ander Olasagasti,22,Real Sociedad BPrimera Federación - Gr. I,unknown,,
2023,Real Sociedad,arrival,625651,Urko González de Zárate,22,Real Sociedad BPrimera Federación - Gr. I,unknown,,
2023,Real Sociedad,arrival,625657,Unai Marrero,21,Real Sociedad BPrimera Federación - Gr. I,unknown,,
2023,Real Sociedad,arrival,711382,Jon Karrikaburu,20,CD LeganésLaLiga2,loan,,
2023,Real Sociedad,arrival,99353,Portu,31,GetafeLaLiga,loan,,
2023,Real Sociedad,arrival,524925,Modibo Sagnan,24,UtrechtEredivisie,loan,,
2023,Real Sociedad,arrival,569866,Roberto López,23,CD MirandésLaLiga2,loan,,
2023,Real Sociedad,arrival,711382,Jon Karrikaburu,21,AlavésLaLiga,loan,,
2023,Real Sociedad,departure,670847,Mohamed-Ali Cho,19,NiceLigue 1,permanent,10000000.0,10.0
2023,Real Sociedad,departure,99353,Portu,31,GetafeLaLiga,permanent,3500000.0,3.5
2023,Real Sociedad,departure,465967,Ander Guevara,26,AlavésLaLiga,permanent,1800000.0,1.8
2023,Real Sociedad,departure,289255,Andoni Gorosabel,27,AlavésLaLiga,permanent,1500000.0,1.5
2023,Real Sociedad,departure,524925,Modibo Sagnan,24,UtrechtEredivisie,permanent,1000000.0,1.0
2023,Real Sociedad,departure,59344,Asier Illarramendi,33,DallasMLS,free,0.0,0.0
2023,Real Sociedad,departure,428948,Andoni Zubiaurre,26,EldenseLaLiga2,free,0.0,0.0
2023,Real Sociedad,departure,711382,Jon Karrikaburu,20,AlavésLaLiga,loan,,
2023,Real Sociedad,departure,249513,Diego Rico,30,GetafeLaLiga,loan,,
2023,Real Sociedad,departure,434990,Álex Sola,24,AlavésLaLiga,loan,,
2023,Real Sociedad,departure,569866,Roberto López,23,CD TenerifeLaLiga2,loan,,
2023,Real Sociedad,departure,563137,Robert Navarro,21,Cádiz CFLaLiga,loan,,
2023,Real Sociedad,departure,711382,Jon Karrikaburu,21,FC AndorraLaLiga2,loan,,
2023,Real Sociedad,departure,35518,David Silva,37,Retired,unknown,,
2023,Real Sociedad,departure,238407,Alexander Sørloth,27,LeipzigBundesliga,loan,,
2023,Atletico Madrid,arrival,125781,Antoine Griezmann,32,BarcelonaLaLiga,permanent,22000000.0,22.0
2023,Atletico Madrid,arrival,926694,Arthur Vermeeren,18,Royal AntwerpJupiler Pro League,permanent,20000000.0,20.0
2023,Atletico Madrid,arrival,991268,Samu Aghehowa,19,Granada CFLaLiga,permanent,6000000.0,6.0
2023,Atletico Madrid,arrival,448628,Javi Galán,28,Celta de VigoLaLiga,permanent,5000000.0,5.0
2023,Atletico Madrid,arrival,953901,Santiago Mouriño,21,Racing ClubLiga AUF Clausura,permanent,2700000.0,2.7
2023,Atletico Madrid,arrival,525438,Horațiu Moldovan,26,FC Rapid 1923SuperLiga,permanent,800000.0,0.8
2023,Atletico Madrid,arrival,320141,Çağlar Söyüncü,27,LeicesterChampionship,free,0.0,0.0
2023,Atletico Madrid,arrival,57500,César Azpilicueta,33,ChelseaPremier League,free,0.0,0.0
2023,Atletico Madrid,arrival,149498,Gabriel Paulista,33,ValenciaLaLiga,free,0.0,0.0
2023,Atletico Madrid,arrival,548188,Germán Valera,21,Atl. MadrileñoPrimera Federación - Gr. II,unknown,,
2023,Atletico Madrid,arrival,618813,Carlos Martín,21,Atl. MadrileñoPrimera Federación - Gr. II,unknown,,
2023,Atletico Madrid,arrival,462250,João Félix,23,ChelseaPremier League,loan,,
2023,Atletico Madrid,arrival,517894,Matheus Cunha,24,WolvesPremier League,loan,,
2023,Atletico Madrid,arrival,476352,Renan Lodi,25,Nott'm ForestPremier League,loan,,
2023,Atletico Madrid,arrival,694928,Samuel Lino,23,ValenciaLaLiga,loan,,
2023,Atletico Madrid,arrival,461617,Rodrigo Riquelme,23,GironaLaLiga,loan,,
2023,Atletico Madrid,arrival,505674,Sergio Camello,22,Rayo VallecanoLaLiga,loan,,
2023,Atletico Madrid,arrival,618809,Manu Sánchez,22,CA OsasunaLaLiga,loan,,
2023,Atletico Madrid,arrival,446106,Juan Manuel Sanabria,23,San LuisLiga MX Apertura,loan,,
2023,Atletico Madrid,arrival,612496,Marcos Paulo,22,São PauloSérie A,loan,,
2023,Atletico Madrid,arrival,505673,Víctor Mollejo,22,Real ZaragozaLaLiga2,loan,,
2023,Atletico Madrid,arrival,742201,Giuliano Simeone,20,Real ZaragozaLaLiga2,loan,,
2023,Atletico Madrid,arrival,566036,Borja Garcés,23,CD TenerifeLaLiga2,loan,,
2023,Atletico Madrid,arrival,668177,Javi Serrano,20,UD IbizaLaLiga2,loan,,
2023,Atletico Madrid,arrival,67082,Vitolo,33,UD Las PalmasLaLiga2,loan,,
2023,Atletico Madrid,departure,517894,Matheus Cunha,24,WolvesPremier League,permanent,50000000.0,50.0
2023,Atletico Madrid,departure,476352,Renan Lodi,25,MarseilleLigue 1,permanent,20600000.0,20.6
2023,Atletico Madrid,departure,140776,Yannick Carrasco,30,Al-ShababSaudi Pro League,permanent,15000000.0,15.0
2023,Atletico Madrid,departure,127189,Geoffrey Kondogbia,30,MarseilleLigue 1,permanent,8000000.0,8.0
2023,Atletico Madrid,departure,505674,Sergio Camello,22,Rayo VallecanoLaLiga,permanent,5000000.0,5.0
2023,Atletico Madrid,departure,226073,Ivo Grbic,28,Sheff UtdPremier League,permanent,2500000.0,2.5
2023,Atletico Madrid,departure,320141,Çağlar Söyüncü,27,FenerbahçeSüper Lig,loan,2000000.0,2.0
2023,Atletico Madrid,departure,618809,Manu Sánchez,22,Celta de VigoLaLiga,free,0.0,0.0
2023,Atletico Madrid,departure,171679,Matt Doherty,31,WolvesPremier League,free,0.0,0.0
2023,Atletico Madrid,departure,446106,Juan Manuel Sanabria,23,San LuisLiga MX Apertura,unknown,,
2023,Atletico Madrid,departure,462250,João Félix,23,BarcelonaLaLiga,loan,,
2023,Atletico Madrid,departure,448628,Javi Galán,29,Real SociedadLaLiga,loan,,
2023,Atletico Madrid,departure,505673,Víctor Mollejo,22,Real ZaragozaLaLiga2,loan,,
2023,Atletico Madrid,departure,742201,Giuliano Simeone,20,AlavésLaLiga,loan,,
2023,Atletico Madrid,departure,566036,Borja Garcés,24,Elche CFLaLiga2,loan,,
2023,Atletico Madrid,departure,548188,Germán Valera,21,Real ZaragozaLaLiga2,loan,,
2023,Atletico Madrid,departure,668177,Javi Serrano,20,Sturm GrazBundesliga,loan,,
2023,Atletico Madrid,departure,618813,Carlos Martín,21,CD MirandésLaLiga2,loan,,
2023,Atletico Madrid,departure,953901,Santiago Mouriño,21,Real ZaragozaLaLiga2,loan,,
2023,Atletico Madrid,departure,991268,Samu Aghehowa,19,AlavésLaLiga,loan,,
2023,Atletico Madrid,departure,125781,Antoine Griezmann,32,BarcelonaLaLiga,loan,,
2023,Atletico Madrid,departure,282429,Sergio Reguilón,26,TottenhamPremier League,loan,,
2023,Girona,arrival,343537,Artem Dovbyk,26,SC Dnipro-1Premier Liga,permanent,7750000.0,7.75
2023,Girona,arrival,742521,Jhon Solís,18,Atl. NacionalLiga DIMAYOR II,permanent,6000000.0,6.0
2023,Girona,arrival,378293,Yangel Herrera,25,Man CityPremier League,permanent,5000000.0,5.0
2023,Girona,arrival,341278,Iván Martín,24,VillarrealLaLiga,permanent,2000000.0,2.0
2023,Girona,arrival,99353,Portu,31,GetafeLaLiga,permanent,1500000.0,1.5
2023,Girona,arrival,12282,Daley Blind,33,Bayern MunichBundesliga,free,0.0,0.0
2023,Girona,arrival,195488,Paulo Gazzaniga,31,FulhamPremier League,free,0.0,0.0
2023,Girona,arrival,466794,Eric García,22,BarcelonaLaLiga,loan,,
2023,Girona,arrival,743591,Savinho,19,TroyesLigue 2,loan,,
2023,Girona,arrival,720038,Pablo Torre,20,BarcelonaLaLiga,loan,,
2023,Girona,arrival,783396,Ramón Terrats,22,VillarrealLaLiga,loan,,
2023,Girona,arrival,527350,Manu Vallejo,26,Real OviedoLaLiga2,loan,,
2023,Girona,arrival,593412,Ilyas Chaira,22,San Fernando CDPrimera Federación - Gr. I,loan,,
2023,Girona,arrival,921734,Óscar Ureña,20,FC CartagenaLaLiga2,loan,,
2023,Girona,arrival,707572,Pau Víctor,21,CE SabadellPrimera Federación - Gr. II,loan,,
2023,Girona,arrival,906948,Gabri Martínez,20,San Fernando CDPrimera Federación - Gr. I,loan,,
2023,Girona,arrival,802046,Arnau Ortiz,22,EldenseLaLiga2,loan,,
2023,Girona,arrival,582664,Álex Sala,22,CE SabadellPrimera Federación - Gr. II,loan,,
2023,Girona,arrival,802046,Arnau Ortiz,21,Real MurciaPrimera Federación - Gr. II,loan,,
2023,Girona,departure,438001,Santiago Bueno,24,WolvesPremier League,permanent,12000000.0,12.0
2023,Girona,departure,66100,Oriol Romeu,31,BarcelonaLaLiga,permanent,3400000.0,3.4
2023,Girona,departure,783396,Ramón Terrats,22,VillarrealLaLiga,permanent,2500000.0,2.5
2023,Girona,departure,64598,Bernardo Espinosa,34,Atl. NacionalLiga DIMAYOR II,free,0.0,0.0
2023,Girona,departure,527350,Manu Vallejo,26,Real ZaragozaLaLiga2,loan,,
2023,Girona,departure,147462,Alexander Callens,31,AEK AthensSuper League 1,loan,,
2023,Girona,departure,785967,Ibrahima Kébé,23,CD MirandésLaLiga2,loan,,
2023,Girona,departure,593412,Ilyas Chaira,22,CD MirandésLaLiga2,loan,,
2023,Girona,departure,921734,Óscar Ureña,20,CD LeganésLaLiga2,loan,,
2023,Girona,departure,707572,Pau Víctor,21,Barça AtlèticPrimera Federación - Gr. I,loan,,
2023,Girona,departure,906948,Gabri Martínez,20,CD MirandésLaLiga2,loan,,
2023,Girona,departure,582664,Álex Sala,22,Córdoba CFPrimera Federación - Gr. II,loan,,
2023,Girona,departure,802046,Arnau Ortiz,22,FC CartagenaLaLiga2,loan,,
2023,Girona,departure,802046,Arnau Ortiz,21,EldenseLaLiga2,loan,,
2023,Girona,departure,522784,Taty Castellanos,24,New York CityMLS,loan,,
2023,Girona,departure,461617,Rodrigo Riquelme,23,AtléticoLaLiga,loan,,
2023,Girona,departure,378293,Yangel Herrera,25,Man CityPremier League,loan,,
2023,Girona,departure,195488,Paulo Gazzaniga,31,FulhamPremier League,loan,,
2023,Girona,departure,341278,Iván Martín,24,VillarrealLaLiga,loan,,
2023,Girona,departure,422466,Javi Hernández,25,CD LeganésLaLiga2,loan,,
2023,Athletic Club,arrival,126751,Iñigo Ruiz de Galarreta,29,RCD MallorcaLaLiga,free,0.0,0.0
2023,Athletic Club,arrival,711394,Javi Martón,24,Real Sociedad BPrimera Federación - Gr. I,free,0.0,0.0
2023,Athletic Club,arrival,895480,Adu Ares,21,Bilbao AthleticSegunda Federación - Gr. II,unknown,,
2023,Athletic Club,arrival,834752,Unai Gómez,20,Bilbao AthleticSegunda Federación - Gr. II,unknown,,
2023,Athletic Club,arrival,251897,Asier Villalibre,25,AlavésLaLiga2,loan,,
2023,Athletic Club,arrival,668183,Nico Serrano,20,CD MirandésLaLiga2,loan,,
2023,Athletic Club,arrival,626954,Imanol García de Albéniz,23,SD EibarLaLiga2,loan,,
2023,Athletic Club,arrival,447052,Peru Nolaskoain,24,SD EibarLaLiga2,loan,,
2023,Athletic Club,arrival,668183,Nico Serrano,20,PEC ZwolleEredivisie,loan,,
2023,Athletic Club,arrival,626960,Juan Artola,23,Burgos CFLaLiga2,loan,,
2023,Athletic Club,arrival,527838,Álex Petxarroman,26,FC AndorraLaLiga2,loan,,
2023,Athletic Club,arrival,625047,Beñat Prados,22,CD MirandésLaLiga2,loan,,
2023,Athletic Club,departure,158863,Iñigo Martínez,32,BarcelonaLaLiga,free,0.0,0.0
2023,Athletic Club,departure,524010,Oier Zarraga,24,UdineseSerie A,free,0.0,0.0
2023,Athletic Club,departure,197545,Ander Capa,31,LevanteLaLiga2,free,0.0,0.0
2023,Athletic Club,departure,447052,Peru Nolaskoain,25,SD EibarLaLiga2,free,0.0,0.0
2023,Athletic Club,departure,527838,Álex Petxarroman,26,FC AndorraLaLiga2,free,0.0,0.0
2023,Athletic Club,departure,85258,Mikel Balenziaga,35,Dep. A CoruñaPrimera Federación - Gr. I,free,0.0,0.0
2023,Athletic Club,departure,480958,Ander Iru,24,SD LogroñésPrimera Federación - Gr. I,free,0.0,0.0
2023,Athletic Club,departure,610083,Unai Vencedor,22,SD EibarLaLiga2,loan,,
2023,Athletic Club,departure,455349,Jon Morcillo,24,SD AmorebietaLaLiga2,loan,,
2023,Athletic Club,departure,668183,Nico Serrano,20,PEC ZwolleEredivisie,loan,,
2023,Athletic Club,departure,668183,Nico Serrano,20,Racing FerrolLaLiga2,loan,,
2023,Athletic Club,departure,626960,Juan Artola,23,AD AlcorcónLaLiga2,loan,,
2023,Athletic Club,departure,711394,Javi Martón,24,CD MirandésLaLiga2,loan,,
2023,Villarreal,arrival,238407,Alexander Sørloth,27,LeipzigBundesliga,permanent,10000000.0,10.0
2023,Villarreal,arrival,783396,Ramón Terrats,22,GironaLaLiga,permanent,2500000.0,2.5
2023,Villarreal,arrival,426192,Ben Brereton Díaz,24,BlackburnChampionship,free,0.0,0.0
2023,Villarreal,arrival,131996,Bertrand Traoré,28,Aston VillaPremier League,free,0.0,0.0
2023,Villarreal,arrival,380598,Santi Comesaña,26,Rayo VallecanoLaLiga,free,0.0,0.0
2023,Villarreal,arrival,165007,Denis Suárez,29,Celta de VigoLaLiga,free,0.0,0.0
2023,Villarreal,arrival,286384,Eric Bailly,29,BesiktasSüper Lig,free,0.0,0.0
2023,Villarreal,arrival,709969,Ilias Akhomach,19,Barça AtlèticPrimera Federación - Gr. I,free,0.0,0.0
2023,Villarreal,arrival,225122,Gonçalo Guedes,27,WolvesPremier League,loan,,
2023,Villarreal,arrival,323167,Matteo Gabbia,23,AC MilanSerie A,loan,,
2023,Villarreal,arrival,716276,Yerson Mosquera,22,WolvesPremier League,loan,,
2023,Villarreal,arrival,620164,Haissem Hassan,21,Villarreal CF BLaLiga2,unknown,,
2023,Villarreal,arrival,355861,Arnaut Danjuma,26,TottenhamPremier League,loan,,
2023,Villarreal,arrival,626913,Boulaye Dia,26,SalernitanaSerie A,loan,,
2023,Villarreal,arrival,335225,Manu Morlanes,24,RCD MallorcaLaLiga,loan,,
2023,Villarreal,arrival,341278,Iván Martín,24,GironaLaLiga,loan,,
2023,Villarreal,arrival,65467,Vicente Iborra,35,LevanteLaLiga2,loan,,
2023,Villarreal,departure,776890,Nicolas Jackson,22,ChelseaPremier League,permanent,37000000.0,37.0
2023,Villarreal,departure,399776,Pau Torres,26,Aston VillaPremier League,permanent,33000000.0,33.0
2023,Villarreal,departure,401922,Samuel Chukwueze,24,AC MilanSerie A,permanent,21100000.0,21.1
2023,Villarreal,departure,626913,Boulaye Dia,26,SalernitanaSerie A,permanent,14400000.0,14.4
2023,Villarreal,departure,355861,Arnaut Danjuma,26,EvertonPremier League,loan,3000000.0,3.0
2023,Villarreal,departure,335225,Manu Morlanes,24,RCD MallorcaLaLiga,permanent,2500000.0,2.5
2023,Villarreal,departure,341278,Iván Martín,24,GironaLaLiga,permanent,2000000.0,2.0
2023,Villarreal,departure,65467,Vicente Iborra,35,OlympiacosSuper League 1,free,0.0,0.0
2023,Villarreal,departure,426192,Ben Brereton Díaz,24,Sheff UtdPremier League,loan,,
2023,Villarreal,departure,262939,Johan Mojica,30,CA OsasunaLaLiga,loan,,
2023,Villarreal,departure,620164,Haissem Hassan,21,Sporting GijónLaLiga2,loan,,
2023,Villarreal,departure,348795,Giovani Lo Celso,27,TottenhamPremier League,loan,,
2023,Villarreal,departure,323167,Matteo Gabbia,24,AC MilanSerie A,loan,,
2023,Villarreal,departure,783396,Ramón Terrats,22,GironaLaLiga,loan,,
2023,Valencia,arrival,615350,Cenk Özkacar,22,LyonLigue 1,permanent,5000000.0,5.0
2023,Valencia,arrival,328480,Pepelu,24,LevanteLaLiga2,permanent,5000000.0,5.0
2023,Valencia,arrival,251845,Sergi Canós,26,BrentfordPremier League,permanent,250000.0,0.25
2023,Valencia,arrival,377219,Selim Amallah,26,Real ValladolidLaLiga2,loan,150000.0,0.15
2023,Valencia,arrival,221958,Roman Yaremchuk,27,Club BruggeJupiler Pro League,loan,,
2023,Valencia,arrival,710004,Peter Federico,21,RM CastillaPrimera Federación - Gr. II,loan,,
2023,Valencia,arrival,834764,Javi Guerra,20,Valencia BSegunda Federación - Gr. III,unknown,,
2023,Valencia,arrival,617081,Diego López,21,Valencia BSegunda Federación - Gr. III,unknown,,
2023,Valencia,arrival,634105,Alberto Marí,22,Valencia BSegunda Federación - Gr. III,unknown,,
2023,Valencia,arrival,622988,Fran Pérez,20,Valencia BSegunda Federación - Gr. III,unknown,,
2023,Valencia,arrival,895334,Yarek Gasiorowski,18,Valencia BSegunda Federación - Gr. III,unknown,,
2023,Valencia,arrival,707274,César Tárrega,21,Valencia BSegunda Federación - Gr. III,unknown,,
2023,Valencia,arrival,417575,Uros Racic,25,BragaLiga Portugal,loan,,
2023,Valencia,arrival,340339,Jorge Sáenz,26,CD LeganésLaLiga2,loan,,
2023,Valencia,arrival,569375,Koba Koindredi,21,Real OviedoLaLiga2,loan,,
2023,Valencia,arrival,569375,Koba Koindredi,22,EstorilLiga Portugal,loan,,
2023,Valencia,departure,503991,Yunus Musah,20,AC MilanSerie A,permanent,21200000.0,21.2
2023,Valencia,departure,569375,Koba Koindredi,22,EstorilLiga Portugal,permanent,3000000.0,3.0
2023,Valencia,departure,417575,Uros Racic,25,SassuoloSerie A,permanent,2500000.0,2.5
2023,Valencia,departure,481084,Marcos André,26,Real ValladolidLaLiga2,permanent,1800000.0,1.8
2023,Valencia,departure,340339,Jorge Sáenz,26,CD LeganésLaLiga2,permanent,400000.0,0.4
2023,Valencia,departure,48280,Edinson Cavani,36,Boca JuniorsLiga Profesional (- 23/24),free,0.0,0.0
2023,Valencia,departure,149498,Gabriel Paulista,33,AtléticoLaLiga,free,0.0,0.0
2023,Valencia,departure,320271,Toni Lato,25,RCD MallorcaLaLiga,free,0.0,0.0
2023,Valencia,departure,71570,Iago Herrerín,35,AEK LarnacaCyprus League,free,0.0,0.0
2023,Valencia,departure,195171,Samu Castillejo,28,SassuoloSerie A,loan,,
2023,Valencia,departure,298583,Eray Cömert,25,FC NantesLigue 1,loan,,
2023,Valencia,departure,569375,Koba Koindredi,21,EstorilLiga Portugal,loan,,
2023,Valencia,departure,707274,César Tárrega,21,Real ValladolidLaLiga2,loan,,
2023,Valencia,departure,694928,Samuel Lino,23,AtléticoLaLiga,loan,,
2023,Valencia,departure,330659,Justin Kluivert,24,RomaSerie A,loan,,
2023,Valencia,departure,466805,Nico González,21,BarcelonaLaLiga,loan,,
2023,Valencia,departure,615350,Cenk Özkacar,22,LyonLigue 1,loan,,
2023,Valencia,departure,617074,Ilaix Moriba,20,LeipzigBundesliga,loan,,
2023,Sevilla,arrival,730581,Loïc Badé,23,Stade RennaisLigue 1,permanent,12000000.0,12.0
2023,Sevilla,arrival,212723,Djibril Sow,26,FrankfurtBundesliga,permanent,10000000.0,10.0
2023,Sevilla,arrival,303259,Dodi Lukébakio,25,Hertha BSC2. Bundesliga,permanent,10000000.0,10.0
2023,Sevilla,arrival,501418,Adrià Pedrosa,25,EspanyolLaLiga2,free,0.0,0.0
2023,Sevilla,arrival,25557,Sergio Ramos,37,PSGLigue 1,free,0.0,0.0
2023,Sevilla,arrival,225020,Mariano Díaz,30,Real MadridLaLiga,free,0.0,0.0
2023,Sevilla,arrival,73517,Ørjan Nyland,32,LeipzigBundesliga,free,0.0,0.0
2023,Sevilla,arrival,344605,Boubakary Soumaré,24,LeicesterChampionship,loan,,
2023,Sevilla,arrival,607224,Hannibal,20,Man UtdPremier League,loan,,
2023,Sevilla,arrival,888493,Alejo Veliz,20,TottenhamPremier League,loan,,
2023,Sevilla,arrival,569384,Lucien Agoumé,21,InterSerie A,loan,,
2023,Sevilla,arrival,687609,Isaac Romero,23,Sevilla Atl.Segunda Federación - Gr. IV,unknown,,
2023,Sevilla,arrival,537367,Alfonso Pastor,22,Sevilla Atl.Segunda Federación - Gr. IV,unknown,,
2023,Sevilla,arrival,284884,Óscar Rodríguez,25,Celta de VigoLaLiga,loan,,
2023,Sevilla,arrival,177847,Adnan Januzaj,28,BasaksehirSüper Lig,loan,,
2023,Sevilla,arrival,241391,Oussama Idrissi,27,FeyenoordEredivisie,loan,,
2023,Sevilla,arrival,660735,Federico Gattoni,24,San LorenzoLiga Profesional (- 23/24),loan,,
2023,Sevilla,arrival,174694,Rony Lopes,27,TroyesLigue 1,loan,,
2023,Sevilla,arrival,711625,José Ángel Carmona,21,Elche CFLaLiga,loan,,
2023,Sevilla,arrival,170646,Ludwig Augustinsson,29,RCD MallorcaLaLiga,loan,,
2023,Sevilla,arrival,91849,Thomas Delaney,31,HoffenheimBundesliga,loan,,
2023,Sevilla,arrival,766583,Kike Salas,21,CD TenerifeLaLiga2,loan,,
2023,Sevilla,arrival,628886,Iván Romero,22,CD TenerifeLaLiga2,loan,,
2023,Sevilla,arrival,676042,Juanlu Sánchez,19,CD MirandésLaLiga2,loan,,
2023,Sevilla,arrival,610461,Luismi Cruz,22,Barça AtlèticPrimera Federación - Gr. II,loan,,
2023,Sevilla,departure,207834,Yassine Bounou,32,Al-HilalSaudi Pro League,permanent,21000000.0,21.0
2023,Sevilla,departure,125165,Jesús Corona,30,MonterreyLiga MX Apertura,permanent,3500000.0,3.5
2023,Sevilla,departure,182579,Karim Rekik,28,Al-JaziraUAE Pro League,permanent,2000000.0,2.0
2023,Sevilla,departure,628886,Iván Romero,22,LevanteLaLiga2,permanent,100000.0,0.1
2023,Sevilla,departure,241391,Oussama Idrissi,27,PachucaLiga MX Apertura,free,0.0,0.0
2023,Sevilla,departure,32467,Ivan Rakitic,35,Al-ShababSaudi Pro League,free,0.0,0.0
2023,Sevilla,departure,174694,Rony Lopes,27,BragaLiga Portugal,free,0.0,0.0
2023,Sevilla,departure,51174,Fernando,36,Vila Nova FCSérie B,free,0.0,0.0
2023,Sevilla,departure,537367,Alfonso Pastor,23,Atl. LevanteSpain,free,0.0,0.0
2023,Sevilla,departure,402733,Gonzalo Montiel,26,Nott'm ForestPremier League,loan,,
2023,Sevilla,departure,284884,Óscar Rodríguez,25,GetafeLaLiga,loan,,
2023,Sevilla,departure,711625,José Ángel Carmona,21,GetafeLaLiga,loan,,
2023,Sevilla,departure,660735,Federico Gattoni,24,RSC AnderlechtJupiler Pro League,loan,,
2023,Sevilla,departure,170646,Ludwig Augustinsson,29,RSC AnderlechtJupiler Pro League,loan,,
2023,Sevilla,departure,91849,Thomas Delaney,31,RSC AnderlechtJupiler Pro League,loan,,
2023,Sevilla,departure,610461,Luismi Cruz,22,CD TenerifeLaLiga2,loan,,
2023,Sevilla,departure,20005,Papu Gómez,35,Without Club,unknown,,
2023,Sevilla,departure,537382,Bryan Gil,22,TottenhamPremier League,loan,,
2023,Sevilla,departure,730581,Loïc Badé,23,Stade RennaisLigue 1,loan,,
2023,Sevilla,departure,485963,Pape Gueye,24,MarseilleLigue 1,loan,,
2023,Sevilla,departure,255755,Alex Telles,30,Man UtdPremier League,loan,,
2023,Real Betis,arrival,357885,Pablo Fornals,27,West HamPremier League,permanent,8000000.0,8.0
2023,Real Betis,arrival,724520,Abde Ezzalzouli,21,BarcelonaLaLiga,permanent,7500000.0,7.5
2023,Real Betis,arrival,689505,Johnny Cardoso,22,InternacionalSérie A,permanent,6000000.0,6.0
2023,Real Betis,arrival,127048,Cédric Bakambu,32,GalatasaraySüper Lig,permanent,5000000.0,5.0
2023,Real Betis,arrival,167721,Chimy Ávila,29,CA OsasunaLaLiga,permanent,4700000.0,4.7
2023,Real Betis,arrival,466801,Sergi Altimira,21,GetafeLaLiga,permanent,2000000.0,2.0
2023,Real Betis,arrival,282722,Álex Collado,24,BarcelonaLaLiga,permanent,500000.0,0.5
2023,Real Betis,arrival,191217,Héctor Bellerín,28,SportingLiga Portugal,free,0.0,0.0
2023,Real Betis,arrival,246968,Ayoze Pérez,29,LeicesterChampionship,free,0.0,0.0
2023,Real Betis,arrival,99922,Marc Bartra,32,TrabzonsporSüper Lig,free,0.0,0.0
2023,Real Betis,arrival,336869,Marc Roca,26,LeedsChampionship,loan,,
2023,Real Betis,arrival,689637,Chadi Riad,20,BarcelonaLaLiga,loan,,
2023,Real Betis,arrival,85288,Isco,31,Without Club,unknown,,
2023,Real Betis,arrival,585700,Juan Cruz,23,Betis DeportivoSegunda Federación - Gr. IV,unknown,,
2023,Real Betis,arrival,34322,Sokratis Papastathopoulos,35,Without Club,unknown,,
2023,Real Betis,arrival,1061282,Assane Diao,18,Betis DeportivoSegunda Federación - Gr. IV,unknown,,
2023,Real Betis,arrival,126737,Juanmi,30,Al-RiyadhSaudi Pro League,loan,,
2023,Real Betis,arrival,631002,Raúl García,22,CD MirandésLaLiga2,loan,,
2023,Real Betis,arrival,371174,Diego Lainez,23,Tigres UANLLiga MX Apertura,loan,,
2023,Real Betis,arrival,354741,Loren Morón,29,UD Las PalmasLaLiga2,loan,,
2023,Real Betis,arrival,505675,Rober González,22,AlavésLaLiga2,loan,,
2023,Real Betis,departure,457931,Luiz Felipe,26,Al-IttihadSaudi Pro League,permanent,22000000.0,22.0
2023,Real Betis,departure,800175,Luiz Henrique,23,BotafogoSérie A,permanent,16000000.0,16.0
2023,Real Betis,departure,66106,Sergio Canales,32,MonterreyLiga MX Apertura,permanent,10000000.0,10.0
2023,Real Betis,departure,631002,Raúl García,22,CA OsasunaLaLiga,permanent,7000000.0,7.0
2023,Real Betis,departure,371174,Diego Lainez,23,Tigres UANLLiga MX Apertura,permanent,6000000.0,6.0
2023,Real Betis,departure,401624,Edgar González,26,UD AlmeríaLaLiga,permanent,4500000.0,4.5
2023,Real Betis,departure,429901,Paul Akouokou,25,LyonLigue 1,permanent,3000000.0,3.0
2023,Real Betis,departure,126737,Juanmi,30,Al-RiyadhSaudi Pro League,loan,1000000.0,1.0
2023,Real Betis,departure,278359,Borja Iglesias,31,LeverkusenBundesliga,loan,1000000.0,1.0
2023,Real Betis,departure,354741,Loren Morón,29,Aris SalonikiSuper League 1,free,0.0,0.0
2023,Real Betis,departure,20506,Andrés Guardado,37,LeónLiga MX Apertura,free,0.0,0.0
2023,Real Betis,departure,335221,Dani Martín,25,FC AndorraLaLiga2,free,0.0,0.0
2023,Real Betis,departure,68645,Martín Montoya,32,Aris SalonikiSuper League 1,free,0.0,0.0
2023,Real Betis,departure,126737,Juanmi,30,Cádiz CFLaLiga,loan,,
2023,Real Betis,departure,282722,Álex Collado,24,Al-OkhdoodSaudi Pro League,loan,,
2023,Real Betis,departure,505675,Rober González,22,NEC NijmegenEredivisie,loan,,
2023,Real Betis,departure,585700,Juan Cruz,23,CD LeganésLaLiga2,loan,,
2023,Real Betis,departure,7663,Joaquín,41,Retired,unknown,,
2023,Real Betis,departure,62920,Víctor Ruiz,34,Without Club,unknown,,
2023,Real Betis,departure,246968,Ayoze Pérez,29,LeicesterChampionship,loan,,
2023,Celta Vigo,arrival,523318,Anastasios Douvikas,24,UtrechtEredivisie,permanent,12000000.0,12.0
2023,Celta Vigo,arrival,282810,Carles Pérez,25,RomaSerie A,permanent,5200000.0,5.2
2023,Celta Vigo,arrival,258987,Carl Starfelt,28,CelticPremiership,permanent,5000000.0,5.0
2023,Celta Vigo,arrival,872184,Tadeo Allende,24,Godoy CruzLiga Profesional (- 23/24),permanent,4500000.0,4.5
2023,Celta Vigo,arrival,623524,Carlos Dotor,22,RM CastillaPrimera Federación - Gr. II,permanent,3000000.0,3.0
2023,Celta Vigo,arrival,271455,Mihailo Ristic,27,BenficaLiga Portugal,permanent,1500000.0,1.5
2023,Celta Vigo,arrival,292818,Jonathan Bamba,27,LilleLigue 1,free,0.0,0.0
2023,Celta Vigo,arrival,618809,Manu Sánchez,22,AtléticoLaLiga,free,0.0,0.0
2023,Celta Vigo,arrival,162029,Javier Manquillo,29,NewcastlePremier League,free,0.0,0.0
2023,Celta Vigo,arrival,366948,Jailson,28,PalmeirasSérie A,free,0.0,0.0
2023,Celta Vigo,arrival,64399,Vicente Guaita,36,Crystal PalacePremier League,free,0.0,0.0
2023,Celta Vigo,arrival,561745,Lautaro de León,22,Celta FortunaPrimera Federación - Gr. I,unknown,,
2023,Celta Vigo,arrival,892221,Hugo Sotelo,19,Celta FortunaPrimera Federación - Gr. I,unknown,,
2023,Celta Vigo,arrival,165007,Denis Suárez,29,EspanyolLaLiga,loan,,
2023,Celta Vigo,arrival,334042,Orbelín Pineda,27,AEK AthensSuper League 1,loan,,
2023,Celta Vigo,arrival,255653,Santi Mina,27,Al-ShababSaudi Pro League,loan,,
2023,Celta Vigo,arrival,199321,Rubén Blanco,27,MarseilleLigue 1,loan,,
2023,Celta Vigo,arrival,259930,Gabriel Fernández,29,FC JuárezLiga MX Apertura,loan,,
2023,Celta Vigo,arrival,545647,Sergio Carreira,22,Villarreal CF BLaLiga2,loan,,
2023,Celta Vigo,arrival,625654,Julen Lobete,22,RKC WaalwijkEredivisie,loan,,
2023,Celta Vigo,arrival,523977,Miguel Baeza,23,Rio AveLiga Portugal,loan,,
2023,Celta Vigo,arrival,609361,José Fontán,23,Go Ahead EaglesEredivisie,loan,,
2023,Celta Vigo,arrival,561745,Lautaro de León,22,FC CartagenaLaLiga2,loan,,
2023,Celta Vigo,departure,699704,Gabri Veiga,21,Al-AhliSaudi Pro League,permanent,30000000.0,30.0
2023,Celta Vigo,departure,334042,Orbelín Pineda,27,AEK AthensSuper League 1,permanent,6500000.0,6.5
2023,Celta Vigo,departure,448628,Javi Galán,28,AtléticoLaLiga,permanent,5000000.0,5.0
2023,Celta Vigo,departure,259930,Gabriel Fernández,29,UNAM PumasLiga MX Apertura,permanent,3200000.0,3.2
2023,Celta Vigo,departure,199321,Rubén Blanco,28,MarseilleLigue 1,permanent,1500000.0,1.5
2023,Celta Vigo,departure,165007,Denis Suárez,29,VillarrealLaLiga,free,0.0,0.0
2023,Celta Vigo,departure,119905,Hugo Mallo,32,InternacionalSérie A,free,0.0,0.0
2023,Celta Vigo,departure,282694,Augusto Solari,31,AtlasLiga MX Apertura,free,0.0,0.0
2023,Celta Vigo,departure,54534,Agustín Marchesín,35,GrêmioSérie A,free,0.0,0.0
2023,Celta Vigo,departure,181547,Gonçalo Paciência,29,VfL BochumBundesliga,loan,,
2023,Celta Vigo,departure,625654,Julen Lobete,22,FC AndorraLaLiga2,loan,,
2023,Celta Vigo,departure,545647,Sergio Carreira,22,Elche CFLaLiga2,loan,,
2023,Celta Vigo,departure,523977,Miguel Baeza,23,CD MirandésLaLiga2,loan,,
2023,Celta Vigo,departure,609361,José Fontán,23,FC CartagenaLaLiga2,loan,,
2023,Celta Vigo,departure,561745,Lautaro de León,22,CD MirandésLaLiga2,loan,,
2023,Celta Vigo,departure,561745,Lautaro de León,22,FC CartagenaLaLiga2,loan,,
2023,Celta Vigo,departure,255653,Santi Mina,27,Retired,unknown,,
2023,Celta Vigo,departure,284884,Óscar Rodríguez,25,Sevilla FCLaLiga,loan,,
2023,Celta Vigo,departure,282810,Carles Pérez,25,RomaSerie A,loan,,
2023,Celta Vigo,departure,109256,Haris Seferovic,31,BenficaLiga Portugal,loan,,
2023,Granada,arrival,334222,Lucas Boyé,27,Elche CFLaLiga2,permanent,8740000.0,8.74
2023,Granada,arrival,247652,Shon Weissman,27,Real ValladolidLaLiga2,permanent,3500000.0,3.5
2023,Granada,arrival,398808,Martin Hongla,25,Hellas VeronaSerie A,permanent,2750000.0,2.75
2023,Granada,arrival,398163,Gonzalo Villar,25,RomaSerie A,permanent,1800000.0,1.8
2023,Granada,arrival,568535,Theo Corbeanu,21,Wolves U21Premier League 2,permanent,1500000.0,1.5
2023,Granada,arrival,237125,Famara Diédhiou,30,AlanyasporSüper Lig,permanent,500000.0,0.5
2023,Granada,arrival,289167,Kamil Jóźwiak,25,CharlotteMLS,permanent,250000.0,0.25
2023,Granada,arrival,129374,Marc Martínez,33,FC CartagenaLaLiga2,permanent,150000.0,0.15
2023,Granada,arrival,552912,Bruno Méndez,24,CorinthiansSérie A,free,0.0,0.0
2023,Granada,arrival,268670,Gerard Gumbau,28,Elche CFLaLiga2,free,0.0,0.0
2023,Granada,arrival,257388,Wilson Manafá,29,PortoLiga Portugal,free,0.0,0.0
2023,Granada,arrival,676318,Facundo Pellistri,22,Man UtdPremier League,loan,,
2023,Granada,arrival,811778,Álvaro Carreras,20,Man UtdPremier League,loan,,
2023,Granada,arrival,275218,Augusto Batalla,27,River PlateLiga Profesional (- 23/24),loan,,
2023,Granada,arrival,357072,Faitout Maouassa,25,Club BruggeJupiler Pro League,loan,,
2023,Granada,arrival,345449,Kamil Piątkowski,23,SalzburgBundesliga,loan,,
2023,Granada,arrival,251896,Jesús Vallejo,26,Real MadridLaLiga,loan,,
2023,Granada,arrival,991268,Samu Aghehowa,19,Recre GranadaPrimera Federación - Gr. II,unknown,,
2023,Granada,arrival,611426,Matías Arezo,21,PeñarolLiga AUF Clausura,loan,,
2023,Granada,arrival,610336,Antoñín,23,AnorthosisCyprus League,loan,,
2023,Granada,arrival,631221,Isma Ruiz,22,UD IbizaLaLiga2,loan,,
2023,Granada,arrival,596884,Adrián Butzke,24,Paços FerreiraLiga Portugal,loan,,
2023,Granada,arrival,554175,Alpha Diounkou,21,Barça AtlèticPrimera Federación - Gr. II,loan,,
2023,Granada,arrival,500191,Pepe Sánchez,23,Dep. A CoruñaPrimera Federación - Gr. I,loan,,
2023,Granada,departure,991268,Samu Aghehowa,19,AtléticoLaLiga,permanent,6000000.0,6.0
2023,Granada,departure,713644,Bryan Zaragoza,22,Bayern MunichBundesliga,loan,4000000.0,4.0
2023,Granada,departure,596884,Adrián Butzke,24,Vit. GuimarãesLiga Portugal,permanent,300000.0,0.3
2023,Granada,departure,257388,Wilson Manafá,29,SH ShenhuaSuper League,permanent,150000.0,0.15
2023,Granada,departure,290533,Yann Bodiger,28,CD TenerifeLaLiga2,free,0.0,0.0
2023,Granada,departure,99559,Alberto Perea,33,AnorthosisCyprus League,free,0.0,0.0
2023,Granada,departure,610336,Antoñín,23,CD LugoPrimera Federación - Gr. I,free,0.0,0.0
2023,Granada,departure,631221,Isma Ruiz,22,Córdoba CFPrimera Federación - Gr. II,free,0.0,0.0
2023,Granada,departure,223053,Quini,33,OlympiacosSuper League 1,free,0.0,0.0
2023,Granada,departure,500191,Pepe Sánchez,23,UD IbizaPrimera Federación - Gr. II,free,0.0,0.0
2023,Granada,departure,247652,Shon Weissman,27,SalernitanaSerie A,loan,,
2023,Granada,departure,376588,Njegos Petrovic,24,VojvodinaSuper liga Srbije,loan,,
2023,Granada,departure,487688,Alberto Soro,24,VizelaLiga Portugal,loan,,
2023,Granada,departure,658269,Víctor Meseguer,24,Real ValladolidLaLiga2,loan,,
2023,Granada,departure,290346,André Ferreira,27,Real ValladolidLaLiga2,loan,,
2023,Granada,departure,237125,Famara Diédhiou,31,CardiffChampionship,loan,,
2023,Granada,departure,554175,Alpha Diounkou,21,AEK LarnacaCyprus League,loan,,
2023,Granada,departure,67548,Rubén Rochina,32,Without Club,unknown,,
2023,Granada,departure,57825,Jorge Molina,41,Retired,unknown,,
2023,Granada,departure,811778,Álvaro Carreras,20,Man UtdPremier League,loan,,
2023,Granada,departure,247652,Shon Weissman,27,Real ValladolidLaLiga2,loan,,
2023,Granada,departure,237125,Famara Diédhiou,30,AlanyasporSüper Lig,loan,,
2023,Granada,departure,412045,Pol Lozano,23,EspanyolLaLiga2,loan,,
2023,Granada,departure,302991,Erick Cabaco,28,GetafeLaLiga,loan,,
2023,Granada,departure,189453,Jonathan Silva,29,GetafeLaLiga,loan,,
2023,Getafe,arrival,353032,Omar Alderete,26,Hertha BSC2. Bundesliga,permanent,4000000.0,4.0
2023,Getafe,arrival,577486,Gastón Álvarez,23,Boston RiverLiga AUF Clausura,permanent,3500000.0,3.5
2023,Getafe,arrival,99353,Portu,31,Real SociedadLaLiga,permanent,3500000.0,3.5
2023,Getafe,arrival,131275,Choco Lozano,30,Cádiz CFLaLiga,free,0.0,0.0
2023,Getafe,arrival,466801,Sergi Altimira,21,CE SabadellPrimera Federación - Gr. I,free,0.0,0.0
2023,Getafe,arrival,941869,Yellu Santiago,19,Valencia BSegunda Federación - Gr. III,unknown,,
2023,Getafe,arrival,284884,Óscar Rodríguez,25,Sevilla FCLaLiga,loan,,
2023,Getafe,arrival,532826,Mason Greenwood,21,Man UtdPremier League,loan,,
2023,Getafe,arrival,711625,José Ángel Carmona,21,Sevilla FCLaLiga,loan,,
2023,Getafe,arrival,249513,Diego Rico,30,Real SociedadLaLiga,loan,,
2023,Getafe,arrival,617074,Ilaix Moriba,20,LeipzigBundesliga,loan,,
2023,Getafe,arrival,438682,Daniel Fuzato,26,UD IbizaPrimera Federación - Gr. II,loan,,
2023,Getafe,arrival,302991,Erick Cabaco,28,Granada CFLaLiga2,loan,,
2023,Getafe,arrival,319160,Jakub Jankto,27,Sparta PragueChance Liga,loan,,
2023,Getafe,arrival,189453,Jonathan Silva,29,Granada CFLaLiga2,loan,,
2023,Getafe,arrival,399780,Darío Poveda,26,FC CartagenaLaLiga2,loan,,
2023,Getafe,arrival,399780,Darío Poveda,26,CD LeganésLaLiga2,loan,,
2023,Getafe,arrival,648812,Sabit Abdulai,24,CD LugoPrimera Federación - Gr. I,loan,,
2023,Getafe,arrival,648812,Sabit Abdulai,24,PonferradinaLaLiga2,loan,,
2023,Getafe,arrival,147524,Jack Harper,27,Hércules CFSegunda Federación - Gr. III,loan,,
2023,Getafe,departure,340867,Jaime Seoane,26,PachucaLiga MX Apertura,permanent,2500000.0,2.5
2023,Getafe,departure,466801,Sergi Altimira,21,Real BetisLaLiga,permanent,2000000.0,2.0
2023,Getafe,departure,99353,Portu,31,GironaLaLiga,permanent,1500000.0,1.5
2023,Getafe,departure,319160,Jakub Jankto,27,CagliariSerie A,permanent,540000.0,0.54
2023,Getafe,departure,143029,Stefan Mitrovic,33,KAA GentJupiler Pro League,permanent,500000.0,0.5
2023,Getafe,departure,223725,Munir El Haddadi,27,UD Las PalmasLaLiga,free,0.0,0.0
2023,Getafe,departure,638589,Ángel Algobia,24,LevanteLaLiga2,free,0.0,0.0
2023,Getafe,departure,76746,Damián Suárez,35,BotafogoSérie A,free,0.0,0.0
2023,Getafe,departure,302991,Erick Cabaco,28,EstorilLiga Portugal,free,0.0,0.0
2023,Getafe,departure,341713,Diego Conde,24,CD LeganésLaLiga2,free,0.0,0.0
2023,Getafe,departure,147524,Jack Harper,27,MarbellaSegunda Federación - Gr. IV,free,0.0,0.0
2023,Getafe,departure,251106,Enes Ünal,26,BournemouthPremier League,loan,,
2023,Getafe,departure,131275,Choco Lozano,30,UD AlmeríaLaLiga,loan,,
2023,Getafe,departure,189453,Jonathan Silva,29,AlbaceteLaLiga2,loan,,
2023,Getafe,departure,399780,Darío Poveda,26,CD LeganésLaLiga2,loan,,
2023,Getafe,departure,399780,Darío Poveda,26,FC CartagenaLaLiga2,loan,,
2023,Getafe,departure,648812,Sabit Abdulai,24,Real MurciaPrimera Federación - Gr. II,loan,,
2023,Getafe,departure,648812,Sabit Abdulai,24,CD LugoPrimera Federación - Gr. I,loan,,
2023,Getafe,departure,27486,Kiko Casilla,36,Retired,unknown,,
2023,Getafe,departure,577486,Gastón Álvarez,23,Boston RiverLiga AUF Clausura,loan,,
2023,Getafe,departure,353032,Omar Alderete,26,Hertha BSC2. Bundesliga,loan,,
2023,Getafe,departure,99353,Portu,31,Real SociedadLaLiga,loan,,
2023,Getafe,departure,398163,Gonzalo Villar,25,RomaSerie A,loan,,
2023,Getafe,departure,241229,Jordan Amavi,29,MarseilleLigue 1,loan,,
2023,Alaves,arrival,495621,Antonio Blanco,23,Real MadridLaLiga,permanent,4000000.0,4.0
2023,Alaves,arrival,465967,Ander Guevara,26,Real SociedadLaLiga,permanent,1800000.0,1.8
2023,Alaves,arrival,289255,Andoni Gorosabel,27,Real SociedadLaLiga,permanent,1500000.0,1.5
2023,Alaves,arrival,258475,Nikola Maras,27,UD AlmeríaLaLiga,permanent,1500000.0,1.5
2023,Alaves,arrival,533568,Nahuel Tenaglia,27,CA TalleresLiga Profesional (- 23/24),permanent,1000000.0,1.0
2023,Alaves,arrival,540536,Carlos Vicente,24,Racing FerrolLaLiga2,permanent,600000.0,0.6
2023,Alaves,arrival,93936,Kike García,33,CA OsasunaLaLiga,free,0.0,0.0
2023,Alaves,arrival,711382,Jon Karrikaburu,20,Real SociedadLaLiga,loan,,
2023,Alaves,arrival,282076,Ianis Hagi,24,RangersPremiership,loan,,
2023,Alaves,arrival,434990,Álex Sola,24,Real SociedadLaLiga,loan,,
2023,Alaves,arrival,742201,Giuliano Simeone,20,AtléticoLaLiga,loan,,
2023,Alaves,arrival,662261,Rafa Marín,21,Real MadridLaLiga,loan,,
2023,Alaves,arrival,991268,Samu Aghehowa,19,AtléticoLaLiga,loan,,
2023,Alaves,arrival,634460,Álex Balboa,22,Alavés BSegunda Federación - Gr. II,unknown,,
2023,Alaves,arrival,668277,Alan Godoy,20,Alavés BSegunda Federación - Gr. II,unknown,,
2023,Alaves,arrival,127108,Florian Lejeune,32,Rayo VallecanoLaLiga,loan,,
2023,Alaves,arrival,495752,Taichi Hara,24,Sint-TruidenJupiler Pro League,loan,,
2023,Alaves,arrival,615636,Abdallahi Mahmoud,23,NK IstraSuperSport HNL,loan,,
2023,Alaves,arrival,668277,Alan Godoy,20,CD MirandésLaLiga2,loan,,
2023,Alaves,departure,127108,Florian Lejeune,32,Rayo VallecanoLaLiga,permanent,2500000.0,2.5
2023,Alaves,departure,263860,Jason Remeseiro,28,AroucaLiga Portugal,free,0.0,0.0
2023,Alaves,departure,295065,Toni Moya,25,Real ZaragozaLaLiga2,free,0.0,0.0
2023,Alaves,departure,166683,Mamadou Sylla,29,Real ValladolidLaLiga2,free,0.0,0.0
2023,Alaves,departure,58799,Salva Sevilla,39,Dep. A CoruñaPrimera Federación - Gr. I,free,0.0,0.0
2023,Alaves,departure,495752,Taichi Hara,24,Kyoto SangaJ1 League,unknown,,
2023,Alaves,departure,480883,Miguel de la Fuente,23,CD LeganésLaLiga2,loan,,
2023,Alaves,departure,258475,Nikola Maras,28,LevanteLaLiga2,loan,,
2023,Alaves,departure,615636,Abdallahi Mahmoud,23,AC BellinzonaChallenge League,loan,,
2023,Alaves,departure,668277,Alan Godoy,20,GimnàsticPrimera Federación - Gr. I,loan,,
2023,Alaves,departure,634460,Álex Balboa,22,SD HuescaLaLiga2,loan,,
2023,Alaves,departure,668277,Alan Godoy,20,CD MirandésLaLiga2,loan,,
2023,Alaves,departure,67080,Víctor Laguardia,33,Retired,unknown,,
2023,Alaves,departure,251897,Asier Villalibre,25,Athletic ClubLaLiga,loan,,
2023,Alaves,departure,495621,Antonio Blanco,22,Real MadridLaLiga,loan,,
2023,Alaves,departure,711382,Jon Karrikaburu,21,Real SociedadLaLiga,loan,,
2023,Alaves,departure,505675,Rober González,22,Real BetisLaLiga,loan,,
2023,Alaves,departure,258475,Nikola Maras,27,UD AlmeríaLaLiga,loan,,
2023,Alaves,departure,426326,Anderson Arroyo,23,Liverpool U21Premier League 2,loan,,
2023,Las Palmas,arrival,617060,Mika Mármol,22,FC AndorraLaLiga2,permanent,1900000.0,1.9
2023,Las Palmas,arrival,355689,Sory Kaba,28,MidtjyllandSuperliga,permanent,1500000.0,1.5
2023,Las Palmas,arrival,199369,Sandro Ramírez,27,SD HuescaLaLiga2,permanent,1000000.0,1.0
2023,Las Palmas,arrival,284430,Aarón Escandell,27,FC CartagenaLaLiga2,permanent,400000.0,0.4
2023,Las Palmas,arrival,223725,Munir El Haddadi,27,GetafeLaLiga,free,0.0,0.0
2023,Las Palmas,arrival,215099,Daley Sinkgraven,28,LeverkusenBundesliga,free,0.0,0.0
2023,Las Palmas,arrival,282421,Javi Muñoz,28,SD EibarLaLiga2,free,0.0,0.0
2023,Las Palmas,arrival,237617,Cristian Herrera,32,UD IbizaPrimera Federación - Gr. II,free,0.0,0.0
2023,Las Palmas,arrival,668547,Máximo Perrone,20,Man CityPremier League,loan,,
2023,Las Palmas,arrival,513970,Julián Araujo,21,BarcelonaLaLiga,loan,,
2023,Las Palmas,arrival,603940,Marvin Park,23,RM CastillaPrimera Federación - Gr. II,loan,,
2023,Las Palmas,arrival,120095,José Campaña,30,Without Club,unknown,,
2023,Las Palmas,arrival,898737,Ale García,20,Las Palmas Atl.Spain,unknown,,
2023,Las Palmas,arrival,413502,Óscar Pinchi,27,CD MirandésLaLiga2,loan,,
2023,Las Palmas,arrival,699501,Clau Mendes,22,UD LogroñésPrimera Federación - Gr. II,loan,,
2023,Las Palmas,arrival,535304,Joel del Pino,25,R. B. LinensePrimera Federación - Gr. I,loan,,
2023,Las Palmas,arrival,583546,Unai Veiga,24,Unionistas CFPrimera Federación - Gr. I,loan,,
2023,Las Palmas,departure,256120,Wilfrid Kaptoum,26,AEK LarnacaCyprus League,free,0.0,0.0
2023,Las Palmas,departure,177065,Florin Andone,30,EldenseLaLiga2,free,0.0,0.0
2023,Las Palmas,departure,413502,Óscar Pinchi,27,C. RizesporSüper Lig,free,0.0,0.0
2023,Las Palmas,departure,27374,Sidnei,33,Ceará SCSérie B,free,0.0,0.0
2023,Las Palmas,departure,396340,Óscar Clemente,24,LevanteLaLiga2,free,0.0,0.0
2023,Las Palmas,departure,699501,Clau Mendes,22,UE CornellàPrimera Federación - Gr. I,free,0.0,0.0
2023,Las Palmas,departure,583546,Unai Veiga,24,LandskronaSuperettan,free,0.0,0.0
2023,Las Palmas,departure,524937,Álex Domínguez,24,ToulouseLigue 1,unknown,,
2023,Las Palmas,departure,487951,Enrique Clemente,24,Racing FerrolLaLiga2,loan,,
2023,Las Palmas,departure,535304,Joel del Pino,25,Real AvilésSegunda Federación - Gr. I,loan,,
2023,Las Palmas,departure,898737,Ale García,20,Antequera CFPrimera Federación - Gr. II,loan,,
2023,Las Palmas,departure,153238,Jonathan Viera,34,Without Club,unknown,,
2023,Las Palmas,departure,354741,Loren Morón,29,Real BetisLaLiga,loan,,
2023,Las Palmas,departure,199369,Sandro Ramírez,27,SD HuescaLaLiga2,loan,,
2023,Las Palmas,departure,282406,Álvaro Jiménez,28,Cádiz CFLaLiga,loan,,
2023,Las Palmas,departure,603940,Marvin Park,22,RM CastillaPrimera Federación - Gr. II,loan,,
2023,Las Palmas,departure,67082,Vitolo,33,AtléticoLaLiga,loan,,
2023,Osasuna,arrival,631002,Raúl García,22,Real BetisLaLiga,permanent,7000000.0,7.0
2023,Osasuna,arrival,449796,Alejandro Catena,28,Rayo VallecanoLaLiga,free,0.0,0.0
2023,Osasuna,arrival,364603,José Manuel Arnáiz,28,CD LeganésLaLiga2,free,0.0,0.0
2023,Osasuna,arrival,262939,Johan Mojica,30,VillarrealLaLiga,loan,,
2023,Osasuna,arrival,710677,Iker Muñoz,20,Osasuna BPrimera Federación - Gr. I,unknown,,
2023,Osasuna,arrival,555500,Jorge Herrando,22,Osasuna BPrimera Federación - Gr. I,unknown,,
2023,Osasuna,arrival,710679,Iker Benito,20,Osasuna BPrimera Federación - Gr. I,unknown,,
2023,Osasuna,arrival,488626,Jesús Areso,23,Burgos CFLaLiga2,loan,,
2023,Osasuna,arrival,471474,Javi Martínez,23,SD HuescaLaLiga2,loan,,
2023,Osasuna,departure,167721,Chimy Ávila,29,Real BetisLaLiga,permanent,4700000.0,4.7
2023,Osasuna,departure,95641,Darko Brasanac,31,CD LeganésLaLiga2,permanent,200000.0,0.2
2023,Osasuna,departure,471474,Javi Martínez,23,SD HuescaLaLiga2,loan,100000.0,0.1
2023,Osasuna,departure,93936,Kike García,33,AlavésLaLiga,free,0.0,0.0
2023,Osasuna,departure,82503,Aridane Hernández,34,Rayo VallecanoLaLiga,free,0.0,0.0
2023,Osasuna,departure,216870,Nacho Vidal,29,RCD MallorcaLaLiga,loan,,
2023,Osasuna,departure,710679,Iker Benito,20,FC AndorraLaLiga2,loan,,
2023,Osasuna,departure,724520,Abde Ezzalzouli,21,BarcelonaLaLiga,loan,,
2023,Osasuna,departure,618809,Manu Sánchez,22,AtléticoLaLiga,loan,,
2023,Almeria,arrival,387687,César Montes,26,EspanyolLaLiga2,permanent,14000000.0,14.0
2023,Almeria,arrival,424784,Luis Suárez,25,MarseilleLigue 1,permanent,8000000.0,8.0
2023,Almeria,arrival,844637,Marc Pubill,20,LevanteLaLiga2,permanent,7750000.0,7.75
2023,Almeria,arrival,490223,Ibrahima Koné,24,FC LorientLigue 1,permanent,7500000.0,7.5
2023,Almeria,arrival,649033,Dion Lopy,21,Stade ReimsLigue 1,permanent,6500000.0,6.5
2023,Almeria,arrival,537762,Sergio Arribas,21,Real MadridLaLiga,permanent,6000000.0,6.0
2023,Almeria,arrival,401624,Edgar González,26,Real BetisLaLiga,permanent,4500000.0,4.5
2023,Almeria,arrival,367464,Luís Maximiano,24,LazioSerie A,loan,500000.0,0.5
2023,Almeria,arrival,339501,Aleksandar Radovanovic,30,KV KortrijkJupiler Pro League,free,0.0,0.0
2023,Almeria,arrival,442805,Iddrisu Baba,27,RCD MallorcaLaLiga,loan,,
2023,Almeria,arrival,769063,Luka Romero,19,AC MilanSerie A,loan,,
2023,Almeria,arrival,131275,Choco Lozano,30,GetafeLaLiga,loan,,
2023,Almeria,arrival,631472,Bruno Langa,26,ChavesLiga Portugal,loan,,
2023,Almeria,arrival,153238,Jonathan Viera,34,Without Club,unknown,,
2023,Almeria,arrival,1013774,Marciano Sanca,19,UD Almería BSpain,unknown,,
2023,Almeria,arrival,258475,Nikola Maras,27,AlavésLaLiga2,loan,,
2023,Almeria,arrival,696506,Gui Guedes,21,CD LugoLaLiga2,loan,,
2023,Almeria,arrival,657746,Cristian Olivera,21,Boston RiverLiga AUF Clausura,loan,,
2023,Almeria,arrival,433257,Arvin Appiah,22,Málaga CFLaLiga2,loan,,
2023,Almeria,arrival,406773,Iván Martos,26,FC CartagenaLaLiga2,loan,,
2023,Almeria,arrival,636697,Arnau Solà,20,Real MurciaPrimera Federación - Gr. II,loan,,
2023,Almeria,arrival,568155,Jordi Escobar,21,Betis DeportivoSegunda Federación - Gr. IV,loan,,
2023,Almeria,departure,649016,El Bilal Touré,21,AtalantaSerie A,permanent,30200000.0,30.2
2023,Almeria,departure,355627,Sergio Akieme,26,Stade ReimsLigue 1,permanent,6000000.0,6.0
2023,Almeria,departure,222805,Srdjan Babic,27,Spartak MoscowPremier Liga,permanent,5000000.0,5.0
2023,Almeria,departure,657746,Cristian Olivera,21,LAFCMLS,permanent,4099999.9999999995,4.1
2023,Almeria,departure,657430,Samú Costa,22,RCD MallorcaLaLiga,permanent,3000000.0,3.0
2023,Almeria,departure,176140,Rodrigo Ely,29,GrêmioSérie A,permanent,1500000.0,1.5
2023,Almeria,departure,258475,Nikola Maras,27,AlavésLaLiga,permanent,1500000.0,1.5
2023,Almeria,departure,574772,Lázaro,21,PalmeirasSérie A,loan,1000000.0,1.0
2023,Almeria,departure,226261,César de la Hoz,31,Real ValladolidLaLiga2,free,0.0,0.0
2023,Almeria,departure,157036,Dyego Sousa,33,AD AlcorcónLaLiga2,free,0.0,0.0
2023,Almeria,departure,406773,Iván Martos,26,SD HuescaLaLiga2,free,0.0,0.0
2023,Almeria,departure,531274,Diego Fuoli,25,San Fernando CDPrimera Federación - Gr. II,free,0.0,0.0
2023,Almeria,departure,568155,Jordi Escobar,21,SD LogroñésPrimera Federación - Gr. I,free,0.0,0.0
2023,Almeria,departure,743589,Kaiky,20,AlbaceteLaLiga2,loan,,
2023,Almeria,departure,536030,Arnau Puigmal,23,Elche CFLaLiga2,loan,,
2023,Almeria,departure,442552,Houboulang Mendes,25,CD MirandésLaLiga2,loan,,
2023,Almeria,departure,696506,Gui Guedes,21,FC Porto BLiga Portugal 2,loan,,
2023,Almeria,departure,1013774,Marciano Sanca,19,AD AlcorcónLaLiga2,loan,,
2023,Almeria,departure,433257,Arvin Appiah,22,RotherhamChampionship,loan,,
2023,Almeria,departure,636697,Arnau Solà,20,FC CartagenaLaLiga2,loan,,
2023,Almeria,departure,138803,Francisco Portillo,33,Without Club,unknown,,
2023,Almeria,departure,89731,Iñigo Eguaras,31,Without Club,unknown,,
2023,Almeria,departure,424784,Luis Suárez,25,MarseilleLigue 1,loan,,
2023,Mallorca,arrival,142021,Sergi Darder,29,EspanyolLaLiga2,permanent,8000000.0,8.0
2023,Mallorca,arrival,343463,Cyle Larin,28,Real ValladolidLaLiga2,permanent,7500000.0,7.5
2023,Mallorca,arrival,657430,Samú Costa,22,UD AlmeríaLaLiga,permanent,3000000.0,3.0
2023,Mallorca,arrival,400131,Siebe Van der Heyden,25,Union SGJupiler Pro League,permanent,2700000.0,2.7
2023,Mallorca,arrival,335225,Manu Morlanes,24,VillarrealLaLiga,permanent,2500000.0,2.5
2023,Mallorca,arrival,142031,Omar Mascarell,30,Elche CFLaLiga2,permanent,600000.0,0.6
2023,Mallorca,arrival,320271,Toni Lato,25,ValenciaLaLiga,free,0.0,0.0
2023,Mallorca,arrival,27493,Iván Cuéllar,39,Sporting GijónLaLiga2,free,0.0,0.0
2023,Mallorca,arrival,245078,Nemanja Radonjic,27,TorinoSerie A,loan,,
2023,Mallorca,arrival,216870,Nacho Vidal,29,CA OsasunaLaLiga,loan,,
2023,Mallorca,arrival,632495,Josep Gayá,22,RCD Mallorca BSpain,unknown,,
2023,Mallorca,arrival,947431,David López,20,RCD Mallorca BSpain,unknown,,
2023,Mallorca,arrival,401521,Braian Cufré,27,New York CityMLS,loan,,
2023,Mallorca,arrival,331498,Jordi Mboula,24,RacingLaLiga2,loan,,
2023,Mallorca,arrival,706138,Javi Llabrés,20,CD MirandésLaLiga2,loan,,
2023,Mallorca,departure,557149,Kang-in Lee,22,PSGLigue 1,permanent,22000000.0,22.0
2023,Mallorca,departure,126751,Iñigo Ruiz de Galarreta,29,Athletic ClubLaLiga,free,0.0,0.0
2023,Mallorca,departure,401521,Braian Cufré,27,Vélez SarsfieldLiga Profesional (- 23/24),free,0.0,0.0
2023,Mallorca,departure,331498,Jordi Mboula,24,Hellas VeronaSerie A,free,0.0,0.0
2023,Mallorca,departure,51510,Ángel Rodríguez,36,CD TenerifeLaLiga2,free,0.0,0.0
2023,Mallorca,departure,72479,Clément Grenier,32,RacingLaLiga2,free,0.0,0.0
2023,Mallorca,departure,442805,Iddrisu Baba,27,UD AlmeríaLaLiga,loan,,
2023,Mallorca,departure,339820,Amath Ndiaye,27,Real ValladolidLaLiga2,loan,,
2023,Mallorca,departure,562742,Leo Román,22,Real OviedoLaLiga2,loan,,
2023,Mallorca,departure,632495,Josep Gayá,23,SD AmorebietaLaLiga2,loan,,
2023,Mallorca,departure,947431,David López,20,Elche CFLaLiga2,loan,,
2023,Mallorca,departure,384060,Tino Kadewere,27,LyonLigue 1,loan,,
2023,Mallorca,departure,335225,Manu Morlanes,24,VillarrealLaLiga,loan,,
2023,Mallorca,departure,322065,Dennis Hadzikadunic,24,RostovPremier Liga,loan,,
2023,Mallorca,departure,170646,Ludwig Augustinsson,29,Sevilla FCLaLiga,loan,,
2023,Rayo Vallecano,arrival,455181,Jorge de Frutos,26,LevanteLaLiga2,permanent,8000000.0,8.0
2023,Rayo Vallecano,arrival,527966,Andrei Rațiu,25,SD HuescaLaLiga2,permanent,5500000.0,5.5
2023,Rayo Vallecano,arrival,505674,Sergio Camello,22,AtléticoLaLiga,permanent,5000000.0,5.0
2023,Rayo Vallecano,arrival,127108,Florian Lejeune,32,AlavésLaLiga,permanent,2500000.0,2.5
2023,Rayo Vallecano,arrival,397676,Dani Cárdenas,26,LevanteLaLiga2,permanent,1300000.0,1.3
2023,Rayo Vallecano,arrival,311044,Alfonso Espino,31,Cádiz CFLaLiga,free,0.0,0.0
2023,Rayo Vallecano,arrival,82503,Aridane Hernández,34,CA OsasunaLaLiga,free,0.0,0.0
2023,Rayo Vallecano,arrival,498529,Miguel Crespo,27,FenerbahçeSüper Lig,loan,,
2023,Rayo Vallecano,arrival,527698,Kike Pérez,26,Real ValladolidLaLiga2,loan,,
2023,Rayo Vallecano,arrival,343273,Joni Montiel,25,Real ValladolidLaLiga2,loan,,
2023,Rayo Vallecano,arrival,343273,Joni Montiel,24,LevanteLaLiga2,loan,,
2023,Rayo Vallecano,arrival,560483,Randy Nteka,25,Elche CFLaLiga,loan,,
2023,Rayo Vallecano,arrival,153427,Bebé,32,Real ZaragozaLaLiga2,loan,,
2023,Rayo Vallecano,arrival,717957,Jorge Moreno,21,Córdoba CFPrimera Federación - Gr. I,loan,,
2023,Rayo Vallecano,arrival,607779,Sergio Moreno,24,Osasuna BPrimera Federación - Gr. II,loan,,
2023,Rayo Vallecano,arrival,638588,Martín Pascual,23,UD IbizaLaLiga2,loan,,
2023,Rayo Vallecano,departure,341264,Fran García,23,Real MadridLaLiga,permanent,5000000.0,5.0
2023,Rayo Vallecano,departure,246204,Salvi Sánchez,32,EspanyolLaLiga2,permanent,700000.0,0.7
2023,Rayo Vallecano,departure,449796,Alejandro Catena,28,CA OsasunaLaLiga,free,0.0,0.0
2023,Rayo Vallecano,departure,380598,Santi Comesaña,26,VillarrealLaLiga,free,0.0,0.0
2023,Rayo Vallecano,departure,608531,Mario Hernández,24,Real OviedoLaLiga2,free,0.0,0.0
2023,Rayo Vallecano,departure,240360,Esteban Saveljich,32,Burgos CFLaLiga2,free,0.0,0.0
2023,Rayo Vallecano,departure,717957,Jorge Moreno,22,Osasuna BPrimera Federación - Gr. I,unknown,,
2023,Rayo Vallecano,departure,343273,Joni Montiel,25,Burgos CFLaLiga2,loan,,
2023,Rayo Vallecano,departure,343273,Joni Montiel,24,Real ValladolidLaLiga2,loan,,
2023,Rayo Vallecano,departure,531277,Andrés Martín,24,RacingLaLiga2,loan,,
2023,Rayo Vallecano,departure,607780,Miguel Ángel Morro,22,Villarreal CF BLaLiga2,loan,,
2023,Rayo Vallecano,departure,34370,Diego López,41,Without Club,unknown,,
2023,Rayo Vallecano,departure,37337,Mario Suárez,36,Without Club,unknown,,
2023,Rayo Vallecano,departure,607779,Sergio Moreno,24,Without Club,unknown,,
2023,Rayo Vallecano,departure,505674,Sergio Camello,22,AtléticoLaLiga,loan,,
2023,Rayo Vallecano,departure,127108,Florian Lejeune,32,AlavésLaLiga,loan,,
2023,Cadiz,arrival,277635,Rominigue Kouamé,26,TroyesLigue 2,permanent,2500000.0,2.5
2023,Cadiz,arrival,266795,Gonzalo Escalante,30,LazioSerie A,permanent,2500000.0,2.5
2023,Cadiz,arrival,256429,Sergi Guardiola,32,Real ValladolidLaLiga2,permanent,1000000.0,1.0
2023,Cadiz,arrival,126737,Juanmi,30,Real BetisLaLiga,loan,,
2023,Cadiz,arrival,396894,Maxi Gómez,27,TrabzonsporSüper Lig,loan,,
2023,Cadiz,arrival,211251,Darwin Machís,30,Real ValladolidLaLiga2,loan,,
2023,Cadiz,arrival,563137,Robert Navarro,21,Real SociedadLaLiga,loan,,
2023,Cadiz,arrival,315604,Diadié Samassékou,28,HoffenheimBundesliga,loan,,
2023,Cadiz,arrival,422466,Javi Hernández,25,CD LeganésLaLiga2,loan,,
2023,Cadiz,arrival,585068,Aiham Ousou,24,Slavia PrahaChance Liga,loan,,
2023,Cadiz,arrival,927768,Lucas Pires,22,SantosSérie A,loan,,
2023,Cadiz,arrival,286779,Jorge Meré,26,AméricaLiga MX Apertura,loan,,
2023,Cadiz,arrival,1027993,José Antonio de la Rosa,19,Cádiz BSegunda Federación - Gr. IV,unknown,,
2023,Cadiz,arrival,632872,Francisco Mwepu,23,Cádiz BSegunda Federación - Gr. IV,unknown,,
2023,Cadiz,arrival,542819,Milutin Osmajic,23,VizelaLiga Portugal,loan,,
2023,Cadiz,arrival,454238,Tomás Alarcón,24,Real ZaragozaLaLiga2,loan,,
2023,Cadiz,arrival,255729,Awer Mabil,27,Sparta PragueChance Liga,loan,,
2023,Cadiz,arrival,282406,Álvaro Jiménez,28,UD Las PalmasLaLiga2,loan,,
2023,Cadiz,arrival,564451,Youba Diarra,25,Asteras AktorSuper League 1,loan,,
2023,Cadiz,arrival,282406,Álvaro Jiménez,28,TractorPersian Gulf League,loan,,
2023,Cadiz,arrival,412046,Iván Chapela,24,Unionistas CFPrimera Federación - Gr. I,loan,,
2023,Cadiz,arrival,278404,Martín Calderón,24,Celta FortunaPrimera Federación - Gr. I,loan,,
2023,Cadiz,arrival,513972,Juan Flere,25,Algeciras CFPrimera Federación - Gr. I,loan,,
2023,Cadiz,departure,280701,Théo Bongonda,27,Spartak MoscowPremier Liga,permanent,7500000.0,7.5
2023,Cadiz,departure,542819,Milutin Osmajic,24,PrestonChampionship,permanent,2500000.0,2.5
2023,Cadiz,departure,311044,Alfonso Espino,31,Rayo VallecanoLaLiga,free,0.0,0.0
2023,Cadiz,departure,131275,Choco Lozano,30,GetafeLaLiga,free,0.0,0.0
2023,Cadiz,departure,255729,Awer Mabil,27,GrasshoppersSuper League,free,0.0,0.0
2023,Cadiz,departure,18644,Álvaro Negredo,38,Real ValladolidLaLiga2,free,0.0,0.0
2023,Cadiz,departure,513972,Juan Flere,25,At. SanluqueñoPrimera Federación - Gr. II,free,0.0,0.0
2023,Cadiz,departure,412046,Iván Chapela,24,EldenseLaLiga2,unknown,,
2023,Cadiz,departure,784719,Raúl Parra,23,EstorilLiga Portugal,unknown,,
2023,Cadiz,departure,454238,Tomás Alarcón,24,FC CartagenaLaLiga2,loan,,
2023,Cadiz,departure,520947,Santiago Arzamendia,25,Cerro PorteñoPrimera División Clausura,loan,,
2023,Cadiz,departure,564451,Youba Diarra,25,Asteras AktorSuper League 1,loan,,
2023,Cadiz,departure,282406,Álvaro Jiménez,28,TractorPersian Gulf League,loan,,
2023,Cadiz,departure,282406,Álvaro Jiménez,28,CD TenerifeLaLiga2,loan,,
2023,Cadiz,departure,278404,Martín Calderón,24,At. SanluqueñoPrimera Federación - Gr. II,loan,,
2023,Cadiz,departure,1027993,José Antonio de la Rosa,19,Recr. HuelvaPrimera Federación - Gr. II,loan,,
2023,Cadiz,departure,632872,Francisco Mwepu,23,At. SanluqueñoPrimera Federación - Gr. II,loan,,
2023,Cadiz,departure,564451,Youba Diarra,25,Cádiz BSegunda Federación - Gr. IV,unknown,,
2023,Cadiz,departure,67089,Juan Cala,33,Without Club,unknown,,
2023,Cadiz,departure,158704,Jon Ander Garrido,33,Retired,unknown,,
2023,Cadiz,departure,256429,Sergi Guardiola,32,Real ValladolidLaLiga2,loan,,
2023,Cadiz,departure,266795,Gonzalo Escalante,30,LazioSerie A,loan,,
2023,Cadiz,departure,286779,Jorge Meré,26,AméricaLiga MX Apertura,loan,,
2024,Real Madrid,arrival,971570,Endrick,18,PalmeirasSérie A,permanent,47500000.0,47.5
2024,Real Madrid,arrival,81999,Joselu,34,EspanyolLaLiga,permanent,1500000.0,1.5
2024,Real Madrid,arrival,342229,Kylian Mbappé,25,PSGLigue 1,free,0.0,0.0
2024,Real Madrid,arrival,948294,Nico Paz,19,RM CastillaPrimera Federación - Gr. II,unknown,,
2024,Real Madrid,arrival,948275,Álvaro Rodríguez,19,RM CastillaPrimera Federación - Gr. II,unknown,,
2024,Real Madrid,arrival,935245,Raúl Asencio,21,RM CastillaPrimera Federación - Gr. II,unknown,,
2024,Real Madrid,arrival,948273,Mario Martín,20,RM CastillaPrimera Federación - Gr. II,unknown,,
2024,Real Madrid,arrival,662261,Rafa Marín,22,AlavésLaLiga,loan,,
2024,Real Madrid,arrival,627226,Reinier,22,FrosinoneSerie A,loan,,
2024,Real Madrid,arrival,623521,Juanmi Latasa,23,GetafeLaLiga,loan,,
2024,Real Madrid,arrival,948273,Mario Martín,21,Real ValladolidLaLiga,loan,,
2024,Real Madrid,arrival,251896,Jesús Vallejo,27,Granada CFLaLiga,loan,,
2024,Real Madrid,departure,948294,Nico Paz,19,ComoSerie A,permanent,66000000.0,66.0
2024,Real Madrid,departure,662261,Rafa Marín,22,NapoliSerie A,permanent,12000000.0,12.0
2024,Real Madrid,departure,623521,Juanmi Latasa,23,Real ValladolidLaLiga,permanent,2500000.0,2.5
2024,Real Madrid,departure,81999,Joselu,34,Al-GharafaStars League,permanent,1500000.0,1.5
2024,Real Madrid,departure,58884,Nacho Fernández,34,Al-QadsiahSaudi Pro League,free,0.0,0.0
2024,Real Madrid,departure,627226,Reinier,22,Granada CFLaLiga2,loan,,
2024,Real Madrid,departure,948275,Álvaro Rodríguez,20,GetafeLaLiga,loan,,
2024,Real Madrid,departure,948273,Mario Martín,20,Real ValladolidLaLiga,loan,,
2024,Real Madrid,departure,31909,Toni Kroos,34,Retired,unknown,,
2024,Real Madrid,departure,192279,Kepa Arrizabalaga,29,ChelseaPremier League,loan,,
2024,Real Madrid,departure,81999,Joselu,34,EspanyolLaLiga,loan,,
2024,Barcelona,arrival,293385,Dani Olmo,26,LeipzigBundesliga,permanent,61000000.0,61.0
2024,Barcelona,arrival,707572,Pau Víctor,22,GironaLaLiga,permanent,5500000.0,5.5
2024,Barcelona,arrival,666974,Mikayil Faye,19,Barça AtlèticPrimera Federación - Gr. I,unknown,,
2024,Barcelona,arrival,937955,Héctor Fort,17,Barça AtlèticPrimera Federación - Gr. I,unknown,,
2024,Barcelona,arrival,44058,Wojciech Szczesny,34,Career break,unknown,,
2024,Barcelona,arrival,636695,Marc Casadó,20,Barça AtlèticPrimera Federación - Gr. I,unknown,,
2024,Barcelona,arrival,1018920,Marc Bernal,17,Barça AtlèticPrimera Federación - Gr. I,unknown,,
2024,Barcelona,arrival,705395,Gerard Martín,22,Barça AtlèticPrimera Federación - Gr. I,unknown,,
2024,Barcelona,arrival,466810,Ansu Fati,21,BrightonPremier League,loan,,
2024,Barcelona,arrival,361104,Sergiño Dest,23,PSVEredivisie,loan,,
2024,Barcelona,arrival,466794,Eric García,23,GironaLaLiga,loan,,
2024,Barcelona,arrival,943837,Vitor Roque,19,Real BetisLaLiga,loan,,
2024,Barcelona,arrival,689637,Chadi Riad,21,Real BetisLaLiga,loan,,
2024,Barcelona,arrival,182904,Clément Lenglet,29,Aston VillaPremier League,loan,,
2024,Barcelona,arrival,513970,Julián Araujo,22,UD Las PalmasLaLiga,loan,,
2024,Barcelona,arrival,720038,Pablo Torre,21,GironaLaLiga,loan,,
2024,Barcelona,arrival,709957,Álex Valle,20,CelticPremiership,loan,,
2024,Barcelona,arrival,709957,Álex Valle,20,LevanteLaLiga2,loan,,
2024,Barcelona,arrival,913539,Estanis Pedrola,20,SampdoriaSerie B,loan,,
2024,Barcelona,departure,943837,Vitor Roque,20,PalmeirasSérie A,permanent,25500000.0,25.5
2024,Barcelona,departure,666974,Mikayil Faye,20,Stade RennaisLigue 1,permanent,10300000.0,10.3
2024,Barcelona,departure,513970,Julián Araujo,23,BournemouthPremier League,permanent,10000000.0,10.0
2024,Barcelona,departure,689637,Chadi Riad,21,Real BetisLaLiga,permanent,9000000.0,9.0
2024,Barcelona,departure,938158,Marc Guiu,18,ChelseaPremier League,permanent,6000000.0,6.0
2024,Barcelona,departure,182904,Clément Lenglet,29,AtléticoLaLiga,loan,3000000.0,3.0
2024,Barcelona,departure,913539,Estanis Pedrola,20,SampdoriaSerie B,permanent,3000000.0,3.0
2024,Barcelona,departure,361104,Sergiño Dest,23,PSVEredivisie,free,0.0,0.0
2024,Barcelona,departure,53622,İlkay Gündoğan,33,Man CityPremier League,free,0.0,0.0
2024,Barcelona,departure,85370,Sergi Roberto,32,ComoSerie A,free,0.0,0.0
2024,Barcelona,departure,112515,Marcos Alonso,33,Celta de VigoLaLiga,free,0.0,0.0
2024,Barcelona,departure,943837,Vitor Roque,19,Real BetisLaLiga,loan,,
2024,Barcelona,departure,709957,Álex Valle,20,ComoSerie A,loan,,
2024,Barcelona,departure,709957,Álex Valle,20,CelticPremiership,loan,,
2024,Barcelona,departure,66100,Oriol Romeu,32,GironaLaLiga,loan,,
2024,Barcelona,departure,462250,João Félix,24,AtléticoLaLiga,loan,,
2024,Barcelona,departure,182712,João Cancelo,30,Man CityPremier League,loan,,
2024,Atletico Madrid,arrival,576024,Julián Alvarez,24,Man CityPremier League,permanent,75000000.0,75.0
2024,Atletico Madrid,arrival,488362,Conor Gallagher,24,ChelseaPremier League,permanent,42000000.0,42.0
2024,Atletico Madrid,arrival,351809,Robin Le Normand,27,Real SociedadLaLiga,permanent,34500000.0,34.5
2024,Atletico Madrid,arrival,238407,Alexander Sørloth,28,VillarrealLaLiga,permanent,32000000.0,32.0
2024,Atletico Madrid,arrival,182904,Clément Lenglet,29,BarcelonaLaLiga,loan,3000000.0,3.0
2024,Atletico Madrid,arrival,242359,Juan Musso,30,AtalantaSerie A,loan,1500000.0,1.5
2024,Atletico Madrid,arrival,991268,Samu Aghehowa,20,AlavésLaLiga,loan,,
2024,Atletico Madrid,arrival,462250,João Félix,24,BarcelonaLaLiga,loan,,
2024,Atletico Madrid,arrival,320141,Çağlar Söyüncü,28,FenerbahçeSüper Lig,loan,,
2024,Atletico Madrid,arrival,448628,Javi Galán,29,Real SociedadLaLiga,loan,,
2024,Atletico Madrid,arrival,618813,Carlos Martín,22,CD MirandésLaLiga2,loan,,
2024,Atletico Madrid,arrival,505673,Víctor Mollejo,23,Real ZaragozaLaLiga2,loan,,
2024,Atletico Madrid,arrival,742201,Giuliano Simeone,21,AlavésLaLiga,loan,,
2024,Atletico Madrid,arrival,566036,Borja Garcés,24,Elche CFLaLiga2,loan,,
2024,Atletico Madrid,arrival,548188,Germán Valera,22,Real ZaragozaLaLiga2,loan,,
2024,Atletico Madrid,arrival,953901,Santiago Mouriño,22,Real ZaragozaLaLiga2,loan,,
2024,Atletico Madrid,arrival,612496,Marcos Paulo,23,RWDM BrusselsChallenger Pro League,loan,,
2024,Atletico Madrid,arrival,668177,Javi Serrano,21,Sturm GrazBundesliga,loan,,
2024,Atletico Madrid,departure,462250,João Félix,24,ChelseaPremier League,permanent,52000000.0,52.0
2024,Atletico Madrid,departure,991268,Samu Aghehowa,20,PortoLiga Portugal,permanent,32000000.0,32.0
2024,Atletico Madrid,departure,128223,Álvaro Morata,31,AC MilanSerie A,permanent,17200000.0,17.2
2024,Atletico Madrid,departure,320141,Çağlar Söyüncü,28,FenerbahçeSüper Lig,permanent,8500000.0,8.5
2024,Atletico Madrid,departure,926694,Arthur Vermeeren,19,LeipzigBundesliga,loan,3000000.0,3.0
2024,Atletico Madrid,departure,953901,Santiago Mouriño,22,AlavésLaLiga,permanent,2000000.0,2.0
2024,Atletico Madrid,departure,525438,Horațiu Moldovan,26,SassuoloSerie B,loan,250000.0,0.25
2024,Atletico Madrid,departure,548188,Germán Valera,22,ValenciaLaLiga,permanent,25000.0,0.025
2024,Atletico Madrid,departure,107010,Stefan Savic,33,TrabzonsporSüper Lig,free,0.0,0.0
2024,Atletico Madrid,departure,149498,Gabriel Paulista,33,BesiktasSüper Lig,free,0.0,0.0
2024,Atletico Madrid,departure,612496,Marcos Paulo,23,BoavistaBrazil,free,0.0,0.0
2024,Atletico Madrid,departure,148928,Saúl Ñíguez,29,Sevilla FCLaLiga,loan,,
2024,Atletico Madrid,departure,618813,Carlos Martín,22,AlavésLaLiga,loan,,
2024,Atletico Madrid,departure,612496,Marcos Paulo,23,RWDM BrusselsChallenger Pro League,loan,,
2024,Atletico Madrid,departure,281769,Mario Hermoso,29,Without Club,unknown,,
2024,Atletico Madrid,departure,167850,Memphis Depay,30,Without Club,unknown,,
2024,Atletico Madrid,departure,505673,Víctor Mollejo,23,Atl. MadrileñoPrimera Federación - Gr. II,unknown,,
2024,Atletico Madrid,departure,566036,Borja Garcés,25,Atl. MadrileñoPrimera Federación - Gr. II,unknown,,
2024,Atletico Madrid,departure,668177,Javi Serrano,21,Atl. MadrileñoPrimera Federación - Gr. II,unknown,,
2024,Atletico Madrid,departure,67082,Vitolo,34,Without Club,unknown,,
2024,Athletic Club,arrival,671649,Álvaro Djaló,24,BragaLiga Portugal,permanent,15000000.0,15.0
2024,Athletic Club,arrival,1054934,Maroan Sannadi,24,AlavésLaLiga,permanent,3000000.0,3.0
2024,Athletic Club,arrival,289255,Andoni Gorosabel,27,AlavésLaLiga,free,0.0,0.0
2024,Athletic Club,arrival,338285,Unai Núñez,27,Celta de VigoLaLiga,loan,,
2024,Athletic Club,arrival,938729,Mikel Jauregizar,20,Bilbao AthleticPrimera Federación - Gr. I,unknown,,
2024,Athletic Club,arrival,610622,Urko Izeta,24,Bilbao AthleticPrimera Federación - Gr. I,unknown,,
2024,Athletic Club,arrival,710671,Adama Boiro,22,Bilbao AthleticPrimera Federación - Gr. I,unknown,,
2024,Athletic Club,arrival,834487,Hugo Rincón,21,Bilbao AthleticPrimera Federación - Gr. I,unknown,,
2024,Athletic Club,arrival,834483,Álex Padilla,20,Bilbao AthleticPrimera Federación - Gr. I,unknown,,
2024,Athletic Club,arrival,834485,Unai Egiluz,22,Bilbao AthleticPrimera Federación - Gr. I,unknown,,
2024,Athletic Club,arrival,338285,Unai Núñez,27,Celta de VigoLaLiga,loan,,
2024,Athletic Club,arrival,610083,Unai Vencedor,23,SD EibarLaLiga2,loan,,
2024,Athletic Club,arrival,668183,Nico Serrano,21,Racing FerrolLaLiga2,loan,,
2024,Athletic Club,arrival,455349,Jon Morcillo,25,SD AmorebietaLaLiga2,loan,,
2024,Athletic Club,arrival,711394,Javi Martón,25,CD MirandésLaLiga2,loan,,
2024,Athletic Club,arrival,626960,Juan Artola,24,AD AlcorcónLaLiga2,loan,,
2024,Athletic Club,departure,338285,Unai Núñez,27,Celta de VigoLaLiga,permanent,7000000.0,7.0
2024,Athletic Club,departure,251897,Asier Villalibre,26,AlavésLaLiga,permanent,1000000.0,1.0
2024,Athletic Club,departure,626954,Imanol García de Albéniz,24,Sparta PragueChance Liga,permanent,500000.0,0.5
2024,Athletic Club,departure,99343,Ander Herrera,35,Boca JuniorsTorneo Clausura,permanent,400000.0,0.4
2024,Athletic Club,departure,834483,Álex Padilla,21,UNAM PumasLiga MX Apertura,loan,350000.0,0.35
2024,Athletic Club,departure,54235,Iker Muniain,31,San LorenzoLiga Profesional (- 23/24),free,0.0,0.0
2024,Athletic Club,departure,178425,Dani García,34,OlympiacosSuper League 1,free,0.0,0.0
2024,Athletic Club,departure,455349,Jon Morcillo,25,AlbaceteLaLiga2,free,0.0,0.0
2024,Athletic Club,departure,626960,Juan Artola,24,CyD LeonesaPrimera Federación - Gr. I,free,0.0,0.0
2024,Athletic Club,departure,610083,Unai Vencedor,23,RacingLaLiga2,loan,,
2024,Athletic Club,departure,895480,Adu Ares,22,Real ZaragozaLaLiga2,loan,,
2024,Athletic Club,departure,668183,Nico Serrano,21,Sporting GijónLaLiga2,loan,,
2024,Athletic Club,departure,711394,Javi Martón,25,AlbaceteLaLiga2,loan,,
2024,Athletic Club,departure,610622,Urko Izeta,24,CD MirandésLaLiga2,loan,,
2024,Athletic Club,departure,834487,Hugo Rincón,21,CD MirandésLaLiga2,loan,,
2024,Athletic Club,departure,834485,Unai Egiluz,22,CD MirandésLaLiga2,loan,,
2024,Athletic Club,departure,34601,Raúl García,37,Retired,unknown,,
2024,Real Sociedad,arrival,660438,Orri Óskarsson,20,CopenhagenSuperliga,permanent,20000000.0,20.0
2024,Real Sociedad,arrival,502722,Luka Sucic,21,SalzburgBundesliga,permanent,10000000.0,10.0
2024,Real Sociedad,arrival,366930,Sergio Gómez,23,Man CityPremier League,permanent,8700000.0,8.7
2024,Real Sociedad,arrival,568158,Javi López,22,AlavésLaLiga,permanent,6500000.0,6.5
2024,Real Sociedad,arrival,361914,Nayef Aguerd,28,West HamPremier League,loan,,
2024,Real Sociedad,arrival,661145,Jon Aramburu,21,Real Sociedad BPrimera Federación - Gr. I,unknown,,
2024,Real Sociedad,arrival,1018938,Jon Martín,18,Real Sociedad BPrimera Federación - Gr. I,unknown,,
2024,Real Sociedad,arrival,907813,Pablo Marín,20,Real Sociedad BPrimera Federación - Gr. I,unknown,,
2024,Real Sociedad,arrival,625655,Jon Magunazelaia,22,Real Sociedad BPrimera Federación - Gr. I,unknown,,
2024,Real Sociedad,arrival,711374,Jon Gorrotxategi,22,Real Sociedad BPrimera Federación - Gr. I,unknown,,
2024,Real Sociedad,arrival,563137,Robert Navarro,22,Cádiz CFLaLiga,loan,,
2024,Real Sociedad,arrival,434990,Álex Sola,25,AlavésLaLiga,loan,,
2024,Real Sociedad,arrival,569866,Roberto López,24,CD TenerifeLaLiga2,loan,,
2024,Real Sociedad,arrival,711382,Jon Karrikaburu,21,FC AndorraLaLiga2,loan,,
2024,Real Sociedad,arrival,249513,Diego Rico,31,GetafeLaLiga,loan,,
2024,Real Sociedad,departure,351809,Robin Le Normand,27,AtléticoLaLiga,permanent,34500000.0,34.5
2024,Real Sociedad,departure,338424,Mikel Merino,28,ArsenalPremier League,permanent,32000000.0,32.0
2024,Real Sociedad,departure,337715,Umar Sadiq,27,ValenciaLaLiga,loan,1500000.0,1.5
2024,Real Sociedad,departure,249513,Diego Rico,31,GetafeLaLiga,permanent,1500000.0,1.5
2024,Real Sociedad,departure,434990,Álex Sola,25,GetafeLaLiga,permanent,1000000.0,1.0
2024,Real Sociedad,departure,563137,Robert Navarro,22,RCD MallorcaLaLiga,permanent,850000.0,0.85
2024,Real Sociedad,departure,569866,Roberto López,24,CD LeganésLaLiga,free,0.0,0.0
2024,Real Sociedad,departure,289272,Martín Merquelanz,29,SD EibarLaLiga2,free,0.0,0.0
2024,Real Sociedad,departure,711382,Jon Karrikaburu,21,RacingLaLiga2,loan,,
2024,Real Sociedad,departure,216464,Carlos Fernández,28,Cádiz CFLaLiga2,loan,,
2024,Real Sociedad,departure,625651,Urko González de Zárate,23,EspanyolLaLiga,loan,,
2024,Real Sociedad,departure,625655,Jon Magunazelaia,23,Córdoba CFLaLiga2,loan,,
2024,Real Sociedad,departure,711374,Jon Gorrotxategi,22,CD MirandésLaLiga2,loan,,
2024,Real Sociedad,departure,300716,Kieran Tierney,27,ArsenalPremier League,loan,,
2024,Real Sociedad,departure,448628,Javi Galán,29,AtléticoLaLiga,loan,,
2024,Real Sociedad,departure,198008,André Silva,28,LeipzigBundesliga,loan,,
2024,Villarreal,arrival,937941,Thierno Barry,21,BaselSuper League,permanent,20000000.0,20.0
2024,Villarreal,arrival,484988,Logan Costa,23,ToulouseLigue 1,permanent,18000000.0,18.0
2024,Villarreal,arrival,712107,Luiz Júnior,23,FamalicãoLiga Portugal,permanent,12000000.0,12.0
2024,Villarreal,arrival,780630,Willy Kambwala,19,Man UtdPremier League,permanent,10000000.0,10.0
2024,Villarreal,arrival,246968,Ayoze Pérez,31,Real BetisLaLiga,permanent,4000000.0,4.0
2024,Villarreal,arrival,341713,Diego Conde,25,CD LeganésLaLiga,permanent,4000000.0,4.0
2024,Villarreal,arrival,638793,Tajon Buchanan,25,InterSerie A,loan,1000000.0,1.0
2024,Villarreal,arrival,343052,Nicolas Pépé,29,TrabzonsporSüper Lig,free,0.0,0.0
2024,Villarreal,arrival,678406,Sergi Cardona,25,UD Las PalmasLaLiga,free,0.0,0.0
2024,Villarreal,arrival,485963,Pape Gueye,25,MarseilleLigue 1,free,0.0,0.0
2024,Villarreal,arrival,126719,Juan Bernat,31,PSGLigue 1,free,0.0,0.0
2024,Villarreal,arrival,126719,Juan Bernat,31,PSGLigue 1,loan,,
2024,Villarreal,arrival,466807,Adrià Altimira,23,Villarreal CF BPrimera Federación - Gr. II,unknown,,
2024,Villarreal,arrival,709380,Álex Forés,23,Villarreal CF BPrimera Federación - Gr. II,unknown,,
2024,Villarreal,arrival,709372,Carlos Romero,22,Villarreal CF BPrimera Federación - Gr. II,unknown,,
2024,Villarreal,arrival,973805,Andrés Ferrari,21,Villarreal CF BPrimera Federación - Gr. II,unknown,,
2024,Villarreal,arrival,669511,Jorge Pascual,21,Villarreal CF BPrimera Federación - Gr. II,unknown,,
2024,Villarreal,arrival,1063553,Pau Cabanes,19,Villarreal CF BPrimera Federación - Gr. II,unknown,,
2024,Villarreal,arrival,1061336,Pau Navarro,19,Villarreal CF BPrimera Federación - Gr. II,unknown,,
2024,Villarreal,arrival,355861,Arnaut Danjuma,27,EvertonPremier League,loan,,
2024,Villarreal,arrival,426192,Ben Brereton Díaz,25,Sheff UtdPremier League,loan,,
2024,Villarreal,arrival,262939,Johan Mojica,31,CA OsasunaLaLiga,loan,,
2024,Villarreal,arrival,620164,Haissem Hassan,22,Sporting GijónLaLiga2,loan,,
2024,Villarreal,departure,238407,Alexander Sørloth,28,AtléticoLaLiga,permanent,32000000.0,32.0
2024,Villarreal,departure,585323,Filip Jørgensen,22,ChelseaPremier League,permanent,24500000.0,24.5
2024,Villarreal,departure,426192,Ben Brereton Díaz,25,SouthamptonPremier League,permanent,8300000.000000001,8.3
2024,Villarreal,departure,494880,Jorge Cuenca,24,FulhamPremier League,permanent,6700000.0,6.7
2024,Villarreal,departure,262939,Johan Mojica,31,RCD MallorcaLaLiga,permanent,1500000.0,1.5
2024,Villarreal,departure,620164,Haissem Hassan,22,Real OviedoLaLiga2,permanent,1500000.0,1.5
2024,Villarreal,departure,131996,Bertrand Traoré,28,AjaxEredivisie,free,0.0,0.0
2024,Villarreal,departure,126719,Juan Bernat,31,GetafeLaLiga,free,0.0,0.0
2024,Villarreal,departure,80293,Aïssa Mandi,32,LilleLigue 1,free,0.0,0.0
2024,Villarreal,departure,207917,Alberto Moreno,32,ComoSerie A,free,0.0,0.0
2024,Villarreal,departure,252677,José Luis Morales,36,LevanteLaLiga2,free,0.0,0.0
2024,Villarreal,departure,188854,Manu Trigueros,32,Granada CFLaLiga2,free,0.0,0.0
2024,Villarreal,departure,7825,Pepe Reina,41,ComoSerie A,free,0.0,0.0
2024,Villarreal,departure,355861,Arnaut Danjuma,27,GironaLaLiga,loan,,
2024,Villarreal,departure,783396,Ramón Terrats,24,GetafeLaLiga,loan,,
2024,Villarreal,departure,466807,Adrià Altimira,23,CD LeganésLaLiga,loan,,
2024,Villarreal,departure,709372,Carlos Romero,22,EspanyolLaLiga,loan,,
2024,Villarreal,departure,973805,Andrés Ferrari,21,Sint-TruidenJupiler Pro League,loan,,
2024,Villarreal,departure,669511,Jorge Pascual,21,SD EibarLaLiga2,loan,,
2024,Villarreal,departure,709380,Álex Forés,23,LevanteLaLiga2,loan,,
2024,Villarreal,departure,1063553,Pau Cabanes,19,AlavésLaLiga,loan,,
2024,Villarreal,departure,63494,Étienne Capoue,35,Retired,unknown,,
2024,Villarreal,departure,74869,Francis Coquelin,33,Without Club,unknown,,
2024,Villarreal,departure,225122,Gonçalo Guedes,27,WolvesPremier League,loan,,
2024,Villarreal,departure,716276,Yerson Mosquera,23,WolvesPremier League,loan,,
2024,Villarreal,departure,126719,Juan Bernat,31,PSGLigue 1,loan,,
2024,Real Betis,arrival,459463,Cucho Hernández,25,ColumbusMLS,permanent,13000000.0,13.0
2024,Real Betis,arrival,689637,Chadi Riad,21,BarcelonaLaLiga,permanent,9000000.0,9.0
2024,Real Betis,arrival,348795,Giovani Lo Celso,28,TottenhamPremier League,permanent,5000000.0,5.0
2024,Real Betis,arrival,336869,Marc Roca,27,LeedsChampionship,permanent,4500000.0,4.5
2024,Real Betis,arrival,318523,Romain Perraud,26,SouthamptonPremier League,permanent,3500000.0,3.5
2024,Real Betis,arrival,246291,Diego Llorente,30,LeedsChampionship,permanent,3250000.0,3.25
2024,Real Betis,arrival,632741,Iker Losada,22,Racing FerrolLaLiga2,permanent,1800000.0,1.8
2024,Real Betis,arrival,735568,Natan,23,NapoliSerie A,loan,1000000.0,1.0
2024,Real Betis,arrival,86784,Ricardo Rodríguez,31,TorinoSerie A,free,0.0,0.0
2024,Real Betis,arrival,71271,Adrián San Miguel,37,LiverpoolPremier League,free,0.0,0.0
2024,Real Betis,arrival,943837,Vitor Roque,19,BarcelonaLaLiga,loan,,
2024,Real Betis,arrival,602105,Antony,24,Man UtdPremier League,loan,,
2024,Real Betis,arrival,1190411,Jesús Rodríguez,19,Betis DeportivoPrimera Federación - Gr. II,unknown,,
2024,Real Betis,arrival,551182,Fran Vieites,25,Betis DeportivoPrimera Federación - Gr. II,unknown,,
2024,Real Betis,arrival,933908,Ángel Ortiz,20,Betis DeportivoPrimera Federación - Gr. II,unknown,,
2024,Real Betis,arrival,630989,Ricardo Visus,23,Betis DeportivoPrimera Federación - Gr. II,unknown,,
2024,Real Betis,arrival,126737,Juanmi,31,Cádiz CFLaLiga,loan,,
2024,Real Betis,arrival,278359,Borja Iglesias,31,LeverkusenBundesliga,loan,,
2024,Real Betis,arrival,505675,Rober González,23,NEC NijmegenEredivisie,loan,,
2024,Real Betis,arrival,282722,Álex Collado,25,Al-OkhdoodSaudi Pro League,loan,,
2024,Real Betis,arrival,585700,Juan Cruz,24,CD LeganésLaLiga2,loan,,
2024,Real Betis,departure,689637,Chadi Riad,21,Crystal PalacePremier League,permanent,15000000.0,15.0
2024,Real Betis,departure,1061282,Assane Diao,19,ComoSerie A,permanent,12000000.0,12.0
2024,Real Betis,departure,646402,Abner,24,LyonLigue 1,permanent,8000000.0,8.0
2024,Real Betis,departure,630995,Rodri Sánchez,24,Al-Arabi SCStars League,permanent,8000000.0,8.0
2024,Real Betis,departure,203496,Nabil Fekir,31,Al-JaziraUAE Pro League,permanent,5000000.0,5.0
2024,Real Betis,departure,113133,Germán Pezzella,33,River PlateLiga Profesional (- 23/24),permanent,4500000.0,4.5
2024,Real Betis,departure,246968,Ayoze Pérez,31,VillarrealLaLiga,permanent,4000000.0,4.0
2024,Real Betis,departure,122155,Willian José,32,Spartak MoscowPremier Liga,permanent,2000000.0,2.0
2024,Real Betis,departure,505675,Rober González,23,NEC NijmegenEredivisie,permanent,1200000.0,1.2
2024,Real Betis,departure,585700,Juan Cruz,24,CD LeganésLaLiga,permanent,1120000.0,1.12
2024,Real Betis,departure,234811,Rui Silva,30,SportingLiga Portugal,loan,500000.0,0.5
2024,Real Betis,departure,342385,Guido Rodríguez,30,West HamPremier League,free,0.0,0.0
2024,Real Betis,departure,341227,Juan Miranda,24,BolognaSerie A,free,0.0,0.0
2024,Real Betis,departure,278359,Borja Iglesias,31,Celta de VigoLaLiga,loan,,
2024,Real Betis,departure,126737,Juanmi,31,GetafeLaLiga,loan,,
2024,Real Betis,departure,282722,Álex Collado,25,Al-KholoodSaudi Pro League,loan,,
2024,Real Betis,departure,632741,Iker Losada,23,Celta de VigoLaLiga,loan,,
2024,Real Betis,departure,630989,Ricardo Visus,23,Almere CityEredivisie,loan,,
2024,Real Betis,departure,40423,Claudio Bravo,41,Retired,unknown,,
2024,Real Betis,departure,34322,Sokratis Papastathopoulos,36,Retired,unknown,,
2024,Real Betis,departure,943837,Vitor Roque,19,BarcelonaLaLiga,loan,,
2024,Real Betis,departure,689637,Chadi Riad,21,BarcelonaLaLiga,loan,,
2024,Real Betis,departure,336869,Marc Roca,27,LeedsChampionship,loan,,
2024,Valencia,arrival,337715,Umar Sadiq,27,Real SociedadLaLiga,loan,1500000.0,1.5
2024,Valencia,arrival,278837,Luis Rioja,30,AlavésLaLiga,permanent,1200000.0,1.2
2024,Valencia,arrival,422460,Dani Gómez,26,LevanteLaLiga2,loan,150000.0,0.15
2024,Valencia,arrival,548188,Germán Valera,22,AtléticoLaLiga,permanent,25000.0,0.025
2024,Valencia,arrival,165467,Stole Dimitrievski,30,Rayo VallecanoLaLiga,free,0.0,0.0
2024,Valencia,arrival,502676,Giorgi Mamardashvili,23,LiverpoolPremier League,loan,,
2024,Valencia,arrival,471690,Max Aarons,25,BournemouthPremier League,loan,,
2024,Valencia,arrival,671915,Enzo Barrenechea,23,Aston VillaPremier League,loan,,
2024,Valencia,arrival,610335,Iván Jaime,24,PortoLiga Portugal,loan,,
2024,Valencia,arrival,369267,Maximiliano Caufriez,27,Clermont FootLigue 2,loan,,
2024,Valencia,arrival,361254,Rafa Mir,27,Sevilla FCLaLiga,loan,,
2024,Valencia,arrival,707279,Hugo González,21,Valencia BSegunda Federación - Gr. III,unknown,,
2024,Valencia,arrival,298583,Eray Cömert,26,FC NantesLigue 1,loan,,
2024,Valencia,arrival,707274,César Tárrega,22,Real ValladolidLaLiga2,loan,,
2024,Valencia,arrival,195171,Samu Castillejo,29,SassuoloSerie A,loan,,
2024,Valencia,arrival,707279,Hugo González,21,FC CartagenaLaLiga2,loan,,
2024,Valencia,departure,502676,Giorgi Mamardashvili,23,LiverpoolPremier League,permanent,30000000.0,30.0
2024,Valencia,departure,298583,Eray Cömert,26,Real ValladolidLaLiga,loan,,
2024,Valencia,departure,615350,Cenk Özkacar,23,Real ValladolidLaLiga,loan,,
2024,Valencia,departure,634105,Alberto Marí,23,Real ZaragozaLaLiga2,loan,,
2024,Valencia,departure,548188,Germán Valera,22,Elche CFLaLiga2,loan,,
2024,Valencia,departure,707279,Hugo González,21,FC CartagenaLaLiga2,loan,,
2024,Valencia,departure,707279,Hugo González,21,Celta FortunaPrimera Federación - Gr. I,loan,,
2024,Valencia,departure,398131,Cristian Rivero,26,AlbaceteLaLiga2,loan,,
2024,Valencia,departure,195171,Samu Castillejo,29,Without Club,unknown,,
2024,Valencia,departure,221958,Roman Yaremchuk,28,Club BruggeJupiler Pro League,loan,,
2024,Valencia,departure,710004,Peter Federico,21,RM CastillaPrimera Federación - Gr. II,loan,,
2024,Valencia,departure,377219,Selim Amallah,27,Real ValladolidLaLiga,loan,,
2024,Valencia,departure,422460,Dani Gómez,26,LevanteLaLiga2,loan,,
2024,Sevilla,arrival,569384,Lucien Agoumé,22,InterSerie A,permanent,8000000.0,8.0
2024,Sevilla,arrival,607034,Akor Adams,24,MontpellierLigue 1,permanent,5500000.0,5.5
2024,Sevilla,arrival,639733,Peque Fernández,21,RacingLaLiga2,permanent,4000000.0,4.0
2024,Sevilla,arrival,345886,Rubén Vargas,26,AugsburgBundesliga,permanent,2500000.0,2.5
2024,Sevilla,arrival,295330,Kelechi Iheanacho,27,LeicesterPremier League,free,0.0,0.0
2024,Sevilla,arrival,500067,Chidera Ejuke,26,CSKA MoscowPremier Liga,free,0.0,0.0
2024,Sevilla,arrival,453704,Álvaro Ferllo,26,SD HuescaLaLiga2,free,0.0,0.0
2024,Sevilla,arrival,381967,Albert Sambi Lokonga,24,ArsenalPremier League,loan,,
2024,Sevilla,arrival,849410,Valentín Barco,20,BrightonPremier League,loan,,
2024,Sevilla,arrival,148928,Saúl Ñíguez,29,AtléticoLaLiga,loan,,
2024,Sevilla,arrival,743387,Stanis Idumbo,19,Sevilla Atl.Primera Federación - Gr. II,unknown,,
2024,Sevilla,arrival,610238,Pedro Ortiz,23,Sevilla Atl.Primera Federación - Gr. II,unknown,,
2024,Sevilla,arrival,402733,Gonzalo Montiel,27,Nott'm ForestPremier League,loan,,
2024,Sevilla,arrival,170646,Ludwig Augustinsson,30,RSC AnderlechtJupiler Pro League,loan,,
2024,Sevilla,arrival,660735,Federico Gattoni,25,RSC AnderlechtJupiler Pro League,loan,,
2024,Sevilla,arrival,711625,José Ángel Carmona,22,GetafeLaLiga,loan,,
2024,Sevilla,arrival,91849,Thomas Delaney,32,RSC AnderlechtJupiler Pro League,loan,,
2024,Sevilla,arrival,284884,Óscar Rodríguez,26,GetafeLaLiga,loan,,
2024,Sevilla,arrival,610461,Luismi Cruz,23,CD TenerifeLaLiga2,loan,,
2024,Sevilla,departure,433049,Youssef En-Nesyri,27,FenerbahçeSüper Lig,permanent,19500000.0,19.5
2024,Sevilla,departure,189441,Lucas Ocampos,30,MonterreyLiga MX Apertura,permanent,7250000.0,7.25
2024,Sevilla,departure,402733,Gonzalo Montiel,28,River PlateTorneo Clausura,permanent,4500000.0,4.5
2024,Sevilla,departure,60410,Marcos Acuña,32,River PlateLiga Profesional (- 23/24),permanent,1000000.0,1.0
2024,Sevilla,departure,610461,Luismi Cruz,23,CD TenerifeLaLiga2,permanent,600000.0,0.6
2024,Sevilla,departure,214775,Óliver Torres,29,MonterreyLiga MX Apertura,free,0.0,0.0
2024,Sevilla,departure,170646,Ludwig Augustinsson,30,RSC AnderlechtJupiler Pro League,free,0.0,0.0
2024,Sevilla,departure,91849,Thomas Delaney,32,CopenhagenSuperliga,free,0.0,0.0
2024,Sevilla,departure,284884,Óscar Rodríguez,26,CD LeganésLaLiga,free,0.0,0.0
2024,Sevilla,departure,111630,Erik Lamela,32,AEK AthensSuper League 1,free,0.0,0.0
2024,Sevilla,departure,94308,Marko Dmitrovic,32,CD LeganésLaLiga,free,0.0,0.0
2024,Sevilla,departure,610238,Pedro Ortiz,24,Córdoba CFLaLiga2,free,0.0,0.0
2024,Sevilla,departure,295330,Kelechi Iheanacho,28,MiddlesbroughChampionship,loan,,
2024,Sevilla,departure,263727,Joan Jordán,30,AlavésLaLiga,loan,,
2024,Sevilla,departure,660735,Federico Gattoni,25,River PlateLiga Profesional (- 23/24),loan,,
2024,Sevilla,departure,361254,Rafa Mir,27,ValenciaLaLiga,loan,,
2024,Sevilla,departure,177847,Adnan Januzaj,29,UD Las PalmasLaLiga,loan,,
2024,Sevilla,departure,25557,Sergio Ramos,38,Without Club,unknown,,
2024,Sevilla,departure,225020,Mariano Díaz,30,Without Club,unknown,,
2024,Sevilla,departure,15956,Jesús Navas,39,Retired,unknown,,
2024,Sevilla,departure,344605,Boubakary Soumaré,25,LeicesterPremier League,loan,,
2024,Sevilla,departure,607224,Hannibal,21,Man UtdPremier League,loan,,
2024,Sevilla,departure,888493,Alejo Veliz,20,TottenhamPremier League,loan,,
2024,Sevilla,departure,569384,Lucien Agoumé,22,InterSerie A,loan,,
2024,Sevilla,departure,849410,Valentín Barco,20,BrightonPremier League,loan,,
2024,Girona,arrival,857818,Yáser Asprilla,20,WatfordChampionship,permanent,18000000.0,18.0
2024,Girona,arrival,345911,Ladislav Krejci,25,Sparta PragueChance Liga,permanent,12000000.0,12.0
2024,Girona,arrival,340376,Abel Ruiz,24,BragaLiga Portugal,permanent,9000000.0,9.0
2024,Girona,arrival,476219,Bojan Miovski,25,Aberdeen FCPremiership,permanent,6500000.0,6.5
2024,Girona,arrival,632896,Alejandro Francés,21,Real ZaragozaLaLiga2,permanent,3500000.0,3.5
2024,Girona,arrival,362842,Arthur Melo,28,JuventusSerie A,loan,700000.0,0.7
2024,Girona,arrival,288255,Donny van de Beek,27,Man UtdPremier League,permanent,500000.0,0.5
2024,Girona,arrival,646698,Gabriel Misehouy,18,Ajax U21Keuken Kampioen Divisie,free,0.0,0.0
2024,Girona,arrival,537382,Bryan Gil,23,TottenhamPremier League,loan,,
2024,Girona,arrival,355861,Arnaut Danjuma,27,VillarrealLaLiga,loan,,
2024,Girona,arrival,286415,Pau López,29,MarseilleLigue 1,loan,,
2024,Girona,arrival,66100,Oriol Romeu,32,BarcelonaLaLiga,loan,,
2024,Girona,arrival,1061656,Iker Almena,20,Girona FC BSpain,unknown,,
2024,Girona,arrival,895326,Joel Roca,19,Girona FC BSpain,unknown,,
2024,Girona,arrival,1169436,Vladyslav Krapyvtsov,19,Without Club,unknown,,
2024,Girona,arrival,906948,Gabri Martínez,21,CD MirandésLaLiga2,loan,,
2024,Girona,arrival,593412,Ilyas Chaira,23,CD MirandésLaLiga2,loan,,
2024,Girona,arrival,527350,Manu Vallejo,27,Real ZaragozaLaLiga2,loan,,
2024,Girona,arrival,707572,Pau Víctor,22,Barça AtlèticPrimera Federación - Gr. I,loan,,
2024,Girona,arrival,147462,Alexander Callens,32,AEK AthensSuper League 1,loan,,
2024,Girona,arrival,785967,Ibrahima Kébé,23,CD MirandésLaLiga2,loan,,
2024,Girona,arrival,802046,Arnau Ortiz,22,FC CartagenaLaLiga2,loan,,
2024,Girona,arrival,921734,Óscar Ureña,21,CD LeganésLaLiga2,loan,,
2024,Girona,arrival,582664,Álex Sala,23,Córdoba CFPrimera Federación - Gr. II,loan,,
2024,Girona,departure,343537,Artem Dovbyk,27,RomaSerie A,permanent,41100000.0,41.1
2024,Girona,departure,261504,Aleix García,27,LeverkusenBundesliga,permanent,18000000.0,18.0
2024,Girona,departure,707572,Pau Víctor,22,BarcelonaLaLiga,permanent,5500000.0,5.5
2024,Girona,departure,1061656,Iker Almena,20,Al-QadsiahSaudi Pro League,permanent,5000000.0,5.0
2024,Girona,departure,582664,Álex Sala,23,Córdoba CFLaLiga2,permanent,500000.0,0.5
2024,Girona,departure,147462,Alexander Callens,32,AEK AthensSuper League 1,permanent,300000.0,0.3
2024,Girona,departure,906948,Gabri Martínez,21,BragaLiga Portugal,free,0.0,0.0
2024,Girona,departure,337066,Toni Villa,29,SD EibarLaLiga2,free,0.0,0.0
2024,Girona,departure,527350,Manu Vallejo,27,Racing FerrolLaLiga2,free,0.0,0.0
2024,Girona,departure,802046,Arnau Ortiz,22,Slask WroclawEkstraklasa,free,0.0,0.0
2024,Girona,departure,921734,Óscar Ureña,21,Barça AtlèticPrimera Federación - Gr. I,free,0.0,0.0
2024,Girona,departure,331496,Valery Fernández,24,RCD MallorcaLaLiga,loan,,
2024,Girona,departure,593412,Ilyas Chaira,23,Real OviedoLaLiga2,loan,,
2024,Girona,departure,785967,Ibrahima Kébé,23,Lommel SKChallenger Pro League,loan,,
2024,Girona,departure,623526,Toni Fuidias,23,FC CartagenaLaLiga2,loan,,
2024,Girona,departure,895326,Joel Roca,19,CD MirandésLaLiga2,loan,,
2024,Girona,departure,67808,Borja García,33,Retired,unknown,,
2024,Girona,departure,743591,Savinho,20,TroyesLigue 2,loan,,
2024,Girona,departure,627228,Yan Couto,22,Man CityPremier League,loan,,
2024,Girona,departure,466794,Eric García,23,BarcelonaLaLiga,loan,,
2024,Girona,departure,286415,Pau López,30,MarseilleLigue 1,loan,,
2024,Girona,departure,720038,Pablo Torre,21,BarcelonaLaLiga,loan,,
2024,RCD Espanyol Barcelona,arrival,521407,Walid Cheddira,26,NapoliSerie A,loan,500000.0,0.5
2024,RCD Espanyol Barcelona,arrival,342226,Irvin Cardona,27,AugsburgBundesliga,loan,400000.0,0.4
2024,RCD Espanyol Barcelona,arrival,290273,Álvaro Tejero,27,SD EibarLaLiga2,free,0.0,0.0
2024,RCD Espanyol Barcelona,arrival,629511,Pablo Ramón,23,RM CastillaPrimera Federación - Gr. II,free,0.0,0.0
2024,RCD Espanyol Barcelona,arrival,888493,Alejo Veliz,20,TottenhamPremier League,loan,,
2024,RCD Espanyol Barcelona,arrival,337333,Alex Král,26,Union BerlinBundesliga,loan,,
2024,RCD Espanyol Barcelona,arrival,371371,Marash Kumbulla,24,RomaSerie A,loan,,
2024,RCD Espanyol Barcelona,arrival,720518,Roberto Fernández,22,BragaLiga Portugal,loan,,
2024,RCD Espanyol Barcelona,arrival,508639,Naci Ünüvar,21,AjaxEredivisie,loan,,
2024,RCD Espanyol Barcelona,arrival,709372,Carlos Romero,22,VillarrealLaLiga,loan,,
2024,RCD Espanyol Barcelona,arrival,625651,Urko González de Zárate,23,Real SociedadLaLiga,loan,,
2024,RCD Espanyol Barcelona,arrival,946279,Javi Hernández,20,RCD Espanyol BSegunda Federación - Gr. III,unknown,,
2024,RCD Espanyol Barcelona,arrival,1033478,Gastón Valles,23,RCD Espanyol BSegunda Federación - Gr. III,unknown,,
2024,RCD Espanyol Barcelona,arrival,628487,Ángel Fortuño,22,RCD Espanyol BSegunda Federación - Gr. III,unknown,,
2024,RCD Espanyol Barcelona,arrival,628499,Kenneth Soler,23,RCD Espanyol BSegunda Federación - Gr. III,unknown,,
2024,RCD Espanyol Barcelona,arrival,834744,Antoniu Roca,21,RCD Espanyol BSegunda Federación - Gr. III,unknown,,
2024,RCD Espanyol Barcelona,arrival,81999,Joselu,34,Real MadridLaLiga,loan,,
2024,RCD Espanyol Barcelona,arrival,705808,Max Svensson,22,Osasuna BPrimera Federación - Gr. I,loan,,
2024,RCD Espanyol Barcelona,departure,81999,Joselu,34,Real MadridLaLiga,permanent,1500000.0,1.5
2024,RCD Espanyol Barcelona,departure,705808,Max Svensson,22,Casa PiaLiga Portugal,permanent,50000.0,0.05
2024,RCD Espanyol Barcelona,departure,570421,Nico Melamed,23,UD AlmeríaLaLiga2,free,0.0,0.0
2024,RCD Espanyol Barcelona,departure,95732,Martin Braithwaite,33,GrêmioSérie A,free,0.0,0.0
2024,RCD Espanyol Barcelona,departure,295622,Keidi Bare,26,Real ZaragozaLaLiga2,free,0.0,0.0
2024,RCD Espanyol Barcelona,departure,282410,José Carlos Lazo,28,AlbaceteLaLiga2,free,0.0,0.0
2024,RCD Espanyol Barcelona,departure,544106,Óscar Gil,26,OH LeuvenJupiler Pro League,free,0.0,0.0
2024,RCD Espanyol Barcelona,departure,705813,Rubén Sánchez,23,Granada CFLaLiga2,loan,,
2024,RCD Espanyol Barcelona,departure,946279,Javi Hernández,20,SD HuescaLaLiga2,loan,,
2024,RCD Espanyol Barcelona,departure,1033478,Gastón Valles,23,FC CartagenaLaLiga2,loan,,
2024,RCD Espanyol Barcelona,departure,628499,Kenneth Soler,23,Real MurciaPrimera Federación - Gr. II,loan,,
2024,RCD Espanyol Barcelona,departure,246204,Salvi Sánchez,33,Without Club,unknown,,
2024,RCD Espanyol Barcelona,departure,62920,Víctor Ruiz,35,Retired,unknown,,
2024,RCD Espanyol Barcelona,departure,342226,Irvin Cardona,27,AugsburgBundesliga,loan,,
2024,RCD Espanyol Barcelona,departure,508639,Naci Ünüvar,21,AjaxEredivisie,loan,,
2024,RCD Espanyol Barcelona,departure,238752,Keita Baldé,29,Spartak MoscowPremier Liga,loan,,
2024,Celta Vigo,arrival,338285,Unai Núñez,27,Athletic ClubLaLiga,permanent,7000000.0,7.0
2024,Celta Vigo,arrival,960571,Jones El-Abdellaoui,18,VålerengaEliteserien,permanent,4200000.0,4.2
2024,Celta Vigo,arrival,112515,Marcos Alonso,33,BarcelonaLaLiga,free,0.0,0.0
2024,Celta Vigo,arrival,278359,Borja Iglesias,31,Real BetisLaLiga,loan,,
2024,Celta Vigo,arrival,617074,Ilaix Moriba,21,LeipzigBundesliga,loan,,
2024,Celta Vigo,arrival,632741,Iker Losada,23,Real BetisLaLiga,loan,,
2024,Celta Vigo,arrival,892929,Hugo Álvarez,21,Celta FortunaPrimera Federación - Gr. I,unknown,,
2024,Celta Vigo,arrival,715628,Damián Rodríguez,21,Celta FortunaPrimera Federación - Gr. I,unknown,,
2024,Celta Vigo,arrival,1064471,Fer López,20,Celta FortunaPrimera Federación - Gr. I,unknown,,
2024,Celta Vigo,arrival,357628,Alfon González,25,Celta FortunaPrimera Federación - Gr. I,unknown,,
2024,Celta Vigo,arrival,905997,Pablo Durán,23,Celta FortunaPrimera Federación - Gr. I,unknown,,
2024,Celta Vigo,arrival,652331,Javi Rueda,22,Celta FortunaPrimera Federación - Gr. I,unknown,,
2024,Celta Vigo,arrival,1076815,Javi Rodríguez,21,Celta FortunaPrimera Federación - Gr. I,unknown,,
2024,Celta Vigo,arrival,181547,Gonçalo Paciência,29,VfL BochumBundesliga,loan,,
2024,Celta Vigo,arrival,625654,Julen Lobete,23,FC AndorraLaLiga2,loan,,
2024,Celta Vigo,arrival,623524,Carlos Dotor,23,Real OviedoLaLiga2,loan,,
2024,Celta Vigo,arrival,545647,Sergio Carreira,23,Elche CFLaLiga2,loan,,
2024,Celta Vigo,arrival,609361,José Fontán,24,FC CartagenaLaLiga2,loan,,
2024,Celta Vigo,arrival,523977,Miguel Baeza,24,CD MirandésLaLiga2,loan,,
2024,Celta Vigo,arrival,561745,Lautaro de León,23,CD MirandésLaLiga2,loan,,
2024,Celta Vigo,departure,523318,Anastasios Douvikas,25,ComoSerie A,permanent,14000000.0,14.0
2024,Celta Vigo,departure,292818,Jonathan Bamba,28,ChicagoMLS,permanent,3500000.0,3.5
2024,Celta Vigo,departure,429983,Jørgen Strand Larsen,24,WolvesPremier League,loan,3000000.0,3.0
2024,Celta Vigo,departure,277137,Renato Tapia,29,CD LeganésLaLiga,free,0.0,0.0
2024,Celta Vigo,departure,181547,Gonçalo Paciência,30,Sanf. HiroshimaJ1 League,free,0.0,0.0
2024,Celta Vigo,departure,625654,Julen Lobete,23,Málaga CFLaLiga2,free,0.0,0.0
2024,Celta Vigo,departure,609361,José Fontán,24,AroucaLiga Portugal,free,0.0,0.0
2024,Celta Vigo,departure,221315,Kevin Vázquez,31,Sporting GijónLaLiga2,free,0.0,0.0
2024,Celta Vigo,departure,523977,Miguel Baeza,24,NacionalLiga Portugal,free,0.0,0.0
2024,Celta Vigo,departure,561745,Lautaro de León,23,FC AndorraPrimera Federación - Gr. I,free,0.0,0.0
2024,Celta Vigo,departure,618809,Manu Sánchez,23,AlavésLaLiga,loan,,
2024,Celta Vigo,departure,338285,Unai Núñez,27,Athletic ClubLaLiga,loan,,
2024,Celta Vigo,departure,282810,Carles Pérez,26,GetafeLaLiga,loan,,
2024,Celta Vigo,departure,358250,Joseph Aidoo,29,Real ValladolidLaLiga,loan,,
2024,Celta Vigo,departure,872184,Tadeo Allende,25,MiamiMLS,loan,,
2024,Celta Vigo,departure,623524,Carlos Dotor,23,Real OviedoLaLiga2,loan,,
2024,Celta Vigo,departure,315762,Luca de la Torre,26,San DiegoMLS,loan,,
2024,Celta Vigo,departure,623524,Carlos Dotor,23,Sporting GijónLaLiga2,loan,,
2024,Celta Vigo,departure,634427,Miguel Rodríguez,21,UtrechtEredivisie,loan,,
2024,Celta Vigo,departure,652331,Javi Rueda,22,AlbaceteLaLiga2,loan,,
2024,Celta Vigo,departure,338285,Unai Núñez,27,Athletic ClubLaLiga,loan,,
2024,Osasuna,arrival,541555,Enzo Boyomo,22,Real ValladolidLaLiga,permanent,5000000.0,5.0
2024,Osasuna,arrival,658115,Abel Bretones,23,Real OviedoLaLiga2,permanent,2800000.0,2.8
2024,Osasuna,arrival,713644,Bryan Zaragoza,22,Bayern MunichBundesliga,loan,250000.0,0.25
2024,Osasuna,arrival,216870,Nacho Vidal,29,RCD MallorcaLaLiga,loan,,
2024,Osasuna,arrival,471474,Javi Martínez,24,SD HuescaLaLiga2,loan,,
2024,Osasuna,arrival,710679,Iker Benito,21,FC AndorraLaLiga2,loan,,
2024,Osasuna,departure,298589,David García,30,Al-RayyanStars League,permanent,8750000.0,8.75
2024,Osasuna,departure,216870,Nacho Vidal,29,Real OviedoLaLiga2,permanent,200000.0,0.2
2024,Osasuna,departure,471474,Javi Martínez,25,SD EibarLaLiga2,free,0.0,0.0
2024,Osasuna,departure,710679,Iker Benito,22,CD MirandésLaLiga2,loan,,
2024,Osasuna,departure,262939,Johan Mojica,31,VillarrealLaLiga,loan,,
2024,Las Palmas,arrival,603940,Marvin Park,23,RM CastillaPrimera Federación - Gr. II,permanent,2000000.0,2.0
2024,Las Palmas,arrival,511021,Manu Fuster,26,AlbaceteLaLiga2,permanent,1500000.0,1.5
2024,Las Palmas,arrival,146227,Jasper Cillessen,35,NEC NijmegenEredivisie,permanent,500000.0,0.5
2024,Las Palmas,arrival,255906,Scott McKenna,27,Nott'm ForestPremier League,free,0.0,0.0
2024,Las Palmas,arrival,298477,Oli McBurnie,28,Sheff UtdChampionship,free,0.0,0.0
2024,Las Palmas,arrival,438971,Viti Rozada,26,Real OviedoLaLiga2,free,0.0,0.0
2024,Las Palmas,arrival,243760,Álex Muñoz,29,LevanteLaLiga2,free,0.0,0.0
2024,Las Palmas,arrival,357770,Dinko Horkas,25,Loko Plovdivefbet Liga,free,0.0,0.0
2024,Las Palmas,arrival,611075,Iván Gil,24,FC AndorraPrimera Federación - Gr. I,free,0.0,0.0
2024,Las Palmas,arrival,227961,Jaime Mata,35,GetafeLaLiga,free,0.0,0.0
2024,Las Palmas,arrival,716163,Iván Cédric,22,Valladolid PromSegunda Federación - Gr. I,free,0.0,0.0
2024,Las Palmas,arrival,505653,Fábio Silva,22,WolvesPremier League,loan,,
2024,Las Palmas,arrival,864799,Stefan Bajcetic,20,LiverpoolPremier League,loan,,
2024,Las Palmas,arrival,670717,Dário Essugo,19,SportingLiga Portugal,loan,,
2024,Las Palmas,arrival,494236,Andy Pelmard,24,Clermont FootLigue 2,loan,,
2024,Las Palmas,arrival,177847,Adnan Januzaj,29,Sevilla FCLaLiga,loan,,
2024,Las Palmas,arrival,1146029,Juanma Herzog,20,Las Palmas Atl.Spain,unknown,,
2024,Las Palmas,arrival,487951,Enrique Clemente,25,Racing FerrolLaLiga2,loan,,
2024,Las Palmas,arrival,898737,Ale García,21,Antequera CFPrimera Federación - Gr. II,loan,,
2024,Las Palmas,arrival,535304,Joel del Pino,26,Real AvilésSegunda Federación - Gr. I,loan,,
2024,Las Palmas,departure,588426,Saúl Coco,25,TorinoSerie A,permanent,8230000.0,8.23
2024,Las Palmas,departure,678406,Sergi Cardona,25,VillarrealLaLiga,free,0.0,0.0
2024,Las Palmas,departure,223725,Munir El Haddadi,28,CD LeganésLaLiga,free,0.0,0.0
2024,Las Palmas,departure,284430,Aarón Escandell,28,Real OviedoLaLiga2,free,0.0,0.0
2024,Las Palmas,departure,390823,Eric Curbelo,30,Sporting GijónLaLiga2,free,0.0,0.0
2024,Las Palmas,departure,230222,Álvaro Lemos,31,Real OviedoLaLiga2,free,0.0,0.0
2024,Las Palmas,departure,203516,Nuke Mfulu,30,Dep. A CoruñaLaLiga2,free,0.0,0.0
2024,Las Palmas,departure,215099,Daley Sinkgraven,29,Fortuna SittardEredivisie,free,0.0,0.0
2024,Las Palmas,departure,531062,Fabio González,27,CD TenerifeLaLiga2,free,0.0,0.0
2024,Las Palmas,departure,237617,Cristian Herrera,33,Dep. A CoruñaLaLiga2,free,0.0,0.0
2024,Las Palmas,departure,355689,Sory Kaba,29,Elche CFLaLiga2,loan,,
2024,Las Palmas,departure,534379,Pejiño,28,Elche CFLaLiga2,loan,,
2024,Las Palmas,departure,611075,Iván Gil,24,SD EibarLaLiga2,loan,,
2024,Las Palmas,departure,487951,Enrique Clemente,25,Real ZaragozaLaLiga2,loan,,
2024,Las Palmas,departure,716163,Iván Cédric,22,Barça AtlèticPrimera Federación - Gr. I,loan,,
2024,Las Palmas,departure,898737,Ale García,21,Atl. MadrileñoPrimera Federación - Gr. II,loan,,
2024,Las Palmas,departure,417913,Álvaro Valles,27,Without Club,unknown,,
2024,Las Palmas,departure,535304,Joel del Pino,26,Without Club,unknown,,
2024,Las Palmas,departure,668547,Máximo Perrone,21,Man CityPremier League,loan,,
2024,Las Palmas,departure,513970,Julián Araujo,22,BarcelonaLaLiga,loan,,
2024,Las Palmas,departure,603940,Marvin Park,23,RM CastillaPrimera Federación - Gr. II,loan,,
2024,Getafe,arrival,461843,Juan Berrocal,25,SD EibarLaLiga2,permanent,2200000.0,2.2
2024,Getafe,arrival,710004,Peter Federico,21,RM CastillaPrimera Federación - Gr. II,permanent,2000000.0,2.0
2024,Getafe,arrival,339079,Jiri Letacek,25,Banik OstravaChance Liga,permanent,2000000.0,2.0
2024,Getafe,arrival,249513,Diego Rico,31,Real SociedadLaLiga,permanent,1500000.0,1.5
2024,Getafe,arrival,434990,Álex Sola,25,Real SociedadLaLiga,permanent,1000000.0,1.0
2024,Getafe,arrival,1124005,Christantus Uche,21,AD CeutaPrimera Federación - Gr. II,permanent,500000.0,0.5
2024,Getafe,arrival,126719,Juan Bernat,31,VillarrealLaLiga,free,0.0,0.0
2024,Getafe,arrival,126737,Juanmi,31,Real BetisLaLiga,loan,,
2024,Getafe,arrival,783396,Ramón Terrats,24,VillarrealLaLiga,loan,,
2024,Getafe,arrival,672803,Bertuğ Yıldırım,22,Stade RennaisLigue 1,loan,,
2024,Getafe,arrival,948275,Álvaro Rodríguez,20,Real MadridLaLiga,loan,,
2024,Getafe,arrival,282810,Carles Pérez,26,Celta de VigoLaLiga,loan,,
2024,Getafe,arrival,111508,Allan Nyom,36,Without Club,unknown,,
2024,Getafe,arrival,908621,Nabil Aberdin,21,Getafe CF BSegunda Federación - Gr. V,unknown,,
2024,Getafe,arrival,1033005,Coba da Costa,22,Getafe CF BSegunda Federación - Gr. V,unknown,,
2024,Getafe,arrival,251106,Enes Ünal,27,BournemouthPremier League,loan,,
2024,Getafe,arrival,131275,Choco Lozano,31,UD AlmeríaLaLiga,loan,,
2024,Getafe,arrival,189453,Jonathan Silva,30,AlbaceteLaLiga2,loan,,
2024,Getafe,arrival,399780,Darío Poveda,27,FC CartagenaLaLiga2,loan,,
2024,Getafe,arrival,648812,Sabit Abdulai,25,Real MurciaPrimera Federación - Gr. II,loan,,
2024,Getafe,departure,251106,Enes Ünal,27,BournemouthPremier League,permanent,16500000.0,16.5
2024,Getafe,departure,577486,Gastón Álvarez,24,Al-QadsiahSaudi Pro League,permanent,12000000.0,12.0
2024,Getafe,departure,532826,Mason Greenwood,22,Man UtdPremier League,loan,3100000.0,3.1
2024,Getafe,departure,131275,Choco Lozano,31,Santos LagunaLiga MX Apertura,permanent,2000000.0,2.0
2024,Getafe,departure,908621,Nabil Aberdin,22,FK Sochi1.Division,permanent,300000.0,0.3
2024,Getafe,departure,273152,Nemanja Maksimovic,29,PanathinaikosSuper League 1,free,0.0,0.0
2024,Getafe,departure,227961,Jaime Mata,35,UD Las PalmasLaLiga,free,0.0,0.0
2024,Getafe,departure,268506,Fabrizio Angileri,30,CorinthiansSérie A,free,0.0,0.0
2024,Getafe,departure,399780,Darío Poveda,27,FarenseLiga Portugal,free,0.0,0.0
2024,Getafe,departure,648812,Sabit Abdulai,25,Botafogo-SPSérie B,free,0.0,0.0
2024,Getafe,departure,284854,Carles Aleñá,27,AlavésLaLiga,loan,,
2024,Getafe,departure,189453,Jonathan Silva,30,PafosCyprus League,loan,,
2024,Getafe,departure,711625,José Ángel Carmona,22,Sevilla FCLaLiga,loan,,
2024,Getafe,departure,617074,Ilaix Moriba,21,LeipzigBundesliga,loan,,
2024,Getafe,departure,623521,Juanmi Latasa,23,Real MadridLaLiga,loan,,
2024,Getafe,departure,284884,Óscar Rodríguez,26,Sevilla FCLaLiga,loan,,
2024,Getafe,departure,249513,Diego Rico,31,Real SociedadLaLiga,loan,,
2024,Getafe,departure,438682,Daniel Fuzato,26,UD IbizaPrimera Federación - Gr. II,loan,,
2024,Mallorca,arrival,262939,Johan Mojica,31,VillarrealLaLiga,permanent,1500000.0,1.5
2024,Mallorca,arrival,563137,Robert Navarro,22,Real SociedadLaLiga,permanent,850000.0,0.85
2024,Mallorca,arrival,245744,Takuma Asano,29,VfL BochumBundesliga,free,0.0,0.0
2024,Mallorca,arrival,388513,Mateu Morey,24,DortmundBundesliga,free,0.0,0.0
2024,Mallorca,arrival,695454,Chiquinho,24,WolvesPremier League,loan,,
2024,Mallorca,arrival,331496,Valery Fernández,24,GironaLaLiga,loan,,
2024,Mallorca,arrival,857830,Daniel Luna,21,RCD Mallorca BSegunda Federación - Gr. III,unknown,,
2024,Mallorca,arrival,442805,Iddrisu Baba,28,UD AlmeríaLaLiga,loan,,
2024,Mallorca,arrival,562742,Leo Román,23,Real OviedoLaLiga2,loan,,
2024,Mallorca,arrival,339820,Amath Ndiaye,27,Real ValladolidLaLiga2,loan,,
2024,Mallorca,arrival,947431,David López,21,Burgos CFLaLiga2,loan,,
2024,Mallorca,arrival,632495,Josep Gayá,23,SD AmorebietaLaLiga2,loan,,
2024,Mallorca,arrival,947431,David López,21,Elche CFLaLiga2,loan,,
2024,Mallorca,departure,190263,Predrag Rajković,28,Al-IttihadSaudi Pro League,permanent,8000000.0,8.0
2024,Mallorca,departure,339699,Giovanni González,29,KrasnodarPremier Liga,permanent,4000000.0,4.0
2024,Mallorca,departure,339820,Amath Ndiaye,27,Real ValladolidLaLiga,permanent,2000000.0,2.0
2024,Mallorca,departure,442805,Iddrisu Baba,28,UD AlmeríaLaLiga2,free,0.0,0.0
2024,Mallorca,departure,143559,Matija Nastasić,31,CD LeganésLaLiga,free,0.0,0.0
2024,Mallorca,departure,65318,Jaume Costa,36,AlbaceteLaLiga2,free,0.0,0.0
2024,Mallorca,departure,632495,Josep Gayá,24,CD TenerifeLaLiga2,free,0.0,0.0
2024,Mallorca,departure,400131,Siebe Van der Heyden,26,St. PauliBundesliga,loan,,
2024,Mallorca,departure,706138,Javi Llabrés,22,EldenseLaLiga2,loan,,
2024,Mallorca,departure,857830,Daniel Luna,21,FC CartagenaLaLiga2,loan,,
2024,Mallorca,departure,947431,David López,21,Burgos CFLaLiga2,loan,,
2024,Mallorca,departure,245078,Nemanja Radonjic,28,TorinoSerie A,loan,,
2024,Mallorca,departure,216870,Nacho Vidal,29,CA OsasunaLaLiga,loan,,
2024,Alaves,arrival,401571,Tomás Conechny,26,Godoy CruzLiga Profesional (- 23/24),permanent,3500000.0,3.5
2024,Alaves,arrival,302371,Toni Martínez,27,PortoLiga Portugal,permanent,2000000.0,2.0
2024,Alaves,arrival,953901,Santiago Mouriño,22,AtléticoLaLiga,permanent,2000000.0,2.0
2024,Alaves,arrival,668276,Hugo Novoa,21,LeipzigBundesliga,permanent,1500000.0,1.5
2024,Alaves,arrival,271021,Stoichkov,30,SD EibarLaLiga2,permanent,1000000.0,1.0
2024,Alaves,arrival,251897,Asier Villalibre,26,Athletic ClubLaLiga,permanent,1000000.0,1.0
2024,Alaves,arrival,694509,Moussa Diarra,23,ToulouseLigue 1,free,0.0,0.0
2024,Alaves,arrival,533354,Facundo Garcés,25,ColonPrimera Nacional,free,0.0,0.0
2024,Alaves,arrival,618809,Manu Sánchez,23,Celta de VigoLaLiga,loan,,
2024,Alaves,arrival,769063,Luka Romero,19,AC MilanSerie A,loan,,
2024,Alaves,arrival,263727,Joan Jordán,30,Sevilla FCLaLiga,loan,,
2024,Alaves,arrival,618813,Carlos Martín,22,AtléticoLaLiga,loan,,
2024,Alaves,arrival,284854,Carles Aleñá,27,GetafeLaLiga,loan,,
2024,Alaves,arrival,1063553,Pau Cabanes,19,VillarrealLaLiga,loan,,
2024,Alaves,arrival,718029,Unai Ropero,22,Alavés BSegunda Federación - Gr. II,unknown,,
2024,Alaves,arrival,1064871,Joaquín Panichelli,21,Alavés BSegunda Federación - Gr. II,unknown,,
2024,Alaves,arrival,1054934,Maroan Sannadi,23,Alavés BSegunda Federación - Gr. II,unknown,,
2024,Alaves,arrival,895458,Adrián Pica,22,Alavés BSegunda Federación - Gr. II,unknown,,
2024,Alaves,arrival,591957,Victor Parada,22,Alavés BSegunda Federación - Gr. II,unknown,,
2024,Alaves,arrival,608382,Adrián Rodríguez,23,Alavés BSegunda Federación - Gr. II,unknown,,
2024,Alaves,arrival,480883,Miguel de la Fuente,24,CD LeganésLaLiga2,loan,,
2024,Alaves,arrival,258475,Nikola Maras,28,LevanteLaLiga2,loan,,
2024,Alaves,arrival,615636,Abdallahi Mahmoud,24,AC BellinzonaChallenge League,loan,,
2024,Alaves,arrival,1054934,Maroan Sannadi,23,Barakaldo CFPrimera Federación - Gr. I,loan,,
2024,Alaves,arrival,668277,Alan Godoy,21,GimnàsticPrimera Federación - Gr. I,loan,,
2024,Alaves,arrival,634460,Álex Balboa,23,SD HuescaLaLiga2,loan,,
2024,Alaves,departure,568158,Javi López,22,Real SociedadLaLiga,permanent,6500000.0,6.5
2024,Alaves,departure,177046,Rubén Duarte,28,UNAM PumasLiga MX Apertura,permanent,4000000.0,4.0
2024,Alaves,departure,1054934,Maroan Sannadi,24,Athletic ClubLaLiga,permanent,3000000.0,3.0
2024,Alaves,departure,271021,Stoichkov,31,Granada CFLaLiga2,permanent,2500000.0,2.5
2024,Alaves,departure,480883,Miguel de la Fuente,24,CD LeganésLaLiga,permanent,2000000.0,2.0
2024,Alaves,departure,278837,Luis Rioja,30,ValenciaLaLiga,permanent,1200000.0,1.2
2024,Alaves,departure,615636,Abdallahi Mahmoud,24,Al-ArabiKuwait,permanent,90000.0,0.09
2024,Alaves,departure,668277,Alan Godoy,21,EldenseLaLiga2,permanent,75000.0,0.075
2024,Alaves,departure,289255,Andoni Gorosabel,27,Athletic ClubLaLiga,free,0.0,0.0
2024,Alaves,departure,572271,Xeber Alkain,27,SD EibarLaLiga2,free,0.0,0.0
2024,Alaves,departure,634460,Álex Balboa,23,Almere CityEredivisie,free,0.0,0.0
2024,Alaves,departure,258475,Nikola Maras,28,Sporting GijónLaLiga2,loan,,
2024,Alaves,departure,718034,Abde Rebbach,26,Granada CFLaLiga2,loan,,
2024,Alaves,departure,718029,Unai Ropero,22,EldenseLaLiga2,loan,,
2024,Alaves,departure,1064871,Joaquín Panichelli,21,CD MirandésLaLiga2,loan,,
2024,Alaves,departure,1054934,Maroan Sannadi,23,Barakaldo CFPrimera Federación - Gr. I,loan,,
2024,Alaves,departure,591957,Victor Parada,22,CD MirandésLaLiga2,loan,,
2024,Alaves,departure,991268,Samu Aghehowa,20,AtléticoLaLiga,loan,,
2024,Alaves,departure,662261,Rafa Marín,22,Real MadridLaLiga,loan,,
2024,Alaves,departure,434990,Álex Sola,25,Real SociedadLaLiga,loan,,
2024,Alaves,departure,769063,Luka Romero,20,AC MilanSerie A,loan,,
2024,Alaves,departure,742201,Giuliano Simeone,21,AtléticoLaLiga,loan,,
2024,Alaves,departure,282076,Ianis Hagi,25,RangersPremiership,loan,,
2024,Rayo Vallecano,arrival,88103,James Rodríguez,33,São PauloSérie A,free,0.0,0.0
2024,Rayo Vallecano,arrival,363057,Pedro Díaz,26,G. BordeauxNational 1 - Grp. B,free,0.0,0.0
2024,Rayo Vallecano,arrival,692208,Pelayo Fernández,21,Barça AtlèticPrimera Federación - Gr. I,free,0.0,0.0
2024,Rayo Vallecano,arrival,275218,Augusto Batalla,28,River PlateLiga Profesional (- 23/24),loan,,
2024,Rayo Vallecano,arrival,268670,Gerard Gumbau,29,Granada CFLaLiga2,loan,,
2024,Rayo Vallecano,arrival,288318,Adrián Embarba,32,UD AlmeríaLaLiga2,loan,,
2024,Rayo Vallecano,arrival,256429,Sergi Guardiola,33,Without Club,unknown,,
2024,Rayo Vallecano,arrival,343273,Joni Montiel,25,Burgos CFLaLiga2,loan,,
2024,Rayo Vallecano,arrival,531277,Andrés Martín,24,RacingLaLiga2,loan,,
2024,Rayo Vallecano,arrival,607780,Miguel Ángel Morro,23,Villarreal CF BLaLiga2,loan,,
2024,Rayo Vallecano,departure,531277,Andrés Martín,25,RacingLaLiga2,permanent,2000000.0,2.0
2024,Rayo Vallecano,departure,165467,Stole Dimitrievski,30,ValenciaLaLiga,free,0.0,0.0
2024,Rayo Vallecano,departure,88103,James Rodríguez,33,LeónLiga MX Apertura,free,0.0,0.0
2024,Rayo Vallecano,departure,195605,José Pozo,28,KarmiotissaCyprus League,free,0.0,0.0
2024,Rayo Vallecano,departure,39152,Radamel Falcao,38,MillonariosLiga DIMAYOR II,free,0.0,0.0
2024,Rayo Vallecano,departure,153427,Bebé,34,Racing FerrolLaLiga2,free,0.0,0.0
2024,Rayo Vallecano,departure,638588,Martín Pascual,25,Atl. MadrileñoPrimera Federación - Gr. II,free,0.0,0.0
2024,Rayo Vallecano,departure,607780,Miguel Ángel Morro,23,VizelaLiga Portugal 2,loan,,
2024,Rayo Vallecano,departure,498529,Miguel Crespo,27,FenerbahçeSüper Lig,loan,,
2024,Rayo Vallecano,departure,527698,Kike Pérez,27,Real ValladolidLaLiga,loan,,
2024,Real Valladolid CF,arrival,587520,Stipe Biuk,21,LAFCMLS,permanent,4000000.0,4.0
2024,Real Valladolid CF,arrival,658269,Víctor Meseguer,25,Granada CFLaLiga2,permanent,3000000.0,3.0
2024,Real Valladolid CF,arrival,623521,Juanmi Latasa,23,Real MadridLaLiga,permanent,2500000.0,2.5
2024,Real Valladolid CF,arrival,624942,Raúl Moro,21,LazioSerie A,permanent,2500000.0,2.5
2024,Real Valladolid CF,arrival,339820,Amath Ndiaye,27,RCD MallorcaLaLiga,permanent,2000000.0,2.0
2024,Real Valladolid CF,arrival,290346,André Ferreira,28,Granada CFLaLiga2,permanent,1000000.0,1.0
2024,Real Valladolid CF,arrival,388125,Stanko Juric,27,ParmaSerie A,permanent,950000.0,0.95
2024,Real Valladolid CF,arrival,633056,Tamás Nikitscher,25,KecskemétNB I.,permanent,600000.0,0.6
2024,Real Valladolid CF,arrival,1121298,Juma Bah,18,AIK FreetongSierra Leone,permanent,125000.0,0.125
2024,Real Valladolid CF,arrival,298583,Eray Cömert,26,ValenciaLaLiga,loan,,
2024,Real Valladolid CF,arrival,615350,Cenk Özkacar,23,ValenciaLaLiga,loan,,
2024,Real Valladolid CF,arrival,195736,Florian Grillitsch,29,HoffenheimBundesliga,loan,,
2024,Real Valladolid CF,arrival,938146,Adam Aznou,18,Bayern MunichBundesliga,loan,,
2024,Real Valladolid CF,arrival,392881,Antonio Candela,24,VeneziaSerie A,loan,,
2024,Real Valladolid CF,arrival,358250,Joseph Aidoo,29,Celta de VigoLaLiga,loan,,
2024,Real Valladolid CF,arrival,493513,Karl Hein,22,ArsenalPremier League,loan,,
2024,Real Valladolid CF,arrival,948273,Mario Martín,20,Real MadridLaLiga,loan,,
2024,Real Valladolid CF,arrival,1121298,Juma Bah,18,AIK FreetongSierra Leone,loan,,
2024,Real Valladolid CF,arrival,204072,Henrique Silva,30,Without Club,unknown,,
2024,Real Valladolid CF,arrival,710474,Álvaro Aceves,21,Valladolid PromSegunda Federación - Gr. I,unknown,,
2024,Real Valladolid CF,arrival,926763,Chuki,20,Valladolid PromSegunda Federación - Gr. I,unknown,,
2024,Real Valladolid CF,arrival,527698,Kike Pérez,27,Rayo VallecanoLaLiga,loan,,
2024,Real Valladolid CF,arrival,211251,Darwin Machís,31,Cádiz CFLaLiga,loan,,
2024,Real Valladolid CF,arrival,377219,Selim Amallah,27,ValenciaLaLiga,loan,,
2024,Real Valladolid CF,arrival,924447,Tunde Akinsola,21,Avs FSLiga Portugal 2,loan,,
2024,Real Valladolid CF,departure,1121298,Juma Bah,18,Man CityPremier League,permanent,6000000.0,6.0
2024,Real Valladolid CF,departure,541555,Enzo Boyomo,22,CA OsasunaLaLiga,permanent,5000000.0,5.0
2024,Real Valladolid CF,departure,282727,Monchu,24,Aris SalonikiSuper League 1,permanent,3600000.0,3.6
2024,Real Valladolid CF,departure,468309,Lucas Rosa,24,AjaxEredivisie,permanent,3000000.0,3.0
2024,Real Valladolid CF,departure,527698,Kike Pérez,27,VeneziaSerie A,permanent,1000000.0,1.0
2024,Real Valladolid CF,departure,93935,Sergio Escudero,34,Dep. A CoruñaLaLiga2,free,0.0,0.0
2024,Real Valladolid CF,departure,226261,César de la Hoz,32,Real OviedoLaLiga2,free,0.0,0.0
2024,Real Valladolid CF,departure,924447,Tunde Akinsola,21,Avs FSLiga Portugal,free,0.0,0.0
2024,Real Valladolid CF,departure,587520,Stipe Biuk,21,Hajduk SplitSuperSport HNL,loan,,
2024,Real Valladolid CF,departure,658269,Víctor Meseguer,25,RacingLaLiga2,loan,,
2024,Real Valladolid CF,departure,710474,Álvaro Aceves,21,EldenseLaLiga2,loan,,
2024,Real Valladolid CF,departure,65263,Jordi Masip,35,Retired,unknown,,
2024,Real Valladolid CF,departure,18644,Álvaro Negredo,38,Without Club,unknown,,
2024,Real Valladolid CF,departure,587520,Stipe Biuk,21,LAFCMLS,loan,,
2024,Real Valladolid CF,departure,938146,Adam Aznou,18,Bayern MunichBundesliga,loan,,
2024,Real Valladolid CF,departure,624942,Raúl Moro,21,LazioSerie A,loan,,
2024,Real Valladolid CF,departure,388125,Stanko Juric,27,ParmaSerie A,loan,,
2024,Real Valladolid CF,departure,658269,Víctor Meseguer,25,Granada CFLaLiga2,loan,,
2024,Real Valladolid CF,departure,592373,Lucas Oliveira,28,CruzeiroSérie A,loan,,
2024,Real Valladolid CF,departure,339820,Amath Ndiaye,27,RCD MallorcaLaLiga,loan,,
2024,Real Valladolid CF,departure,707274,César Tárrega,22,ValenciaLaLiga,loan,,
2024,Real Valladolid CF,departure,948273,Mario Martín,21,Real MadridLaLiga,loan,,
2024,Real Valladolid CF,departure,1121298,Juma Bah,18,AIK FreetongSierra Leone,loan,,
2024,Real Valladolid CF,departure,290346,André Ferreira,28,Granada CFLaLiga2,loan,,
2024,Leganes,arrival,480883,Miguel de la Fuente,24,AlavésLaLiga,permanent,2000000.0,2.0
2024,Leganes,arrival,585700,Juan Cruz,24,Real BetisLaLiga,permanent,1120000.0,1.12
2024,Leganes,arrival,535959,Duk,24,Aberdeen FCPremiership,permanent,715000.0,0.715
2024,Leganes,arrival,282700,Enric Franquesa,27,LevanteLaLiga2,permanent,90000.0,0.09
2024,Leganes,arrival,277137,Renato Tapia,29,Celta de VigoLaLiga,free,0.0,0.0
2024,Leganes,arrival,441170,Valentin Rosier,27,BesiktasSüper Lig,free,0.0,0.0
2024,Leganes,arrival,223725,Munir El Haddadi,28,UD Las PalmasLaLiga,free,0.0,0.0
2024,Leganes,arrival,284884,Óscar Rodríguez,26,Sevilla FCLaLiga,free,0.0,0.0
2024,Leganes,arrival,569866,Roberto López,24,Real SociedadLaLiga,free,0.0,0.0
2024,Leganes,arrival,143559,Matija Nastasić,31,RCD MallorcaLaLiga,free,0.0,0.0
2024,Leganes,arrival,251892,Juan Soriano,26,CD TenerifeLaLiga2,free,0.0,0.0
2024,Leganes,arrival,94308,Marko Dmitrovic,32,Sevilla FCLaLiga,free,0.0,0.0
2024,Leganes,arrival,1390649,Yan Diomande,18,DME AcademyUnited States,free,0.0,0.0
2024,Leganes,arrival,181375,Sébastien Haller,30,DortmundBundesliga,loan,,
2024,Leganes,arrival,491616,Jackson Porozo,24,TroyesLigue 2,loan,,
2024,Leganes,arrival,466807,Adrià Altimira,23,VillarrealLaLiga,loan,,
2024,Leganes,arrival,39125,Borna Barisic,32,TrabzonsporSüper Lig,loan,,
2024,Leganes,arrival,422466,Javi Hernández,26,Cádiz CFLaLiga,loan,,
2024,Leganes,arrival,715683,Naim García,22,Barça AtlèticPrimera Federación - Gr. I,loan,,
2024,Leganes,arrival,456938,Javi Avilés,26,Málaga CFPrimera Federación - Gr. II,loan,,
2024,Leganes,arrival,715690,Sergio Navarro,23,R. MajadahondaPrimera Federación - Gr. I,loan,,
2024,Leganes,arrival,715679,Lalo Aguilar,22,Atl. MadrileñoPrimera Federación - Gr. II,loan,,
2024,Leganes,departure,341713,Diego Conde,25,VillarrealLaLiga,permanent,4000000.0,4.0
2024,Leganes,departure,228917,Jorge Miramón,35,AEK LarnacaCyprus League,free,0.0,0.0
2024,Leganes,departure,181113,Iker Undabarrena,29,Johor DTSuper League,free,0.0,0.0
2024,Leganes,departure,396328,Luis Perea,26,Racing FerrolLaLiga2,free,0.0,0.0
2024,Leganes,departure,434602,Aritz Arambarri,26,SD EibarLaLiga2,free,0.0,0.0
2024,Leganes,departure,126509,Dani Jiménez,34,SD HuescaLaLiga2,free,0.0,0.0
2024,Leganes,departure,715690,Sergio Navarro,23,AD AlcorcónPrimera Federación - Gr. II,free,0.0,0.0
2024,Leganes,departure,715683,Naim García,22,Racing FerrolLaLiga2,loan,,
2024,Leganes,departure,715679,Lalo Aguilar,22,AlbaceteLaLiga2,loan,,
2024,Leganes,departure,138803,Francisco Portillo,34,Without Club,unknown,,
2024,Leganes,departure,111508,Allan Nyom,36,Without Club,unknown,,
2024,Leganes,departure,456938,Javi Avilés,27,Without Club,unknown,,
2024,Leganes,departure,181375,Sébastien Haller,30,DortmundBundesliga,loan,,
2024,Leganes,departure,480883,Miguel de la Fuente,24,AlavésLaLiga,loan,,
2024,Leganes,departure,491616,Jackson Porozo,24,TroyesLigue 2,loan,,
2024,Leganes,departure,282700,Enric Franquesa,27,LevanteLaLiga2,loan,,
2024,Leganes,departure,585700,Juan Cruz,24,Real BetisLaLiga,loan,,
2024,Leganes,departure,594926,Naïs Djouahra,24,HNK RijekaSuperSport HNL,loan,,
2024,Leganes,departure,921734,Óscar Ureña,21,GironaLaLiga,loan,,
2024,Leganes,departure,594497,Diyaeddine Abzi,25,Pau FCLigue 2,loan,,
2024,Leganes,departure,214770,Borja López,30,Zulte WaregemChallenger Pro League,loan,,
2025,Real Madrid,arrival,890290,Dean Huijsen,20,BournemouthPremier League,permanent,62500000.0,62.5
2025,Real Madrid,arrival,811778,Álvaro Carreras,22,BenficaLiga Portugal,permanent,50000000.0,50.0
2025,Real Madrid,arrival,1057316,Franco Mastantuono,18,River PlateTorneo Clausura,permanent,45000000.0,45.0
2025,Real Madrid,arrival,314353,Trent Alexander-Arnold,26,LiverpoolPremier League,permanent,10000000.0,10.0
2025,Real Madrid,arrival,935230,Gonzalo García,21,RM CastillaPrimera Federación - Gr. II,unknown,,
2025,Real Madrid,arrival,1375227,Thiago Pitarch,18,RM CastillaPrimera Federación - Gr. I,unknown,,
2025,Real Madrid,arrival,935231,Víctor Muñoz,21,RM CastillaPrimera Federación - Gr. I,unknown,,
2025,Real Madrid,arrival,948275,Álvaro Rodríguez,20,GetafeLaLiga,loan,,
2025,Real Madrid,arrival,627226,Reinier,23,Granada CFLaLiga2,loan,,
2025,Real Madrid,departure,935231,Víctor Muñoz,21,CA OsasunaLaLiga,permanent,25000000.0,25.0
2025,Real Madrid,departure,948275,Álvaro Rodríguez,21,Elche CFLaLiga,permanent,14500000.0,14.5
2025,Real Madrid,departure,27992,Luka Modrić,39,AC MilanSerie A,free,0.0,0.0
2025,Real Madrid,departure,221316,Lucas Vázquez,34,LeverkusenBundesliga,free,0.0,0.0
2025,Real Madrid,departure,627226,Reinier,23,Atlético-MGSérie A,free,0.0,0.0
2025,Real Madrid,departure,251896,Jesús Vallejo,28,AlbaceteLaLiga2,free,0.0,0.0
2025,Real Madrid,departure,971570,Endrick,19,LyonLigue 1,loan,,
2025,Real Madrid,departure,948273,Mario Martín,21,GetafeLaLiga,loan,,
2025,Barcelona,arrival,561613,Joan García,24,EspanyolLaLiga,permanent,25000000.0,25.0
2025,Barcelona,arrival,792331,Roony Bardghji,19,CopenhagenSuperliga,permanent,2500000.0,2.5
2025,Barcelona,arrival,258923,Marcus Rashford,27,Man UtdPremier League,loan,,
2025,Barcelona,arrival,182712,João Cancelo,31,Al-HilalSaudi Pro League,loan,,
2025,Barcelona,arrival,1071596,Dro Fernández,17,Barça AtlèticSegunda Federación - Gr. III,unknown,,
2025,Barcelona,arrival,938145,Áron Yaakobishvili,19,Barça AtlèticSegunda Federación - Gr. III,unknown,,
2025,Barcelona,arrival,182904,Clément Lenglet,30,AtléticoLaLiga,loan,,
2025,Barcelona,arrival,709957,Álex Valle,21,ComoSerie A,loan,,
2025,Barcelona,arrival,66100,Oriol Romeu,33,GironaLaLiga,loan,,
2025,Barcelona,departure,707572,Pau Víctor,23,BragaLiga Portugal,permanent,12000000.0,12.0
2025,Barcelona,departure,1071596,Dro Fernández,18,PSGLigue 1,permanent,8199999.999999999,8.2
2025,Barcelona,departure,709957,Álex Valle,21,ComoSerie A,permanent,6000000.0,6.0
2025,Barcelona,departure,720038,Pablo Torre,22,RCD MallorcaLaLiga,permanent,5000000.0,5.0
2025,Barcelona,departure,182904,Clément Lenglet,30,AtléticoLaLiga,free,0.0,0.0
2025,Barcelona,departure,158863,Iñigo Martínez,34,Al-NassrSaudi Pro League,free,0.0,0.0
2025,Barcelona,departure,937955,Héctor Fort,19,Elche CFLaLiga,loan,,
2025,Barcelona,departure,283170,Iñaki Peña,26,Elche CFLaLiga,loan,,
2025,Barcelona,departure,74857,Marc-André ter Stegen,33,GironaLaLiga,loan,,
2025,Barcelona,departure,466810,Ansu Fati,22,MonacoLigue 1,loan,,
2025,Barcelona,departure,938145,Áron Yaakobishvili,19,FC AndorraLaLiga2,loan,,
2025,Barcelona,departure,66100,Oriol Romeu,33,Without Club,unknown,,
2025,Atletico Madrid,arrival,548111,Álex Baena,23,VillarrealLaLiga,permanent,42000000.0,42.0
2025,Atletico Madrid,arrival,406040,Ademola Lookman,28,AtalantaSerie A,permanent,35000000.0,35.0
2025,Atletico Madrid,arrival,404418,Dávid Hancko,27,FeyenoordEredivisie,permanent,26000000.0,26.0
2025,Atletico Madrid,arrival,689505,Johnny Cardoso,23,Real BetisLaLiga,permanent,24000000.0,24.0
2025,Atletico Madrid,arrival,405885,Giacomo Raspadori,25,NapoliSerie A,permanent,22000000.0,22.0
2025,Atletico Madrid,arrival,576028,Thiago Almada,24,BotafogoSérie A,permanent,21000000.0,21.0
2025,Atletico Madrid,arrival,616631,Matteo Ruggeri,22,AtalantaSerie A,permanent,17000000.0,17.0
2025,Atletico Madrid,arrival,961297,Rodrigo Mendoza,20,Elche CFLaLiga,permanent,16000000.0,16.0
2025,Atletico Madrid,arrival,844637,Marc Pubill,22,UD AlmeríaLaLiga2,permanent,16000000.0,16.0
2025,Atletico Madrid,arrival,953901,Santiago Mouriño,23,AlavésLaLiga,permanent,4000000.0,4.0
2025,Atletico Madrid,arrival,889435,Obed Vargas,20,SeattleMLS,permanent,3000000.0,3.0
2025,Atletico Madrid,arrival,242359,Juan Musso,31,AtalantaSerie A,permanent,3000000.0,3.0
2025,Atletico Madrid,arrival,486031,Nico González,27,JuventusSerie A,loan,1950000.0,1.95
2025,Atletico Madrid,arrival,182904,Clément Lenglet,30,BarcelonaLaLiga,free,0.0,0.0
2025,Atletico Madrid,arrival,926694,Arthur Vermeeren,20,LeipzigBundesliga,loan,,
2025,Atletico Madrid,arrival,255901,Rodrigo De Paul,31,MiamiMLS,loan,,
2025,Atletico Madrid,arrival,148928,Saúl Ñíguez,30,Sevilla FCLaLiga,loan,,
2025,Atletico Madrid,arrival,618813,Carlos Martín,23,AlavésLaLiga,loan,,
2025,Atletico Madrid,arrival,525438,Horațiu Moldovan,27,SassuoloSerie B,loan,,
2025,Atletico Madrid,departure,488362,Conor Gallagher,25,TottenhamPremier League,permanent,40000000.0,40.0
2025,Atletico Madrid,departure,694928,Samuel Lino,25,FlamengoSérie A,permanent,22000000.0,22.0
2025,Atletico Madrid,departure,405885,Giacomo Raspadori,25,AtalantaSerie A,permanent,22000000.0,22.0
2025,Atletico Madrid,departure,926694,Arthur Vermeeren,20,LeipzigBundesliga,permanent,20000000.0,20.0
2025,Atletico Madrid,departure,255901,Rodrigo De Paul,31,MiamiMLS,permanent,15000000.0,15.0
2025,Atletico Madrid,departure,953901,Santiago Mouriño,23,VillarrealLaLiga,permanent,10000000.0,10.0
2025,Atletico Madrid,departure,461617,Rodrigo Riquelme,25,Real BetisLaLiga,permanent,8000000.0,8.0
2025,Atletico Madrid,departure,266807,Ángel Correa,30,Tigres UANLLiga MX Apertura,permanent,8000000.0,8.0
2025,Atletico Madrid,departure,448628,Javi Galán,31,CA OsasunaLaLiga,permanent,500000.0,0.5
2025,Atletico Madrid,departure,240692,Reinildo Mandava,31,SunderlandPremier League,free,0.0,0.0
2025,Atletico Madrid,departure,148928,Saúl Ñíguez,30,FlamengoSérie A,free,0.0,0.0
2025,Atletico Madrid,departure,35047,Axel Witsel,36,GironaLaLiga,free,0.0,0.0
2025,Atletico Madrid,departure,57500,César Azpilicueta,36,Sevilla FCLaLiga,free,0.0,0.0
2025,Atletico Madrid,departure,255901,Rodrigo De Paul,31,MiamiMLS,loan,,
2025,Atletico Madrid,departure,205562,Thomas Lemar,29,GironaLaLiga,loan,,
2025,Atletico Madrid,departure,618813,Carlos Martín,23,Rayo VallecanoLaLiga,loan,,
2025,Atletico Madrid,departure,525438,Horațiu Moldovan,27,Real OviedoLaLiga,loan,,
2025,Atletico Madrid,departure,182904,Clément Lenglet,30,BarcelonaLaLiga,loan,,
2025,Atletico Madrid,departure,242359,Juan Musso,31,AtalantaSerie A,loan,,
2025,Villarreal,arrival,729814,Georges Mikautadze,24,LyonLigue 1,permanent,31000000.0,31.0
2025,Villarreal,arrival,805714,Renato Veiga,22,ChelseaPremier League,permanent,24500000.0,24.5
2025,Villarreal,arrival,733576,Alberto Moleiro,21,UD Las PalmasLaLiga2,permanent,16000000.0,16.0
2025,Villarreal,arrival,953901,Santiago Mouriño,23,AtléticoLaLiga,permanent,10000000.0,10.0
2025,Villarreal,arrival,638793,Tajon Buchanan,26,InterSerie A,permanent,9000000.0,9.0
2025,Villarreal,arrival,972465,Tani Oluwaseyi,25,MinnesotaMLS,permanent,8000000.0,8.0
2025,Villarreal,arrival,985806,Alex Freeman,21,OrlandoMLS,permanent,3500000.0,3.5
2025,Villarreal,arrival,466783,Arnau Tenas,24,PSGLigue 1,permanent,2500000.0,2.5
2025,Villarreal,arrival,662261,Rafa Marín,23,NapoliSerie A,loan,1000000.0,1.0
2025,Villarreal,arrival,230784,Thomas Partey,32,ArsenalPremier League,free,0.0,0.0
2025,Villarreal,arrival,1127730,Thiago Fernández,21,Vélez SarsfieldTorneo Clausura,free,0.0,0.0
2025,Villarreal,arrival,396638,Manor Solomon,26,TottenhamPremier League,loan,,
2025,Villarreal,arrival,357628,Alfon González,26,Sevilla FCLaLiga,loan,,
2025,Villarreal,arrival,1038950,Karl Etta Eyong,21,Villarreal CF BPrimera Federación - Gr. II,unknown,,
2025,Villarreal,arrival,945709,Dani Requena,21,Villarreal CF BPrimera Federación - Gr. II,unknown,,
2025,Villarreal,arrival,355861,Arnaut Danjuma,28,GironaLaLiga,loan,,
2025,Villarreal,arrival,783396,Ramón Terrats,24,GetafeLaLiga,loan,,
2025,Villarreal,arrival,466807,Adrià Altimira,24,CD LeganésLaLiga,loan,,
2025,Villarreal,arrival,973805,Andrés Ferrari,22,Sint-TruidenJupiler Pro League,loan,,
2025,Villarreal,arrival,669511,Jorge Pascual,22,SD EibarLaLiga2,loan,,
2025,Villarreal,arrival,1063553,Pau Cabanes,20,AlavésLaLiga,loan,,
2025,Villarreal,arrival,709380,Álex Forés,24,LevanteLaLiga2,loan,,
2025,Villarreal,departure,548111,Álex Baena,23,AtléticoLaLiga,permanent,42000000.0,42.0
2025,Villarreal,departure,568157,Yéremy Pino,22,Crystal PalacePremier League,permanent,30000000.0,30.0
2025,Villarreal,departure,937941,Thierno Barry,22,EvertonPremier League,permanent,30000000.0,30.0
2025,Villarreal,departure,1038950,Karl Etta Eyong,21,LevanteLaLiga,permanent,3000000.0,3.0
2025,Villarreal,departure,973805,Andrés Ferrari,22,Sint-TruidenJupiler Pro League,permanent,2500000.0,2.5
2025,Villarreal,departure,669511,Jorge Pascual,22,Granada CFLaLiga2,permanent,500000.0,0.5
2025,Villarreal,departure,355861,Arnaut Danjuma,28,ValenciaLaLiga,free,0.0,0.0
2025,Villarreal,departure,286384,Eric Bailly,31,Real OviedoLaLiga,free,0.0,0.0
2025,Villarreal,departure,466807,Adrià Altimira,24,Dep. A CoruñaLaLiga2,free,0.0,0.0
2025,Villarreal,departure,165007,Denis Suárez,31,AlavésLaLiga,free,0.0,0.0
2025,Villarreal,departure,76467,Kiko Femenía,34,GetafeLaLiga,free,0.0,0.0
2025,Villarreal,departure,709969,Ilias Akhomach,21,Rayo VallecanoLaLiga,loan,,
2025,Villarreal,departure,1127730,Thiago Fernández,21,Real OviedoLaLiga,loan,,
2025,Villarreal,departure,783396,Ramón Terrats,24,EspanyolLaLiga,loan,,
2025,Villarreal,departure,709380,Álex Forés,24,Real OviedoLaLiga,loan,,
2025,Villarreal,departure,945709,Dani Requena,21,Córdoba CFLaLiga2,loan,,
2025,Villarreal,departure,15452,Raúl Albiol,39,Without Club,unknown,,
2025,Villarreal,departure,1063553,Pau Cabanes,20,Villarreal CF BPrimera Federación - Gr. II,unknown,,
2025,Villarreal,departure,396638,Manor Solomon,26,TottenhamPremier League,loan,,
2025,Villarreal,departure,638793,Tajon Buchanan,26,InterSerie A,loan,,
2025,Real Sociedad,arrival,378293,Yangel Herrera,27,GironaLaLiga,permanent,11000000.0,11.0
2025,Real Sociedad,arrival,372246,Carlos Soler,28,PSGLigue 1,permanent,6000000.0,6.0
2025,Real Sociedad,arrival,225122,Gonçalo Guedes,28,WolvesPremier League,permanent,4000000.0,4.0
2025,Real Sociedad,arrival,238266,Duje Caleta-Car,28,LyonLigue 1,loan,500000.0,0.5
2025,Real Sociedad,arrival,1007378,Wesley,20,Al-NassrSaudi Pro League,loan,,
2025,Real Sociedad,arrival,709215,Mikel Goti,23,Real Sociedad BLaLiga2,unknown,,
2025,Real Sociedad,arrival,337715,Umar Sadiq,28,ValenciaLaLiga,loan,,
2025,Real Sociedad,arrival,625651,Urko González de Zárate,24,EspanyolLaLiga,loan,,
2025,Real Sociedad,arrival,711374,Jon Gorrotxategi,23,CD MirandésLaLiga2,loan,,
2025,Real Sociedad,arrival,711382,Jon Karrikaburu,22,RacingLaLiga2,loan,,
2025,Real Sociedad,arrival,216464,Carlos Fernández,29,Cádiz CFLaLiga2,loan,,
2025,Real Sociedad,arrival,625655,Jon Magunazelaia,23,Córdoba CFLaLiga2,loan,,
2025,Real Sociedad,departure,423440,Martín Zubimendi,26,ArsenalPremier League,permanent,70000000.0,70.0
2025,Real Sociedad,departure,625651,Urko González de Zárate,24,EspanyolLaLiga,permanent,5000000.0,5.0
2025,Real Sociedad,departure,337715,Umar Sadiq,28,ValenciaLaLiga,permanent,5000000.0,5.0
2025,Real Sociedad,departure,297070,Hamari Traoré,33,Paris FCLigue 1,permanent,4500000.0,4.5
2025,Real Sociedad,departure,625660,Jon Ander Olasagasti,24,LevanteLaLiga,permanent,500000.0,0.5
2025,Real Sociedad,departure,188888,Sheraldo Becker,30,CA OsasunaLaLiga,free,0.0,0.0
2025,Real Sociedad,departure,625655,Jon Magunazelaia,23,SD EibarLaLiga2,free,0.0,0.0
2025,Real Sociedad,departure,568158,Javi López,23,Real OviedoLaLiga,loan,,
2025,Real Sociedad,departure,580560,Jon Pacheco,24,AlavésLaLiga,loan,,
2025,Real Sociedad,departure,709215,Mikel Goti,23,Córdoba CFLaLiga2,loan,,
2025,Real Sociedad,departure,216464,Carlos Fernández,29,CD MirandésLaLiga2,loan,,
2025,Real Sociedad,departure,361914,Nayef Aguerd,29,West HamPremier League,loan,,
2025,Real Betis,arrival,602105,Antony,25,Man UtdPremier League,permanent,22000000.0,22.0
2025,Real Betis,arrival,907559,Nelson Deossa,25,MonterreyLiga MX Apertura,permanent,11700000.0,11.7
2025,Real Betis,arrival,735568,Natan,24,NapoliSerie A,permanent,9000000.0,9.0
2025,Real Betis,arrival,461617,Rodrigo Riquelme,25,AtléticoLaLiga,permanent,8000000.0,8.0
2025,Real Betis,arrival,985383,Valentín Gómez,22,Vélez SarsfieldTorneo Clausura,permanent,5300000.0,5.3
2025,Real Betis,arrival,997814,Gonzalo Petit,18,NacionalLiga AUF Clausura,permanent,4500000.0,4.5
2025,Real Betis,arrival,261503,Álvaro Fidalgo,28,AméricaLiga MX Apertura,permanent,2000000.0,2.0
2025,Real Betis,arrival,374139,Junior Firpo,28,LeedsPremier League,free,0.0,0.0
2025,Real Betis,arrival,286415,Pau López,30,TolucaLiga MX Apertura,free,0.0,0.0
2025,Real Betis,arrival,287579,Sofyan Amrabat,29,FenerbahçeSüper Lig,loan,,
2025,Real Betis,arrival,961087,Pablo García,19,Betis DeportivoPrimera Federación - Gr. II,unknown,,
2025,Real Betis,arrival,1034853,Nobel Mendy,20,Betis DeportivoPrimera Federación - Gr. II,unknown,,
2025,Real Betis,arrival,417913,Álvaro Valles,27,Without Club,unknown,,
2025,Real Betis,arrival,1061283,Mateo Flores,21,Betis DeportivoPrimera Federación - Gr. II,unknown,,
2025,Real Betis,arrival,722351,Sergio Arribas,22,Betis DeportivoPrimera Federación - Gr. II,unknown,,
2025,Real Betis,arrival,567504,Guilherme Fernandes,24,Betis DeportivoPrimera Federación - Gr. II,unknown,,
2025,Real Betis,arrival,234811,Rui Silva,31,SportingLiga Portugal,loan,,
2025,Real Betis,arrival,997814,Gonzalo Petit,19,CD MirandésLaLiga2,loan,,
2025,Real Betis,arrival,278359,Borja Iglesias,32,Celta de VigoLaLiga,loan,,
2025,Real Betis,arrival,282722,Álex Collado,26,Al-KholoodSaudi Pro League,loan,,
2025,Real Betis,arrival,126737,Juanmi,32,GetafeLaLiga,loan,,
2025,Real Betis,arrival,632741,Iker Losada,23,Celta de VigoLaLiga,loan,,
2025,Real Betis,arrival,630989,Ricardo Visus,24,Almere CityEredivisie,loan,,
2025,Real Betis,departure,689505,Johnny Cardoso,23,AtléticoLaLiga,permanent,24000000.0,24.0
2025,Real Betis,departure,1190411,Jesús Rodríguez,19,ComoSerie A,permanent,22500000.0,22.5
2025,Real Betis,departure,234811,Rui Silva,31,SportingLiga Portugal,permanent,4000000.0,4.0
2025,Real Betis,departure,318523,Romain Perraud,27,LilleLigue 1,permanent,3000000.0,3.0
2025,Real Betis,departure,282722,Álex Collado,26,Al-Shamal SCStars League,permanent,2500000.0,2.5
2025,Real Betis,departure,278359,Borja Iglesias,32,Celta de VigoLaLiga,permanent,2000000.0,2.0
2025,Real Betis,departure,135492,Youssouf Sabaly,32,Al-Duhail SCStars League,permanent,2000000.0,2.0
2025,Real Betis,departure,126737,Juanmi,32,GetafeLaLiga,permanent,1200000.0,1.2
2025,Real Betis,departure,630989,Ricardo Visus,24,Widzew LodzEkstraklasa,permanent,425000.0,0.425
2025,Real Betis,departure,100131,William Carvalho,33,PachucaLiga MX Apertura,free,0.0,0.0
2025,Real Betis,departure,722351,Sergio Arribas,22,Cádiz CFLaLiga2,unknown,,
2025,Real Betis,departure,1034853,Nobel Mendy,20,Rayo VallecanoLaLiga,loan,,
2025,Real Betis,departure,997814,Gonzalo Petit,19,Granada CFLaLiga2,loan,,
2025,Real Betis,departure,632741,Iker Losada,24,LevanteLaLiga,loan,,
2025,Real Betis,departure,997814,Gonzalo Petit,18,CD MirandésLaLiga2,loan,,
2025,Real Betis,departure,1061283,Mateo Flores,21,AroucaLiga Portugal,loan,,
2025,Real Betis,departure,722351,Sergio Arribas,22,SD HuescaLaLiga2,loan,,
2025,Real Betis,departure,567504,Guilherme Fernandes,24,Real ValladolidLaLiga2,loan,,
2025,Real Betis,departure,551182,Fran Vieites,26,Without Club,unknown,,
2025,Real Betis,departure,602105,Antony,25,Man UtdPremier League,loan,,
2025,Real Betis,departure,735568,Natan,24,NapoliSerie A,loan,,
2025,Athletic Club,arrival,488626,Jesús Areso,26,CA OsasunaLaLiga,permanent,12000000.0,12.0
2025,Athletic Club,arrival,176553,Aymeric Laporte,31,Al-NassrSaudi Pro League,permanent,10000000.0,10.0
2025,Athletic Club,arrival,563137,Robert Navarro,23,RCD MallorcaLaLiga,free,0.0,0.0
2025,Athletic Club,arrival,1056966,Peio Canales,20,Bilbao AthleticPrimera Federación - Gr. I,unknown,,
2025,Athletic Club,arrival,834491,Alejandro Rego,22,Bilbao AthleticPrimera Federación - Gr. I,unknown,,
2025,Athletic Club,arrival,709214,Beñat Gerenabarrena,22,Bilbao AthleticPrimera Federación - Gr. I,unknown,,
2025,Athletic Club,arrival,1312698,Selton Sánchez,18,CD BasconiaSegunda Federación - Gr. II,unknown,,
2025,Athletic Club,arrival,834483,Álex Padilla,21,UNAM PumasLiga MX Apertura,loan,,
2025,Athletic Club,arrival,610083,Unai Vencedor,24,RacingLaLiga2,loan,,
2025,Athletic Club,arrival,610622,Urko Izeta,25,CD MirandésLaLiga2,loan,,
2025,Athletic Club,arrival,834487,Hugo Rincón,22,CD MirandésLaLiga2,loan,,
2025,Athletic Club,arrival,895480,Adu Ares,23,Real ZaragozaLaLiga2,loan,,
2025,Athletic Club,arrival,668183,Nico Serrano,22,Sporting GijónLaLiga2,loan,,
2025,Athletic Club,arrival,834485,Unai Egiluz,23,CD MirandésLaLiga2,loan,,
2025,Athletic Club,arrival,711394,Javi Martón,26,AlbaceteLaLiga2,loan,,
2025,Athletic Club,departure,671649,Álvaro Djaló,25,Al-GharafaStars League,loan,3000000.0,3.0
2025,Athletic Club,departure,625014,Julen Agirrezabala,24,ValenciaLaLiga,loan,1000000.0,1.0
2025,Athletic Club,departure,834487,Hugo Rincón,22,GironaLaLiga,loan,200000.0,0.2
2025,Athletic Club,departure,895480,Adu Ares,23,SD EibarLaLiga2,free,0.0,0.0
2025,Athletic Club,departure,711394,Javi Martón,26,SD EibarLaLiga2,unknown,,
2025,Athletic Club,departure,610083,Unai Vencedor,24,LevanteLaLiga,loan,,
2025,Athletic Club,departure,1056966,Peio Canales,20,RacingLaLiga2,loan,,
2025,Athletic Club,departure,709214,Beñat Gerenabarrena,22,CastellónLaLiga2,loan,,
2025,Athletic Club,departure,96718,Óscar de Marcos,36,Retired,unknown,,
2025,Athletic Club,departure,338285,Unai Núñez,28,Celta de VigoLaLiga,loan,,
2025,Celta Vigo,arrival,617074,Ilaix Moriba,22,LeipzigBundesliga,permanent,6000000.0,6.0
2025,Celta Vigo,arrival,599231,Ferran Jutglà,26,Club BruggeJupiler Pro League,permanent,5000000.0,5.0
2025,Celta Vigo,arrival,278359,Borja Iglesias,32,Real BetisLaLiga,permanent,2000000.0,2.0
2025,Celta Vigo,arrival,713644,Bryan Zaragoza,23,Bayern MunichBundesliga,loan,1000000.0,1.0
2025,Celta Vigo,arrival,626953,Álvaro Núñez,25,Elche CFLaLiga,permanent,1000000.0,1.0
2025,Celta Vigo,arrival,303657,Ionuț Radu,28,VeneziaSerie B,free,0.0,0.0
2025,Celta Vigo,arrival,143812,Matías Vecino,34,LazioSerie A,free,0.0,0.0
2025,Celta Vigo,arrival,1064471,Fer López,21,WolvesPremier League,loan,,
2025,Celta Vigo,arrival,939374,Yoel Lago,21,Celta FortunaPrimera Federación - Gr. I,unknown,,
2025,Celta Vigo,arrival,892932,Miguel Román,22,Celta FortunaPrimera Federación - Gr. I,unknown,,
2025,Celta Vigo,arrival,541621,Marc Vidal,25,Celta FortunaPrimera Federación - Gr. I,unknown,,
2025,Celta Vigo,arrival,638124,Manu Fernández,24,Celta FortunaPrimera Federación - Gr. I,unknown,,
2025,Celta Vigo,arrival,429983,Jørgen Strand Larsen,25,WolvesPremier League,loan,,
2025,Celta Vigo,arrival,618809,Manu Sánchez,24,AlavésLaLiga,loan,,
2025,Celta Vigo,arrival,872184,Tadeo Allende,26,MiamiMLS,loan,,
2025,Celta Vigo,arrival,634427,Miguel Rodríguez,22,UtrechtEredivisie,loan,,
2025,Celta Vigo,arrival,338285,Unai Núñez,28,Hellas VeronaSerie A,loan,,
2025,Celta Vigo,arrival,338285,Unai Núñez,28,Athletic ClubLaLiga,loan,,
2025,Celta Vigo,arrival,315762,Luca de la Torre,27,San DiegoMLS,loan,,
2025,Celta Vigo,arrival,282810,Carles Pérez,27,GetafeLaLiga,loan,,
2025,Celta Vigo,arrival,358250,Joseph Aidoo,29,Real ValladolidLaLiga,loan,,
2025,Celta Vigo,arrival,623524,Carlos Dotor,24,Sporting GijónLaLiga2,loan,,
2025,Celta Vigo,arrival,652331,Javi Rueda,23,AlbaceteLaLiga2,loan,,
2025,Celta Vigo,departure,429983,Jørgen Strand Larsen,25,WolvesPremier League,permanent,27000000.0,27.0
2025,Celta Vigo,departure,1064471,Fer López,21,WolvesPremier League,permanent,23000000.0,23.0
2025,Celta Vigo,departure,872184,Tadeo Allende,26,MiamiMLS,permanent,5000000.0,5.0
2025,Celta Vigo,departure,634427,Miguel Rodríguez,22,UtrechtEredivisie,permanent,3250000.0,3.25
2025,Celta Vigo,departure,315762,Luca de la Torre,27,CharlotteMLS,permanent,300000.0,0.3
2025,Celta Vigo,departure,423444,Fran Beltrán,26,GironaLaLiga,permanent,150000.0,0.15
2025,Celta Vigo,departure,357628,Alfon González,26,Sevilla FCLaLiga,free,0.0,0.0
2025,Celta Vigo,departure,618809,Manu Sánchez,24,LevanteLaLiga,loan,,
2025,Celta Vigo,departure,338285,Unai Núñez,28,ValenciaLaLiga,loan,,
2025,Celta Vigo,departure,338285,Unai Núñez,28,Hellas VeronaSerie A,loan,,
2025,Celta Vigo,departure,282810,Carles Pérez,27,Aris SalonikiSuper League 1,loan,,
2025,Celta Vigo,departure,715628,Damián Rodríguez,22,RacingLaLiga2,loan,,
2025,Celta Vigo,departure,623524,Carlos Dotor,24,Málaga CFLaLiga2,loan,,
2025,Celta Vigo,departure,162029,Javier Manquillo,31,Retired,unknown,,
2025,Celta Vigo,departure,366948,Jailson,29,Without Club,unknown,,
2025,Celta Vigo,departure,64399,Vicente Guaita,38,Without Club,unknown,,
2025,Celta Vigo,departure,713644,Bryan Zaragoza,24,Bayern MunichBundesliga,loan,,
2025,Celta Vigo,departure,617074,Ilaix Moriba,22,LeipzigBundesliga,loan,,
2025,Celta Vigo,departure,278359,Borja Iglesias,32,Real BetisLaLiga,loan,,
2025,Celta Vigo,departure,632741,Iker Losada,23,Real BetisLaLiga,loan,,
2025,Girona,arrival,631821,Vladyslav Vanat,23,Dynamo KyivPremier Liga,permanent,15000000.0,15.0
2025,Girona,arrival,537382,Bryan Gil,24,TottenhamPremier League,permanent,6000000.0,6.0
2025,Girona,arrival,593482,Azzedine Ounahi,25,MarseilleLigue 1,permanent,6000000.0,6.0
2025,Girona,arrival,834487,Hugo Rincón,22,Athletic ClubLaLiga,loan,200000.0,0.2
2025,Girona,arrival,423444,Fran Beltrán,26,Celta de VigoLaLiga,permanent,150000.0,0.15
2025,Girona,arrival,193098,Álex Moreno,32,Aston VillaPremier League,free,0.0,0.0
2025,Girona,arrival,35047,Axel Witsel,36,AtléticoLaLiga,free,0.0,0.0
2025,Girona,arrival,1005575,Vitor Reis,19,Man CityPremier League,loan,,
2025,Girona,arrival,994536,Claudio Echeverri,20,Man CityPremier League,loan,,
2025,Girona,arrival,205927,Dominik Livakovic,30,FenerbahçeSüper Lig,loan,,
2025,Girona,arrival,74857,Marc-André ter Stegen,33,BarcelonaLaLiga,loan,,
2025,Girona,arrival,205562,Thomas Lemar,29,AtléticoLaLiga,loan,,
2025,Girona,arrival,199321,Rubén Blanco,30,Without Club,unknown,,
2025,Girona,arrival,1108203,Min-su Kim,19,Girona FC BSegunda Federación - Gr. III,unknown,,
2025,Girona,arrival,891923,Dawda Camara,22,Girona FC BSegunda Federación - Gr. III,unknown,,
2025,Girona,arrival,1061665,Jastin Garcia,21,Girona FC BSegunda Federación - Gr. III,unknown,,
2025,Girona,arrival,923915,Antal Yaakobishvili,20,Girona FC BSegunda Federación - Gr. III,unknown,,
2025,Girona,arrival,593412,Ilyas Chaira,24,Real OviedoLaLiga2,loan,,
2025,Girona,arrival,331496,Valery Fernández,25,RCD MallorcaLaLiga,loan,,
2025,Girona,arrival,895326,Joel Roca,20,CD MirandésLaLiga2,loan,,
2025,Girona,arrival,785967,Ibrahima Kébé,24,Lommel SKChallenger Pro League,loan,,
2025,Girona,arrival,923915,Antal Yaakobishvili,21,FC AndorraLaLiga2,loan,,
2025,Girona,arrival,623526,Toni Fuidias,24,FC CartagenaLaLiga2,loan,,
2025,Girona,departure,345911,Ladislav Krejci,26,WolvesPremier League,loan,22500000.0,22.5
2025,Girona,departure,525299,Miguel Gutiérrez,24,NapoliSerie A,permanent,18000000.0,18.0
2025,Girona,departure,378293,Yangel Herrera,27,Real SociedadLaLiga,permanent,11000000.0,11.0
2025,Girona,departure,476219,Bojan Miovski,26,RangersPremiership,permanent,3000000.0,3.0
2025,Girona,departure,593412,Ilyas Chaira,24,Real OviedoLaLiga,permanent,1500000.0,1.5
2025,Girona,departure,742521,Jhon Solís,21,BirminghamChampionship,loan,500000.0,0.5
2025,Girona,departure,331496,Valery Fernández,25,Real ZaragozaLaLiga2,free,0.0,0.0
2025,Girona,departure,115333,Juanpe,34,San LuisLiga MX Apertura,free,0.0,0.0
2025,Girona,departure,785967,Ibrahima Kébé,25,PenafielLiga Portugal 2,free,0.0,0.0
2025,Girona,departure,857818,Yáser Asprilla,22,GalatasaraySüper Lig,loan,,
2025,Girona,departure,891923,Dawda Camara,22,Cádiz CFLaLiga2,loan,,
2025,Girona,departure,646698,Gabriel Misehouy,20,Aris SalonikiSuper League 1,loan,,
2025,Girona,departure,923915,Antal Yaakobishvili,21,CD TenerifePrimera Federación - Gr. I,loan,,
2025,Girona,departure,623526,Toni Fuidias,24,GimnàsticPrimera Federación - Gr. II,loan,,
2025,Girona,departure,1108203,Min-su Kim,19,FC AndorraLaLiga2,loan,,
2025,Girona,departure,923915,Antal Yaakobishvili,21,FC AndorraLaLiga2,loan,,
2025,Girona,departure,1061665,Jastin Garcia,21,FC AndorraLaLiga2,loan,,
2025,Girona,departure,537382,Bryan Gil,24,TottenhamPremier League,loan,,
2025,Girona,departure,362842,Arthur Melo,28,JuventusSerie A,loan,,
2025,Girona,departure,205927,Dominik Livakovic,31,FenerbahçeSüper Lig,loan,,
2025,Girona,departure,355861,Arnaut Danjuma,28,VillarrealLaLiga,loan,,
2025,Girona,departure,66100,Oriol Romeu,33,BarcelonaLaLiga,loan,,
2025,Sevilla,arrival,395234,Batista Mendy,25,TrabzonsporSüper Lig,loan,250000.0,0.25
2025,Sevilla,arrival,357628,Alfon González,26,Celta de VigoLaLiga,free,0.0,0.0
2025,Sevilla,arrival,385105,Gabriel Suazo,27,ToulouseLigue 1,free,0.0,0.0
2025,Sevilla,arrival,155025,Fábio Cardoso,31,PortoLiga Portugal,free,0.0,0.0
2025,Sevilla,arrival,40433,Alexis Sánchez,36,UdineseSerie A,free,0.0,0.0
2025,Sevilla,arrival,57500,César Azpilicueta,36,AtléticoLaLiga,free,0.0,0.0
2025,Sevilla,arrival,124419,Odysseas Vlachodimos,31,NewcastlePremier League,loan,,
2025,Sevilla,arrival,217115,Neal Maupay,29,MarseilleLigue 1,loan,,
2025,Sevilla,arrival,1032280,Oso,22,Sevilla Atl.Primera Federación - Gr. II,unknown,,
2025,Sevilla,arrival,719999,Andrés Castrín,22,Sevilla Atl.Primera Federación - Gr. II,unknown,,
2025,Sevilla,arrival,766723,Manu Bueno,20,Sevilla Atl.Primera Federación - Gr. II,unknown,,
2025,Sevilla,arrival,882710,Ramón Martínez,22,Sevilla Atl.Primera Federación - Gr. II,unknown,,
2025,Sevilla,arrival,295330,Kelechi Iheanacho,28,MiddlesbroughChampionship,loan,,
2025,Sevilla,arrival,263727,Joan Jordán,30,AlavésLaLiga,loan,,
2025,Sevilla,arrival,177847,Adnan Januzaj,30,UD Las PalmasLaLiga,loan,,
2025,Sevilla,arrival,660735,Federico Gattoni,26,River PlateTorneo Clausura,loan,,
2025,Sevilla,arrival,361254,Rafa Mir,28,ValenciaLaLiga,loan,,
2025,Sevilla,departure,730581,Loïc Badé,25,LeverkusenBundesliga,permanent,25000000.0,25.0
2025,Sevilla,departure,303259,Dodi Lukébakio,27,BenficaLiga Portugal,permanent,20000000.0,20.0
2025,Sevilla,departure,743387,Stanis Idumbo,20,MonacoLigue 1,permanent,10000000.0,10.0
2025,Sevilla,departure,295330,Kelechi Iheanacho,28,CelticPremiership,free,0.0,0.0
2025,Sevilla,departure,453704,Álvaro Ferllo,27,Dep. A CoruñaLaLiga2,free,0.0,0.0
2025,Sevilla,departure,111961,Suso,31,Cádiz CFLaLiga2,free,0.0,0.0
2025,Sevilla,departure,882710,Ramón Martínez,23,Real ValladolidLaLiga2,free,0.0,0.0
2025,Sevilla,departure,501418,Adrià Pedrosa,27,Elche CFLaLiga,loan,,
2025,Sevilla,departure,357628,Alfon González,26,VillarrealLaLiga,loan,,
2025,Sevilla,departure,361254,Rafa Mir,28,Elche CFLaLiga,loan,,
2025,Sevilla,departure,381967,Albert Sambi Lokonga,25,ArsenalPremier League,loan,,
2025,Sevilla,departure,148928,Saúl Ñíguez,30,AtléticoLaLiga,loan,,
2025,Valencia,arrival,337715,Umar Sadiq,28,Real SociedadLaLiga,permanent,5000000.0,5.0
2025,Valencia,arrival,394236,Filip Ugrinic,26,Young BoysSuper League,permanent,4000000.0,4.0
2025,Valencia,arrival,520840,José Copete,25,RCD MallorcaLaLiga,permanent,3600000.0,3.6
2025,Valencia,arrival,285323,Baptiste Santamaria,30,Stade RennaisLigue 1,permanent,2000000.0,2.0
2025,Valencia,arrival,625014,Julen Agirrezabala,24,Athletic ClubLaLiga,loan,1000000.0,1.0
2025,Valencia,arrival,628366,Lucas Beltrán,24,FiorentinaSerie A,loan,900000.0,0.9
2025,Valencia,arrival,342385,Guido Rodríguez,31,West HamPremier League,free,0.0,0.0
2025,Valencia,arrival,355861,Arnaut Danjuma,28,VillarrealLaLiga,free,0.0,0.0
2025,Valencia,arrival,413262,Dani Raba,29,CD LeganésLaLiga2,free,0.0,0.0
2025,Valencia,arrival,518644,Largie Ramazani,24,LeedsPremier League,loan,,
2025,Valencia,arrival,338285,Unai Núñez,28,Celta de VigoLaLiga,loan,,
2025,Valencia,arrival,268642,Renzo Saravia,32,Without Club,unknown,,
2025,Valencia,arrival,834463,Iker Córdoba,19,Valencia BSegunda Federación - Gr. III,unknown,,
2025,Valencia,arrival,298583,Eray Cömert,27,Real ValladolidLaLiga,loan,,
2025,Valencia,arrival,548188,Germán Valera,23,Elche CFLaLiga2,loan,,
2025,Valencia,arrival,615350,Cenk Özkacar,24,Real ValladolidLaLiga,loan,,
2025,Valencia,arrival,634105,Alberto Marí,23,Real ZaragozaLaLiga2,loan,,
2025,Valencia,arrival,707279,Hugo González,22,Celta FortunaPrimera Federación - Gr. I,loan,,
2025,Valencia,arrival,398131,Cristian Rivero,27,AlbaceteLaLiga2,loan,,
2025,Valencia,departure,646750,Cristhian Mosquera,21,ArsenalPremier League,permanent,15000000.0,15.0
2025,Valencia,departure,895334,Yarek Gasiorowski,20,PSVEredivisie,permanent,9800000.0,9.8
2025,Valencia,departure,622988,Fran Pérez,22,Rayo VallecanoLaLiga,permanent,1000000.0,1.0
2025,Valencia,departure,615350,Cenk Özkacar,24,1.FC KölnBundesliga,loan,225000.0,0.225
2025,Valencia,departure,548188,Germán Valera,23,Elche CFLaLiga,permanent,100000.0,0.1
2025,Valencia,departure,495629,Hugo Guillamón,25,Hajduk SplitSuperSport HNL,free,0.0,0.0
2025,Valencia,departure,707279,Hugo González,22,Celta FortunaPrimera Federación - Gr. I,free,0.0,0.0
2025,Valencia,departure,251845,Sergi Canós,28,Real ValladolidLaLiga2,loan,,
2025,Valencia,departure,634105,Alberto Marí,24,CD MirandésLaLiga2,loan,,
2025,Valencia,departure,834463,Iker Córdoba,19,CD MirandésLaLiga2,loan,,
2025,Valencia,departure,227805,Jaume Doménech,34,Retired,unknown,,
2025,Valencia,departure,502676,Giorgi Mamardashvili,24,LiverpoolPremier League,loan,,
2025,Valencia,departure,671915,Enzo Barrenechea,24,Aston VillaPremier League,loan,,
2025,Valencia,departure,471690,Max Aarons,25,BournemouthPremier League,loan,,
2025,Valencia,departure,337715,Umar Sadiq,28,Real SociedadLaLiga,loan,,
2025,Valencia,departure,610335,Iván Jaime,24,PortoLiga Portugal,loan,,
2025,Valencia,departure,369267,Maximiliano Caufriez,27,Clermont FootLigue 2,loan,,
2025,Valencia,departure,361254,Rafa Mir,28,Sevilla FCLaLiga,loan,,
2025,RCD Espanyol Barcelona,arrival,720518,Roberto Fernández,22,BragaLiga Portugal,permanent,6200000.0,6.2
2025,RCD Espanyol Barcelona,arrival,625651,Urko González de Zárate,24,Real SociedadLaLiga,permanent,5000000.0,5.0
2025,RCD Espanyol Barcelona,arrival,692070,Clemens Riedel,22,Darmstadt 982. Bundesliga,permanent,2000000.0,2.0
2025,RCD Espanyol Barcelona,arrival,358032,Cyril Ngonge,25,NapoliSerie A,loan,1000000.0,1.0
2025,RCD Espanyol Barcelona,arrival,243879,Charles Pickel,28,CremoneseSerie A,permanent,1000000.0,1.0
2025,RCD Espanyol Barcelona,arrival,647435,Tyrhys Dolan,23,BlackburnChampionship,free,0.0,0.0
2025,RCD Espanyol Barcelona,arrival,819590,José Salinas,24,Elche CFLaLiga,free,0.0,0.0
2025,RCD Espanyol Barcelona,arrival,583510,Miguel Rubio,27,Granada CFLaLiga2,free,0.0,0.0
2025,RCD Espanyol Barcelona,arrival,93936,Kike García,35,AlavésLaLiga,free,0.0,0.0
2025,RCD Espanyol Barcelona,arrival,94308,Marko Dmitrovic,33,CD LeganésLaLiga2,free,0.0,0.0
2025,RCD Espanyol Barcelona,arrival,961948,Marcos Fernández,22,Betis DeportivoPrimera Federación - Gr. II,free,0.0,0.0
2025,RCD Espanyol Barcelona,arrival,718027,Hugo Pérez,22,Villarreal CF BPrimera Federación - Gr. II,free,0.0,0.0
2025,RCD Espanyol Barcelona,arrival,745461,Luca Koleosho,20,BurnleyPremier League,loan,,
2025,RCD Espanyol Barcelona,arrival,783396,Ramón Terrats,24,VillarrealLaLiga,loan,,
2025,RCD Espanyol Barcelona,arrival,869458,Omar Sadik,21,RCD Espanyol BSegunda Federación - Gr. III,unknown,,
2025,RCD Espanyol Barcelona,arrival,904712,Justin Smith,22,RCD Espanyol BSegunda Federación - Gr. III,unknown,,
2025,RCD Espanyol Barcelona,arrival,1178721,Rafel Bauzà,20,RCD Espanyol BSegunda Federación - Gr. III,unknown,,
2025,RCD Espanyol Barcelona,arrival,605528,Pol Tristán,23,RCD Espanyol BSegunda Federación - Gr. III,unknown,,
2025,RCD Espanyol Barcelona,arrival,1204959,Roger Hinojo,20,RCD Espanyol BSegunda Federación - Gr. III,unknown,,
2025,RCD Espanyol Barcelona,arrival,705813,Rubén Sánchez,24,Granada CFLaLiga2,loan,,
2025,RCD Espanyol Barcelona,arrival,1033478,Gastón Valles,24,FC CartagenaLaLiga2,loan,,
2025,RCD Espanyol Barcelona,arrival,946279,Javi Hernández,21,SD HuescaLaLiga2,loan,,
2025,RCD Espanyol Barcelona,arrival,718027,Hugo Pérez,23,SD HuescaLaLiga2,loan,,
2025,RCD Espanyol Barcelona,arrival,628499,Kenneth Soler,24,Real MurciaPrimera Federación - Gr. II,loan,,
2025,RCD Espanyol Barcelona,departure,561613,Joan García,24,BarcelonaLaLiga,permanent,25000000.0,25.0
2025,RCD Espanyol Barcelona,departure,290273,Álvaro Tejero,28,Aris SalonikiSuper League 1,free,0.0,0.0
2025,RCD Espanyol Barcelona,departure,172015,Fernando Pacheco,33,Al-FatehSaudi Pro League,free,0.0,0.0
2025,RCD Espanyol Barcelona,departure,92947,Sergi Gómez,33,AlvercaLiga Portugal,free,0.0,0.0
2025,RCD Espanyol Barcelona,departure,557147,José Gragera,25,Dep. A CoruñaLaLiga2,loan,,
2025,RCD Espanyol Barcelona,departure,869458,Omar Sadik,21,Pau FCLigue 2,loan,,
2025,RCD Espanyol Barcelona,departure,946279,Javi Hernández,21,CD MirandésLaLiga2,loan,,
2025,RCD Espanyol Barcelona,departure,961948,Marcos Fernández,22,AD CeutaLaLiga2,loan,,
2025,RCD Espanyol Barcelona,departure,904712,Justin Smith,22,Sporting GijónLaLiga2,loan,,
2025,RCD Espanyol Barcelona,departure,718027,Hugo Pérez,23,GimnàsticPrimera Federación - Gr. II,loan,,
2025,RCD Espanyol Barcelona,departure,718027,Hugo Pérez,22,SD HuescaLaLiga2,loan,,
2025,RCD Espanyol Barcelona,departure,1178721,Rafel Bauzà,20,CD MirandésLaLiga2,loan,,
2025,RCD Espanyol Barcelona,departure,629511,Pablo Ramón,24,RacingLaLiga2,loan,,
2025,RCD Espanyol Barcelona,departure,1204959,Roger Hinojo,20,CyD LeonesaLaLiga2,loan,,
2025,RCD Espanyol Barcelona,departure,166677,Brian Oliván,31,Without Club,unknown,,
2025,RCD Espanyol Barcelona,departure,449496,Álvaro Aguado,29,Without Club,unknown,,
2025,RCD Espanyol Barcelona,departure,1033478,Gastón Valles,24,Without Club,unknown,,
2025,RCD Espanyol Barcelona,departure,628499,Kenneth Soler,24,Without Club,unknown,,
2025,RCD Espanyol Barcelona,departure,371371,Marash Kumbulla,25,RomaSerie A,loan,,
2025,RCD Espanyol Barcelona,departure,337333,Alex Král,27,Union BerlinBundesliga,loan,,
2025,RCD Espanyol Barcelona,departure,720518,Roberto Fernández,22,BragaLiga Portugal,loan,,
2025,RCD Espanyol Barcelona,departure,625651,Urko González de Zárate,24,Real SociedadLaLiga,loan,,
2025,RCD Espanyol Barcelona,departure,745461,Luca Koleosho,21,BurnleyPremier League,loan,,
2025,RCD Espanyol Barcelona,departure,521407,Walid Cheddira,27,NapoliSerie A,loan,,
2025,RCD Espanyol Barcelona,departure,888493,Alejo Veliz,21,TottenhamPremier League,loan,,
2025,Levante,arrival,1038950,Karl Etta Eyong,21,VillarrealLaLiga,permanent,3000000.0,3.0
2025,Levante,arrival,861981,Alan Matturro,20,GenoaSerie A,loan,500000.0,0.5
2025,Levante,arrival,625660,Jon Ander Olasagasti,24,Real SociedadLaLiga,permanent,500000.0,0.5
2025,Levante,arrival,525140,Goduine Koyalipou,25,LensLigue 1,loan,500000.0,0.5
2025,Levante,arrival,526050,Kervin Arriaga,27,PartizanSuper liga Srbije,permanent,500000.0,0.5
2025,Levante,arrival,921345,Tay Abed,21,PSV U21Keuken Kampioen Divisie,permanent,200000.0,0.2
2025,Levante,arrival,128969,Mathew Ryan,33,LensLigue 1,free,0.0,0.0
2025,Levante,arrival,129674,Jeremy Toljan,30,SassuoloSerie A,free,0.0,0.0
2025,Levante,arrival,590690,Víctor García,27,EldensePrimera Federación - Gr. II,free,0.0,0.0
2025,Levante,arrival,618809,Manu Sánchez,24,Celta de VigoLaLiga,loan,,
2025,Levante,arrival,1144700,Matías Moreno,21,FiorentinaSerie A,loan,,
2025,Levante,arrival,707230,Ugo Raghouber,22,LilleLigue 1,loan,,
2025,Levante,arrival,610083,Unai Vencedor,24,Athletic ClubLaLiga,loan,,
2025,Levante,arrival,632741,Iker Losada,24,Real BetisLaLiga,loan,,
2025,Levante,arrival,1063340,Kareem Tunde,20,Atl. LevanteSpain,unknown,,
2025,Levante,arrival,1063336,Edgar Alcañiz,20,Atl. LevanteSpain,unknown,,
2025,Levante,arrival,1232057,Paco Cortés,17,Atl. LevanteSpain,unknown,,
2025,Levante,arrival,617059,Pablo Campos,23,FC CartagenaLaLiga2,loan,,
2025,Levante,arrival,396340,Óscar Clemente,26,FC CartagenaLaLiga2,loan,,
2025,Levante,arrival,1099061,Dani Martín,19,MarbellaPrimera Federación - Gr. II,loan,,
2025,Levante,arrival,1232057,Paco Cortés,18,CyD LeonesaLaLiga2,loan,,
2025,Levante,departure,405564,Giorgi Kochorashvili,26,SportingLiga Portugal,permanent,5500000.0,5.5
2025,Levante,departure,341277,Sergio Lozano,26,JagielloniaEkstraklasa,free,0.0,0.0
2025,Levante,departure,638589,Ángel Algobia,26,Avs FSLiga Portugal,free,0.0,0.0
2025,Levante,departure,70245,Ignasi Miquel,32,CD LeganésLaLiga2,free,0.0,0.0
2025,Levante,departure,396340,Óscar Clemente,26,GrasshoppersSuper League,free,0.0,0.0
2025,Levante,departure,374142,Manu Sánchez,29,AD CeutaLaLiga2,free,0.0,0.0
2025,Levante,departure,1063331,Marcos Navarro,21,Valencia BSegunda Federación - Gr. III,free,0.0,0.0
2025,Levante,departure,57522,Andrés Fernández,38,UD AlmeríaLaLiga2,free,0.0,0.0
2025,Levante,departure,537367,Alfonso Pastor,24,Rio AveLiga Portugal,free,0.0,0.0
2025,Levante,departure,1063333,Jorge Cabello,21,CD MirandésLaLiga2,loan,,
2025,Levante,departure,1099061,Dani Martín,19,SD HuescaLaLiga2,loan,,
2025,Levante,departure,947115,Xavi Grande,20,MarítimoLiga Portugal 2,loan,,
2025,Levante,departure,1063336,Edgar Alcañiz,20,FC CartagenaPrimera Federación - Gr. II,loan,,
2025,Levante,departure,1232057,Paco Cortés,18,CyD LeonesaLaLiga2,loan,,
2025,Levante,departure,65467,Vicente Iborra,37,Retired,unknown,,
2025,Levante,departure,525140,Goduine Koyalipou,25,LensLigue 1,loan,,
2025,Levante,departure,709380,Álex Forés,24,VillarrealLaLiga,loan,,
2025,Rayo Vallecano,arrival,560417,Alemão,27,PachucaLiga MX Apertura,permanent,4500000.0,4.5
2025,Rayo Vallecano,arrival,275218,Augusto Batalla,29,River PlateTorneo Clausura,permanent,1600000.0,1.6
2025,Rayo Vallecano,arrival,622988,Fran Pérez,22,ValenciaLaLiga,permanent,1000000.0,1.0
2025,Rayo Vallecano,arrival,457931,Luiz Felipe,28,MarseilleLigue 1,free,0.0,0.0
2025,Rayo Vallecano,arrival,709969,Ilias Akhomach,21,VillarrealLaLiga,loan,,
2025,Rayo Vallecano,arrival,1034853,Nobel Mendy,20,Real BetisLaLiga,loan,,
2025,Rayo Vallecano,arrival,618813,Carlos Martín,23,AtléticoLaLiga,loan,,
2025,Rayo Vallecano,arrival,268670,Gerard Gumbau,30,Granada CFLaLiga2,loan,,
2025,Rayo Vallecano,arrival,765467,Jozhua Vertrouwd,20,CastellónLaLiga2,loan,,
2025,Rayo Vallecano,arrival,707359,Etienne Eto'o,22,Rayo BSegunda Federación - Gr. V,unknown,,
2025,Rayo Vallecano,arrival,607780,Miguel Ángel Morro,24,VizelaLiga Portugal 2,loan,,
2025,Rayo Vallecano,arrival,707359,Etienne Eto'o,23,CD MirandésLaLiga2,loan,,
2025,Rayo Vallecano,departure,343273,Joni Montiel,26,QarabağPremyer Liqa,free,0.0,0.0
2025,Rayo Vallecano,departure,256429,Sergi Guardiola,34,Córdoba CFLaLiga2,free,0.0,0.0
2025,Rayo Vallecano,departure,162038,Raúl de Tomás,30,Al-Wakrah SCStars League,loan,,
2025,Rayo Vallecano,departure,692208,Pelayo Fernández,22,Cádiz CFLaLiga2,loan,,
2025,Rayo Vallecano,departure,607780,Miguel Ángel Morro,24,LeixõesLiga Portugal 2,loan,,
2025,Rayo Vallecano,departure,707359,Etienne Eto'o,23,Villarreal CF BPrimera Federación - Gr. II,loan,,
2025,Rayo Vallecano,departure,707359,Etienne Eto'o,23,CD MirandésLaLiga2,loan,,
2025,Rayo Vallecano,departure,82503,Aridane Hernández,36,Without Club,unknown,,
2025,Rayo Vallecano,departure,275218,Augusto Batalla,29,River PlateTorneo Clausura,loan,,
2025,Rayo Vallecano,departure,268670,Gerard Gumbau,30,Granada CFLaLiga2,loan,,
2025,Rayo Vallecano,departure,288318,Adrián Embarba,33,UD AlmeríaLaLiga2,loan,,
2025,Elche,arrival,948275,Álvaro Rodríguez,21,Real MadridLaLiga,permanent,14500000.0,14.5
2025,Elche,arrival,909758,Federico Redondo,22,MiamiMLS,permanent,2150000.0,2.15
2025,Elche,arrival,912392,Lucas Cepeda,23,Colo-ColoLiga Primera,permanent,1850000.0,1.85
2025,Elche,arrival,549027,Martim Neto,22,BenficaLiga Portugal,permanent,1500000.0,1.5
2025,Elche,arrival,198008,André Silva,29,LeipzigBundesliga,permanent,1000000.0,1.0
2025,Elche,arrival,548188,Germán Valera,23,ValenciaLaLiga,permanent,100000.0,0.1
2025,Elche,arrival,342048,Grady Diangana,27,West BromChampionship,free,0.0,0.0
2025,Elche,arrival,618801,Alejandro Iturbe,21,Atl. MadrileñoPrimera Federación - Gr. II,free,0.0,0.0
2025,Elche,arrival,339816,Tete Morente,29,LecceSerie A,free,0.0,0.0
2025,Elche,arrival,991773,Abiel Osorio,23,DefensaTorneo Clausura,free,0.0,0.0
2025,Elche,arrival,412829,Léo Pétrot,28,Saint-ÉtienneLigue 2,free,0.0,0.0
2025,Elche,arrival,937955,Héctor Fort,19,BarcelonaLaLiga,loan,,
2025,Elche,arrival,283170,Iñaki Peña,26,BarcelonaLaLiga,loan,,
2025,Elche,arrival,501418,Adrià Pedrosa,27,Sevilla FCLaLiga,loan,,
2025,Elche,arrival,495625,Víctor Chust,25,Cádiz CFLaLiga2,loan,,
2025,Elche,arrival,398163,Gonzalo Villar,27,Dinamo ZagrebSuperSport HNL,loan,,
2025,Elche,arrival,962125,Buba Sangaré,18,RomaSerie A,loan,,
2025,Elche,arrival,361254,Rafa Mir,28,Sevilla FCLaLiga,loan,,
2025,Elche,arrival,1064538,Ali Houary,19,Elche IlicitanoSegunda Federación - Gr. V,unknown,,
2025,Elche,arrival,1060456,Matia Barzic,21,EldenseLaLiga2,loan,,
2025,Elche,arrival,236734,Axel Werner,29,Rosario CentralTorneo Clausura,loan,,
2025,Elche,arrival,236734,Axel Werner,29,Rosario CentralTorneo Clausura,loan,,
2025,Elche,arrival,589456,Rafa Núñez,23,FC CartagenaLaLiga2,loan,,
2025,Elche,departure,961297,Rodrigo Mendoza,20,AtléticoLaLiga,permanent,16000000.0,16.0
2025,Elche,departure,739315,Nicolás Fernández Mercau,25,New York CityMLS,permanent,8000000.0,8.0
2025,Elche,departure,565899,Nicolás Castro,24,TolucaLiga MX Apertura,permanent,5000000.0,5.0
2025,Elche,departure,527972,Mourad El Ghezouani,27,Club TijuanaLiga MX Apertura,permanent,1500000.0,1.5
2025,Elche,departure,626953,Álvaro Núñez,25,Celta de VigoLaLiga,permanent,1000000.0,1.0
2025,Elche,departure,819590,José Salinas,24,EspanyolLaLiga,free,0.0,0.0
2025,Elche,departure,337946,Jairo Izquierdo,31,AEK LarnacaCyprus League,free,0.0,0.0
2025,Elche,departure,396337,Miguel San Román,28,CD LeganésLaLiga2,free,0.0,0.0
2025,Elche,departure,221309,Óscar Plano,34,CD LeganésLaLiga2,free,0.0,0.0
2025,Elche,departure,345083,Álex Martín,27,Córdoba CFLaLiga2,free,0.0,0.0
2025,Elche,departure,991773,Abiel Osorio,23,DefensaTorneo Clausura,loan,,
2025,Elche,departure,435493,Bambo Diaby,28,Granada CFLaLiga2,loan,,
2025,Elche,departure,1060456,Matia Barzic,21,CyD LeonesaLaLiga2,loan,,
2025,Elche,departure,236734,Axel Werner,29,Rosario CentralTorneo Clausura,loan,,
2025,Elche,departure,236734,Axel Werner,29,AldosiviTorneo Clausura,loan,,
2025,Elche,departure,589456,Rafa Núñez,23,EldensePrimera Federación - Gr. II,loan,,
2025,Elche,departure,1064538,Ali Houary,20,CD MirandésLaLiga2,loan,,
2025,Elche,departure,149579,Elbasan Rashani,32,Without Club,unknown,,
2025,Elche,departure,73250,Mario Gaspar,34,Retired,unknown,,
2025,Elche,departure,812625,Agustín Álvarez,24,SassuoloSerie A,loan,,
2025,Elche,departure,548188,Germán Valera,23,ValenciaLaLiga,loan,,
2025,Elche,departure,355689,Sory Kaba,29,UD Las PalmasLaLiga2,loan,,
2025,Elche,departure,534379,Pejiño,28,UD Las PalmasLaLiga2,loan,,
2025,Elche,departure,741254,Gerard Hernández,20,Villarreal CF BPrimera Federación - Gr. II,loan,,
2025,Osasuna,arrival,935231,Víctor Muñoz,21,Real MadridLaLiga,permanent,25000000.0,25.0
2025,Osasuna,arrival,624942,Raúl Moro,23,AjaxEredivisie,permanent,5000000.0,5.0
2025,Osasuna,arrival,448628,Javi Galán,31,AtléticoLaLiga,permanent,500000.0,0.5
2025,Osasuna,arrival,441170,Valentin Rosier,28,CD LeganésLaLiga2,free,0.0,0.0
2025,Osasuna,arrival,188888,Sheraldo Becker,30,Real SociedadLaLiga,free,0.0,0.0
2025,Osasuna,arrival,1038512,Asier Osambela,20,Osasuna BPrimera Federación - Gr. I,unknown,,
2025,Osasuna,arrival,1065442,Iñigo Arguibide,20,Osasuna BPrimera Federación - Gr. I,unknown,,
2025,Osasuna,arrival,710679,Iker Benito,22,CD MirandésLaLiga2,loan,,
2025,Osasuna,departure,488626,Jesús Areso,26,Athletic ClubLaLiga,permanent,12000000.0,12.0
2025,Osasuna,departure,785353,Pablo Ibáñez,26,AlavésLaLiga,free,0.0,0.0
2025,Osasuna,departure,364603,José Manuel Arnáiz,30,Granada CFLaLiga2,free,0.0,0.0
2025,Osasuna,departure,238868,Rubén Peña,33,CD LeganésLaLiga2,free,0.0,0.0
2025,Osasuna,departure,197122,Unai García,33,PanetolikosSuper League 1,free,0.0,0.0
2025,Osasuna,departure,188888,Sheraldo Becker,30,MainzBundesliga,loan,,
2025,Osasuna,departure,713644,Bryan Zaragoza,23,Bayern MunichBundesliga,loan,,
2025,Getafe,arrival,126737,Juanmi,32,Real BetisLaLiga,permanent,1200000.0,1.2
2025,Getafe,arrival,1268764,Davinchi,17,Recr. HuelvaSegunda Federación - Gr. IV,permanent,600000.0,0.6
2025,Getafe,arrival,559979,Abdel Abqar,26,AlavésLaLiga,free,0.0,0.0
2025,Getafe,arrival,469669,Yvan Neyou,28,CD LeganésLaLiga2,free,0.0,0.0
2025,Getafe,arrival,282421,Javi Muñoz,30,UD Las PalmasLaLiga2,free,0.0,0.0
2025,Getafe,arrival,560705,Álex Sancris,28,Burgos CFLaLiga2,free,0.0,0.0
2025,Getafe,arrival,76467,Kiko Femenía,34,VillarrealLaLiga,free,0.0,0.0
2025,Getafe,arrival,640109,Martín Satriano,24,LyonLigue 1,loan,,
2025,Getafe,arrival,419648,Veljko Birmancevic,27,Sparta PragueChance Liga,loan,,
2025,Getafe,arrival,696764,Abu Kamara,22,Hull CityChampionship,loan,,
2025,Getafe,arrival,898352,Sebastián Boselli,22,River PlateTorneo Clausura,loan,,
2025,Getafe,arrival,741142,Zaid Romero,26,Club BruggeJupiler Pro League,loan,,
2025,Getafe,arrival,844516,Luis Vázquez,24,RSC AnderlechtJupiler Pro League,loan,,
2025,Getafe,arrival,1061122,Adrián Liso,20,Real ZaragozaLaLiga2,loan,,
2025,Getafe,arrival,948273,Mario Martín,21,Real MadridLaLiga,loan,,
2025,Getafe,arrival,111508,Allan Nyom,37,Without Club,unknown,,
2025,Getafe,arrival,1164331,Ismael Bekhoucha,20,Getafe CF BSegunda Federación - Gr. V,unknown,,
2025,Getafe,arrival,284854,Carles Aleñá,27,AlavésLaLiga,loan,,
2025,Getafe,arrival,189453,Jonathan Silva,31,PafosCyprus League,loan,,
2025,Getafe,departure,353032,Omar Alderete,28,SunderlandPremier League,permanent,11600000.0,11.6
2025,Getafe,departure,284854,Carles Aleñá,27,AlavésLaLiga,permanent,1000000.0,1.0
2025,Getafe,departure,434990,Álex Sola,26,Granada CFLaLiga2,free,0.0,0.0
2025,Getafe,departure,941869,Yellu Santiago,21,Hellas VeronaSerie A,free,0.0,0.0
2025,Getafe,departure,189453,Jonathan Silva,31,Johor DTSuper League,free,0.0,0.0
2025,Getafe,departure,1124005,Christantus Uche,22,Crystal PalacePremier League,loan,,
2025,Getafe,departure,469669,Yvan Neyou,29,Al-OkhdoodSaudi Pro League,loan,,
2025,Getafe,departure,1033005,Coba da Costa,23,RSC AnderlechtJupiler Pro League,loan,,
2025,Getafe,departure,461843,Juan Berrocal,26,AtlantaMLS,loan,,
2025,Getafe,departure,710004,Peter Federico,23,Real ValladolidLaLiga2,loan,,
2025,Getafe,departure,126719,Juan Bernat,32,Without Club,unknown,,
2025,Getafe,departure,111508,Allan Nyom,37,Without Club,unknown,,
2025,Getafe,departure,783396,Ramón Terrats,24,VillarrealLaLiga,loan,,
2025,Getafe,departure,948275,Álvaro Rodríguez,20,Real MadridLaLiga,loan,,
2025,Getafe,departure,126737,Juanmi,32,Real BetisLaLiga,loan,,
2025,Getafe,departure,282810,Carles Pérez,27,Celta de VigoLaLiga,loan,,
2025,Getafe,departure,672803,Bertuğ Yıldırım,22,Stade RennaisLigue 1,loan,,
2025,Mallorca,arrival,720038,Pablo Torre,22,BarcelonaLaLiga,permanent,5000000.0,5.0
2025,Mallorca,arrival,1301775,Jan Virgili,19,Barça AtlèticSegunda Federación - Gr. III,permanent,3500000.0,3.5
2025,Mallorca,arrival,666547,Zito Luvumbo,23,CagliariSerie A,loan,300000.0,0.3
2025,Mallorca,arrival,1101641,Justin Kalumba,21,Angers SCOLigue 1,free,0.0,0.0
2025,Mallorca,arrival,490606,Lucas Bergström,22,ChelseaPremier League,free,0.0,0.0
2025,Mallorca,arrival,371371,Marash Kumbulla,25,RomaSerie A,loan,,
2025,Mallorca,arrival,834742,Mateo Joseph,21,LeedsPremier League,loan,,
2025,Mallorca,arrival,1296876,Marc Domènech,18,RCD Mallorca BSpain,unknown,,
2025,Mallorca,arrival,1063574,Jan Salas,19,RCD Mallorca BSpain,unknown,,
2025,Mallorca,arrival,343463,Cyle Larin,30,FeyenoordEredivisie,loan,,
2025,Mallorca,arrival,400131,Siebe Van der Heyden,27,St. PauliBundesliga,loan,,
2025,Mallorca,arrival,706138,Javi Llabrés,22,EldenseLaLiga2,loan,,
2025,Mallorca,arrival,857830,Daniel Luna,22,FC CartagenaLaLiga2,loan,,
2025,Mallorca,arrival,1063574,Jan Salas,20,Córdoba CFLaLiga2,loan,,
2025,Mallorca,departure,316884,Dominik Greif,28,LyonLigue 1,permanent,4000000.0,4.0
2025,Mallorca,departure,520840,José Copete,25,ValenciaLaLiga,permanent,3600000.0,3.6
2025,Mallorca,departure,400131,Siebe Van der Heyden,27,KAA GentJupiler Pro League,permanent,2000000.0,2.0
2025,Mallorca,departure,563137,Robert Navarro,23,Athletic ClubLaLiga,free,0.0,0.0
2025,Mallorca,departure,139435,Dani Rodríguez,37,CD LeganésLaLiga2,free,0.0,0.0
2025,Mallorca,departure,343463,Cyle Larin,30,SouthamptonChampionship,loan,,
2025,Mallorca,departure,343463,Cyle Larin,30,FeyenoordEredivisie,loan,,
2025,Mallorca,departure,1296876,Marc Domènech,19,AD CeutaLaLiga2,loan,,
2025,Mallorca,departure,857830,Daniel Luna,22,SD HuescaLaLiga2,loan,,
2025,Mallorca,departure,1063574,Jan Salas,20,Córdoba CFLaLiga2,loan,,
2025,Mallorca,departure,331496,Valery Fernández,25,GironaLaLiga,loan,,
2025,Mallorca,departure,695454,Chiquinho,25,WolvesPremier League,loan,,
2025,Alaves,arrival,334222,Lucas Boyé,29,Granada CFLaLiga2,permanent,5800000.0,5.8
2025,Alaves,arrival,741289,Youssef Enríquez,19,RM CastillaPrimera Federación - Gr. I,permanent,3000000.0,3.0
2025,Alaves,arrival,284854,Carles Aleñá,27,GetafeLaLiga,permanent,1000000.0,1.0
2025,Alaves,arrival,1124136,Ángel Pérez,23,SD HuescaLaLiga2,permanent,1000000.0,1.0
2025,Alaves,arrival,1074967,Gustavo Albarracín,19,CA TalleresTorneo Clausura,permanent,320000.0,0.32
2025,Alaves,arrival,175446,Jonny Otto,31,PAOKSuper League 1,free,0.0,0.0
2025,Alaves,arrival,785353,Pablo Ibáñez,26,CA OsasunaLaLiga,free,0.0,0.0
2025,Alaves,arrival,165007,Denis Suárez,31,VillarrealLaLiga,free,0.0,0.0
2025,Alaves,arrival,54217,Raúl Fernández,37,CD MirandésLaLiga2,free,0.0,0.0
2025,Alaves,arrival,580560,Jon Pacheco,24,Real SociedadLaLiga,loan,,
2025,Alaves,arrival,798114,Calebe,25,FortalezaSérie A,loan,,
2025,Alaves,arrival,620696,Ibrahim Diabate,26,GAISAllsvenskan,loan,,
2025,Alaves,arrival,581326,Ville Koski,24,NK IstraSuperSport HNL,loan,,
2025,Alaves,arrival,225020,Mariano Díaz,32,Without Club,unknown,,
2025,Alaves,arrival,935232,Aitor Mañas,23,Alavés BSegunda Federación - Gr. II,unknown,,
2025,Alaves,arrival,1054933,Daouda Doumbia,23,Alavés BSegunda Federación - Gr. II,unknown,,
2025,Alaves,arrival,1054931,Selu Diallo,21,Alavés BSegunda Federación - Gr. II,unknown,,
2025,Alaves,arrival,646734,Tomás Mendes,20,Alavés BSegunda Federación - Gr. II,unknown,,
2025,Alaves,arrival,1064871,Joaquín Panichelli,22,CD MirandésLaLiga2,loan,,
2025,Alaves,arrival,258475,Nikola Maras,29,Sporting GijónLaLiga2,loan,,
2025,Alaves,arrival,718034,Abde Rebbach,26,Granada CFLaLiga2,loan,,
2025,Alaves,arrival,718029,Unai Ropero,23,EldenseLaLiga2,loan,,
2025,Alaves,arrival,591957,Victor Parada,23,CD MirandésLaLiga2,loan,,
2025,Alaves,arrival,1074967,Gustavo Albarracín,19,SD HuescaLaLiga2,loan,,
2025,Alaves,departure,1064871,Joaquín Panichelli,22,R. StrasbourgLigue 1,permanent,17000000.0,17.0
2025,Alaves,departure,540536,Carlos Vicente,26,BirminghamChampionship,permanent,8000000.0,8.0
2025,Alaves,departure,953901,Santiago Mouriño,23,AtléticoLaLiga,permanent,4000000.0,4.0
2025,Alaves,departure,401571,Tomás Conechny,27,Racing ClubTorneo Clausura,permanent,3000000.0,3.0
2025,Alaves,departure,559979,Abdel Abqar,26,GetafeLaLiga,free,0.0,0.0
2025,Alaves,departure,93936,Kike García,35,EspanyolLaLiga,free,0.0,0.0
2025,Alaves,departure,237499,Aleksandar Sedlar,33,TractorPersian Gulf League,free,0.0,0.0
2025,Alaves,departure,694509,Moussa Diarra,25,RSC AnderlechtJupiler Pro League,loan,,
2025,Alaves,departure,668276,Hugo Novoa,22,CD MirandésLaLiga2,loan,,
2025,Alaves,departure,251897,Asier Villalibre,27,RacingLaLiga2,loan,,
2025,Alaves,departure,895458,Adrián Pica,23,CD MirandésLaLiga2,loan,,
2025,Alaves,departure,631693,Jesús Owono,24,FC AndorraLaLiga2,loan,,
2025,Alaves,departure,258475,Nikola Maras,30,CD MirandésLaLiga2,loan,,
2025,Alaves,departure,718029,Unai Ropero,23,Hércules CFPrimera Federación - Gr. II,loan,,
2025,Alaves,departure,1074967,Gustavo Albarracín,19,NK IstraSuperSport HNL,loan,,
2025,Alaves,departure,608382,Adrián Rodríguez,24,Real ZaragozaLaLiga2,loan,,
2025,Alaves,departure,1054933,Daouda Doumbia,23,FeirenseLiga Portugal 2,loan,,
2025,Alaves,departure,1054931,Selu Diallo,21,CyD LeonesaLaLiga2,loan,,
2025,Alaves,departure,646734,Tomás Mendes,20,AlvercaLiga Portugal,loan,,
2025,Alaves,departure,1074967,Gustavo Albarracín,19,SD HuescaLaLiga2,loan,,
2025,Alaves,departure,618809,Manu Sánchez,24,Celta de VigoLaLiga,loan,,
2025,Alaves,departure,618813,Carlos Martín,23,AtléticoLaLiga,loan,,
2025,Alaves,departure,263727,Joan Jordán,30,Sevilla FCLaLiga,loan,,
2025,Alaves,departure,284854,Carles Aleñá,27,GetafeLaLiga,loan,,
2025,Alaves,departure,1063553,Pau Cabanes,20,VillarrealLaLiga,loan,,
2025,Real Oviedo,arrival,429790,Luka Ilic,26,Red StarSuper liga Srbije,permanent,2000000.0,2.0
2025,Real Oviedo,arrival,593412,Ilyas Chaira,24,GironaLaLiga,permanent,1500000.0,1.5
2025,Real Oviedo,arrival,804708,Brandon Dominguès,25,DebrecenNB I.,permanent,500000.0,0.5
2025,Real Oviedo,arrival,168157,Leander Dendoncker,30,Aston VillaPremier League,free,0.0,0.0
2025,Real Oviedo,arrival,293169,Josip Brekalo,27,FiorentinaSerie A,free,0.0,0.0
2025,Real Oviedo,arrival,286384,Eric Bailly,31,VillarrealLaLiga,free,0.0,0.0
2025,Real Oviedo,arrival,603696,Alberto Reina,27,CD MirandésLaLiga2,free,0.0,0.0
2025,Real Oviedo,arrival,498237,David Carmo,26,Nott'm ForestPremier League,loan,,
2025,Real Oviedo,arrival,568158,Javi López,23,Real SociedadLaLiga,loan,,
2025,Real Oviedo,arrival,1127730,Thiago Fernández,21,VillarrealLaLiga,loan,,
2025,Real Oviedo,arrival,743951,Thiago Borbas,23,RB BragantinoSérie A,loan,,
2025,Real Oviedo,arrival,462070,Nicolás Fonseca,27,LeónLiga MX Apertura,loan,,
2025,Real Oviedo,arrival,525438,Horațiu Moldovan,27,AtléticoLaLiga,loan,,
2025,Real Oviedo,arrival,80197,Salomón Rondón,35,PachucaLiga MX Apertura,loan,,
2025,Real Oviedo,arrival,709380,Álex Forés,24,VillarrealLaLiga,loan,,
2025,Real Oviedo,arrival,337284,Ovie Ejaria,27,Without Club,unknown,,
2025,Real Oviedo,arrival,635885,Joaquín Delgado,23,Oviedo VetustaSegunda Federación - Gr. I,unknown,,
2025,Real Oviedo,arrival,217155,Borja Sánchez,29,Burgos CFLaLiga2,loan,,
2025,Real Oviedo,arrival,605543,Daniel Paraschiv,26,CyD LeonesaLaLiga2,loan,,
2025,Real Oviedo,arrival,635347,Alberto del Moral,24,Córdoba CFLaLiga2,loan,,
2025,Real Oviedo,arrival,804708,Brandon Dominguès,25,Górnik ZabrzeEkstraklasa,loan,,
2025,Real Oviedo,arrival,719737,Álex Cardero,22,CD MirandésLaLiga2,loan,,
2025,Real Oviedo,arrival,942988,Yayo González,20,CD LugoPrimera Federación - Gr. I,loan,,
2025,Real Oviedo,departure,605543,Daniel Paraschiv,26,FC Rapid 1923SuperLiga,loan,50000.0,0.05
2025,Real Oviedo,departure,293169,Josip Brekalo,27,Hertha BSC2. Bundesliga,free,0.0,0.0
2025,Real Oviedo,departure,292617,Sebas Moyano,28,Real ZaragozaLaLiga2,free,0.0,0.0
2025,Real Oviedo,departure,261502,Paulino de la Fuente,28,Real ZaragozaLaLiga2,free,0.0,0.0
2025,Real Oviedo,departure,390942,Quentin Braat,27,Rodez AFLigue 2,free,0.0,0.0
2025,Real Oviedo,departure,230222,Álvaro Lemos,32,Granada CFLaLiga2,free,0.0,0.0
2025,Real Oviedo,departure,138803,Francisco Portillo,35,SD HuescaLaLiga2,free,0.0,0.0
2025,Real Oviedo,departure,238872,Carlos Pomares,32,Real ZaragozaLaLiga2,free,0.0,0.0
2025,Real Oviedo,departure,942988,Yayo González,21,CyD LeonesaLaLiga2,free,0.0,0.0
2025,Real Oviedo,departure,605543,Daniel Paraschiv,26,CyD LeonesaLaLiga2,loan,,
2025,Real Oviedo,departure,447823,Oier Luengo,28,Burgos CFLaLiga2,loan,,
2025,Real Oviedo,departure,635347,Alberto del Moral,25,Córdoba CFLaLiga2,loan,,
2025,Real Oviedo,departure,804708,Brandon Dominguès,25,Górnik ZabrzeEkstraklasa,loan,,
2025,Real Oviedo,departure,719737,Álex Cardero,22,AEK LarnacaCyprus League,loan,,
2025,Real Oviedo,departure,719737,Álex Cardero,21,CD MirandésLaLiga2,loan,,
2025,Real Oviedo,departure,635885,Joaquín Delgado,23,Barça AtlèticSegunda Federación - Gr. III,loan,,
2025,Real Oviedo,departure,217155,Borja Sánchez,29,Without Club,unknown,,
2025,Real Oviedo,departure,226261,César de la Hoz,33,Without Club,unknown,,
2025,Real Oviedo,departure,560417,Alemão,27,InternacionalSérie A,loan,,
2025,Real Oviedo,departure,593412,Ilyas Chaira,24,GironaLaLiga,loan,,
2025,Real Oviedo,departure,340867,Jaime Seoane,28,PachucaLiga MX Apertura,loan,,
2025,Real Oviedo,departure,80197,Salomón Rondón,36,PachucaLiga MX Apertura,loan,,
